Quest 3 arm64 APK export (advisory until first green run)	UNKNOWN STEP	﻿2026-09-06T11:01:44.1809577Z Current runner version: '2.337.0'
Quest 3 arm64 APK export (advisory until first green run)	UNKNOWN STEP	2026-09-06T11:01:44.1836272Z ##[group]Runner Image Provisioner
Quest 3 arm64 APK export (advisory until first green run)	UNKNOWN STEP	2026-09-06T11:01:44.1837470Z Hosted Compute Agent
Quest 3 arm64 APK export (advisory until first green run)	UNKNOWN STEP	2026-09-06T11:01:44.1838179Z Version: 20260828.587
Quest 3 arm64 APK export (advisory until first green run)	UNKNOWN STEP	2026-09-06T11:01:44.1838813Z Commit: abac92662cab4cc7352de4f9f9d2e2419aad9c29
Quest 3 arm64 APK export (advisory until first green run)	UNKNOWN STEP	2026-09-06T11:01:44.1839573Z Build Date: 2026-08-28T16:44:25Z
Quest 3 arm64 APK export (advisory until first green run)	UNKNOWN STEP	2026-09-06T11:01:44.1840312Z Worker ID: {0d747245-a2a2-4e99-9e00-5d1957e34042}
Quest 3 arm64 APK export (advisory until first green run)	UNKNOWN STEP	2026-09-06T11:01:44.1841065Z Azure Region: northcentralus
Quest 3 arm64 APK export (advisory until first green run)	UNKNOWN STEP	2026-09-06T11:01:44.1841745Z ##[endgroup]
Quest 3 arm64 APK export (advisory until first green run)	UNKNOWN STEP	2026-09-06T11:01:44.1843255Z ##[group]Operating System
Quest 3 arm64 APK export (advisory until first green run)	UNKNOWN STEP	2026-09-06T11:01:44.1843962Z Ubuntu
Quest 3 arm64 APK export (advisory until first green run)	UNKNOWN STEP	2026-09-06T11:01:44.1844781Z 24.04.4
Quest 3 arm64 APK export (advisory until first green run)	UNKNOWN STEP	2026-09-06T11:01:44.1845300Z LTS
Quest 3 arm64 APK export (advisory until first green run)	UNKNOWN STEP	2026-09-06T11:01:44.1845874Z ##[endgroup]
Quest 3 arm64 APK export (advisory until first green run)	UNKNOWN STEP	2026-09-06T11:01:44.1846421Z ##[group]Runner Image
Quest 3 arm64 APK export (advisory until first green run)	UNKNOWN STEP	2026-09-06T11:01:44.1846992Z Image: ubuntu-24.04
Quest 3 arm64 APK export (advisory until first green run)	UNKNOWN STEP	2026-09-06T11:01:44.1847647Z Version: 20260831.293.1
Quest 3 arm64 APK export (advisory until first green run)	UNKNOWN STEP	2026-09-06T11:01:44.1848900Z Included Software: https://github.com/actions/runner-images/blob/ubuntu24/20260831.293/images/ubuntu/Ubuntu2404-Readme.md
Quest 3 arm64 APK export (advisory until first green run)	UNKNOWN STEP	2026-09-06T11:01:44.1850571Z Image Release: https://github.com/actions/runner-images/releases/tag/ubuntu24%2F20260831.293
Quest 3 arm64 APK export (advisory until first green run)	UNKNOWN STEP	2026-09-06T11:01:44.1851532Z ##[endgroup]
Quest 3 arm64 APK export (advisory until first green run)	UNKNOWN STEP	2026-09-06T11:01:44.1852748Z ##[group]GITHUB_TOKEN Permissions
Quest 3 arm64 APK export (advisory until first green run)	UNKNOWN STEP	2026-09-06T11:01:44.1855549Z Contents: read
Quest 3 arm64 APK export (advisory until first green run)	UNKNOWN STEP	2026-09-06T11:01:44.1856193Z Metadata: read
Quest 3 arm64 APK export (advisory until first green run)	UNKNOWN STEP	2026-09-06T11:01:44.1856752Z ##[endgroup]
Quest 3 arm64 APK export (advisory until first green run)	UNKNOWN STEP	2026-09-06T11:01:44.1859481Z Secret source: Actions
Quest 3 arm64 APK export (advisory until first green run)	UNKNOWN STEP	2026-09-06T11:01:44.1860797Z Prepare workflow directory
Quest 3 arm64 APK export (advisory until first green run)	UNKNOWN STEP	2026-09-06T11:01:44.2379386Z Prepare all required actions
Quest 3 arm64 APK export (advisory until first green run)	UNKNOWN STEP	2026-09-06T11:01:44.2452379Z Getting action download info
Quest 3 arm64 APK export (advisory until first green run)	UNKNOWN STEP	2026-09-06T11:01:44.5006780Z Download action repository 'actions/checkout@v4' (SHA:11d5960a326750d5838078e36cf38b85af677262)
Quest 3 arm64 APK export (advisory until first green run)	UNKNOWN STEP	2026-09-06T11:01:44.6288728Z Download action repository 'dtolnay/rust-toolchain@stable' (SHA:6bed0761d98439e5a578e2877258200ad565ba87)
Quest 3 arm64 APK export (advisory until first green run)	UNKNOWN STEP	2026-09-06T11:01:44.7664042Z Download action repository 'actions/setup-java@v4' (SHA:cf277c60eb25467037889841efdb72551f06f6c3)
Quest 3 arm64 APK export (advisory until first green run)	UNKNOWN STEP	2026-09-06T11:01:45.1763941Z Download action repository 'nttld/setup-ndk@v1' (SHA:ed92fe6cadad69be94a966a7ee3271275e62f779)
Quest 3 arm64 APK export (advisory until first green run)	UNKNOWN STEP	2026-09-06T11:01:45.4922478Z Download action repository 'actions/upload-artifact@v4' (SHA:ea165f8d65b6e75b540449e92b4886f43607fa02)
Quest 3 arm64 APK export (advisory until first green run)	UNKNOWN STEP	2026-09-06T11:01:45.7528644Z Complete job name: Quest 3 arm64 APK export (advisory until first green run)
Quest 3 arm64 APK export (advisory until first green run)	UNKNOWN STEP	2026-09-06T11:01:45.8370585Z Node 20 is being deprecated. This workflow is running with Node 24 by default. If you need to temporarily use Node 20, you can set the ACTIONS_ALLOW_USE_UNSECURE_NODE_VERSION=true environment variable. For more information see: https://github.blog/changelog/2025-09-19-deprecation-of-node-20-on-github-actions-runners/
Quest 3 arm64 APK export (advisory until first green run)	UNKNOWN STEP	2026-09-06T11:01:45.8380258Z ##[group]Run actions/checkout@v4
Quest 3 arm64 APK export (advisory until first green run)	UNKNOWN STEP	2026-09-06T11:01:45.8381100Z with:
Quest 3 arm64 APK export (advisory until first green run)	UNKNOWN STEP	2026-09-06T11:01:45.8381609Z   repository: DreamLab-AI/VisionClaw
Quest 3 arm64 APK export (advisory until first green run)	UNKNOWN STEP	2026-09-06T11:01:45.8386336Z   token: ***
Quest 3 arm64 APK export (advisory until first green run)	UNKNOWN STEP	2026-09-06T11:01:45.8386840Z   ssh-strict: true
Quest 3 arm64 APK export (advisory until first green run)	UNKNOWN STEP	2026-09-06T11:01:45.8387334Z   ssh-user: git
Quest 3 arm64 APK export (advisory until first green run)	UNKNOWN STEP	2026-09-06T11:01:45.8387827Z   persist-credentials: true
Quest 3 arm64 APK export (advisory until first green run)	UNKNOWN STEP	2026-09-06T11:01:45.8388383Z   clean: true
Quest 3 arm64 APK export (advisory until first green run)	UNKNOWN STEP	2026-09-06T11:01:45.8388874Z   sparse-checkout-cone-mode: true
Quest 3 arm64 APK export (advisory until first green run)	UNKNOWN STEP	2026-09-06T11:01:45.8389438Z   fetch-depth: 1
Quest 3 arm64 APK export (advisory until first green run)	UNKNOWN STEP	2026-09-06T11:01:45.8389920Z   fetch-tags: false
Quest 3 arm64 APK export (advisory until first green run)	UNKNOWN STEP	2026-09-06T11:01:45.8390419Z   show-progress: true
Quest 3 arm64 APK export (advisory until first green run)	UNKNOWN STEP	2026-09-06T11:01:45.8390920Z   lfs: false
Quest 3 arm64 APK export (advisory until first green run)	UNKNOWN STEP	2026-09-06T11:01:45.8391420Z   submodules: false
Quest 3 arm64 APK export (advisory until first green run)	UNKNOWN STEP	2026-09-06T11:01:45.8391925Z   set-safe-directory: true
Quest 3 arm64 APK export (advisory until first green run)	UNKNOWN STEP	2026-09-06T11:01:45.8392478Z   allow-unsafe-pr-checkout: false
Quest 3 arm64 APK export (advisory until first green run)	UNKNOWN STEP	2026-09-06T11:01:45.8393340Z env:
Quest 3 arm64 APK export (advisory until first green run)	UNKNOWN STEP	2026-09-06T11:01:45.8393811Z   CARGO_TERM_COLOR: always
Quest 3 arm64 APK export (advisory until first green run)	UNKNOWN STEP	2026-09-06T11:01:45.8394518Z   RUST_BACKTRACE: 1
Quest 3 arm64 APK export (advisory until first green run)	UNKNOWN STEP	2026-09-06T11:01:45.8395018Z   GODOT_VERSION: 4.3-stable
Quest 3 arm64 APK export (advisory until first green run)	UNKNOWN STEP	2026-09-06T11:01:45.8395534Z   GUT_VERSION: 9.3.1
Quest 3 arm64 APK export (advisory until first green run)	UNKNOWN STEP	2026-09-06T11:01:45.8396016Z ##[endgroup]
Quest 3 arm64 APK export (advisory until first green run)	UNKNOWN STEP	2026-09-06T11:01:45.9537766Z Syncing repository: DreamLab-AI/VisionClaw
Quest 3 arm64 APK export (advisory until first green run)	UNKNOWN STEP	2026-09-06T11:01:45.9541339Z ##[group]Getting Git version info
Quest 3 arm64 APK export (advisory until first green run)	UNKNOWN STEP	2026-09-06T11:01:45.9542864Z Working directory is '/home/runner/work/VisionClaw/VisionClaw'
Quest 3 arm64 APK export (advisory until first green run)	UNKNOWN STEP	2026-09-06T11:01:45.9544647Z [command]/usr/bin/git version
Quest 3 arm64 APK export (advisory until first green run)	UNKNOWN STEP	2026-09-06T11:01:45.9659438Z git version 2.55.0
Quest 3 arm64 APK export (advisory until first green run)	UNKNOWN STEP	2026-09-06T11:01:45.9693477Z ##[endgroup]
Quest 3 arm64 APK export (advisory until first green run)	UNKNOWN STEP	2026-09-06T11:01:45.9703556Z Temporarily overriding HOME='/home/runner/work/_temp/b60e7f58-ae16-4afb-9efa-ace7f5f75179' before making global git config changes
Quest 3 arm64 APK export (advisory until first green run)	UNKNOWN STEP	2026-09-06T11:01:45.9706750Z Adding repository directory to the temporary git global config as a safe directory
Quest 3 arm64 APK export (advisory until first green run)	UNKNOWN STEP	2026-09-06T11:01:45.9709428Z [command]/usr/bin/git config --global --add safe.directory /home/runner/work/VisionClaw/VisionClaw
Quest 3 arm64 APK export (advisory until first green run)	UNKNOWN STEP	2026-09-06T11:01:45.9769001Z Deleting the contents of '/home/runner/work/VisionClaw/VisionClaw'
Quest 3 arm64 APK export (advisory until first green run)	UNKNOWN STEP	2026-09-06T11:01:45.9773840Z ##[group]Initializing the repository
Quest 3 arm64 APK export (advisory until first green run)	UNKNOWN STEP	2026-09-06T11:01:45.9780071Z [command]/usr/bin/git init /home/runner/work/VisionClaw/VisionClaw
Quest 3 arm64 APK export (advisory until first green run)	UNKNOWN STEP	2026-09-06T11:01:45.9914029Z hint: Using 'master' as the name for the initial branch. This default branch name
Quest 3 arm64 APK export (advisory until first green run)	UNKNOWN STEP	2026-09-06T11:01:45.9917855Z hint: will change to "main" in Git 3.0. To configure the initial branch name
Quest 3 arm64 APK export (advisory until first green run)	UNKNOWN STEP	2026-09-06T11:01:45.9919663Z hint: to use in all of your new repositories, which will suppress this warning,
Quest 3 arm64 APK export (advisory until first green run)	UNKNOWN STEP	2026-09-06T11:01:45.9921087Z hint: call:
Quest 3 arm64 APK export (advisory until first green run)	UNKNOWN STEP	2026-09-06T11:01:45.9921804Z hint:
Quest 3 arm64 APK export (advisory until first green run)	UNKNOWN STEP	2026-09-06T11:01:45.9922675Z hint: 	git config --global init.defaultBranch <name>
Quest 3 arm64 APK export (advisory until first green run)	UNKNOWN STEP	2026-09-06T11:01:45.9923821Z hint:
Quest 3 arm64 APK export (advisory until first green run)	UNKNOWN STEP	2026-09-06T11:01:45.9925293Z hint: Names commonly chosen instead of 'master' are 'main', 'trunk' and
Quest 3 arm64 APK export (advisory until first green run)	UNKNOWN STEP	2026-09-06T11:01:45.9927018Z hint: 'development'. The just-created branch can be renamed via this command:
Quest 3 arm64 APK export (advisory until first green run)	UNKNOWN STEP	2026-09-06T11:01:45.9928444Z hint:
Quest 3 arm64 APK export (advisory until first green run)	UNKNOWN STEP	2026-09-06T11:01:45.9929168Z hint: 	git branch -m <name>
Quest 3 arm64 APK export (advisory until first green run)	UNKNOWN STEP	2026-09-06T11:01:45.9930004Z hint:
Quest 3 arm64 APK export (advisory until first green run)	UNKNOWN STEP	2026-09-06T11:01:45.9931103Z hint: Disable this message with "git config set advice.defaultBranchName false"
Quest 3 arm64 APK export (advisory until first green run)	UNKNOWN STEP	2026-09-06T11:01:45.9933101Z Initialized empty Git repository in /home/runner/work/VisionClaw/VisionClaw/.git/
Quest 3 arm64 APK export (advisory until first green run)	UNKNOWN STEP	2026-09-06T11:01:45.9936514Z [command]/usr/bin/git remote add origin https://github.com/DreamLab-AI/VisionClaw
Quest 3 arm64 APK export (advisory until first green run)	UNKNOWN STEP	2026-09-06T11:01:46.0005159Z ##[endgroup]
Quest 3 arm64 APK export (advisory until first green run)	UNKNOWN STEP	2026-09-06T11:01:46.0006764Z ##[group]Disabling automatic garbage collection
Quest 3 arm64 APK export (advisory until first green run)	UNKNOWN STEP	2026-09-06T11:01:46.0008966Z [command]/usr/bin/git config --local gc.auto 0
Quest 3 arm64 APK export (advisory until first green run)	UNKNOWN STEP	2026-09-06T11:01:46.0059410Z ##[endgroup]
Quest 3 arm64 APK export (advisory until first green run)	UNKNOWN STEP	2026-09-06T11:01:46.0061446Z ##[group]Setting up auth
Quest 3 arm64 APK export (advisory until first green run)	UNKNOWN STEP	2026-09-06T11:01:46.0069154Z [command]/usr/bin/git config --local --name-only --get-regexp core\.sshCommand
Quest 3 arm64 APK export (advisory until first green run)	UNKNOWN STEP	2026-09-06T11:01:46.0112117Z [command]/usr/bin/git submodule foreach --recursive sh -c "git config --local --name-only --get-regexp 'core\.sshCommand' && git config --local --unset-all 'core.sshCommand' || :"
Quest 3 arm64 APK export (advisory until first green run)	UNKNOWN STEP	2026-09-06T11:01:46.0520828Z [command]/usr/bin/git config --local --name-only --get-regexp http\.https\:\/\/github\.com\/\.extraheader
Quest 3 arm64 APK export (advisory until first green run)	UNKNOWN STEP	2026-09-06T11:01:46.0558819Z [command]/usr/bin/git submodule foreach --recursive sh -c "git config --local --name-only --get-regexp 'http\.https\:\/\/github\.com\/\.extraheader' && git config --local --unset-all 'http.https://github.com/.extraheader' || :"
Quest 3 arm64 APK export (advisory until first green run)	UNKNOWN STEP	2026-09-06T11:01:46.0793674Z [command]/usr/bin/git config --local --name-only --get-regexp ^includeIf\.gitdir:
Quest 3 arm64 APK export (advisory until first green run)	UNKNOWN STEP	2026-09-06T11:01:46.0832317Z [command]/usr/bin/git submodule foreach --recursive git config --local --show-origin --name-only --get-regexp remote.origin.url
Quest 3 arm64 APK export (advisory until first green run)	UNKNOWN STEP	2026-09-06T11:01:46.1071445Z [command]/usr/bin/git config --local http.https://github.com/.extraheader AUTHORIZATION: basic ***
Quest 3 arm64 APK export (advisory until first green run)	UNKNOWN STEP	2026-09-06T11:01:46.1114765Z ##[endgroup]
Quest 3 arm64 APK export (advisory until first green run)	UNKNOWN STEP	2026-09-06T11:01:46.1116573Z ##[group]Fetching the repository
Quest 3 arm64 APK export (advisory until first green run)	UNKNOWN STEP	2026-09-06T11:01:46.1126777Z [command]/usr/bin/git -c protocol.version=2 fetch --no-tags --prune --no-recurse-submodules --depth=1 origin +f508937dd72edfe9b2aef3ef3b4b8d6a02873419:refs/remotes/origin/main
Quest 3 arm64 APK export (advisory until first green run)	UNKNOWN STEP	2026-09-06T11:01:50.7591751Z From https://github.com/DreamLab-AI/VisionClaw
Quest 3 arm64 APK export (advisory until first green run)	UNKNOWN STEP	2026-09-06T11:01:50.7593824Z  * [new ref]         f508937dd72edfe9b2aef3ef3b4b8d6a02873419 -> origin/main
Quest 3 arm64 APK export (advisory until first green run)	UNKNOWN STEP	2026-09-06T11:01:50.7597855Z ##[endgroup]
Quest 3 arm64 APK export (advisory until first green run)	UNKNOWN STEP	2026-09-06T11:01:50.7599206Z ##[group]Determining the checkout info
Quest 3 arm64 APK export (advisory until first green run)	UNKNOWN STEP	2026-09-06T11:01:50.7600645Z ##[endgroup]
Quest 3 arm64 APK export (advisory until first green run)	UNKNOWN STEP	2026-09-06T11:01:50.7606912Z [command]/usr/bin/git sparse-checkout disable
Quest 3 arm64 APK export (advisory until first green run)	UNKNOWN STEP	2026-09-06T11:01:50.7664766Z [command]/usr/bin/git config --local --unset-all extensions.worktreeConfig
Quest 3 arm64 APK export (advisory until first green run)	UNKNOWN STEP	2026-09-06T11:01:50.7700774Z ##[group]Checking out the ref
Quest 3 arm64 APK export (advisory until first green run)	UNKNOWN STEP	2026-09-06T11:01:50.7711457Z [command]/usr/bin/git checkout --progress --force -B main refs/remotes/origin/main
Quest 3 arm64 APK export (advisory until first green run)	UNKNOWN STEP	2026-09-06T11:01:51.3770660Z Switched to a new branch 'main'
Quest 3 arm64 APK export (advisory until first green run)	UNKNOWN STEP	2026-09-06T11:01:51.3775873Z branch 'main' set up to track 'origin/main'.
Quest 3 arm64 APK export (advisory until first green run)	UNKNOWN STEP	2026-09-06T11:01:51.3812061Z ##[endgroup]
Quest 3 arm64 APK export (advisory until first green run)	UNKNOWN STEP	2026-09-06T11:01:51.3867067Z [command]/usr/bin/git log -1 --format=%H
Quest 3 arm64 APK export (advisory until first green run)	UNKNOWN STEP	2026-09-06T11:01:51.3896841Z f508937dd72edfe9b2aef3ef3b4b8d6a02873419
Quest 3 arm64 APK export (advisory until first green run)	UNKNOWN STEP	2026-09-06T11:01:51.4262008Z ##[group]Run dtolnay/rust-toolchain@stable
Quest 3 arm64 APK export (advisory until first green run)	UNKNOWN STEP	2026-09-06T11:01:51.4262380Z with:
Quest 3 arm64 APK export (advisory until first green run)	UNKNOWN STEP	2026-09-06T11:01:51.4262594Z   targets: aarch64-linux-android
Quest 3 arm64 APK export (advisory until first green run)	UNKNOWN STEP	2026-09-06T11:01:51.4262850Z   toolchain: stable
Quest 3 arm64 APK export (advisory until first green run)	UNKNOWN STEP	2026-09-06T11:01:51.4263052Z env:
Quest 3 arm64 APK export (advisory until first green run)	UNKNOWN STEP	2026-09-06T11:01:51.4263240Z   CARGO_TERM_COLOR: always
Quest 3 arm64 APK export (advisory until first green run)	UNKNOWN STEP	2026-09-06T11:01:51.4263466Z   RUST_BACKTRACE: 1
Quest 3 arm64 APK export (advisory until first green run)	UNKNOWN STEP	2026-09-06T11:01:51.4263676Z   GODOT_VERSION: 4.3-stable
Quest 3 arm64 APK export (advisory until first green run)	UNKNOWN STEP	2026-09-06T11:01:51.4263900Z   GUT_VERSION: 9.3.1
Quest 3 arm64 APK export (advisory until first green run)	UNKNOWN STEP	2026-09-06T11:01:51.4264149Z ##[endgroup]
Quest 3 arm64 APK export (advisory until first green run)	UNKNOWN STEP	2026-09-06T11:01:51.4331160Z ##[start-action display=Parse toolchain version;id=__dtolnay_rust-toolchain.parse]
Quest 3 arm64 APK export (advisory until first green run)	UNKNOWN STEP	2026-09-06T11:01:51.4388001Z ##[group]Run if [[ -z $toolchain ]]; then
Quest 3 arm64 APK export (advisory until first green run)	UNKNOWN STEP	2026-09-06T11:01:51.4388418Z ^[[36;1mif [[ -z $toolchain ]]; then^[[0m
Quest 3 arm64 APK export (advisory until first green run)	UNKNOWN STEP	2026-09-06T11:01:51.4388972Z ^[[36;1m  # GitHub does not enforce `required: true` inputs itself. https://github.com/actions/runner/issues/1070^[[0m
Quest 3 arm64 APK export (advisory until first green run)	UNKNOWN STEP	2026-09-06T11:01:51.4389555Z ^[[36;1m  echo "'toolchain' is a required input" >&2^[[0m
Quest 3 arm64 APK export (advisory until first green run)	UNKNOWN STEP	2026-09-06T11:01:51.4389939Z ^[[36;1m  exit 1^[[0m
Quest 3 arm64 APK export (advisory until first green run)	UNKNOWN STEP	2026-09-06T11:01:51.4390318Z ^[[36;1melif [[ $toolchain =~ ^stable' '[0-9]+' '(year|month|week|day)s?' 'ago$ ]]; then^[[0m
Quest 3 arm64 APK export (advisory until first green run)	UNKNOWN STEP	2026-09-06T11:01:51.4390746Z ^[[36;1m  if [[ Linux == macOS ]]; then^[[0m
Quest 3 arm64 APK export (advisory until first green run)	UNKNOWN STEP	2026-09-06T11:01:51.4391297Z ^[[36;1m    echo "toolchain=1.$((($(date -v-$(sed 's/stable \([0-9]*\) \(.\).*/\1\2/' <<< $toolchain) +%s)/60/60/24-16569)/7/6))" >> $GITHUB_OUTPUT^[[0m
Quest 3 arm64 APK export (advisory until first green run)	UNKNOWN STEP	2026-09-06T11:01:51.4391814Z ^[[36;1m  else^[[0m
Quest 3 arm64 APK export (advisory until first green run)	UNKNOWN STEP	2026-09-06T11:01:51.4392231Z ^[[36;1m    echo "toolchain=1.$((($(date --date "${toolchain#stable }" +%s)/60/60/24-16569)/7/6))" >> $GITHUB_OUTPUT^[[0m
Quest 3 arm64 APK export (advisory until first green run)	UNKNOWN STEP	2026-09-06T11:01:51.4392699Z ^[[36;1m  fi^[[0m
Quest 3 arm64 APK export (advisory until first green run)	UNKNOWN STEP	2026-09-06T11:01:51.4392998Z ^[[36;1melif [[ $toolchain =~ ^stable' 'minus' '[0-9]+' 'releases?$ ]]; then^[[0m
Quest 3 arm64 APK export (advisory until first green run)	UNKNOWN STEP	2026-09-06T11:01:51.4393532Z ^[[36;1m  echo "toolchain=1.$((($(date +%s)/60/60/24-16569)/7/6-${toolchain//[^0-9]/}))" >> $GITHUB_OUTPUT^[[0m
Quest 3 arm64 APK export (advisory until first green run)	UNKNOWN STEP	2026-09-06T11:01:51.4394000Z ^[[36;1melif [[ $toolchain =~ ^1\.[0-9]+$ ]]; then^[[0m
Quest 3 arm64 APK export (advisory until first green run)	UNKNOWN STEP	2026-09-06T11:01:51.4394721Z ^[[36;1m  echo "toolchain=1.$((i=${toolchain#1.}, c=($(date +%s)/60/60/24-16569)/7/6, i+9*i*(10*i<=c)+90*i*(100*i<=c)))" >> $GITHUB_OUTPUT^[[0m
Quest 3 arm64 APK export (advisory until first green run)	UNKNOWN STEP	2026-09-06T11:01:51.4395230Z ^[[36;1melse^[[0m
Quest 3 arm64 APK export (advisory until first green run)	UNKNOWN STEP	2026-09-06T11:01:51.4395475Z ^[[36;1m  echo "toolchain=$toolchain" >> $GITHUB_OUTPUT^[[0m
Quest 3 arm64 APK export (advisory until first green run)	UNKNOWN STEP	2026-09-06T11:01:51.4395770Z ^[[36;1mfi^[[0m
Quest 3 arm64 APK export (advisory until first green run)	UNKNOWN STEP	2026-09-06T11:01:51.4438893Z shell: /usr/bin/bash --noprofile --norc -e -o pipefail {0}
Quest 3 arm64 APK export (advisory until first green run)	UNKNOWN STEP	2026-09-06T11:01:51.4439257Z env:
Quest 3 arm64 APK export (advisory until first green run)	UNKNOWN STEP	2026-09-06T11:01:51.4439460Z   CARGO_TERM_COLOR: always
Quest 3 arm64 APK export (advisory until first green run)	UNKNOWN STEP	2026-09-06T11:01:51.4439716Z   RUST_BACKTRACE: 1
Quest 3 arm64 APK export (advisory until first green run)	UNKNOWN STEP	2026-09-06T11:01:51.4439928Z   GODOT_VERSION: 4.3-stable
Quest 3 arm64 APK export (advisory until first green run)	UNKNOWN STEP	2026-09-06T11:01:51.4440155Z   GUT_VERSION: 9.3.1
Quest 3 arm64 APK export (advisory until first green run)	UNKNOWN STEP	2026-09-06T11:01:51.4440357Z   toolchain: stable
Quest 3 arm64 APK export (advisory until first green run)	UNKNOWN STEP	2026-09-06T11:01:51.4440556Z ##[endgroup]
Quest 3 arm64 APK export (advisory until first green run)	UNKNOWN STEP	2026-09-06T11:01:51.4559044Z ##[end-action id=__dtolnay_rust-toolchain.parse;outcome=success;conclusion=success;duration_ms=22]
Quest 3 arm64 APK export (advisory until first green run)	UNKNOWN STEP	2026-09-06T11:01:51.4573206Z ##[start-action display=Construct rustup command line;id=__dtolnay_rust-toolchain.flags]
Quest 3 arm64 APK export (advisory until first green run)	UNKNOWN STEP	2026-09-06T11:01:51.4604755Z ##[group]Run echo "targets=$(for t in ${targets//,/ }; do echo -n ' --target' $t; done)" >> $GITHUB_OUTPUT
Quest 3 arm64 APK export (advisory until first green run)	UNKNOWN STEP	2026-09-06T11:01:51.4605443Z ^[[36;1mecho "targets=$(for t in ${targets//,/ }; do echo -n ' --target' $t; done)" >> $GITHUB_OUTPUT^[[0m
Quest 3 arm64 APK export (advisory until first green run)	UNKNOWN STEP	2026-09-06T11:01:51.4606085Z ^[[36;1mecho "components=$(for c in ${components//,/ }; do echo -n ' --component' $c; done)" >> $GITHUB_OUTPUT^[[0m
Quest 3 arm64 APK export (advisory until first green run)	UNKNOWN STEP	2026-09-06T11:01:51.4606585Z ^[[36;1mecho "downgrade=" >> $GITHUB_OUTPUT^[[0m
Quest 3 arm64 APK export (advisory until first green run)	UNKNOWN STEP	2026-09-06T11:01:51.4645463Z shell: /usr/bin/bash --noprofile --norc -e -o pipefail {0}
Quest 3 arm64 APK export (advisory until first green run)	UNKNOWN STEP	2026-09-06T11:01:51.4645988Z env:
Quest 3 arm64 APK export (advisory until first green run)	UNKNOWN STEP	2026-09-06T11:01:51.4646212Z   CARGO_TERM_COLOR: always
Quest 3 arm64 APK export (advisory until first green run)	UNKNOWN STEP	2026-09-06T11:01:51.4646443Z   RUST_BACKTRACE: 1
Quest 3 arm64 APK export (advisory until first green run)	UNKNOWN STEP	2026-09-06T11:01:51.4646654Z   GODOT_VERSION: 4.3-stable
Quest 3 arm64 APK export (advisory until first green run)	UNKNOWN STEP	2026-09-06T11:01:51.4646879Z   GUT_VERSION: 9.3.1
Quest 3 arm64 APK export (advisory until first green run)	UNKNOWN STEP	2026-09-06T11:01:51.4647109Z   targets: aarch64-linux-android
Quest 3 arm64 APK export (advisory until first green run)	UNKNOWN STEP	2026-09-06T11:01:51.4647355Z   components: 
Quest 3 arm64 APK export (advisory until first green run)	UNKNOWN STEP	2026-09-06T11:01:51.4647558Z ##[endgroup]
Quest 3 arm64 APK export (advisory until first green run)	UNKNOWN STEP	2026-09-06T11:01:51.4725555Z ##[end-action id=__dtolnay_rust-toolchain.flags;outcome=success;conclusion=success;duration_ms=15]
Quest 3 arm64 APK export (advisory until first green run)	UNKNOWN STEP	2026-09-06T11:01:51.4728026Z ##[start-action display=Set $CARGO_HOME;id=__dtolnay_rust-toolchain.__run]
Quest 3 arm64 APK export (advisory until first green run)	UNKNOWN STEP	2026-09-06T11:01:51.4749681Z ##[group]Run echo CARGO_HOME=${CARGO_HOME:-"$HOME/.cargo"} >> $GITHUB_ENV
Quest 3 arm64 APK export (advisory until first green run)	UNKNOWN STEP	2026-09-06T11:01:51.4750167Z ^[[36;1mecho CARGO_HOME=${CARGO_HOME:-"$HOME/.cargo"} >> $GITHUB_ENV^[[0m
Quest 3 arm64 APK export (advisory until first green run)	UNKNOWN STEP	2026-09-06T11:01:51.4788488Z shell: /usr/bin/bash --noprofile --norc -e -o pipefail {0}
Quest 3 arm64 APK export (advisory until first green run)	UNKNOWN STEP	2026-09-06T11:01:51.4788850Z env:
Quest 3 arm64 APK export (advisory until first green run)	UNKNOWN STEP	2026-09-06T11:01:51.4789057Z   CARGO_TERM_COLOR: always
Quest 3 arm64 APK export (advisory until first green run)	UNKNOWN STEP	2026-09-06T11:01:51.4789322Z   RUST_BACKTRACE: 1
Quest 3 arm64 APK export (advisory until first green run)	UNKNOWN STEP	2026-09-06T11:01:51.4789537Z   GODOT_VERSION: 4.3-stable
Quest 3 arm64 APK export (advisory until first green run)	UNKNOWN STEP	2026-09-06T11:01:51.4789769Z   GUT_VERSION: 9.3.1
Quest 3 arm64 APK export (advisory until first green run)	UNKNOWN STEP	2026-09-06T11:01:51.4789979Z ##[endgroup]
Quest 3 arm64 APK export (advisory until first green run)	UNKNOWN STEP	2026-09-06T11:01:51.4859843Z ##[end-action id=__dtolnay_rust-toolchain.__run;outcome=success;conclusion=success;duration_ms=13]
Quest 3 arm64 APK export (advisory until first green run)	UNKNOWN STEP	2026-09-06T11:01:51.4862185Z ##[start-action display=Install rustup if needed;id=__dtolnay_rust-toolchain.__run_2]
Quest 3 arm64 APK export (advisory until first green run)	UNKNOWN STEP	2026-09-06T11:01:51.4937946Z ##[group]Run if ! command -v rustup &>/dev/null; then
Quest 3 arm64 APK export (advisory until first green run)	UNKNOWN STEP	2026-09-06T11:01:51.4938412Z ^[[36;1mif ! command -v rustup &>/dev/null; then^[[0m
Quest 3 arm64 APK export (advisory until first green run)	UNKNOWN STEP	2026-09-06T11:01:51.4939187Z ^[[36;1m  curl --proto '=https' --tlsv1.2 --retry 10 --retry-connrefused --location --silent --show-error --fail https://sh.rustup.rs | sh -s -- --default-toolchain none -y^[[0m
Quest 3 arm64 APK export (advisory until first green run)	UNKNOWN STEP	2026-09-06T11:01:51.4939947Z ^[[36;1m  echo "$CARGO_HOME/bin" >> $GITHUB_PATH^[[0m
Quest 3 arm64 APK export (advisory until first green run)	UNKNOWN STEP	2026-09-06T11:01:51.4940244Z ^[[36;1mfi^[[0m
Quest 3 arm64 APK export (advisory until first green run)	UNKNOWN STEP	2026-09-06T11:01:51.4980809Z shell: /usr/bin/bash --noprofile --norc -e -o pipefail {0}
Quest 3 arm64 APK export (advisory until first green run)	UNKNOWN STEP	2026-09-06T11:01:51.4981193Z env:
Quest 3 arm64 APK export (advisory until first green run)	UNKNOWN STEP	2026-09-06T11:01:51.4981399Z   CARGO_TERM_COLOR: always
Quest 3 arm64 APK export (advisory until first green run)	UNKNOWN STEP	2026-09-06T11:01:51.4981634Z   RUST_BACKTRACE: 1
Quest 3 arm64 APK export (advisory until first green run)	UNKNOWN STEP	2026-09-06T11:01:51.4981850Z   GODOT_VERSION: 4.3-stable
Quest 3 arm64 APK export (advisory until first green run)	UNKNOWN STEP	2026-09-06T11:01:51.4982084Z   GUT_VERSION: 9.3.1
Quest 3 arm64 APK export (advisory until first green run)	UNKNOWN STEP	2026-09-06T11:01:51.4982313Z   CARGO_HOME: /home/runner/.cargo
Quest 3 arm64 APK export (advisory until first green run)	UNKNOWN STEP	2026-09-06T11:01:51.4982559Z ##[endgroup]
Quest 3 arm64 APK export (advisory until first green run)	UNKNOWN STEP	2026-09-06T11:01:51.5052482Z ##[end-action id=__dtolnay_rust-toolchain.__run_2;outcome=success;conclusion=success;duration_ms=18]
Quest 3 arm64 APK export (advisory until first green run)	UNKNOWN STEP	2026-09-06T11:01:51.5055461Z ##[start-action display=Install rustup if needed on windows;id=__dtolnay_rust-toolchain.__run_3]
Quest 3 arm64 APK export (advisory until first green run)	UNKNOWN STEP	2026-09-06T11:01:51.5063403Z ##[end-action id=__dtolnay_rust-toolchain.__run_3;outcome=skipped;conclusion=skipped;duration_ms=0]
Quest 3 arm64 APK export (advisory until first green run)	UNKNOWN STEP	2026-09-06T11:01:51.5068771Z ##[start-action display=rustup toolchain install stable;id=__dtolnay_rust-toolchain.__run_4]
Quest 3 arm64 APK export (advisory until first green run)	UNKNOWN STEP	2026-09-06T11:01:51.5090394Z ##[group]Run rustup toolchain install stable --target aarch64-linux-android --profile minimal --no-self-update
Quest 3 arm64 APK export (advisory until first green run)	UNKNOWN STEP	2026-09-06T11:01:51.5091185Z ^[[36;1mrustup toolchain install stable --target aarch64-linux-android --profile minimal --no-self-update^[[0m
Quest 3 arm64 APK export (advisory until first green run)	UNKNOWN STEP	2026-09-06T11:01:51.5131213Z shell: /usr/bin/bash --noprofile --norc -e -o pipefail {0}
Quest 3 arm64 APK export (advisory until first green run)	UNKNOWN STEP	2026-09-06T11:01:51.5131568Z env:
Quest 3 arm64 APK export (advisory until first green run)	UNKNOWN STEP	2026-09-06T11:01:51.5131772Z   CARGO_TERM_COLOR: always
Quest 3 arm64 APK export (advisory until first green run)	UNKNOWN STEP	2026-09-06T11:01:51.5132010Z   RUST_BACKTRACE: 1
Quest 3 arm64 APK export (advisory until first green run)	UNKNOWN STEP	2026-09-06T11:01:51.5132222Z   GODOT_VERSION: 4.3-stable
Quest 3 arm64 APK export (advisory until first green run)	UNKNOWN STEP	2026-09-06T11:01:51.5132452Z   GUT_VERSION: 9.3.1
Quest 3 arm64 APK export (advisory until first green run)	UNKNOWN STEP	2026-09-06T11:01:51.5132688Z   CARGO_HOME: /home/runner/.cargo
Quest 3 arm64 APK export (advisory until first green run)	UNKNOWN STEP	2026-09-06T11:01:51.5132966Z   RUSTUP_PERMIT_COPY_RENAME: 1
Quest 3 arm64 APK export (advisory until first green run)	UNKNOWN STEP	2026-09-06T11:01:51.5133205Z ##[endgroup]
Quest 3 arm64 APK export (advisory until first green run)	UNKNOWN STEP	2026-09-06T11:01:51.7350924Z info: syncing channel updates for stable-x86_64-unknown-linux-gnu
Quest 3 arm64 APK export (advisory until first green run)	UNKNOWN STEP	2026-09-06T11:01:51.8453366Z info: latest update on 2026-09-03 for version 1.98.1 (48a229cea 2026-09-01)
Quest 3 arm64 APK export (advisory until first green run)	UNKNOWN STEP	2026-09-06T11:01:51.8605462Z info: removing previous version of component clippy
Quest 3 arm64 APK export (advisory until first green run)	UNKNOWN STEP	2026-09-06T11:01:51.8627746Z info: removing previous version of component rustfmt
Quest 3 arm64 APK export (advisory until first green run)	UNKNOWN STEP	2026-09-06T11:01:51.8640796Z info: removing previous version of component cargo
Quest 3 arm64 APK export (advisory until first green run)	UNKNOWN STEP	2026-09-06T11:01:51.8696462Z info: removing previous version of component rust-std
Quest 3 arm64 APK export (advisory until first green run)	UNKNOWN STEP	2026-09-06T11:01:51.8748119Z info: removing previous version of component rustc
Quest 3 arm64 APK export (advisory until first green run)	UNKNOWN STEP	2026-09-06T11:01:51.8808484Z info: downloading 6 components
Quest 3 arm64 APK export (advisory until first green run)	UNKNOWN STEP	2026-09-06T11:02:02.0890828Z 
Quest 3 arm64 APK export (advisory until first green run)	UNKNOWN STEP	2026-09-06T11:02:02.0978884Z   stable-x86_64-unknown-linux-gnu updated - rustc 1.98.1 (48a229cea 2026-09-01) (from rustc 1.98.0 (88d9e12ae 2026-08-18))
Quest 3 arm64 APK export (advisory until first green run)	UNKNOWN STEP	2026-09-06T11:02:02.0979957Z 
Quest 3 arm64 APK export (advisory until first green run)	UNKNOWN STEP	2026-09-06T11:02:02.1079382Z ##[end-action id=__dtolnay_rust-toolchain.__run_4;outcome=success;conclusion=success;duration_ms=10600]
Quest 3 arm64 APK export (advisory until first green run)	UNKNOWN STEP	2026-09-06T11:02:02.1087072Z ##[start-action display=rustup default stable;id=__dtolnay_rust-toolchain.__run_5]
Quest 3 arm64 APK export (advisory until first green run)	UNKNOWN STEP	2026-09-06T11:02:02.1111528Z ##[group]Run rustup default stable
Quest 3 arm64 APK export (advisory until first green run)	UNKNOWN STEP	2026-09-06T11:02:02.1111991Z ^[[36;1mrustup default stable^[[0m
Quest 3 arm64 APK export (advisory until first green run)	UNKNOWN STEP	2026-09-06T11:02:02.1159990Z shell: /usr/bin/bash --noprofile --norc -e -o pipefail {0}
Quest 3 arm64 APK export (advisory until first green run)	UNKNOWN STEP	2026-09-06T11:02:02.1160551Z env:
Quest 3 arm64 APK export (advisory until first green run)	UNKNOWN STEP	2026-09-06T11:02:02.1160864Z   CARGO_TERM_COLOR: always
Quest 3 arm64 APK export (advisory until first green run)	UNKNOWN STEP	2026-09-06T11:02:02.1161262Z   RUST_BACKTRACE: 1
Quest 3 arm64 APK export (advisory until first green run)	UNKNOWN STEP	2026-09-06T11:02:02.1161606Z   GODOT_VERSION: 4.3-stable
Quest 3 arm64 APK export (advisory until first green run)	UNKNOWN STEP	2026-09-06T11:02:02.1161972Z   GUT_VERSION: 9.3.1
Quest 3 arm64 APK export (advisory until first green run)	UNKNOWN STEP	2026-09-06T11:02:02.1162325Z   CARGO_HOME: /home/runner/.cargo
Quest 3 arm64 APK export (advisory until first green run)	UNKNOWN STEP	2026-09-06T11:02:02.1162721Z ##[endgroup]
Quest 3 arm64 APK export (advisory until first green run)	UNKNOWN STEP	2026-09-06T11:02:02.1299253Z info: using existing install for stable-x86_64-unknown-linux-gnu
Quest 3 arm64 APK export (advisory until first green run)	UNKNOWN STEP	2026-09-06T11:02:02.1308418Z info: default toolchain set to stable-x86_64-unknown-linux-gnu
Quest 3 arm64 APK export (advisory until first green run)	UNKNOWN STEP	2026-09-06T11:02:02.1309103Z 
Quest 3 arm64 APK export (advisory until first green run)	UNKNOWN STEP	2026-09-06T11:02:02.1382397Z   stable-x86_64-unknown-linux-gnu unchanged - rustc 1.98.1 (48a229cea 2026-09-01)
Quest 3 arm64 APK export (advisory until first green run)	UNKNOWN STEP	2026-09-06T11:02:02.1384759Z 
Quest 3 arm64 APK export (advisory until first green run)	UNKNOWN STEP	2026-09-06T11:02:02.1405271Z ##[end-action id=__dtolnay_rust-toolchain.__run_5;outcome=success;conclusion=success;duration_ms=31]
Quest 3 arm64 APK export (advisory until first green run)	UNKNOWN STEP	2026-09-06T11:02:02.1408900Z ##[start-action display=Create cachekey;id=__dtolnay_rust-toolchain.rustc-version]
Quest 3 arm64 APK export (advisory until first green run)	UNKNOWN STEP	2026-09-06T11:02:02.1433614Z ##[group]Run DATE=$(rustc +stable --version --verbose | sed -ne 's/^commit-date: \(20[0-9][0-9]\)-\([01][0-9]\)-\([0-3][0-9]\)$/\1\2\3/p')
Quest 3 arm64 APK export (advisory until first green run)	UNKNOWN STEP	2026-09-06T11:02:02.1435297Z ^[[36;1mDATE=$(rustc +stable --version --verbose | sed -ne 's/^commit-date: \(20[0-9][0-9]\)-\([01][0-9]\)-\([0-3][0-9]\)$/\1\2\3/p')^[[0m
Quest 3 arm64 APK export (advisory until first green run)	UNKNOWN STEP	2026-09-06T11:02:02.1436432Z ^[[36;1mHASH=$(rustc +stable --version --verbose | sed -ne 's/^commit-hash: //p')^[[0m
Quest 3 arm64 APK export (advisory until first green run)	UNKNOWN STEP	2026-09-06T11:02:02.1437276Z ^[[36;1mecho "cachekey=$(echo $DATE$HASH | head -c12)" >> $GITHUB_OUTPUT^[[0m
Quest 3 arm64 APK export (advisory until first green run)	UNKNOWN STEP	2026-09-06T11:02:02.1484891Z shell: /usr/bin/bash --noprofile --norc -e -o pipefail {0}
Quest 3 arm64 APK export (advisory until first green run)	UNKNOWN STEP	2026-09-06T11:02:02.1485435Z env:
Quest 3 arm64 APK export (advisory until first green run)	UNKNOWN STEP	2026-09-06T11:02:02.1485767Z   CARGO_TERM_COLOR: always
Quest 3 arm64 APK export (advisory until first green run)	UNKNOWN STEP	2026-09-06T11:02:02.1486144Z   RUST_BACKTRACE: 1
Quest 3 arm64 APK export (advisory until first green run)	UNKNOWN STEP	2026-09-06T11:02:02.1486484Z   GODOT_VERSION: 4.3-stable
Quest 3 arm64 APK export (advisory until first green run)	UNKNOWN STEP	2026-09-06T11:02:02.1486849Z   GUT_VERSION: 9.3.1
Quest 3 arm64 APK export (advisory until first green run)	UNKNOWN STEP	2026-09-06T11:02:02.1487199Z   CARGO_HOME: /home/runner/.cargo
Quest 3 arm64 APK export (advisory until first green run)	UNKNOWN STEP	2026-09-06T11:02:02.1487595Z ##[endgroup]
Quest 3 arm64 APK export (advisory until first green run)	UNKNOWN STEP	2026-09-06T11:02:02.1874652Z ##[end-action id=__dtolnay_rust-toolchain.rustc-version;outcome=success;conclusion=success;duration_ms=46]
Quest 3 arm64 APK export (advisory until first green run)	UNKNOWN STEP	2026-09-06T11:02:02.1877329Z ##[start-action display=Disable incremental compilation;id=__dtolnay_rust-toolchain.__run_6]
Quest 3 arm64 APK export (advisory until first green run)	UNKNOWN STEP	2026-09-06T11:02:02.1893129Z ##[group]Run if [ -z "${CARGO_INCREMENTAL+set}" ]; then
Quest 3 arm64 APK export (advisory until first green run)	UNKNOWN STEP	2026-09-06T11:02:02.1893506Z ^[[36;1mif [ -z "${CARGO_INCREMENTAL+set}" ]; then^[[0m
Quest 3 arm64 APK export (advisory until first green run)	UNKNOWN STEP	2026-09-06T11:02:02.1893826Z ^[[36;1m  echo CARGO_INCREMENTAL=0 >> $GITHUB_ENV^[[0m
Quest 3 arm64 APK export (advisory until first green run)	UNKNOWN STEP	2026-09-06T11:02:02.1894103Z ^[[36;1mfi^[[0m
Quest 3 arm64 APK export (advisory until first green run)	UNKNOWN STEP	2026-09-06T11:02:02.1930684Z shell: /usr/bin/bash --noprofile --norc -e -o pipefail {0}
Quest 3 arm64 APK export (advisory until first green run)	UNKNOWN STEP	2026-09-06T11:02:02.1931033Z env:
Quest 3 arm64 APK export (advisory until first green run)	UNKNOWN STEP	2026-09-06T11:02:02.1931226Z   CARGO_TERM_COLOR: always
Quest 3 arm64 APK export (advisory until first green run)	UNKNOWN STEP	2026-09-06T11:02:02.1931473Z   RUST_BACKTRACE: 1
Quest 3 arm64 APK export (advisory until first green run)	UNKNOWN STEP	2026-09-06T11:02:02.1931682Z   GODOT_VERSION: 4.3-stable
Quest 3 arm64 APK export (advisory until first green run)	UNKNOWN STEP	2026-09-06T11:02:02.1931912Z   GUT_VERSION: 9.3.1
Quest 3 arm64 APK export (advisory until first green run)	UNKNOWN STEP	2026-09-06T11:02:02.1932128Z   CARGO_HOME: /home/runner/.cargo
Quest 3 arm64 APK export (advisory until first green run)	UNKNOWN STEP	2026-09-06T11:02:02.1932369Z ##[endgroup]
Quest 3 arm64 APK export (advisory until first green run)	UNKNOWN STEP	2026-09-06T11:02:02.1998681Z ##[end-action id=__dtolnay_rust-toolchain.__run_6;outcome=success;conclusion=success;duration_ms=12]
Quest 3 arm64 APK export (advisory until first green run)	UNKNOWN STEP	2026-09-06T11:02:02.2000977Z ##[start-action display=Enable colors in Cargo output;id=__dtolnay_rust-toolchain.__run_7]
Quest 3 arm64 APK export (advisory until first green run)	UNKNOWN STEP	2026-09-06T11:02:02.2017792Z ##[group]Run if [ -z "${CARGO_TERM_COLOR+set}" ]; then
Quest 3 arm64 APK export (advisory until first green run)	UNKNOWN STEP	2026-09-06T11:02:02.2018162Z ^[[36;1mif [ -z "${CARGO_TERM_COLOR+set}" ]; then^[[0m
Quest 3 arm64 APK export (advisory until first green run)	UNKNOWN STEP	2026-09-06T11:02:02.2018504Z ^[[36;1m  echo CARGO_TERM_COLOR=always >> $GITHUB_ENV^[[0m
Quest 3 arm64 APK export (advisory until first green run)	UNKNOWN STEP	2026-09-06T11:02:02.2018793Z ^[[36;1mfi^[[0m
Quest 3 arm64 APK export (advisory until first green run)	UNKNOWN STEP	2026-09-06T11:02:02.2053935Z shell: /usr/bin/bash --noprofile --norc -e -o pipefail {0}
Quest 3 arm64 APK export (advisory until first green run)	UNKNOWN STEP	2026-09-06T11:02:02.2054623Z env:
Quest 3 arm64 APK export (advisory until first green run)	UNKNOWN STEP	2026-09-06T11:02:02.2054823Z   CARGO_TERM_COLOR: always
Quest 3 arm64 APK export (advisory until first green run)	UNKNOWN STEP	2026-09-06T11:02:02.2055075Z   RUST_BACKTRACE: 1
Quest 3 arm64 APK export (advisory until first green run)	UNKNOWN STEP	2026-09-06T11:02:02.2055506Z   GODOT_VERSION: 4.3-stable
Quest 3 arm64 APK export (advisory until first green run)	UNKNOWN STEP	2026-09-06T11:02:02.2055736Z   GUT_VERSION: 9.3.1
Quest 3 arm64 APK export (advisory until first green run)	UNKNOWN STEP	2026-09-06T11:02:02.2055954Z   CARGO_HOME: /home/runner/.cargo
Quest 3 arm64 APK export (advisory until first green run)	UNKNOWN STEP	2026-09-06T11:02:02.2056202Z   CARGO_INCREMENTAL: 0
Quest 3 arm64 APK export (advisory until first green run)	UNKNOWN STEP	2026-09-06T11:02:02.2056409Z ##[endgroup]
Quest 3 arm64 APK export (advisory until first green run)	UNKNOWN STEP	2026-09-06T11:02:02.2122671Z ##[end-action id=__dtolnay_rust-toolchain.__run_7;outcome=success;conclusion=success;duration_ms=12]
Quest 3 arm64 APK export (advisory until first green run)	UNKNOWN STEP	2026-09-06T11:02:02.2125409Z ##[start-action display=Enable Cargo sparse registry;id=__dtolnay_rust-toolchain.__run_8]
Quest 3 arm64 APK export (advisory until first green run)	UNKNOWN STEP	2026-09-06T11:02:02.2142702Z ##[group]Run # implemented in 1.66, stabilized in 1.68, made default in 1.70
Quest 3 arm64 APK export (advisory until first green run)	UNKNOWN STEP	2026-09-06T11:02:02.2143241Z ^[[36;1m# implemented in 1.66, stabilized in 1.68, made default in 1.70^[[0m
Quest 3 arm64 APK export (advisory until first green run)	UNKNOWN STEP	2026-09-06T11:02:02.2143951Z ^[[36;1mif [ -z "${CARGO_REGISTRIES_CRATES_IO_PROTOCOL+set}" -o -f "/home/runner/work/_temp"/.implicit_cargo_registries_crates_io_protocol ]; then^[[0m
Quest 3 arm64 APK export (advisory until first green run)	UNKNOWN STEP	2026-09-06T11:02:02.2145029Z ^[[36;1m  if rustc +stable --version --verbose | grep -q '^release: 1\.6[89]\.'; then^[[0m
Quest 3 arm64 APK export (advisory until first green run)	UNKNOWN STEP	2026-09-06T11:02:02.2145651Z ^[[36;1m    touch "/home/runner/work/_temp"/.implicit_cargo_registries_crates_io_protocol || true^[[0m
Quest 3 arm64 APK export (advisory until first green run)	UNKNOWN STEP	2026-09-06T11:02:02.2146399Z ^[[36;1m    echo CARGO_REGISTRIES_CRATES_IO_PROTOCOL=sparse >> $GITHUB_ENV^[[0m
Quest 3 arm64 APK export (advisory until first green run)	UNKNOWN STEP	2026-09-06T11:02:02.2146922Z ^[[36;1m  elif rustc +stable --version --verbose | grep -q '^release: 1\.6[67]\.'; then^[[0m
Quest 3 arm64 APK export (advisory until first green run)	UNKNOWN STEP	2026-09-06T11:02:02.2147510Z ^[[36;1m    touch "/home/runner/work/_temp"/.implicit_cargo_registries_crates_io_protocol || true^[[0m
Quest 3 arm64 APK export (advisory until first green run)	UNKNOWN STEP	2026-09-06T11:02:02.2148051Z ^[[36;1m    echo CARGO_REGISTRIES_CRATES_IO_PROTOCOL=git >> $GITHUB_ENV^[[0m
Quest 3 arm64 APK export (advisory until first green run)	UNKNOWN STEP	2026-09-06T11:02:02.2148399Z ^[[36;1m  fi^[[0m
Quest 3 arm64 APK export (advisory until first green run)	UNKNOWN STEP	2026-09-06T11:02:02.2148583Z ^[[36;1mfi^[[0m
Quest 3 arm64 APK export (advisory until first green run)	UNKNOWN STEP	2026-09-06T11:02:02.2184576Z shell: /usr/bin/bash --noprofile --norc -e -o pipefail {0}
Quest 3 arm64 APK export (advisory until first green run)	UNKNOWN STEP	2026-09-06T11:02:02.2184949Z env:
Quest 3 arm64 APK export (advisory until first green run)	UNKNOWN STEP	2026-09-06T11:02:02.2185151Z   CARGO_TERM_COLOR: always
Quest 3 arm64 APK export (advisory until first green run)	UNKNOWN STEP	2026-09-06T11:02:02.2185389Z   RUST_BACKTRACE: 1
Quest 3 arm64 APK export (advisory until first green run)	UNKNOWN STEP	2026-09-06T11:02:02.2185599Z   GODOT_VERSION: 4.3-stable
Quest 3 arm64 APK export (advisory until first green run)	UNKNOWN STEP	2026-09-06T11:02:02.2185828Z   GUT_VERSION: 9.3.1
Quest 3 arm64 APK export (advisory until first green run)	UNKNOWN STEP	2026-09-06T11:02:02.2186060Z   CARGO_HOME: /home/runner/.cargo
Quest 3 arm64 APK export (advisory until first green run)	UNKNOWN STEP	2026-09-06T11:02:02.2186303Z   CARGO_INCREMENTAL: 0
Quest 3 arm64 APK export (advisory until first green run)	UNKNOWN STEP	2026-09-06T11:02:02.2186512Z ##[endgroup]
Quest 3 arm64 APK export (advisory until first green run)	UNKNOWN STEP	2026-09-06T11:02:02.2525361Z ##[end-action id=__dtolnay_rust-toolchain.__run_8;outcome=success;conclusion=success;duration_ms=39]
Quest 3 arm64 APK export (advisory until first green run)	UNKNOWN STEP	2026-09-06T11:02:02.2529168Z ##[start-action display=Work around spurious network errors in curl 8.0;id=__dtolnay_rust-toolchain.__run_9]
Quest 3 arm64 APK export (advisory until first green run)	UNKNOWN STEP	2026-09-06T11:02:02.2553457Z ##[group]Run # https://rust-lang.zulipchat.com/#narrow/stream/246057-t-cargo/topic/timeout.20investigation
Quest 3 arm64 APK export (advisory until first green run)	UNKNOWN STEP	2026-09-06T11:02:02.2555239Z ^[[36;1m# https://rust-lang.zulipchat.com/#narrow/stream/246057-t-cargo/topic/timeout.20investigation^[[0m
Quest 3 arm64 APK export (advisory until first green run)	UNKNOWN STEP	2026-09-06T11:02:02.2556291Z ^[[36;1mif rustc +stable --version --verbose | grep -q '^release: 1\.7[01]\.'; then^[[0m
Quest 3 arm64 APK export (advisory until first green run)	UNKNOWN STEP	2026-09-06T11:02:02.2557076Z ^[[36;1m  echo CARGO_HTTP_MULTIPLEXING=false >> $GITHUB_ENV^[[0m
Quest 3 arm64 APK export (advisory until first green run)	UNKNOWN STEP	2026-09-06T11:02:02.2557602Z ^[[36;1mfi^[[0m
Quest 3 arm64 APK export (advisory until first green run)	UNKNOWN STEP	2026-09-06T11:02:02.2605284Z shell: /usr/bin/bash --noprofile --norc -e -o pipefail {0}
Quest 3 arm64 APK export (advisory until first green run)	UNKNOWN STEP	2026-09-06T11:02:02.2605854Z env:
Quest 3 arm64 APK export (advisory until first green run)	UNKNOWN STEP	2026-09-06T11:02:02.2606173Z   CARGO_TERM_COLOR: always
Quest 3 arm64 APK export (advisory until first green run)	UNKNOWN STEP	2026-09-06T11:02:02.2606545Z   RUST_BACKTRACE: 1
Quest 3 arm64 APK export (advisory until first green run)	UNKNOWN STEP	2026-09-06T11:02:02.2606881Z   GODOT_VERSION: 4.3-stable
Quest 3 arm64 APK export (advisory until first green run)	UNKNOWN STEP	2026-09-06T11:02:02.2607258Z   GUT_VERSION: 9.3.1
Quest 3 arm64 APK export (advisory until first green run)	UNKNOWN STEP	2026-09-06T11:02:02.2607617Z   CARGO_HOME: /home/runner/.cargo
Quest 3 arm64 APK export (advisory until first green run)	UNKNOWN STEP	2026-09-06T11:02:02.2608020Z   CARGO_INCREMENTAL: 0
Quest 3 arm64 APK export (advisory until first green run)	UNKNOWN STEP	2026-09-06T11:02:02.2608357Z ##[endgroup]
Quest 3 arm64 APK export (advisory until first green run)	UNKNOWN STEP	2026-09-06T11:02:02.2824218Z ##[end-action id=__dtolnay_rust-toolchain.__run_9;outcome=success;conclusion=success;duration_ms=29]
Quest 3 arm64 APK export (advisory until first green run)	UNKNOWN STEP	2026-09-06T11:02:02.2830285Z ##[start-action display=rustc +stable --version --verbose;id=__dtolnay_rust-toolchain.__run_10]
Quest 3 arm64 APK export (advisory until first green run)	UNKNOWN STEP	2026-09-06T11:02:02.2853555Z ##[group]Run rustc +stable --version --verbose
Quest 3 arm64 APK export (advisory until first green run)	UNKNOWN STEP	2026-09-06T11:02:02.2854106Z ^[[36;1mrustc +stable --version --verbose^[[0m
Quest 3 arm64 APK export (advisory until first green run)	UNKNOWN STEP	2026-09-06T11:02:02.2902627Z shell: /usr/bin/bash --noprofile --norc -e -o pipefail {0}
Quest 3 arm64 APK export (advisory until first green run)	UNKNOWN STEP	2026-09-06T11:02:02.2903171Z env:
Quest 3 arm64 APK export (advisory until first green run)	UNKNOWN STEP	2026-09-06T11:02:02.2903481Z   CARGO_TERM_COLOR: always
Quest 3 arm64 APK export (advisory until first green run)	UNKNOWN STEP	2026-09-06T11:02:02.2904088Z   RUST_BACKTRACE: 1
Quest 3 arm64 APK export (advisory until first green run)	UNKNOWN STEP	2026-09-06T11:02:02.2904651Z   GODOT_VERSION: 4.3-stable
Quest 3 arm64 APK export (advisory until first green run)	UNKNOWN STEP	2026-09-06T11:02:02.2905030Z   GUT_VERSION: 9.3.1
Quest 3 arm64 APK export (advisory until first green run)	UNKNOWN STEP	2026-09-06T11:02:02.2905385Z   CARGO_HOME: /home/runner/.cargo
Quest 3 arm64 APK export (advisory until first green run)	UNKNOWN STEP	2026-09-06T11:02:02.2905791Z   CARGO_INCREMENTAL: 0
Quest 3 arm64 APK export (advisory until first green run)	UNKNOWN STEP	2026-09-06T11:02:02.2906130Z ##[endgroup]
Quest 3 arm64 APK export (advisory until first green run)	UNKNOWN STEP	2026-09-06T11:02:02.3099537Z rustc 1.98.1 (48a229cea 2026-09-01)
Quest 3 arm64 APK export (advisory until first green run)	UNKNOWN STEP	2026-09-06T11:02:02.3105023Z binary: rustc
Quest 3 arm64 APK export (advisory until first green run)	UNKNOWN STEP	2026-09-06T11:02:02.3105685Z commit-hash: 48a229ceaefd4985c50990b14116b6d856af0985
Quest 3 arm64 APK export (advisory until first green run)	UNKNOWN STEP	2026-09-06T11:02:02.3109321Z commit-date: 2026-09-01
Quest 3 arm64 APK export (advisory until first green run)	UNKNOWN STEP	2026-09-06T11:02:02.3109903Z host: x86_64-unknown-linux-gnu
Quest 3 arm64 APK export (advisory until first green run)	UNKNOWN STEP	2026-09-06T11:02:02.3110499Z release: 1.98.1
Quest 3 arm64 APK export (advisory until first green run)	UNKNOWN STEP	2026-09-06T11:02:02.3110828Z LLVM version: 22.1.8
Quest 3 arm64 APK export (advisory until first green run)	UNKNOWN STEP	2026-09-06T11:02:02.3162289Z ##[end-action id=__dtolnay_rust-toolchain.__run_10;outcome=success;conclusion=success;duration_ms=33]
Quest 3 arm64 APK export (advisory until first green run)	UNKNOWN STEP	2026-09-06T11:02:02.3334663Z Node 20 is being deprecated. This workflow is running with Node 24 by default. If you need to temporarily use Node 20, you can set the ACTIONS_ALLOW_USE_UNSECURE_NODE_VERSION=true environment variable. For more information see: https://github.blog/changelog/2025-09-19-deprecation-of-node-20-on-github-actions-runners/
Quest 3 arm64 APK export (advisory until first green run)	UNKNOWN STEP	2026-09-06T11:02:02.3336738Z ##[group]Run actions/setup-java@v4
Quest 3 arm64 APK export (advisory until first green run)	UNKNOWN STEP	2026-09-06T11:02:02.3337001Z with:
Quest 3 arm64 APK export (advisory until first green run)	UNKNOWN STEP	2026-09-06T11:02:02.3337203Z   distribution: temurin
Quest 3 arm64 APK export (advisory until first green run)	UNKNOWN STEP	2026-09-06T11:02:02.3337425Z   java-version: 17
Quest 3 arm64 APK export (advisory until first green run)	UNKNOWN STEP	2026-09-06T11:02:02.3337630Z   java-package: jdk
Quest 3 arm64 APK export (advisory until first green run)	UNKNOWN STEP	2026-09-06T11:02:02.3337849Z   check-latest: false
Quest 3 arm64 APK export (advisory until first green run)	UNKNOWN STEP	2026-09-06T11:02:02.3338074Z   server-id: github
Quest 3 arm64 APK export (advisory until first green run)	UNKNOWN STEP	2026-09-06T11:02:02.3338303Z   server-username: GITHUB_ACTOR
Quest 3 arm64 APK export (advisory until first green run)	UNKNOWN STEP	2026-09-06T11:02:02.3338554Z   server-password: GITHUB_TOKEN
Quest 3 arm64 APK export (advisory until first green run)	UNKNOWN STEP	2026-09-06T11:02:02.3338805Z   overwrite-settings: true
Quest 3 arm64 APK export (advisory until first green run)	UNKNOWN STEP	2026-09-06T11:02:02.3339037Z   job-status: success
Quest 3 arm64 APK export (advisory until first green run)	UNKNOWN STEP	2026-09-06T11:02:02.3341728Z   token: ***
Quest 3 arm64 APK export (advisory until first green run)	UNKNOWN STEP	2026-09-06T11:02:02.3341923Z env:
Quest 3 arm64 APK export (advisory until first green run)	UNKNOWN STEP	2026-09-06T11:02:02.3342146Z   CARGO_TERM_COLOR: always
Quest 3 arm64 APK export (advisory until first green run)	UNKNOWN STEP	2026-09-06T11:02:02.3342385Z   RUST_BACKTRACE: 1
Quest 3 arm64 APK export (advisory until first green run)	UNKNOWN STEP	2026-09-06T11:02:02.3342594Z   GODOT_VERSION: 4.3-stable
Quest 3 arm64 APK export (advisory until first green run)	UNKNOWN STEP	2026-09-06T11:02:02.3342818Z   GUT_VERSION: 9.3.1
Quest 3 arm64 APK export (advisory until first green run)	UNKNOWN STEP	2026-09-06T11:02:02.3343035Z   CARGO_HOME: /home/runner/.cargo
Quest 3 arm64 APK export (advisory until first green run)	UNKNOWN STEP	2026-09-06T11:02:02.3343279Z   CARGO_INCREMENTAL: 0
Quest 3 arm64 APK export (advisory until first green run)	UNKNOWN STEP	2026-09-06T11:02:02.3343488Z ##[endgroup]
Quest 3 arm64 APK export (advisory until first green run)	UNKNOWN STEP	2026-09-06T11:02:02.5137967Z ##[warning]setup-java v4 is deprecated and will no longer receive updates. Please migrate to actions/setup-java@v5.
Quest 3 arm64 APK export (advisory until first green run)	UNKNOWN STEP	2026-09-06T11:02:02.5150715Z ##[group]Installed distributions
Quest 3 arm64 APK export (advisory until first green run)	UNKNOWN STEP	2026-09-06T11:02:02.5195072Z Resolved Java 17.0.20+1 from tool-cache
Quest 3 arm64 APK export (advisory until first green run)	UNKNOWN STEP	2026-09-06T11:02:02.5195623Z Setting Java 17.0.20+1 as the default
Quest 3 arm64 APK export (advisory until first green run)	UNKNOWN STEP	2026-09-06T11:02:02.5206939Z (node:2373) [DEP0040] DeprecationWarning: The `punycode` module is deprecated. Please use a userland alternative instead.
Quest 3 arm64 APK export (advisory until first green run)	UNKNOWN STEP	2026-09-06T11:02:02.5207930Z (Use `node --trace-deprecation ...` to show where the warning was created)
Quest 3 arm64 APK export (advisory until first green run)	UNKNOWN STEP	2026-09-06T11:02:02.5210918Z Creating toolchains.xml for JDK version 17 from temurin
Quest 3 arm64 APK export (advisory until first green run)	UNKNOWN STEP	2026-09-06T11:02:02.5295341Z Writing to /home/runner/.m2/toolchains.xml
Quest 3 arm64 APK export (advisory until first green run)	UNKNOWN STEP	2026-09-06T11:02:02.5295872Z 
Quest 3 arm64 APK export (advisory until first green run)	UNKNOWN STEP	2026-09-06T11:02:02.5296061Z Java configuration:
Quest 3 arm64 APK export (advisory until first green run)	UNKNOWN STEP	2026-09-06T11:02:02.5296460Z   Distribution: temurin
Quest 3 arm64 APK export (advisory until first green run)	UNKNOWN STEP	2026-09-06T11:02:02.5296852Z   Version: 17.0.20+1
Quest 3 arm64 APK export (advisory until first green run)	UNKNOWN STEP	2026-09-06T11:02:02.5297390Z   Path: /opt/hostedtoolcache/Java_Temurin-Hotspot_jdk/17.0.20-1/x64
Quest 3 arm64 APK export (advisory until first green run)	UNKNOWN STEP	2026-09-06T11:02:02.5297889Z 
Quest 3 arm64 APK export (advisory until first green run)	UNKNOWN STEP	2026-09-06T11:02:02.5298467Z ##[endgroup]
Quest 3 arm64 APK export (advisory until first green run)	UNKNOWN STEP	2026-09-06T11:02:02.5317241Z Creating settings.xml with server-id: github
Quest 3 arm64 APK export (advisory until first green run)	UNKNOWN STEP	2026-09-06T11:02:02.5366282Z Writing to /home/runner/.m2/settings.xml
Quest 3 arm64 APK export (advisory until first green run)	UNKNOWN STEP	2026-09-06T11:02:02.5532166Z ##[group]Run nttld/setup-ndk@v1
Quest 3 arm64 APK export (advisory until first green run)	UNKNOWN STEP	2026-09-06T11:02:02.5532458Z with:
Quest 3 arm64 APK export (advisory until first green run)	UNKNOWN STEP	2026-09-06T11:02:02.5532658Z   ndk-version: r26d
Quest 3 arm64 APK export (advisory until first green run)	UNKNOWN STEP	2026-09-06T11:02:02.5533080Z   add-to-path: true
Quest 3 arm64 APK export (advisory until first green run)	UNKNOWN STEP	2026-09-06T11:02:02.5533288Z   link-to-sdk: false
Quest 3 arm64 APK export (advisory until first green run)	UNKNOWN STEP	2026-09-06T11:02:02.5533500Z   local-cache: false
Quest 3 arm64 APK export (advisory until first green run)	UNKNOWN STEP	2026-09-06T11:02:02.5533707Z env:
Quest 3 arm64 APK export (advisory until first green run)	UNKNOWN STEP	2026-09-06T11:02:02.5533893Z   CARGO_TERM_COLOR: always
Quest 3 arm64 APK export (advisory until first green run)	UNKNOWN STEP	2026-09-06T11:02:02.5534114Z   RUST_BACKTRACE: 1
Quest 3 arm64 APK export (advisory until first green run)	UNKNOWN STEP	2026-09-06T11:02:02.5534734Z   GODOT_VERSION: 4.3-stable
Quest 3 arm64 APK export (advisory until first green run)	UNKNOWN STEP	2026-09-06T11:02:02.5534974Z   GUT_VERSION: 9.3.1
Quest 3 arm64 APK export (advisory until first green run)	UNKNOWN STEP	2026-09-06T11:02:02.5535198Z   CARGO_HOME: /home/runner/.cargo
Quest 3 arm64 APK export (advisory until first green run)	UNKNOWN STEP	2026-09-06T11:02:02.5535451Z   CARGO_INCREMENTAL: 0
Quest 3 arm64 APK export (advisory until first green run)	UNKNOWN STEP	2026-09-06T11:02:02.5535779Z   JAVA_HOME: /opt/hostedtoolcache/Java_Temurin-Hotspot_jdk/17.0.20-1/x64
Quest 3 arm64 APK export (advisory until first green run)	UNKNOWN STEP	2026-09-06T11:02:02.5536268Z   JAVA_HOME_17_X64: /opt/hostedtoolcache/Java_Temurin-Hotspot_jdk/17.0.20-1/x64
Quest 3 arm64 APK export (advisory until first green run)	UNKNOWN STEP	2026-09-06T11:02:02.5536637Z ##[endgroup]
Quest 3 arm64 APK export (advisory until first green run)	UNKNOWN STEP	2026-09-06T11:02:02.6713605Z Attempting to download r26d...
Quest 3 arm64 APK export (advisory until first green run)	UNKNOWN STEP	2026-09-06T11:02:06.8080099Z Extracting...
Quest 3 arm64 APK export (advisory until first green run)	UNKNOWN STEP	2026-09-06T11:02:06.8132717Z [command]/usr/bin/unzip -o -q /home/runner/work/_temp/fac4899f-1116-431f-a144-c3899df1f015
Quest 3 arm64 APK export (advisory until first green run)	UNKNOWN STEP	2026-09-06T11:02:21.4580663Z Adding to the tool cache...
Quest 3 arm64 APK export (advisory until first green run)	UNKNOWN STEP	2026-09-06T11:02:28.5296796Z Done
Quest 3 arm64 APK export (advisory until first green run)	UNKNOWN STEP	2026-09-06T11:02:28.5298595Z Added to path
Quest 3 arm64 APK export (advisory until first green run)	UNKNOWN STEP	2026-09-06T11:02:28.5301515Z Detecting full version...
Quest 3 arm64 APK export (advisory until first green run)	UNKNOWN STEP	2026-09-06T11:02:28.5495276Z ##[group]Run cargo install cargo-ndk --locked
Quest 3 arm64 APK export (advisory until first green run)	UNKNOWN STEP	2026-09-06T11:02:28.5495687Z ^[[36;1mcargo install cargo-ndk --locked^[[0m
Quest 3 arm64 APK export (advisory until first green run)	UNKNOWN STEP	2026-09-06T11:02:28.5532991Z shell: /usr/bin/bash -e {0}
Quest 3 arm64 APK export (advisory until first green run)	UNKNOWN STEP	2026-09-06T11:02:28.5533242Z env:
Quest 3 arm64 APK export (advisory until first green run)	UNKNOWN STEP	2026-09-06T11:02:28.5533438Z   CARGO_TERM_COLOR: always
Quest 3 arm64 APK export (advisory until first green run)	UNKNOWN STEP	2026-09-06T11:02:28.5533670Z   RUST_BACKTRACE: 1
Quest 3 arm64 APK export (advisory until first green run)	UNKNOWN STEP	2026-09-06T11:02:28.5533875Z   GODOT_VERSION: 4.3-stable
Quest 3 arm64 APK export (advisory until first green run)	UNKNOWN STEP	2026-09-06T11:02:28.5534093Z   GUT_VERSION: 9.3.1
Quest 3 arm64 APK export (advisory until first green run)	UNKNOWN STEP	2026-09-06T11:02:28.5534631Z   CARGO_HOME: /home/runner/.cargo
Quest 3 arm64 APK export (advisory until first green run)	UNKNOWN STEP	2026-09-06T11:02:28.5534910Z   CARGO_INCREMENTAL: 0
Quest 3 arm64 APK export (advisory until first green run)	UNKNOWN STEP	2026-09-06T11:02:28.5535242Z   JAVA_HOME: /opt/hostedtoolcache/Java_Temurin-Hotspot_jdk/17.0.20-1/x64
Quest 3 arm64 APK export (advisory until first green run)	UNKNOWN STEP	2026-09-06T11:02:28.5535742Z   JAVA_HOME_17_X64: /opt/hostedtoolcache/Java_Temurin-Hotspot_jdk/17.0.20-1/x64
Quest 3 arm64 APK export (advisory until first green run)	UNKNOWN STEP	2026-09-06T11:02:28.5536117Z ##[endgroup]
Quest 3 arm64 APK export (advisory until first green run)	UNKNOWN STEP	2026-09-06T11:02:28.5843201Z ^[[1m^[[92m    Updating^[[0m crates.io index
Quest 3 arm64 APK export (advisory until first green run)	UNKNOWN STEP	2026-09-06T11:02:28.6275771Z ^[[1m^[[92m Downloading^[[0m crates ...
Quest 3 arm64 APK export (advisory until first green run)	UNKNOWN STEP	2026-09-06T11:02:28.6515821Z ^[[1m^[[92m  Downloaded^[[0m cargo-ndk v4.1.2
Quest 3 arm64 APK export (advisory until first green run)	UNKNOWN STEP	2026-09-06T11:02:28.6728385Z ^[[1m^[[92m  Installing^[[0m cargo-ndk v4.1.2
Quest 3 arm64 APK export (advisory until first green run)	UNKNOWN STEP	2026-09-06T11:02:28.6750361Z ^[[1m^[[92m    Updating^[[0m crates.io index
Quest 3 arm64 APK export (advisory until first green run)	UNKNOWN STEP	2026-09-06T11:02:28.8752685Z ^[[1m^[[92m    Updating^[[0m crates.io index
Quest 3 arm64 APK export (advisory until first green run)	UNKNOWN STEP	2026-09-06T11:02:28.9249058Z ^[[1m^[[92m Downloading^[[0m crates ...
Quest 3 arm64 APK export (advisory until first green run)	UNKNOWN STEP	2026-09-06T11:02:28.9348015Z ^[[1m^[[92m  Downloaded^[[0m anstyle v1.0.11
Quest 3 arm64 APK export (advisory until first green run)	UNKNOWN STEP	2026-09-06T11:02:28.9365570Z ^[[1m^[[92m  Downloaded^[[0m anstyle-query v1.1.4
Quest 3 arm64 APK export (advisory until first green run)	UNKNOWN STEP	2026-09-06T11:02:28.9378093Z ^[[1m^[[92m  Downloaded^[[0m anstream v0.6.20
Quest 3 arm64 APK export (advisory until first green run)	UNKNOWN STEP	2026-09-06T11:02:28.9401981Z ^[[1m^[[92m  Downloaded^[[0m cargo-platform v0.2.0
Quest 3 arm64 APK export (advisory until first green run)	UNKNOWN STEP	2026-09-06T11:02:28.9415927Z ^[[1m^[[92m  Downloaded^[[0m autocfg v1.5.0
Quest 3 arm64 APK export (advisory until first green run)	UNKNOWN STEP	2026-09-06T11:02:28.9441202Z ^[[1m^[[92m  Downloaded^[[0m clap_lex v0.7.5
Quest 3 arm64 APK export (advisory until first green run)	UNKNOWN STEP	2026-09-06T11:02:28.9454547Z ^[[1m^[[92m  Downloaded^[[0m colorchoice v1.0.4
Quest 3 arm64 APK export (advisory until first green run)	UNKNOWN STEP	2026-09-06T11:02:28.9468562Z ^[[1m^[[92m  Downloaded^[[0m anstyle-parse v0.2.7
Quest 3 arm64 APK export (advisory until first green run)	UNKNOWN STEP	2026-09-06T11:02:28.9491838Z ^[[1m^[[92m  Downloaded^[[0m anyhow v1.0.98
Quest 3 arm64 APK export (advisory until first green run)	UNKNOWN STEP	2026-09-06T11:02:28.9555784Z ^[[1m^[[92m  Downloaded^[[0m camino v1.1.10
Quest 3 arm64 APK export (advisory until first green run)	UNKNOWN STEP	2026-09-06T11:02:28.9585509Z ^[[1m^[[92m  Downloaded^[[0m cargo-util-schemas v0.8.2
Quest 3 arm64 APK export (advisory until first green run)	UNKNOWN STEP	2026-09-06T11:02:28.9612479Z ^[[1m^[[92m  Downloaded^[[0m cargo_metadata v0.21.0
Quest 3 arm64 APK export (advisory until first green run)	UNKNOWN STEP	2026-09-06T11:02:28.9646775Z ^[[1m^[[92m  Downloaded^[[0m iref v1.4.3
Quest 3 arm64 APK export (advisory until first green run)	UNKNOWN STEP	2026-09-06T11:02:28.9673991Z ^[[1m^[[92m  Downloaded^[[0m heck v0.5.0
Quest 3 arm64 APK export (advisory until first green run)	UNKNOWN STEP	2026-09-06T11:02:28.9686629Z ^[[1m^[[92m  Downloaded^[[0m equivalent v1.0.2
Quest 3 arm64 APK export (advisory until first green run)	UNKNOWN STEP	2026-09-06T11:02:28.9696332Z ^[[1m^[[92m  Downloaded^[[0m erased-serde v0.4.6
Quest 3 arm64 APK export (advisory until first green run)	UNKNOWN STEP	2026-09-06T11:02:28.9719506Z ^[[1m^[[92m  Downloaded^[[0m hashbrown v0.15.4
Quest 3 arm64 APK export (advisory until first green run)	UNKNOWN STEP	2026-09-06T11:02:28.9776557Z ^[[1m^[[92m  Downloaded^[[0m icu_normalizer v2.0.0
Quest 3 arm64 APK export (advisory until first green run)	UNKNOWN STEP	2026-09-06T11:02:28.9814755Z ^[[1m^[[92m  Downloaded^[[0m icu_normalizer_data v2.0.0
Quest 3 arm64 APK export (advisory until first green run)	UNKNOWN STEP	2026-09-06T11:02:28.9835234Z ^[[1m^[[92m  Downloaded^[[0m form_urlencoded v1.2.1
Quest 3 arm64 APK export (advisory until first green run)	UNKNOWN STEP	2026-09-06T11:02:28.9842831Z ^[[1m^[[92m  Downloaded^[[0m clap_derive v4.5.41
Quest 3 arm64 APK export (advisory until first green run)	UNKNOWN STEP	2026-09-06T11:02:28.9864723Z ^[[1m^[[92m  Downloaded^[[0m filetime v0.2.25
Quest 3 arm64 APK export (advisory until first green run)	UNKNOWN STEP	2026-09-06T11:02:28.9880938Z ^[[1m^[[92m  Downloaded^[[0m icu_properties v2.0.1
Quest 3 arm64 APK export (advisory until first green run)	UNKNOWN STEP	2026-09-06T11:02:28.9902104Z ^[[1m^[[92m  Downloaded^[[0m icu_provider v2.0.0
Quest 3 arm64 APK export (advisory until first green run)	UNKNOWN STEP	2026-09-06T11:02:28.9928117Z ^[[1m^[[92m  Downloaded^[[0m idna_adapter v1.2.1
Quest 3 arm64 APK export (advisory until first green run)	UNKNOWN STEP	2026-09-06T11:02:28.9937125Z ^[[1m^[[92m  Downloaded^[[0m clap_builder v4.5.42
Quest 3 arm64 APK export (advisory until first green run)	UNKNOWN STEP	2026-09-06T11:02:29.0010265Z ^[[1m^[[92m  Downloaded^[[0m icu_collections v2.0.0
Quest 3 arm64 APK export (advisory until first green run)	UNKNOWN STEP	2026-09-06T11:02:29.0074046Z ^[[1m^[[92m  Downloaded^[[0m indexmap v2.10.0
Quest 3 arm64 APK export (advisory until first green run)	UNKNOWN STEP	2026-09-06T11:02:29.0115769Z ^[[1m^[[92m  Downloaded^[[0m is-terminal v0.4.16
Quest 3 arm64 APK export (advisory until first green run)	UNKNOWN STEP	2026-09-06T11:02:29.0124209Z ^[[1m^[[92m  Downloaded^[[0m icu_locale_core v2.0.0
Quest 3 arm64 APK export (advisory until first green run)	UNKNOWN STEP	2026-09-06T11:02:29.0196387Z ^[[1m^[[92m  Downloaded^[[0m pathos v0.3.0
Quest 3 arm64 APK export (advisory until first green run)	UNKNOWN STEP	2026-09-06T11:02:29.0222271Z ^[[1m^[[92m  Downloaded^[[0m semver v1.0.26
Quest 3 arm64 APK export (advisory until first green run)	UNKNOWN STEP	2026-09-06T11:02:29.0246429Z ^[[1m^[[92m  Downloaded^[[0m tinystr v0.8.1
Quest 3 arm64 APK export (advisory until first green run)	UNKNOWN STEP	2026-09-06T11:02:29.0266012Z ^[[1m^[[92m  Downloaded^[[0m toml_datetime v0.6.11
Quest 3 arm64 APK export (advisory until first green run)	UNKNOWN STEP	2026-09-06T11:02:29.0277117Z ^[[1m^[[92m  Downloaded^[[0m toml_write v0.1.2
Quest 3 arm64 APK export (advisory until first green run)	UNKNOWN STEP	2026-09-06T11:02:29.0294835Z ^[[1m^[[92m  Downloaded^[[0m icu_properties_data v2.0.1
Quest 3 arm64 APK export (advisory until first green run)	UNKNOWN STEP	2026-09-06T11:02:29.0396521Z ^[[1m^[[92m  Downloaded^[[0m idna v1.0.3
Quest 3 arm64 APK export (advisory until first green run)	UNKNOWN STEP	2026-09-06T11:02:29.0430368Z ^[[1m^[[92m  Downloaded^[[0m is_terminal_polyfill v1.70.1
Quest 3 arm64 APK export (advisory until first green run)	UNKNOWN STEP	2026-09-06T11:02:29.0438938Z ^[[1m^[[92m  Downloaded^[[0m toml v0.9.5
Quest 3 arm64 APK export (advisory until first green run)	UNKNOWN STEP	2026-09-06T11:02:29.0481168Z ^[[1m^[[92m  Downloaded^[[0m toml_edit v0.22.27
Quest 3 arm64 APK export (advisory until first green run)	UNKNOWN STEP	2026-09-06T11:02:29.0525699Z ^[[1m^[[92m  Downloaded^[[0m dunce v1.0.5
Quest 3 arm64 APK export (advisory until first green run)	UNKNOWN STEP	2026-09-06T11:02:29.0534265Z ^[[1m^[[92m  Downloaded^[[0m serde_spanned v0.6.9
Quest 3 arm64 APK export (advisory until first green run)	UNKNOWN STEP	2026-09-06T11:02:29.0545072Z ^[[1m^[[92m  Downloaded^[[0m synstructure v0.13.2
Quest 3 arm64 APK export (advisory until first green run)	UNKNOWN STEP	2026-09-06T11:02:29.0554816Z ^[[1m^[[92m  Downloaded^[[0m thiserror v1.0.69
Quest 3 arm64 APK export (advisory until first green run)	UNKNOWN STEP	2026-09-06T11:02:29.0613582Z ^[[1m^[[92m  Downloaded^[[0m utf8parse v0.2.2
Quest 3 arm64 APK export (advisory until first green run)	UNKNOWN STEP	2026-09-06T11:02:29.0623767Z ^[[1m^[[92m  Downloaded^[[0m zerofrom-derive v0.1.6
Quest 3 arm64 APK export (advisory until first green run)	UNKNOWN STEP	2026-09-06T11:02:29.0633232Z ^[[1m^[[92m  Downloaded^[[0m unicode-xid v0.2.6
Quest 3 arm64 APK export (advisory until first green run)	UNKNOWN STEP	2026-09-06T11:02:29.0647117Z ^[[1m^[[92m  Downloaded^[[0m url v2.5.4
Quest 3 arm64 APK export (advisory until first green run)	UNKNOWN STEP	2026-09-06T11:02:29.0672240Z ^[[1m^[[92m  Downloaded^[[0m version_check v0.9.5
Quest 3 arm64 APK export (advisory until first green run)	UNKNOWN STEP	2026-09-06T11:02:29.0684820Z ^[[1m^[[92m  Downloaded^[[0m zerofrom v0.1.6
Quest 3 arm64 APK export (advisory until first green run)	UNKNOWN STEP	2026-09-06T11:02:29.0693773Z ^[[1m^[[92m  Downloaded^[[0m cfg-if v1.0.1
Quest 3 arm64 APK export (advisory until first green run)	UNKNOWN STEP	2026-09-06T11:02:29.0707800Z ^[[1m^[[92m  Downloaded^[[0m displaydoc v0.2.5
Quest 3 arm64 APK export (advisory until first green run)	UNKNOWN STEP	2026-09-06T11:02:29.0738769Z ^[[1m^[[92m  Downloaded^[[0m num-traits v0.2.19
Quest 3 arm64 APK export (advisory until first green run)	UNKNOWN STEP	2026-09-06T11:02:29.0765003Z ^[[1m^[[92m  Downloaded^[[0m ordered-float v2.10.1
Quest 3 arm64 APK export (advisory until first green run)	UNKNOWN STEP	2026-09-06T11:02:29.0778461Z ^[[1m^[[92m  Downloaded^[[0m os_str_bytes v2.4.0
Quest 3 arm64 APK export (advisory until first green run)	UNKNOWN STEP	2026-09-06T11:02:29.0795670Z ^[[1m^[[92m  Downloaded^[[0m quote v1.0.40
Quest 3 arm64 APK export (advisory until first green run)	UNKNOWN STEP	2026-09-06T11:02:29.0822906Z ^[[1m^[[92m  Downloaded^[[0m serde-untagged v0.1.7
Quest 3 arm64 APK export (advisory until first green run)	UNKNOWN STEP	2026-09-06T11:02:29.0839381Z ^[[1m^[[92m  Downloaded^[[0m serde-value v0.7.0
Quest 3 arm64 APK export (advisory until first green run)	UNKNOWN STEP	2026-09-06T11:02:29.0849238Z ^[[1m^[[92m  Downloaded^[[0m strsim v0.11.1
Quest 3 arm64 APK export (advisory until first green run)	UNKNOWN STEP	2026-09-06T11:02:29.0862823Z ^[[1m^[[92m  Downloaded^[[0m writeable v0.6.1
Quest 3 arm64 APK export (advisory until first green run)	UNKNOWN STEP	2026-09-06T11:02:29.0881338Z ^[[1m^[[92m  Downloaded^[[0m stable_deref_trait v1.2.0
Quest 3 arm64 APK export (advisory until first green run)	UNKNOWN STEP	2026-09-06T11:02:29.0889573Z ^[[1m^[[92m  Downloaded^[[0m toml_parser v1.0.2
Quest 3 arm64 APK export (advisory until first green run)	UNKNOWN STEP	2026-09-06T11:02:29.0912656Z ^[[1m^[[92m  Downloaded^[[0m utf8_iter v1.0.4
Quest 3 arm64 APK export (advisory until first green run)	UNKNOWN STEP	2026-09-06T11:02:29.0923193Z ^[[1m^[[92m  Downloaded^[[0m yoke v0.8.0
Quest 3 arm64 APK export (advisory until first green run)	UNKNOWN STEP	2026-09-06T11:02:29.0939926Z ^[[1m^[[92m  Downloaded^[[0m log v0.4.27
Quest 3 arm64 APK export (advisory until first green run)	UNKNOWN STEP	2026-09-06T11:02:29.0962962Z ^[[1m^[[92m  Downloaded^[[0m unicode-ident v1.0.18
Quest 3 arm64 APK export (advisory until first green run)	UNKNOWN STEP	2026-09-06T11:02:29.0990754Z ^[[1m^[[92m  Downloaded^[[0m eieio v1.0.0
Quest 3 arm64 APK export (advisory until first green run)	UNKNOWN STEP	2026-09-06T11:02:29.0997716Z ^[[1m^[[92m  Downloaded^[[0m itoa v1.0.15
Quest 3 arm64 APK export (advisory until first green run)	UNKNOWN STEP	2026-09-06T11:02:29.1012101Z ^[[1m^[[92m  Downloaded^[[0m percent-encoding v2.3.1
Quest 3 arm64 APK export (advisory until first green run)	UNKNOWN STEP	2026-09-06T11:02:29.1019722Z ^[[1m^[[92m  Downloaded^[[0m serde_spanned v1.0.0
Quest 3 arm64 APK export (advisory until first green run)	UNKNOWN STEP	2026-09-06T11:02:29.1031127Z ^[[1m^[[92m  Downloaded^[[0m termcolor v1.4.1
Quest 3 arm64 APK export (advisory until first green run)	UNKNOWN STEP	2026-09-06T11:02:29.1043327Z ^[[1m^[[92m  Downloaded^[[0m thiserror v2.0.12
Quest 3 arm64 APK export (advisory until first green run)	UNKNOWN STEP	2026-09-06T11:02:29.1110942Z ^[[1m^[[92m  Downloaded^[[0m thiserror-impl v1.0.69
Quest 3 arm64 APK export (advisory until first green run)	UNKNOWN STEP	2026-09-06T11:02:29.1123787Z ^[[1m^[[92m  Downloaded^[[0m toml v0.8.23
Quest 3 arm64 APK export (advisory until first green run)	UNKNOWN STEP	2026-09-06T11:02:29.1148021Z ^[[1m^[[92m  Downloaded^[[0m typeid v1.0.3
Quest 3 arm64 APK export (advisory until first green run)	UNKNOWN STEP	2026-09-06T11:02:29.1160288Z ^[[1m^[[92m  Downloaded^[[0m zerovec-derive v0.11.1
Quest 3 arm64 APK export (advisory until first green run)	UNKNOWN STEP	2026-09-06T11:02:29.1174423Z ^[[1m^[[92m  Downloaded^[[0m potential_utf v0.1.2
Quest 3 arm64 APK export (advisory until first green run)	UNKNOWN STEP	2026-09-06T11:02:29.1184346Z ^[[1m^[[92m  Downloaded^[[0m yoke-derive v0.8.0
Quest 3 arm64 APK export (advisory until first green run)	UNKNOWN STEP	2026-09-06T11:02:29.1195128Z ^[[1m^[[92m  Downloaded^[[0m toml_datetime v0.7.0
Quest 3 arm64 APK export (advisory until first green run)	UNKNOWN STEP	2026-09-06T11:02:29.1208116Z ^[[1m^[[92m  Downloaded^[[0m toml_writer v1.0.2
Quest 3 arm64 APK export (advisory until first green run)	UNKNOWN STEP	2026-09-06T11:02:29.1221334Z ^[[1m^[[92m  Downloaded^[[0m utf8-decode v1.0.1
Quest 3 arm64 APK export (advisory until first green run)	UNKNOWN STEP	2026-09-06T11:02:29.1232409Z ^[[1m^[[92m  Downloaded^[[0m pct-str v1.2.0
Quest 3 arm64 APK export (advisory until first green run)	UNKNOWN STEP	2026-09-06T11:02:29.1246467Z ^[[1m^[[92m  Downloaded^[[0m smallvec v1.15.1
Quest 3 arm64 APK export (advisory until first green run)	UNKNOWN STEP	2026-09-06T11:02:29.1267814Z ^[[1m^[[92m  Downloaded^[[0m thiserror-impl v2.0.12
Quest 3 arm64 APK export (advisory until first green run)	UNKNOWN STEP	2026-09-06T11:02:29.1281929Z ^[[1m^[[92m  Downloaded^[[0m clap v4.5.42
Quest 3 arm64 APK export (advisory until first green run)	UNKNOWN STEP	2026-09-06T11:02:29.1376867Z ^[[1m^[[92m  Downloaded^[[0m once_cell v1.21.3
Quest 3 arm64 APK export (advisory until first green run)	UNKNOWN STEP	2026-09-06T11:02:29.1402252Z ^[[1m^[[92m  Downloaded^[[0m litemap v0.8.0
Quest 3 arm64 APK export (advisory until first green run)	UNKNOWN STEP	2026-09-06T11:02:29.1424247Z ^[[1m^[[92m  Downloaded^[[0m ryu v1.0.20
Quest 3 arm64 APK export (advisory until first green run)	UNKNOWN STEP	2026-09-06T11:02:29.1457094Z ^[[1m^[[92m  Downloaded^[[0m proc-macro2 v1.0.95
Quest 3 arm64 APK export (advisory until first green run)	UNKNOWN STEP	2026-09-06T11:02:29.1483654Z ^[[1m^[[92m  Downloaded^[[0m serde_derive v1.0.219
Quest 3 arm64 APK export (advisory until first green run)	UNKNOWN STEP	2026-09-06T11:02:29.1508884Z ^[[1m^[[92m  Downloaded^[[0m zerotrie v0.2.2
Quest 3 arm64 APK export (advisory until first green run)	UNKNOWN STEP	2026-09-06T11:02:29.1546133Z ^[[1m^[[92m  Downloaded^[[0m serde v1.0.219
Quest 3 arm64 APK export (advisory until first green run)	UNKNOWN STEP	2026-09-06T11:02:29.1576320Z ^[[1m^[[92m  Downloaded^[[0m serde_json v1.0.142
Quest 3 arm64 APK export (advisory until first green run)	UNKNOWN STEP	2026-09-06T11:02:29.1651182Z ^[[1m^[[92m  Downloaded^[[0m zerovec v0.11.4
Quest 3 arm64 APK export (advisory until first green run)	UNKNOWN STEP	2026-09-06T11:02:29.1707446Z ^[[1m^[[92m  Downloaded^[[0m memchr v2.7.5
Quest 3 arm64 APK export (advisory until first green run)	UNKNOWN STEP	2026-09-06T11:02:29.1764014Z ^[[1m^[[92m  Downloaded^[[0m winnow v0.7.12
Quest 3 arm64 APK export (advisory until first green run)	UNKNOWN STEP	2026-09-06T11:02:29.1858919Z ^[[1m^[[92m  Downloaded^[[0m syn v2.0.104
Quest 3 arm64 APK export (advisory until first green run)	UNKNOWN STEP	2026-09-06T11:02:29.1966832Z ^[[1m^[[92m  Downloaded^[[0m libc v0.2.174
Quest 3 arm64 APK export (advisory until first green run)	UNKNOWN STEP	2026-09-06T11:02:29.2677919Z ^[[1m^[[92m   Compiling^[[0m proc-macro2 v1.0.95
Quest 3 arm64 APK export (advisory until first green run)	UNKNOWN STEP	2026-09-06T11:02:29.2679075Z ^[[1m^[[92m   Compiling^[[0m unicode-ident v1.0.18
Quest 3 arm64 APK export (advisory until first green run)	UNKNOWN STEP	2026-09-06T11:02:29.2680457Z ^[[1m^[[92m   Compiling^[[0m serde v1.0.219
Quest 3 arm64 APK export (advisory until first green run)	UNKNOWN STEP	2026-09-06T11:02:29.2681666Z ^[[1m^[[92m   Compiling^[[0m stable_deref_trait v1.2.0
Quest 3 arm64 APK export (advisory until first green run)	UNKNOWN STEP	2026-09-06T11:02:29.3021822Z ^[[1m^[[92m   Compiling^[[0m writeable v0.6.1
Quest 3 arm64 APK export (advisory until first green run)	UNKNOWN STEP	2026-09-06T11:02:29.3336482Z ^[[1m^[[92m   Compiling^[[0m litemap v0.8.0
Quest 3 arm64 APK export (advisory until first green run)	UNKNOWN STEP	2026-09-06T11:02:29.4465575Z ^[[1m^[[92m   Compiling^[[0m smallvec v1.15.1
Quest 3 arm64 APK export (advisory until first green run)	UNKNOWN STEP	2026-09-06T11:02:29.5305094Z ^[[1m^[[92m   Compiling^[[0m icu_properties_data v2.0.1
Quest 3 arm64 APK export (advisory until first green run)	UNKNOWN STEP	2026-09-06T11:02:29.6405022Z ^[[1m^[[92m   Compiling^[[0m icu_normalizer_data v2.0.0
Quest 3 arm64 APK export (advisory until first green run)	UNKNOWN STEP	2026-09-06T11:02:29.6596424Z ^[[1m^[[92m   Compiling^[[0m autocfg v1.5.0
Quest 3 arm64 APK export (advisory until first green run)	UNKNOWN STEP	2026-09-06T11:02:29.7565940Z ^[[1m^[[92m   Compiling^[[0m typeid v1.0.3
Quest 3 arm64 APK export (advisory until first green run)	UNKNOWN STEP	2026-09-06T11:02:29.7955980Z ^[[1m^[[92m   Compiling^[[0m winnow v0.7.12
Quest 3 arm64 APK export (advisory until first green run)	UNKNOWN STEP	2026-09-06T11:02:29.8815844Z ^[[1m^[[92m   Compiling^[[0m quote v1.0.40
Quest 3 arm64 APK export (advisory until first green run)	UNKNOWN STEP	2026-09-06T11:02:29.9785933Z ^[[1m^[[92m   Compiling^[[0m num-traits v0.2.19
Quest 3 arm64 APK export (advisory until first green run)	UNKNOWN STEP	2026-09-06T11:02:30.0535991Z ^[[1m^[[92m   Compiling^[[0m syn v2.0.104
Quest 3 arm64 APK export (advisory until first green run)	UNKNOWN STEP	2026-09-06T11:02:30.1092466Z ^[[1m^[[92m   Compiling^[[0m equivalent v1.0.2
Quest 3 arm64 APK export (advisory until first green run)	UNKNOWN STEP	2026-09-06T11:02:30.1376342Z ^[[1m^[[92m   Compiling^[[0m hashbrown v0.15.4
Quest 3 arm64 APK export (advisory until first green run)	UNKNOWN STEP	2026-09-06T11:02:30.1445796Z ^[[1m^[[92m   Compiling^[[0m libc v0.2.174
Quest 3 arm64 APK export (advisory until first green run)	UNKNOWN STEP	2026-09-06T11:02:30.3656091Z ^[[1m^[[92m   Compiling^[[0m percent-encoding v2.3.1
Quest 3 arm64 APK export (advisory until first green run)	UNKNOWN STEP	2026-09-06T11:02:30.8296213Z ^[[1m^[[92m   Compiling^[[0m indexmap v2.10.0
Quest 3 arm64 APK export (advisory until first green run)	UNKNOWN STEP	2026-09-06T11:02:31.5865619Z ^[[1m^[[92m   Compiling^[[0m thiserror v2.0.12
Quest 3 arm64 APK export (advisory until first green run)	UNKNOWN STEP	2026-09-06T11:02:31.6475884Z ^[[1m^[[92m   Compiling^[[0m utf8parse v0.2.2
Quest 3 arm64 APK export (advisory until first green run)	UNKNOWN STEP	2026-09-06T11:02:31.6935954Z ^[[1m^[[92m   Compiling^[[0m semver v1.0.26
Quest 3 arm64 APK export (advisory until first green run)	UNKNOWN STEP	2026-09-06T11:02:31.7386199Z ^[[1m^[[92m   Compiling^[[0m utf8_iter v1.0.4
Quest 3 arm64 APK export (advisory until first green run)	UNKNOWN STEP	2026-09-06T11:02:31.8215958Z ^[[1m^[[92m   Compiling^[[0m toml_write v0.1.2
Quest 3 arm64 APK export (advisory until first green run)	UNKNOWN STEP	2026-09-06T11:02:31.8962452Z ^[[1m^[[92m   Compiling^[[0m anstyle-parse v0.2.7
Quest 3 arm64 APK export (advisory until first green run)	UNKNOWN STEP	2026-09-06T11:02:32.0145419Z ^[[1m^[[92m   Compiling^[[0m ordered-float v2.10.1
Quest 3 arm64 APK export (advisory until first green run)	UNKNOWN STEP	2026-09-06T11:02:32.2029522Z ^[[1m^[[92m   Compiling^[[0m form_urlencoded v1.2.1
Quest 3 arm64 APK export (advisory until first green run)	UNKNOWN STEP	2026-09-06T11:02:32.2685766Z ^[[1m^[[92m   Compiling^[[0m anstyle v1.0.11
Quest 3 arm64 APK export (advisory until first green run)	UNKNOWN STEP	2026-09-06T11:02:32.4436194Z ^[[1m^[[92m   Compiling^[[0m thiserror v1.0.69
Quest 3 arm64 APK export (advisory until first green run)	UNKNOWN STEP	2026-09-06T11:02:32.5041755Z ^[[1m^[[92m   Compiling^[[0m camino v1.1.10
Quest 3 arm64 APK export (advisory until first green run)	UNKNOWN STEP	2026-09-06T11:02:32.5886145Z ^[[1m^[[92m   Compiling^[[0m is_terminal_polyfill v1.70.1
Quest 3 arm64 APK export (advisory until first green run)	UNKNOWN STEP	2026-09-06T11:02:32.6286002Z ^[[1m^[[92m   Compiling^[[0m colorchoice v1.0.4
Quest 3 arm64 APK export (advisory until first green run)	UNKNOWN STEP	2026-09-06T11:02:32.6637385Z ^[[1m^[[92m   Compiling^[[0m anstyle-query v1.1.4
Quest 3 arm64 APK export (advisory until first green run)	UNKNOWN STEP	2026-09-06T11:02:32.6685840Z ^[[1m^[[92m   Compiling^[[0m utf8-decode v1.0.1
Quest 3 arm64 APK export (advisory until first green run)	UNKNOWN STEP	2026-09-06T11:02:32.7035976Z ^[[1m^[[92m   Compiling^[[0m serde_json v1.0.142
Quest 3 arm64 APK export (advisory until first green run)	UNKNOWN STEP	2026-09-06T11:02:32.7106156Z ^[[1m^[[92m   Compiling^[[0m anstream v0.6.20
Quest 3 arm64 APK export (advisory until first green run)	UNKNOWN STEP	2026-09-06T11:02:32.7328535Z ^[[1m^[[92m   Compiling^[[0m pct-str v1.2.0
Quest 3 arm64 APK export (advisory until first green run)	UNKNOWN STEP	2026-09-06T11:02:32.8448956Z ^[[1m^[[92m   Compiling^[[0m strsim v0.11.1
Quest 3 arm64 APK export (advisory until first green run)	UNKNOWN STEP	2026-09-06T11:02:33.0043868Z ^[[1m^[[92m   Compiling^[[0m ryu v1.0.20
Quest 3 arm64 APK export (advisory until first green run)	UNKNOWN STEP	2026-09-06T11:02:33.2141200Z ^[[1m^[[92m   Compiling^[[0m memchr v2.7.5
Quest 3 arm64 APK export (advisory until first green run)	UNKNOWN STEP	2026-09-06T11:02:33.3056126Z ^[[1m^[[92m   Compiling^[[0m anyhow v1.0.98
Quest 3 arm64 APK export (advisory until first green run)	UNKNOWN STEP	2026-09-06T11:02:33.4693458Z ^[[1m^[[92m   Compiling^[[0m heck v0.5.0
Quest 3 arm64 APK export (advisory until first green run)	UNKNOWN STEP	2026-09-06T11:02:33.6076023Z ^[[1m^[[92m   Compiling^[[0m synstructure v0.13.2
Quest 3 arm64 APK export (advisory until first green run)	UNKNOWN STEP	2026-09-06T11:02:33.7191502Z ^[[1m^[[92m   Compiling^[[0m unicode-xid v0.2.6
Quest 3 arm64 APK export (advisory until first green run)	UNKNOWN STEP	2026-09-06T11:02:33.7945704Z ^[[1m^[[92m   Compiling^[[0m clap_lex v0.7.5
Quest 3 arm64 APK export (advisory until first green run)	UNKNOWN STEP	2026-09-06T11:02:34.1114830Z ^[[1m^[[92m   Compiling^[[0m itoa v1.0.15
Quest 3 arm64 APK export (advisory until first green run)	UNKNOWN STEP	2026-09-06T11:02:34.1326502Z ^[[1m^[[92m   Compiling^[[0m clap_builder v4.5.42
Quest 3 arm64 APK export (advisory until first green run)	UNKNOWN STEP	2026-09-06T11:02:34.2335848Z ^[[1m^[[92m   Compiling^[[0m iref v1.4.3
Quest 3 arm64 APK export (advisory until first green run)	UNKNOWN STEP	2026-09-06T11:02:34.5305848Z ^[[1m^[[92m   Compiling^[[0m toml_parser v1.0.2
Quest 3 arm64 APK export (advisory until first green run)	UNKNOWN STEP	2026-09-06T11:02:34.8616839Z ^[[1m^[[92m   Compiling^[[0m cargo-ndk v4.1.2
Quest 3 arm64 APK export (advisory until first green run)	UNKNOWN STEP	2026-09-06T11:02:34.9427905Z ^[[1m^[[92m   Compiling^[[0m log v0.4.27
Quest 3 arm64 APK export (advisory until first green run)	UNKNOWN STEP	2026-09-06T11:02:35.1756725Z ^[[1m^[[92m   Compiling^[[0m toml_writer v1.0.2
Quest 3 arm64 APK export (advisory until first green run)	UNKNOWN STEP	2026-09-06T11:02:35.3817263Z ^[[1m^[[92m   Compiling^[[0m os_str_bytes v2.4.0
Quest 3 arm64 APK export (advisory until first green run)	UNKNOWN STEP	2026-09-06T11:02:35.3926038Z ^[[1m^[[92m   Compiling^[[0m serde_derive v1.0.219
Quest 3 arm64 APK export (advisory until first green run)	UNKNOWN STEP	2026-09-06T11:02:35.4516191Z ^[[1m^[[92m   Compiling^[[0m zerofrom-derive v0.1.6
Quest 3 arm64 APK export (advisory until first green run)	UNKNOWN STEP	2026-09-06T11:02:36.1655875Z ^[[1m^[[92m   Compiling^[[0m yoke-derive v0.8.0
Quest 3 arm64 APK export (advisory until first green run)	UNKNOWN STEP	2026-09-06T11:02:36.6476311Z ^[[1m^[[92m   Compiling^[[0m zerofrom v0.1.6
Quest 3 arm64 APK export (advisory until first green run)	UNKNOWN STEP	2026-09-06T11:02:36.7306286Z ^[[1m^[[92m   Compiling^[[0m zerovec-derive v0.11.1
Quest 3 arm64 APK export (advisory until first green run)	UNKNOWN STEP	2026-09-06T11:02:37.0635921Z ^[[1m^[[92m   Compiling^[[0m yoke v0.8.0
Quest 3 arm64 APK export (advisory until first green run)	UNKNOWN STEP	2026-09-06T11:02:37.2133976Z ^[[1m^[[92m   Compiling^[[0m displaydoc v0.2.5
Quest 3 arm64 APK export (advisory until first green run)	UNKNOWN STEP	2026-09-06T11:02:37.7047656Z ^[[1m^[[92m   Compiling^[[0m zerovec v0.11.4
Quest 3 arm64 APK export (advisory until first green run)	UNKNOWN STEP	2026-09-06T11:02:37.7120273Z ^[[1m^[[92m   Compiling^[[0m zerotrie v0.2.2
Quest 3 arm64 APK export (advisory until first green run)	UNKNOWN STEP	2026-09-06T11:02:38.1003291Z ^[[1m^[[92m   Compiling^[[0m thiserror-impl v2.0.12
Quest 3 arm64 APK export (advisory until first green run)	UNKNOWN STEP	2026-09-06T11:02:38.8526563Z ^[[1m^[[92m   Compiling^[[0m tinystr v0.8.1
Quest 3 arm64 APK export (advisory until first green run)	UNKNOWN STEP	2026-09-06T11:02:39.0193844Z ^[[1m^[[92m   Compiling^[[0m icu_locale_core v2.0.0
Quest 3 arm64 APK export (advisory until first green run)	UNKNOWN STEP	2026-09-06T11:02:39.2245710Z ^[[1m^[[92m   Compiling^[[0m potential_utf v0.1.2
Quest 3 arm64 APK export (advisory until first green run)	UNKNOWN STEP	2026-09-06T11:02:39.3205899Z ^[[1m^[[92m   Compiling^[[0m icu_collections v2.0.0
Quest 3 arm64 APK export (advisory until first green run)	UNKNOWN STEP	2026-09-06T11:02:40.0065811Z ^[[1m^[[92m   Compiling^[[0m icu_provider v2.0.0
Quest 3 arm64 APK export (advisory until first green run)	UNKNOWN STEP	2026-09-06T11:02:40.3626519Z ^[[1m^[[92m   Compiling^[[0m icu_properties v2.0.1
Quest 3 arm64 APK export (advisory until first green run)	UNKNOWN STEP	2026-09-06T11:02:41.6705912Z ^[[1m^[[92m   Compiling^[[0m icu_normalizer v2.0.0
Quest 3 arm64 APK export (advisory until first green run)	UNKNOWN STEP	2026-09-06T11:02:42.0166786Z ^[[1m^[[92m   Compiling^[[0m toml_datetime v0.6.11
Quest 3 arm64 APK export (advisory until first green run)	UNKNOWN STEP	2026-09-06T11:02:42.1842677Z ^[[1m^[[92m   Compiling^[[0m idna_adapter v1.2.1
Quest 3 arm64 APK export (advisory until first green run)	UNKNOWN STEP	2026-09-06T11:02:42.2555924Z ^[[1m^[[92m   Compiling^[[0m serde_spanned v0.6.9
Quest 3 arm64 APK export (advisory until first green run)	UNKNOWN STEP	2026-09-06T11:02:42.3336351Z ^[[1m^[[92m   Compiling^[[0m toml_edit v0.22.27
Quest 3 arm64 APK export (advisory until first green run)	UNKNOWN STEP	2026-09-06T11:02:42.3447996Z ^[[1m^[[92m   Compiling^[[0m idna v1.0.3
Quest 3 arm64 APK export (advisory until first green run)	UNKNOWN STEP	2026-09-06T11:02:43.0875862Z ^[[1m^[[92m   Compiling^[[0m erased-serde v0.4.6
Quest 3 arm64 APK export (advisory until first green run)	UNKNOWN STEP	2026-09-06T11:02:43.7696313Z ^[[1m^[[92m   Compiling^[[0m serde-untagged v0.1.7
Quest 3 arm64 APK export (advisory until first green run)	UNKNOWN STEP	2026-09-06T11:02:44.0786442Z ^[[1m^[[92m   Compiling^[[0m url v2.5.4
Quest 3 arm64 APK export (advisory until first green run)	UNKNOWN STEP	2026-09-06T11:02:44.9146043Z ^[[1m^[[92m   Compiling^[[0m toml v0.8.23
Quest 3 arm64 APK export (advisory until first green run)	UNKNOWN STEP	2026-09-06T11:02:46.7633831Z ^[[1m^[[92m   Compiling^[[0m serde-value v0.7.0
Quest 3 arm64 APK export (advisory until first green run)	UNKNOWN STEP	2026-09-06T11:02:47.8184889Z ^[[1m^[[92m   Compiling^[[0m thiserror-impl v1.0.69
Quest 3 arm64 APK export (advisory until first green run)	UNKNOWN STEP	2026-09-06T11:02:48.1037363Z ^[[1m^[[92m   Compiling^[[0m cargo-util-schemas v0.8.2
Quest 3 arm64 APK export (advisory until first green run)	UNKNOWN STEP	2026-09-06T11:02:48.1436057Z ^[[1m^[[92m   Compiling^[[0m cargo-platform v0.2.0
Quest 3 arm64 APK export (advisory until first green run)	UNKNOWN STEP	2026-09-06T11:02:48.6805964Z ^[[1m^[[92m   Compiling^[[0m serde_spanned v1.0.0
Quest 3 arm64 APK export (advisory until first green run)	UNKNOWN STEP	2026-09-06T11:02:48.9286827Z ^[[1m^[[92m   Compiling^[[0m toml_datetime v0.7.0
Quest 3 arm64 APK export (advisory until first green run)	UNKNOWN STEP	2026-09-06T11:02:49.3036911Z ^[[1m^[[92m   Compiling^[[0m clap_derive v4.5.41
Quest 3 arm64 APK export (advisory until first green run)	UNKNOWN STEP	2026-09-06T11:02:51.1795969Z ^[[1m^[[92m   Compiling^[[0m cfg-if v1.0.1
Quest 3 arm64 APK export (advisory until first green run)	UNKNOWN STEP	2026-09-06T11:02:51.2095829Z ^[[1m^[[92m   Compiling^[[0m eieio v1.0.0
Quest 3 arm64 APK export (advisory until first green run)	UNKNOWN STEP	2026-09-06T11:02:51.2465995Z ^[[1m^[[92m   Compiling^[[0m once_cell v1.21.3
Quest 3 arm64 APK export (advisory until first green run)	UNKNOWN STEP	2026-09-06T11:02:51.3326136Z ^[[1m^[[92m   Compiling^[[0m filetime v0.2.25
Quest 3 arm64 APK export (advisory until first green run)	UNKNOWN STEP	2026-09-06T11:02:51.4326345Z ^[[1m^[[92m   Compiling^[[0m pathos v0.3.0
Quest 3 arm64 APK export (advisory until first green run)	UNKNOWN STEP	2026-09-06T11:02:51.5155660Z ^[[1m^[[92m   Compiling^[[0m clap v4.5.42
Quest 3 arm64 APK export (advisory until first green run)	UNKNOWN STEP	2026-09-06T11:02:51.5509516Z ^[[1m^[[92m   Compiling^[[0m cargo_metadata v0.21.0
Quest 3 arm64 APK export (advisory until first green run)	UNKNOWN STEP	2026-09-06T11:02:52.1676186Z ^[[1m^[[92m   Compiling^[[0m toml v0.9.5
Quest 3 arm64 APK export (advisory until first green run)	UNKNOWN STEP	2026-09-06T11:02:52.9455747Z ^[[1m^[[92m   Compiling^[[0m is-terminal v0.4.16
Quest 3 arm64 APK export (advisory until first green run)	UNKNOWN STEP	2026-09-06T11:02:52.9845811Z ^[[1m^[[92m   Compiling^[[0m version_check v0.9.5
Quest 3 arm64 APK export (advisory until first green run)	UNKNOWN STEP	2026-09-06T11:02:53.8685967Z ^[[1m^[[92m   Compiling^[[0m termcolor v1.4.1
Quest 3 arm64 APK export (advisory until first green run)	UNKNOWN STEP	2026-09-06T11:02:54.1625843Z ^[[1m^[[92m   Compiling^[[0m dunce v1.0.5
Quest 3 arm64 APK export (advisory until first green run)	UNKNOWN STEP	2026-09-06T11:02:59.7661503Z ^[[1m^[[92m    Finished^[[0m `release` profile [optimized] target(s) in 31.19s
Quest 3 arm64 APK export (advisory until first green run)	UNKNOWN STEP	2026-09-06T11:02:59.7748846Z ^[[1m^[[92m  Installing^[[0m /home/runner/.cargo/bin/cargo-ndk
Quest 3 arm64 APK export (advisory until first green run)	UNKNOWN STEP	2026-09-06T11:02:59.7749471Z ^[[1m^[[92m  Installing^[[0m /home/runner/.cargo/bin/cargo-ndk-env
Quest 3 arm64 APK export (advisory until first green run)	UNKNOWN STEP	2026-09-06T11:02:59.7750224Z ^[[1m^[[92m  Installing^[[0m /home/runner/.cargo/bin/cargo-ndk-runner
Quest 3 arm64 APK export (advisory until first green run)	UNKNOWN STEP	2026-09-06T11:02:59.7750734Z ^[[1m^[[92m  Installing^[[0m /home/runner/.cargo/bin/cargo-ndk-test
Quest 3 arm64 APK export (advisory until first green run)	UNKNOWN STEP	2026-09-06T11:02:59.7753620Z ^[[1m^[[92m   Installed^[[0m package `cargo-ndk v4.1.2` (executables `cargo-ndk`, `cargo-ndk-env`, `cargo-ndk-runner`, `cargo-ndk-test`)
Quest 3 arm64 APK export (advisory until first green run)	UNKNOWN STEP	2026-09-06T11:02:59.8252482Z ##[group]Run cargo ndk -t aarch64-linux-android build --release -p visionclaw-xr-gdext
Quest 3 arm64 APK export (advisory until first green run)	UNKNOWN STEP	2026-09-06T11:02:59.8253155Z ^[[36;1mcargo ndk -t aarch64-linux-android build --release -p visionclaw-xr-gdext^[[0m
Quest 3 arm64 APK export (advisory until first green run)	UNKNOWN STEP	2026-09-06T11:02:59.8290047Z shell: /usr/bin/bash -e {0}
Quest 3 arm64 APK export (advisory until first green run)	UNKNOWN STEP	2026-09-06T11:02:59.8290304Z env:
Quest 3 arm64 APK export (advisory until first green run)	UNKNOWN STEP	2026-09-06T11:02:59.8290501Z   CARGO_TERM_COLOR: always
Quest 3 arm64 APK export (advisory until first green run)	UNKNOWN STEP	2026-09-06T11:02:59.8290728Z   RUST_BACKTRACE: 1
Quest 3 arm64 APK export (advisory until first green run)	UNKNOWN STEP	2026-09-06T11:02:59.8290938Z   GODOT_VERSION: 4.3-stable
Quest 3 arm64 APK export (advisory until first green run)	UNKNOWN STEP	2026-09-06T11:02:59.8291158Z   GUT_VERSION: 9.3.1
Quest 3 arm64 APK export (advisory until first green run)	UNKNOWN STEP	2026-09-06T11:02:59.8291375Z   CARGO_HOME: /home/runner/.cargo
Quest 3 arm64 APK export (advisory until first green run)	UNKNOWN STEP	2026-09-06T11:02:59.8291670Z   CARGO_INCREMENTAL: 0
Quest 3 arm64 APK export (advisory until first green run)	UNKNOWN STEP	2026-09-06T11:02:59.8292092Z   JAVA_HOME: /opt/hostedtoolcache/Java_Temurin-Hotspot_jdk/17.0.20-1/x64
Quest 3 arm64 APK export (advisory until first green run)	UNKNOWN STEP	2026-09-06T11:02:59.8292711Z   JAVA_HOME_17_X64: /opt/hostedtoolcache/Java_Temurin-Hotspot_jdk/17.0.20-1/x64
Quest 3 arm64 APK export (advisory until first green run)	UNKNOWN STEP	2026-09-06T11:02:59.8293415Z   ANDROID_NDK_HOME: /opt/hostedtoolcache/ndk/r26d/x64
Quest 3 arm64 APK export (advisory until first green run)	UNKNOWN STEP	2026-09-06T11:02:59.8308775Z ##[endgroup]
Quest 3 arm64 APK export (advisory until first green run)	UNKNOWN STEP	2026-09-06T11:02:59.8818241Z warning: Environment variable `ANDROID_NDK_HOME = "/opt/hostedtoolcache/ndk/r26d/x64"` doesn't match `ANDROID_NDK_ROOT = "/usr/local/lib/android/sdk/ndk/27.3.13750724"`
Quest 3 arm64 APK export (advisory until first green run)	UNKNOWN STEP	2026-09-06T11:02:59.8819060Z     Building arm64-v8a (aarch64-linux-android)
Quest 3 arm64 APK export (advisory until first green run)	UNKNOWN STEP	2026-09-06T11:02:59.9206281Z ^[[1m^[[92m    Updating^[[0m crates.io index
Quest 3 arm64 APK export (advisory until first green run)	UNKNOWN STEP	2026-09-06T11:03:00.2959136Z ^[[1m^[[92m     Locking^[[0m 237 packages to latest compatible versions
Quest 3 arm64 APK export (advisory until first green run)	UNKNOWN STEP	2026-09-06T11:03:00.3119218Z ^[[1m^[[92m      Adding^[[0m criterion v0.5.1 ^[[1m^[[33m(available: v0.8.2)^[[0m
Quest 3 arm64 APK export (advisory until first green run)	UNKNOWN STEP	2026-09-06T11:03:00.3133965Z ^[[1m^[[92m      Adding^[[0m generic-array v0.14.7 ^[[1m^[[33m(available: v0.14.9)^[[0m
Quest 3 arm64 APK export (advisory until first green run)	UNKNOWN STEP	2026-09-06T11:03:00.3195247Z ^[[1m^[[92m      Adding^[[0m godot v0.2.4 ^[[1m^[[33m(available: v0.5.5)^[[0m
Quest 3 arm64 APK export (advisory until first green run)	UNKNOWN STEP	2026-09-06T11:03:00.3302773Z ^[[1m^[[92m      Adding^[[0m mockall v0.13.1 ^[[1m^[[33m(available: v0.15.0)^[[0m
Quest 3 arm64 APK export (advisory until first green run)	UNKNOWN STEP	2026-09-06T11:03:00.3308118Z ^[[1m^[[92m      Adding^[[0m nalgebra v0.34.2 ^[[1m^[[33m(available: v0.35.0)^[[0m
Quest 3 arm64 APK export (advisory until first green run)	UNKNOWN STEP	2026-09-06T11:03:00.3405728Z ^[[1m^[[92m      Adding^[[0m secp256k1 v0.29.1 ^[[1m^[[33m(available: v0.33.1)^[[0m
Quest 3 arm64 APK export (advisory until first green run)	UNKNOWN STEP	2026-09-06T11:03:00.3434009Z ^[[1m^[[92m      Adding^[[0m sha2 v0.10.9 ^[[1m^[[33m(available: v0.11.0)^[[0m
Quest 3 arm64 APK export (advisory until first green run)	UNKNOWN STEP	2026-09-06T11:03:00.3545010Z ^[[1m^[[92m      Adding^[[0m tokio-tungstenite v0.21.0 ^[[1m^[[33m(available: v0.30.0)^[[0m
Quest 3 arm64 APK export (advisory until first green run)	UNKNOWN STEP	2026-09-06T11:03:00.3780848Z ^[[1m^[[92m Downloading^[[0m crates ...
Quest 3 arm64 APK export (advisory until first green run)	UNKNOWN STEP	2026-09-06T11:03:00.4577580Z ^[[1m^[[92m  Downloaded^[[0m block-buffer v0.10.4
Quest 3 arm64 APK export (advisory until first green run)	UNKNOWN STEP	2026-09-06T11:03:00.4596147Z ^[[1m^[[92m  Downloaded^[[0m android_log-sys v0.2.0
Quest 3 arm64 APK export (advisory until first green run)	UNKNOWN STEP	2026-09-06T11:03:00.4607556Z ^[[1m^[[92m  Downloaded^[[0m cfg-if v1.0.4
Quest 3 arm64 APK export (advisory until first green run)	UNKNOWN STEP	2026-09-06T11:03:00.4626942Z ^[[1m^[[92m  Downloaded^[[0m approx v0.5.1
Quest 3 arm64 APK export (advisory until first green run)	UNKNOWN STEP	2026-09-06T11:03:00.4650687Z ^[[1m^[[92m  Downloaded^[[0m async-trait v0.1.92
Quest 3 arm64 APK export (advisory until first green run)	UNKNOWN STEP	2026-09-06T11:03:00.4701652Z ^[[1m^[[92m  Downloaded^[[0m autocfg v1.5.1
Quest 3 arm64 APK export (advisory until first green run)	UNKNOWN STEP	2026-09-06T11:03:00.4724492Z ^[[1m^[[92m  Downloaded^[[0m byteorder v1.5.0
Quest 3 arm64 APK export (advisory until first green run)	UNKNOWN STEP	2026-09-06T11:03:00.4748553Z ^[[1m^[[92m  Downloaded^[[0m cpufeatures v0.2.17
Quest 3 arm64 APK export (advisory until first green run)	UNKNOWN STEP	2026-09-06T11:03:00.4771091Z ^[[1m^[[92m  Downloaded^[[0m crypto-common v0.1.7
Quest 3 arm64 APK export (advisory until first green run)	UNKNOWN STEP	2026-09-06T11:03:00.4786141Z ^[[1m^[[92m  Downloaded^[[0m data-encoding v2.11.1
Quest 3 arm64 APK export (advisory until first green run)	UNKNOWN STEP	2026-09-06T11:03:00.4799158Z ^[[1m^[[92m  Downloaded^[[0m digest v0.10.7
Quest 3 arm64 APK export (advisory until first green run)	UNKNOWN STEP	2026-09-06T11:03:00.4832243Z ^[[1m^[[92m  Downloaded^[[0m displaydoc v0.2.7
Quest 3 arm64 APK export (advisory until first green run)	UNKNOWN STEP	2026-09-06T11:03:00.4865793Z ^[[1m^[[92m  Downloaded^[[0m generic-array v0.14.7
Quest 3 arm64 APK export (advisory until first green run)	UNKNOWN STEP	2026-09-06T11:03:00.4893387Z ^[[1m^[[92m  Downloaded^[[0m hex v0.4.3
Quest 3 arm64 APK export (advisory until first green run)	UNKNOWN STEP	2026-09-06T11:03:00.4917966Z ^[[1m^[[92m  Downloaded^[[0m scopeguard v1.2.0
Quest 3 arm64 APK export (advisory until first green run)	UNKNOWN STEP	2026-09-06T11:03:00.4938031Z ^[[1m^[[92m  Downloaded^[[0m getrandom v0.2.17
Quest 3 arm64 APK export (advisory until first green run)	UNKNOWN STEP	2026-09-06T11:03:00.4988984Z ^[[1m^[[92m  Downloaded^[[0m bytes v1.12.1
Quest 3 arm64 APK export (advisory until first green run)	UNKNOWN STEP	2026-09-06T11:03:00.5046838Z ^[[1m^[[92m  Downloaded^[[0m godot v0.2.4
Quest 3 arm64 APK export (advisory until first green run)	UNKNOWN STEP	2026-09-06T11:03:00.5061488Z ^[[1m^[[92m  Downloaded^[[0m signal-hook-registry v1.4.8
Quest 3 arm64 APK export (advisory until first green run)	UNKNOWN STEP	2026-09-06T11:03:00.5078813Z ^[[1m^[[92m  Downloaded^[[0m bytemuck v1.25.2
Quest 3 arm64 APK export (advisory until first green run)	UNKNOWN STEP	2026-09-06T11:03:00.5118324Z ^[[1m^[[92m  Downloaded^[[0m godot-cell v0.2.4
Quest 3 arm64 APK export (advisory until first green run)	UNKNOWN STEP	2026-09-06T11:03:00.5135262Z ^[[1m^[[92m  Downloaded^[[0m slab v0.4.12
Quest 3 arm64 APK export (advisory until first green run)	UNKNOWN STEP	2026-09-06T11:03:00.5154329Z ^[[1m^[[92m  Downloaded^[[0m cc v1.4.5
Quest 3 arm64 APK export (advisory until first green run)	UNKNOWN STEP	2026-09-06T11:03:00.5198832Z ^[[1m^[[92m  Downloaded^[[0m lazy_static v1.5.0
Quest 3 arm64 APK export (advisory until first green run)	UNKNOWN STEP	2026-09-06T11:03:00.5222049Z ^[[1m^[[92m  Downloaded^[[0m percent-encoding v2.3.2
Quest 3 arm64 APK export (advisory until first green run)	UNKNOWN STEP	2026-09-06T11:03:00.5241610Z ^[[1m^[[92m  Downloaded^[[0m futures-macro v0.3.34
Quest 3 arm64 APK export (advisory until first green run)	UNKNOWN STEP	2026-09-06T11:03:00.5253969Z ^[[1m^[[92m  Downloaded^[[0m errno v0.3.14
Quest 3 arm64 APK export (advisory until first green run)	UNKNOWN STEP	2026-09-06T11:03:00.5269701Z ^[[1m^[[92m  Downloaded^[[0m futures-task v0.3.34
Quest 3 arm64 APK export (advisory until first green run)	UNKNOWN STEP	2026-09-06T11:03:00.5281835Z ^[[1m^[[92m  Downloaded^[[0m yoke-derive v0.8.2
Quest 3 arm64 APK export (advisory until first green run)	UNKNOWN STEP	2026-09-06T11:03:00.5294022Z ^[[1m^[[92m  Downloaded^[[0m form_urlencoded v1.2.2
Quest 3 arm64 APK export (advisory until first green run)	UNKNOWN STEP	2026-09-06T11:03:00.5302344Z ^[[1m^[[92m  Downloaded^[[0m httparse v1.10.1
Quest 3 arm64 APK export (advisory until first green run)	UNKNOWN STEP	2026-09-06T11:03:00.5328077Z ^[[1m^[[92m  Downloaded^[[0m itoa v1.0.18
Quest 3 arm64 APK export (advisory until first green run)	UNKNOWN STEP	2026-09-06T11:03:00.5342515Z ^[[1m^[[92m  Downloaded^[[0m nanoserde-derive v0.1.22
Quest 3 arm64 APK export (advisory until first green run)	UNKNOWN STEP	2026-09-06T11:03:00.5353723Z ^[[1m^[[92m  Downloaded^[[0m potential_utf v0.1.6
Quest 3 arm64 APK export (advisory until first green run)	UNKNOWN STEP	2026-09-06T11:03:00.5364763Z ^[[1m^[[92m  Downloaded^[[0m rand_chacha v0.3.1
Quest 3 arm64 APK export (advisory until first green run)	UNKNOWN STEP	2026-09-06T11:03:00.5376259Z ^[[1m^[[92m  Downloaded^[[0m futures-sink v0.3.34
Quest 3 arm64 APK export (advisory until first green run)	UNKNOWN STEP	2026-09-06T11:03:00.5384814Z ^[[1m^[[92m  Downloaded^[[0m nalgebra-macros v0.3.0
Quest 3 arm64 APK export (advisory until first green run)	UNKNOWN STEP	2026-09-06T11:03:00.5395909Z ^[[1m^[[92m  Downloaded^[[0m rawpointer v0.2.1
Quest 3 arm64 APK export (advisory until first green run)	UNKNOWN STEP	2026-09-06T11:03:00.5404345Z ^[[1m^[[92m  Downloaded^[[0m find-msvc-tools v0.1.12
Quest 3 arm64 APK export (advisory until first green run)	UNKNOWN STEP	2026-09-06T11:03:00.5420991Z ^[[1m^[[92m  Downloaded^[[0m godot-bindings v0.2.4
Quest 3 arm64 APK export (advisory until first green run)	UNKNOWN STEP	2026-09-06T11:03:00.5432802Z ^[[1m^[[92m  Downloaded^[[0m idna_adapter v1.2.2
Quest 3 arm64 APK export (advisory until first green run)	UNKNOWN STEP	2026-09-06T11:03:00.5442092Z ^[[1m^[[92m  Downloaded^[[0m futures-core v0.3.34
Quest 3 arm64 APK export (advisory until first green run)	UNKNOWN STEP	2026-09-06T11:03:00.5456051Z ^[[1m^[[92m  Downloaded^[[0m nanoserde v0.1.37
Quest 3 arm64 APK export (advisory until first green run)	UNKNOWN STEP	2026-09-06T11:03:00.5474345Z ^[[1m^[[92m  Downloaded^[[0m pin-project-lite v0.2.17
Quest 3 arm64 APK export (advisory until first green run)	UNKNOWN STEP	2026-09-06T11:03:00.5535046Z ^[[1m^[[92m  Downloaded^[[0m num-complex v0.4.6
Quest 3 arm64 APK export (advisory until first green run)	UNKNOWN STEP	2026-09-06T11:03:00.5549726Z ^[[1m^[[92m  Downloaded^[[0m paste v1.0.15
Quest 3 arm64 APK export (advisory until first green run)	UNKNOWN STEP	2026-09-06T11:03:00.5582350Z ^[[1m^[[92m  Downloaded^[[0m quote v1.0.47
Quest 3 arm64 APK export (advisory until first green run)	UNKNOWN STEP	2026-09-06T11:03:00.5610737Z ^[[1m^[[92m  Downloaded^[[0m litemap v0.8.3
Quest 3 arm64 APK export (advisory until first green run)	UNKNOWN STEP	2026-09-06T11:03:00.5634501Z ^[[1m^[[92m  Downloaded^[[0m lock_api v0.4.14
Quest 3 arm64 APK export (advisory until first green run)	UNKNOWN STEP	2026-09-06T11:03:00.5648703Z ^[[1m^[[92m  Downloaded^[[0m nu-ansi-term v0.50.3
Quest 3 arm64 APK export (advisory until first green run)	UNKNOWN STEP	2026-09-06T11:03:00.5673949Z ^[[1m^[[92m  Downloaded^[[0m num-rational v0.4.2
Quest 3 arm64 APK export (advisory until first green run)	UNKNOWN STEP	2026-09-06T11:03:00.5686620Z ^[[1m^[[92m  Downloaded^[[0m parking_lot v0.12.5
Quest 3 arm64 APK export (advisory until first green run)	UNKNOWN STEP	2026-09-06T11:03:00.5712273Z ^[[1m^[[92m  Downloaded^[[0m ppv-lite86 v0.2.21
Quest 3 arm64 APK export (advisory until first green run)	UNKNOWN STEP	2026-09-06T11:03:00.5725457Z ^[[1m^[[92m  Downloaded^[[0m rand_core v0.6.4
Quest 3 arm64 APK export (advisory until first green run)	UNKNOWN STEP	2026-09-06T11:03:00.5739239Z ^[[1m^[[92m  Downloaded^[[0m sha1 v0.10.7
Quest 3 arm64 APK export (advisory until first green run)	UNKNOWN STEP	2026-09-06T11:03:00.5755250Z ^[[1m^[[92m  Downloaded^[[0m sha2 v0.10.9
Quest 3 arm64 APK export (advisory until first green run)	UNKNOWN STEP	2026-09-06T11:03:00.5781557Z ^[[1m^[[92m  Downloaded^[[0m smallvec v1.16.0
Quest 3 arm64 APK export (advisory until first green run)	UNKNOWN STEP	2026-09-06T11:03:00.5794908Z ^[[1m^[[92m  Downloaded^[[0m glam v0.17.3
Quest 3 arm64 APK export (advisory until first green run)	UNKNOWN STEP	2026-09-06T11:03:00.5883005Z ^[[1m^[[92m  Downloaded^[[0m godot-ffi v0.2.4
Quest 3 arm64 APK export (advisory until first green run)	UNKNOWN STEP	2026-09-06T11:03:00.5902063Z ^[[1m^[[92m  Downloaded^[[0m http v1.5.0
Quest 3 arm64 APK export (advisory until first green run)	UNKNOWN STEP	2026-09-06T11:03:00.5939608Z ^[[1m^[[92m  Downloaded^[[0m icu_locale_core v2.3.0
Quest 3 arm64 APK export (advisory until first green run)	UNKNOWN STEP	2026-09-06T11:03:00.6011768Z ^[[1m^[[92m  Downloaded^[[0m num-integer v0.1.47
Quest 3 arm64 APK export (advisory until first green run)	UNKNOWN STEP	2026-09-06T11:03:00.6027974Z ^[[1m^[[92m  Downloaded^[[0m once_cell v1.21.4
Quest 3 arm64 APK export (advisory until first green run)	UNKNOWN STEP	2026-09-06T11:03:00.6053496Z ^[[1m^[[92m  Downloaded^[[0m parking_lot_core v0.9.12
Quest 3 arm64 APK export (advisory until first green run)	UNKNOWN STEP	2026-09-06T11:03:00.6077662Z ^[[1m^[[92m  Downloaded^[[0m proc-macro2 v1.0.107
Quest 3 arm64 APK export (advisory until first green run)	UNKNOWN STEP	2026-09-06T11:03:00.6107871Z ^[[1m^[[92m  Downloaded^[[0m stable_deref_trait v1.2.1
Quest 3 arm64 APK export (advisory until first green run)	UNKNOWN STEP	2026-09-06T11:03:00.6116768Z ^[[1m^[[92m  Downloaded^[[0m utf-8 v0.7.6
Quest 3 arm64 APK export (advisory until first green run)	UNKNOWN STEP	2026-09-06T11:03:00.6129144Z ^[[1m^[[92m  Downloaded^[[0m godot-macros v0.2.4
Quest 3 arm64 APK export (advisory until first green run)	UNKNOWN STEP	2026-09-06T11:03:00.6164190Z ^[[1m^[[92m  Downloaded^[[0m icu_provider v2.3.1
Quest 3 arm64 APK export (advisory until first green run)	UNKNOWN STEP	2026-09-06T11:03:00.6190944Z ^[[1m^[[92m  Downloaded^[[0m log v0.4.34
Quest 3 arm64 APK export (advisory until first green run)	UNKNOWN STEP	2026-09-06T11:03:00.6217101Z ^[[1m^[[92m  Downloaded^[[0m matrixmultiply v0.3.11
Quest 3 arm64 APK export (advisory until first green run)	UNKNOWN STEP	2026-09-06T11:03:00.6250573Z ^[[1m^[[92m  Downloaded^[[0m thread_local v1.1.10
Quest 3 arm64 APK export (advisory until first green run)	UNKNOWN STEP	2026-09-06T11:03:00.6264037Z ^[[1m^[[92m  Downloaded^[[0m zerofrom v0.1.8
Quest 3 arm64 APK export (advisory until first green run)	UNKNOWN STEP	2026-09-06T11:03:00.6274449Z ^[[1m^[[92m  Downloaded^[[0m zerofrom-derive v0.1.7
Quest 3 arm64 APK export (advisory until first green run)	UNKNOWN STEP	2026-09-06T11:03:00.6285037Z ^[[1m^[[92m  Downloaded^[[0m aho-corasick v1.1.5
Quest 3 arm64 APK export (advisory until first green run)	UNKNOWN STEP	2026-09-06T11:03:00.6339812Z ^[[1m^[[92m  Downloaded^[[0m icu_normalizer_data v2.3.0
Quest 3 arm64 APK export (advisory until first green run)	UNKNOWN STEP	2026-09-06T11:03:00.6361321Z ^[[1m^[[92m  Downloaded^[[0m glam v0.15.2
Quest 3 arm64 APK export (advisory until first green run)	UNKNOWN STEP	2026-09-06T11:03:00.6448322Z ^[[1m^[[92m  Downloaded^[[0m icu_collections v2.3.0
Quest 3 arm64 APK export (advisory until first green run)	UNKNOWN STEP	2026-09-06T11:03:00.6514337Z ^[[1m^[[92m  Downloaded^[[0m mio v1.2.3
Quest 3 arm64 APK export (advisory until first green run)	UNKNOWN STEP	2026-09-06T11:03:00.6580054Z ^[[1m^[[92m  Downloaded^[[0m rand v0.8.8
Quest 3 arm64 APK export (advisory until first green run)	UNKNOWN STEP	2026-09-06T11:03:00.6613293Z ^[[1m^[[92m  Downloaded^[[0m safe_arch v0.7.4
Quest 3 arm64 APK export (advisory until first green run)	UNKNOWN STEP	2026-09-06T11:03:00.6659743Z ^[[1m^[[92m  Downloaded^[[0m tracing-android v0.2.0
Quest 3 arm64 APK export (advisory until first green run)	UNKNOWN STEP	2026-09-06T11:03:00.6670091Z ^[[1m^[[92m  Downloaded^[[0m glam v0.16.0
Quest 3 arm64 APK export (advisory until first green run)	UNKNOWN STEP	2026-09-06T11:03:00.6756552Z ^[[1m^[[92m  Downloaded^[[0m glam v0.19.0
Quest 3 arm64 APK export (advisory until first green run)	UNKNOWN STEP	2026-09-06T11:03:00.6854581Z ^[[1m^[[92m  Downloaded^[[0m icu_properties v2.3.0
Quest 3 arm64 APK export (advisory until first green run)	UNKNOWN STEP	2026-09-06T11:03:00.6886758Z ^[[1m^[[92m  Downloaded^[[0m memchr v2.8.3
Quest 3 arm64 APK export (advisory until first green run)	UNKNOWN STEP	2026-09-06T11:03:00.6942911Z ^[[1m^[[92m  Downloaded^[[0m num-bigint v0.4.8
Quest 3 arm64 APK export (advisory until first green run)	UNKNOWN STEP	2026-09-06T11:03:00.6991077Z ^[[1m^[[92m  Downloaded^[[0m shlex v2.0.1
Quest 3 arm64 APK export (advisory until first green run)	UNKNOWN STEP	2026-09-06T11:03:00.7004775Z ^[[1m^[[92m  Downloaded^[[0m tracing-log v0.2.0
Quest 3 arm64 APK export (advisory until first green run)	UNKNOWN STEP	2026-09-06T11:03:00.7018902Z ^[[1m^[[92m  Downloaded^[[0m glam v0.14.0
Quest 3 arm64 APK export (advisory until first green run)	UNKNOWN STEP	2026-09-06T11:03:00.7098806Z ^[[1m^[[92m  Downloaded^[[0m glam v0.20.5
Quest 3 arm64 APK export (advisory until first green run)	UNKNOWN STEP	2026-09-06T11:03:00.7198619Z ^[[1m^[[92m  Downloaded^[[0m godot-codegen v0.2.4
Quest 3 arm64 APK export (advisory until first green run)	UNKNOWN STEP	2026-09-06T11:03:00.7245875Z ^[[1m^[[92m  Downloaded^[[0m idna v1.1.0
Quest 3 arm64 APK export (advisory until first green run)	UNKNOWN STEP	2026-09-06T11:03:00.7280809Z ^[[1m^[[92m  Downloaded^[[0m glam v0.18.0
Quest 3 arm64 APK export (advisory until first green run)	UNKNOWN STEP	2026-09-06T11:03:00.7379751Z ^[[1m^[[92m  Downloaded^[[0m icu_properties_data v2.3.0
Quest 3 arm64 APK export (advisory until first green run)	UNKNOWN STEP	2026-09-06T11:03:00.7494724Z ^[[1m^[[92m  Downloaded^[[0m regex v1.13.1
Quest 3 arm64 APK export (advisory until first green run)	UNKNOWN STEP	2026-09-06T11:03:00.7550783Z ^[[1m^[[92m  Downloaded^[[0m tokio-macros v2.7.2
Quest 3 arm64 APK export (advisory until first green run)	UNKNOWN STEP	2026-09-06T11:03:00.7561659Z ^[[1m^[[92m  Downloaded^[[0m zmij v1.0.23
Quest 3 arm64 APK export (advisory until first green run)	UNKNOWN STEP	2026-09-06T11:03:00.7579723Z ^[[1m^[[92m  Downloaded^[[0m futures-util v0.3.34
Quest 3 arm64 APK export (advisory until first green run)	UNKNOWN STEP	2026-09-06T11:03:00.7716728Z ^[[1m^[[92m  Downloaded^[[0m tinystr v0.8.4
Quest 3 arm64 APK export (advisory until first green run)	UNKNOWN STEP	2026-09-06T11:03:00.7737696Z ^[[1m^[[92m  Downloaded^[[0m thiserror-impl v2.0.20
Quest 3 arm64 APK export (advisory until first green run)	UNKNOWN STEP	2026-09-06T11:03:00.7754797Z ^[[1m^[[92m  Downloaded^[[0m writeable v0.6.4
Quest 3 arm64 APK export (advisory until first green run)	UNKNOWN STEP	2026-09-06T11:03:00.7776870Z ^[[1m^[[92m  Downloaded^[[0m thiserror v2.0.20
Quest 3 arm64 APK export (advisory until first green run)	UNKNOWN STEP	2026-09-06T11:03:00.7843959Z ^[[1m^[[92m  Downloaded^[[0m glam v0.21.3
Quest 3 arm64 APK export (advisory until first green run)	UNKNOWN STEP	2026-09-06T11:03:00.7985234Z ^[[1m^[[92m  Downloaded^[[0m glam v0.22.0
Quest 3 arm64 APK export (advisory until first green run)	UNKNOWN STEP	2026-09-06T11:03:00.8128952Z ^[[1m^[[92m  Downloaded^[[0m glam v0.24.2
Quest 3 arm64 APK export (advisory until first green run)	UNKNOWN STEP	2026-09-06T11:03:00.8289102Z ^[[1m^[[92m  Downloaded^[[0m serde_derive v1.0.229
Quest 3 arm64 APK export (advisory until first green run)	UNKNOWN STEP	2026-09-06T11:03:00.8320494Z ^[[1m^[[92m  Downloaded^[[0m glam v0.23.0
Quest 3 arm64 APK export (advisory until first green run)	UNKNOWN STEP	2026-09-06T11:03:00.8461864Z ^[[1m^[[92m  Downloaded^[[0m godot-core v0.2.4
Quest 3 arm64 APK export (advisory until first green run)	UNKNOWN STEP	2026-09-06T11:03:00.8568616Z ^[[1m^[[92m  Downloaded^[[0m sharded-slab v0.1.7
Quest 3 arm64 APK export (advisory until first green run)	UNKNOWN STEP	2026-09-06T11:03:00.8603050Z ^[[1m^[[92m  Downloaded^[[0m tokio-tungstenite v0.21.0
Quest 3 arm64 APK export (advisory until first green run)	UNKNOWN STEP	2026-09-06T11:03:00.8623433Z ^[[1m^[[92m  Downloaded^[[0m glam v0.25.0
Quest 3 arm64 APK export (advisory until first green run)	UNKNOWN STEP	2026-09-06T11:03:00.8804001Z ^[[1m^[[92m  Downloaded^[[0m glam v0.27.0
Quest 3 arm64 APK export (advisory until first green run)	UNKNOWN STEP	2026-09-06T11:03:00.8989813Z ^[[1m^[[92m  Downloaded^[[0m secp256k1 v0.29.1
Quest 3 arm64 APK export (advisory until first green run)	UNKNOWN STEP	2026-09-06T11:03:00.9036955Z ^[[1m^[[92m  Downloaded^[[0m tracing-attributes v0.1.31
Quest 3 arm64 APK export (advisory until first green run)	UNKNOWN STEP	2026-09-06T11:03:00.9064171Z ^[[1m^[[92m  Downloaded^[[0m venial v0.6.1
Quest 3 arm64 APK export (advisory until first green run)	UNKNOWN STEP	2026-09-06T11:03:00.9084993Z ^[[1m^[[92m  Downloaded^[[0m yoke v0.8.3
Quest 3 arm64 APK export (advisory until first green run)	UNKNOWN STEP	2026-09-06T11:03:00.9102667Z ^[[1m^[[92m  Downloaded^[[0m zerovec-derive v0.11.6
Quest 3 arm64 APK export (advisory until first green run)	UNKNOWN STEP	2026-09-06T11:03:00.9120156Z ^[[1m^[[92m  Downloaded^[[0m regex-syntax v0.8.11
Quest 3 arm64 APK export (advisory until first green run)	UNKNOWN STEP	2026-09-06T11:03:00.9188424Z ^[[1m^[[92m  Downloaded^[[0m tungstenite v0.21.0
Quest 3 arm64 APK export (advisory until first green run)	UNKNOWN STEP	2026-09-06T11:03:00.9222240Z ^[[1m^[[92m  Downloaded^[[0m serde_core v1.0.229
Quest 3 arm64 APK export (advisory until first green run)	UNKNOWN STEP	2026-09-06T11:03:00.9250166Z ^[[1m^[[92m  Downloaded^[[0m socket2 v0.6.5
Quest 3 arm64 APK export (advisory until first green run)	UNKNOWN STEP	2026-09-06T11:03:00.9268192Z ^[[1m^[[92m  Downloaded^[[0m nalgebra v0.34.2
Quest 3 arm64 APK export (advisory until first green run)	UNKNOWN STEP	2026-09-06T11:03:00.9525771Z ^[[1m^[[92m  Downloaded^[[0m glam v0.29.3
Quest 3 arm64 APK export (advisory until first green run)	UNKNOWN STEP	2026-09-06T11:03:00.9751406Z ^[[1m^[[92m  Downloaded^[[0m tracing-core v0.1.36
Quest 3 arm64 APK export (advisory until first green run)	UNKNOWN STEP	2026-09-06T11:03:00.9778157Z ^[[1m^[[92m  Downloaded^[[0m glam v0.28.0
Quest 3 arm64 APK export (advisory until first green run)	UNKNOWN STEP	2026-09-06T11:03:00.9977305Z ^[[1m^[[92m  Downloaded^[[0m unicode-ident v1.0.24
Quest 3 arm64 APK export (advisory until first green run)	UNKNOWN STEP	2026-09-06T11:03:01.0004915Z ^[[1m^[[92m  Downloaded^[[0m serde v1.0.229
Quest 3 arm64 APK export (advisory until first green run)	UNKNOWN STEP	2026-09-06T11:03:01.0040474Z ^[[1m^[[92m  Downloaded^[[0m simba v0.9.1
Quest 3 arm64 APK export (advisory until first green run)	UNKNOWN STEP	2026-09-06T11:03:01.0070496Z ^[[1m^[[92m  Downloaded^[[0m icu_normalizer v2.3.0
Quest 3 arm64 APK export (advisory until first green run)	UNKNOWN STEP	2026-09-06T11:03:01.0165429Z ^[[1m^[[92m  Downloaded^[[0m url v2.5.8
Quest 3 arm64 APK export (advisory until first green run)	UNKNOWN STEP	2026-09-06T11:03:01.0191542Z ^[[1m^[[92m  Downloaded^[[0m regex-automata v0.4.18
Quest 3 arm64 APK export (advisory until first green run)	UNKNOWN STEP	2026-09-06T11:03:01.0333637Z ^[[1m^[[92m  Downloaded^[[0m typenum v1.20.1
Quest 3 arm64 APK export (advisory until first green run)	UNKNOWN STEP	2026-09-06T11:03:01.0369056Z ^[[1m^[[92m  Downloaded^[[0m wide v0.7.33
Quest 3 arm64 APK export (advisory until first green run)	UNKNOWN STEP	2026-09-06T11:03:01.0418304Z ^[[1m^[[92m  Downloaded^[[0m zerotrie v0.2.5
Quest 3 arm64 APK export (advisory until first green run)	UNKNOWN STEP	2026-09-06T11:03:01.0459604Z ^[[1m^[[92m  Downloaded^[[0m zerocopy-derive v0.8.56
Quest 3 arm64 APK export (advisory until first green run)	UNKNOWN STEP	2026-09-06T11:03:01.0557974Z ^[[1m^[[92m  Downloaded^[[0m serde_json v1.0.151
Quest 3 arm64 APK export (advisory until first green run)	UNKNOWN STEP	2026-09-06T11:03:01.0632706Z ^[[1m^[[92m  Downloaded^[[0m glam v0.31.1
Quest 3 arm64 APK export (advisory until first green run)	UNKNOWN STEP	2026-09-06T11:03:01.0922354Z ^[[1m^[[92m  Downloaded^[[0m zerovec v0.11.8
Quest 3 arm64 APK export (advisory until first green run)	UNKNOWN STEP	2026-09-06T11:03:01.0984320Z ^[[1m^[[92m  Downloaded^[[0m glam v0.30.10
Quest 3 arm64 APK export (advisory until first green run)	UNKNOWN STEP	2026-09-06T11:03:01.1254090Z ^[[1m^[[92m  Downloaded^[[0m libc v0.2.189
Quest 3 arm64 APK export (advisory until first green run)	UNKNOWN STEP	2026-09-06T11:03:01.1703823Z ^[[1m^[[92m  Downloaded^[[0m tracing-subscriber v0.3.23
Quest 3 arm64 APK export (advisory until first green run)	UNKNOWN STEP	2026-09-06T11:03:01.1790198Z ^[[1m^[[92m  Downloaded^[[0m glam v0.32.1
Quest 3 arm64 APK export (advisory until first green run)	UNKNOWN STEP	2026-09-06T11:03:01.2076900Z ^[[1m^[[92m  Downloaded^[[0m zerocopy v0.8.56
Quest 3 arm64 APK export (advisory until first green run)	UNKNOWN STEP	2026-09-06T11:03:01.2300269Z ^[[1m^[[92m  Downloaded^[[0m syn v2.0.119
Quest 3 arm64 APK export (advisory until first green run)	UNKNOWN STEP	2026-09-06T11:03:01.2409086Z ^[[1m^[[92m  Downloaded^[[0m syn v3.0.5
Quest 3 arm64 APK export (advisory until first green run)	UNKNOWN STEP	2026-09-06T11:03:01.2518244Z ^[[1m^[[92m  Downloaded^[[0m tracing v0.1.44
Quest 3 arm64 APK export (advisory until first green run)	UNKNOWN STEP	2026-09-06T11:03:01.2676043Z ^[[1m^[[92m  Downloaded^[[0m tokio v1.53.1
Quest 3 arm64 APK export (advisory until first green run)	UNKNOWN STEP	2026-09-06T11:03:01.3140600Z ^[[1m^[[92m  Downloaded^[[0m gdextension-api v0.2.2
Quest 3 arm64 APK export (advisory until first green run)	UNKNOWN STEP	2026-09-06T11:03:01.4000654Z ^[[1m^[[92m  Downloaded^[[0m secp256k1-sys v0.10.1
Quest 3 arm64 APK export (advisory until first green run)	UNKNOWN STEP	2026-09-06T11:03:01.5034083Z ^[[1m^[[92m   Compiling^[[0m proc-macro2 v1.0.107
Quest 3 arm64 APK export (advisory until first green run)	UNKNOWN STEP	2026-09-06T11:03:01.5035286Z ^[[1m^[[92m   Compiling^[[0m unicode-ident v1.0.24
Quest 3 arm64 APK export (advisory until first green run)	UNKNOWN STEP	2026-09-06T11:03:01.5035944Z ^[[1m^[[92m   Compiling^[[0m quote v1.0.47
Quest 3 arm64 APK export (advisory until first green run)	UNKNOWN STEP	2026-09-06T11:03:01.5040198Z ^[[1m^[[92m   Compiling^[[0m stable_deref_trait v1.2.1
Quest 3 arm64 APK export (advisory until first green run)	UNKNOWN STEP	2026-09-06T11:03:01.5436021Z ^[[1m^[[92m   Compiling^[[0m godot-bindings v0.2.4
Quest 3 arm64 APK export (advisory until first green run)	UNKNOWN STEP	2026-09-06T11:03:01.5608587Z ^[[1m^[[92m   Compiling^[[0m libc v0.2.189
Quest 3 arm64 APK export (advisory until first green run)	UNKNOWN STEP	2026-09-06T11:03:01.6307469Z ^[[1m^[[92m   Compiling^[[0m gdextension-api v0.2.2
Quest 3 arm64 APK export (advisory until first green run)	UNKNOWN STEP	2026-09-06T11:03:01.6504002Z ^[[1m^[[92m   Compiling^[[0m autocfg v1.5.1
Quest 3 arm64 APK export (advisory until first green run)	UNKNOWN STEP	2026-09-06T11:03:01.9505812Z ^[[1m^[[92m   Compiling^[[0m cfg-if v1.0.4
Quest 3 arm64 APK export (advisory until first green run)	UNKNOWN STEP	2026-09-06T11:03:01.9815905Z ^[[1m^[[92m   Compiling^[[0m typenum v1.20.1
Quest 3 arm64 APK export (advisory until first green run)	UNKNOWN STEP	2026-09-06T11:03:02.3626583Z ^[[1m^[[92m   Compiling^[[0m version_check v0.9.5
Quest 3 arm64 APK export (advisory until first green run)	UNKNOWN STEP	2026-09-06T11:03:02.5145899Z ^[[1m^[[92m   Compiling^[[0m syn v2.0.119
Quest 3 arm64 APK export (advisory until first green run)	UNKNOWN STEP	2026-09-06T11:03:02.5505762Z ^[[1m^[[92m   Compiling^[[0m syn v3.0.5
Quest 3 arm64 APK export (advisory until first green run)	UNKNOWN STEP	2026-09-06T11:03:02.8695825Z ^[[1m^[[92m   Compiling^[[0m regex-syntax v0.8.11
Quest 3 arm64 APK export (advisory until first green run)	UNKNOWN STEP	2026-09-06T11:03:02.9066396Z ^[[1m^[[92m   Compiling^[[0m godot-codegen v0.2.4
Quest 3 arm64 APK export (advisory until first green run)	UNKNOWN STEP	2026-09-06T11:03:02.9795970Z ^[[1m^[[92m   Compiling^[[0m generic-array v0.14.7
Quest 3 arm64 APK export (advisory until first green run)	UNKNOWN STEP	2026-09-06T11:03:03.0585773Z ^[[1m^[[92m   Compiling^[[0m num-traits v0.2.19
Quest 3 arm64 APK export (advisory until first green run)	UNKNOWN STEP	2026-09-06T11:03:03.1401989Z ^[[1m^[[92m   Compiling^[[0m litemap v0.8.3
Quest 3 arm64 APK export (advisory until first green run)	UNKNOWN STEP	2026-09-06T11:03:03.3174221Z ^[[1m^[[92m   Compiling^[[0m nanoserde-derive v0.1.22
Quest 3 arm64 APK export (advisory until first green run)	UNKNOWN STEP	2026-09-06T11:03:04.2138832Z ^[[1m^[[92m   Compiling^[[0m regex-automata v0.4.18
Quest 3 arm64 APK export (advisory until first green run)	UNKNOWN STEP	2026-09-06T11:03:04.9795953Z ^[[1m^[[92m   Compiling^[[0m writeable v0.6.4
Quest 3 arm64 APK export (advisory until first green run)	UNKNOWN STEP	2026-09-06T11:03:05.2275928Z ^[[1m^[[92m   Compiling^[[0m nanoserde v0.1.37
Quest 3 arm64 APK export (advisory until first green run)	UNKNOWN STEP	2026-09-06T11:03:05.8065935Z ^[[1m^[[92m   Compiling^[[0m regex v1.13.1
Quest 3 arm64 APK export (advisory until first green run)	UNKNOWN STEP	2026-09-06T11:03:06.1997162Z ^[[1m^[[92m   Compiling^[[0m synstructure v0.13.2
Quest 3 arm64 APK export (advisory until first green run)	UNKNOWN STEP	2026-09-06T11:03:06.5995665Z ^[[1m^[[92m   Compiling^[[0m utf8_iter v1.0.4
Quest 3 arm64 APK export (advisory until first green run)	UNKNOWN STEP	2026-09-06T11:03:06.6946031Z ^[[1m^[[92m   Compiling^[[0m icu_properties_data v2.3.0
Quest 3 arm64 APK export (advisory until first green run)	UNKNOWN STEP	2026-09-06T11:03:06.7205698Z ^[[1m^[[92m   Compiling^[[0m heck v0.5.0
Quest 3 arm64 APK export (advisory until first green run)	UNKNOWN STEP	2026-09-06T11:03:06.7773860Z ^[[1m^[[92m   Compiling^[[0m paste v1.0.15
Quest 3 arm64 APK export (advisory until first green run)	UNKNOWN STEP	2026-09-06T11:03:06.8695859Z ^[[1m^[[92m   Compiling^[[0m icu_normalizer_data v2.3.0
Quest 3 arm64 APK export (advisory until first green run)	UNKNOWN STEP	2026-09-06T11:03:06.9155881Z ^[[1m^[[92m   Compiling^[[0m smallvec v1.16.0
Quest 3 arm64 APK export (advisory until first green run)	UNKNOWN STEP	2026-09-06T11:03:06.9555991Z ^[[1m^[[92m   Compiling^[[0m zerocopy v0.8.56
Quest 3 arm64 APK export (advisory until first green run)	UNKNOWN STEP	2026-09-06T11:03:07.5115988Z ^[[1m^[[92m   Compiling^[[0m zerovec-derive v0.11.6
Quest 3 arm64 APK export (advisory until first green run)	UNKNOWN STEP	2026-09-06T11:03:07.8385702Z ^[[1m^[[92m   Compiling^[[0m displaydoc v0.2.7
Quest 3 arm64 APK export (advisory until first green run)	UNKNOWN STEP	2026-09-06T11:03:07.9126490Z ^[[1m^[[92m   Compiling^[[0m zerofrom-derive v0.1.7
Quest 3 arm64 APK export (advisory until first green run)	UNKNOWN STEP	2026-09-06T11:03:08.3865480Z ^[[1m^[[92m   Compiling^[[0m yoke-derive v0.8.2
Quest 3 arm64 APK export (advisory until first green run)	UNKNOWN STEP	2026-09-06T11:03:09.0145862Z ^[[1m^[[92m   Compiling^[[0m zerofrom v0.1.8
Quest 3 arm64 APK export (advisory until first green run)	UNKNOWN STEP	2026-09-06T11:03:09.3493389Z ^[[1m^[[92m   Compiling^[[0m yoke v0.8.3
Quest 3 arm64 APK export (advisory until first green run)	UNKNOWN STEP	2026-09-06T11:03:09.5126368Z ^[[1m^[[92m   Compiling^[[0m zerovec v0.11.8
Quest 3 arm64 APK export (advisory until first green run)	UNKNOWN STEP	2026-09-06T11:03:09.8120166Z ^[[1m^[[92m   Compiling^[[0m zerotrie v0.2.5
Quest 3 arm64 APK export (advisory until first green run)	UNKNOWN STEP	2026-09-06T11:03:10.0576268Z ^[[1m^[[92m   Compiling^[[0m getrandom v0.2.17
Quest 3 arm64 APK export (advisory until first green run)	UNKNOWN STEP	2026-09-06T11:03:10.1766097Z ^[[1m^[[92m   Compiling^[[0m tinystr v0.8.4
Quest 3 arm64 APK export (advisory until first green run)	UNKNOWN STEP	2026-09-06T11:03:10.2395868Z ^[[1m^[[92m   Compiling^[[0m potential_utf v0.1.6
Quest 3 arm64 APK export (advisory until first green run)	UNKNOWN STEP	2026-09-06T11:03:10.2626778Z ^[[1m^[[92m   Compiling^[[0m pin-project-lite v0.2.17
Quest 3 arm64 APK export (advisory until first green run)	UNKNOWN STEP	2026-09-06T11:03:10.3032719Z ^[[1m^[[92m   Compiling^[[0m once_cell v1.21.4
Quest 3 arm64 APK export (advisory until first green run)	UNKNOWN STEP	2026-09-06T11:03:10.3308336Z ^[[1m^[[92m   Compiling^[[0m icu_locale_core v2.3.0
Quest 3 arm64 APK export (advisory until first green run)	UNKNOWN STEP	2026-09-06T11:03:10.3510931Z ^[[1m^[[92m   Compiling^[[0m icu_collections v2.3.0
Quest 3 arm64 APK export (advisory until first green run)	UNKNOWN STEP	2026-09-06T11:03:10.4803378Z ^[[1m^[[92m   Compiling^[[0m tracing-core v0.1.36
Quest 3 arm64 APK export (advisory until first green run)	UNKNOWN STEP	2026-09-06T11:03:11.0776807Z ^[[1m^[[92m   Compiling^[[0m rand_core v0.6.4
Quest 3 arm64 APK export (advisory until first green run)	UNKNOWN STEP	2026-09-06T11:03:11.2875926Z ^[[1m^[[92m   Compiling^[[0m block-buffer v0.10.4
Quest 3 arm64 APK export (advisory until first green run)	UNKNOWN STEP	2026-09-06T11:03:11.3718170Z ^[[1m^[[92m   Compiling^[[0m icu_provider v2.3.1
Quest 3 arm64 APK export (advisory until first green run)	UNKNOWN STEP	2026-09-06T11:03:11.6453708Z ^[[1m^[[92m   Compiling^[[0m icu_normalizer v2.3.0
Quest 3 arm64 APK export (advisory until first green run)	UNKNOWN STEP	2026-09-06T11:03:11.9900835Z ^[[1m^[[92m   Compiling^[[0m icu_properties v2.3.0
Quest 3 arm64 APK export (advisory until first green run)	UNKNOWN STEP	2026-09-06T11:03:13.0795121Z ^[[1m^[[92m   Compiling^[[0m crypto-common v0.1.7
Quest 3 arm64 APK export (advisory until first green run)	UNKNOWN STEP	2026-09-06T11:03:13.1535814Z ^[[1m^[[92m   Compiling^[[0m serde_core v1.0.229
Quest 3 arm64 APK export (advisory until first green run)	UNKNOWN STEP	2026-09-06T11:03:13.3089095Z ^[[1m^[[92m   Compiling^[[0m find-msvc-tools v0.1.12
Quest 3 arm64 APK export (advisory until first green run)	UNKNOWN STEP	2026-09-06T11:03:13.4636513Z ^[[1m^[[92m   Compiling^[[0m ppv-lite86 v0.2.21
Quest 3 arm64 APK export (advisory until first green run)	UNKNOWN STEP	2026-09-06T11:03:13.4862395Z ^[[1m^[[92m   Compiling^[[0m bytes v1.12.1
Quest 3 arm64 APK export (advisory until first green run)	UNKNOWN STEP	2026-09-06T11:03:13.7154795Z ^[[1m^[[92m   Compiling^[[0m log v0.4.34
Quest 3 arm64 APK export (advisory until first green run)	UNKNOWN STEP	2026-09-06T11:03:13.9092735Z ^[[1m^[[92m   Compiling^[[0m bytemuck v1.25.2
Quest 3 arm64 APK export (advisory until first green run)	UNKNOWN STEP	2026-09-06T11:03:13.9146903Z ^[[1m^[[92m   Compiling^[[0m shlex v2.0.1
Quest 3 arm64 APK export (advisory until first green run)	UNKNOWN STEP	2026-09-06T11:03:14.0288711Z ^[[1m^[[92m   Compiling^[[0m cc v1.4.5
Quest 3 arm64 APK export (advisory until first green run)	UNKNOWN STEP	2026-09-06T11:03:14.0386380Z ^[[1m^[[92m   Compiling^[[0m rand_chacha v0.3.1
Quest 3 arm64 APK export (advisory until first green run)	UNKNOWN STEP	2026-09-06T11:03:14.0866028Z ^[[1m^[[92m   Compiling^[[0m safe_arch v0.7.4
Quest 3 arm64 APK export (advisory until first green run)	UNKNOWN STEP	2026-09-06T11:03:14.1425791Z ^[[1m^[[92m   Compiling^[[0m idna_adapter v1.2.2
Quest 3 arm64 APK export (advisory until first green run)	UNKNOWN STEP	2026-09-06T11:03:14.2213640Z ^[[1m^[[92m   Compiling^[[0m digest v0.10.7
Quest 3 arm64 APK export (advisory until first green run)	UNKNOWN STEP	2026-09-06T11:03:14.4063569Z ^[[1m^[[92m   Compiling^[[0m godot-ffi v0.2.4
Quest 3 arm64 APK export (advisory until first green run)	UNKNOWN STEP	2026-09-06T11:03:14.4598784Z ^[[1m^[[92m   Compiling^[[0m cpufeatures v0.2.17
Quest 3 arm64 APK export (advisory until first green run)	UNKNOWN STEP	2026-09-06T11:03:14.5065544Z ^[[1m^[[92m   Compiling^[[0m matrixmultiply v0.3.11
Quest 3 arm64 APK export (advisory until first green run)	UNKNOWN STEP	2026-09-06T11:03:14.5699582Z ^[[1m^[[92m   Compiling^[[0m percent-encoding v2.3.2
Quest 3 arm64 APK export (advisory until first green run)	UNKNOWN STEP	2026-09-06T11:03:14.6039971Z ^[[1m^[[92m   Compiling^[[0m itoa v1.0.18
Quest 3 arm64 APK export (advisory until first green run)	UNKNOWN STEP	2026-09-06T11:03:14.7794021Z ^[[1m^[[92m   Compiling^[[0m httparse v1.10.1
Quest 3 arm64 APK export (advisory until first green run)	UNKNOWN STEP	2026-09-06T11:03:14.8140557Z ^[[1m^[[92m   Compiling^[[0m thiserror v1.0.69
Quest 3 arm64 APK export (advisory until first green run)	UNKNOWN STEP	2026-09-06T11:03:14.9906065Z ^[[1m^[[92m   Compiling^[[0m form_urlencoded v1.2.2
Quest 3 arm64 APK export (advisory until first green run)	UNKNOWN STEP	2026-09-06T11:03:15.1856400Z ^[[1m^[[92m   Compiling^[[0m idna v1.1.0
Quest 3 arm64 APK export (advisory until first green run)	UNKNOWN STEP	2026-09-06T11:03:15.4981539Z ^[[1m^[[92m   Compiling^[[0m secp256k1-sys v0.10.1
Quest 3 arm64 APK export (advisory until first green run)	UNKNOWN STEP	2026-09-06T11:03:15.6235673Z ^[[1m^[[92m   Compiling^[[0m rand v0.8.8
Quest 3 arm64 APK export (advisory until first green run)	UNKNOWN STEP	2026-09-06T11:03:16.1556547Z ^[[1m^[[92m   Compiling^[[0m wide v0.7.33
Quest 3 arm64 APK export (advisory until first green run)	UNKNOWN STEP	2026-09-06T11:03:16.8588320Z ^[[1m^[[92m   Compiling^[[0m godot-core v0.2.4
Quest 3 arm64 APK export (advisory until first green run)	UNKNOWN STEP	2026-09-06T11:03:17.0026080Z ^[[1m^[[92m   Compiling^[[0m num-integer v0.1.47
Quest 3 arm64 APK export (advisory until first green run)	UNKNOWN STEP	2026-09-06T11:03:17.6170823Z ^[[1m^[[92m   Compiling^[[0m num-complex v0.4.6
Quest 3 arm64 APK export (advisory until first green run)	UNKNOWN STEP	2026-09-06T11:03:17.9067481Z ^[[1m^[[92m   Compiling^[[0m approx v0.5.1
Quest 3 arm64 APK export (advisory until first green run)	UNKNOWN STEP	2026-09-06T11:03:18.0105892Z ^[[1m^[[92m   Compiling^[[0m tracing-attributes v0.1.31
Quest 3 arm64 APK export (advisory until first green run)	UNKNOWN STEP	2026-09-06T11:03:18.1534839Z ^[[1m^[[92m   Compiling^[[0m thiserror-impl v1.0.69
Quest 3 arm64 APK export (advisory until first green run)	UNKNOWN STEP	2026-09-06T11:03:18.5946438Z ^[[1m^[[92m   Compiling^[[0m godot-macros v0.2.4
Quest 3 arm64 APK export (advisory until first green run)	UNKNOWN STEP	2026-09-06T11:03:18.6692712Z ^[[1m^[[92m   Compiling^[[0m zmij v1.0.23
Quest 3 arm64 APK export (advisory until first green run)	UNKNOWN STEP	2026-09-06T11:03:18.8086115Z ^[[1m^[[92m   Compiling^[[0m lazy_static v1.5.0
Quest 3 arm64 APK export (advisory until first green run)	UNKNOWN STEP	2026-09-06T11:03:18.8545957Z ^[[1m^[[92m   Compiling^[[0m thiserror v2.0.20
Quest 3 arm64 APK export (advisory until first green run)	UNKNOWN STEP	2026-09-06T11:03:19.0396465Z ^[[1m^[[92m   Compiling^[[0m serde v1.0.229
Quest 3 arm64 APK export (advisory until first green run)	UNKNOWN STEP	2026-09-06T11:03:19.1416356Z ^[[1m^[[92m   Compiling^[[0m rawpointer v0.2.1
Quest 3 arm64 APK export (advisory until first green run)	UNKNOWN STEP	2026-09-06T11:03:19.2116326Z ^[[1m^[[92m   Compiling^[[0m tracing v0.1.44
Quest 3 arm64 APK export (advisory until first green run)	UNKNOWN STEP	2026-09-06T11:03:19.2725875Z ^[[1m^[[92m   Compiling^[[0m sharded-slab v0.1.7
Quest 3 arm64 APK export (advisory until first green run)	UNKNOWN STEP	2026-09-06T11:03:19.3208840Z ^[[1m^[[92m   Compiling^[[0m simba v0.9.1
Quest 3 arm64 APK export (advisory until first green run)	UNKNOWN STEP	2026-09-06T11:03:19.5455988Z ^[[1m^[[92m   Compiling^[[0m num-rational v0.4.2
Quest 3 arm64 APK export (advisory until first green run)	UNKNOWN STEP	2026-09-06T11:03:24.1855919Z ^[[1m^[[92m   Compiling^[[0m url v2.5.8
Quest 3 arm64 APK export (advisory until first green run)	UNKNOWN STEP	2026-09-06T11:03:25.0375992Z ^[[1m^[[92m   Compiling^[[0m http v1.5.0
Quest 3 arm64 APK export (advisory until first green run)	UNKNOWN STEP	2026-09-06T11:03:27.1236393Z ^[[1m^[[92m   Compiling^[[0m sha1 v0.10.7
Quest 3 arm64 APK export (advisory until first green run)	UNKNOWN STEP	2026-09-06T11:03:27.2230012Z ^[[1m^[[92m   Compiling^[[0m tracing-log v0.2.0
Quest 3 arm64 APK export (advisory until first green run)	UNKNOWN STEP	2026-09-06T11:03:27.4935805Z ^[[1m^[[92m   Compiling^[[0m nalgebra-macros v0.3.0
Quest 3 arm64 APK export (advisory until first green run)	UNKNOWN STEP	2026-09-06T11:03:27.5216146Z ^[[1m^[[92m   Compiling^[[0m tokio-macros v2.7.2
Quest 3 arm64 APK export (advisory until first green run)	UNKNOWN STEP	2026-09-06T11:03:27.8556439Z ^[[1m^[[92m   Compiling^[[0m futures-macro v0.3.34
Quest 3 arm64 APK export (advisory until first green run)	UNKNOWN STEP	2026-09-06T11:03:28.0411808Z ^[[1m^[[92m   Compiling^[[0m thiserror-impl v2.0.20
Quest 3 arm64 APK export (advisory until first green run)	UNKNOWN STEP	2026-09-06T11:03:28.5205819Z ^[[1m^[[92m   Compiling^[[0m serde_derive v1.0.229
Quest 3 arm64 APK export (advisory until first green run)	UNKNOWN STEP	2026-09-06T11:03:29.2345672Z ^[[1m^[[92m   Compiling^[[0m venial v0.6.1
Quest 3 arm64 APK export (advisory until first green run)	UNKNOWN STEP	2026-09-06T11:03:30.0917565Z ^[[1m^[[92m   Compiling^[[0m socket2 v0.6.5
Quest 3 arm64 APK export (advisory until first green run)	UNKNOWN STEP	2026-09-06T11:03:30.8796392Z ^[[1m^[[92m   Compiling^[[0m mio v1.2.3
Quest 3 arm64 APK export (advisory until first green run)	UNKNOWN STEP	2026-09-06T11:03:31.0482593Z ^[[1m^[[92m   Compiling^[[0m thread_local v1.1.10
Quest 3 arm64 APK export (advisory until first green run)	UNKNOWN STEP	2026-09-06T11:03:31.3176524Z ^[[1m^[[92m   Compiling^[[0m utf-8 v0.7.6
Quest 3 arm64 APK export (advisory until first green run)	UNKNOWN STEP	2026-09-06T11:03:31.4537682Z ^[[1m^[[92m   Compiling^[[0m futures-sink v0.3.34
Quest 3 arm64 APK export (advisory until first green run)	UNKNOWN STEP	2026-09-06T11:03:31.4976229Z ^[[1m^[[92m   Compiling^[[0m godot-cell v0.2.4
Quest 3 arm64 APK export (advisory until first green run)	UNKNOWN STEP	2026-09-06T11:03:31.5515885Z ^[[1m^[[92m   Compiling^[[0m futures-core v0.3.34
Quest 3 arm64 APK export (advisory until first green run)	UNKNOWN STEP	2026-09-06T11:03:31.6075855Z ^[[1m^[[92m   Compiling^[[0m serde_json v1.0.151
Quest 3 arm64 APK export (advisory until first green run)	UNKNOWN STEP	2026-09-06T11:03:31.6486218Z ^[[1m^[[92m   Compiling^[[0m byteorder v1.5.0
Quest 3 arm64 APK export (advisory until first green run)	UNKNOWN STEP	2026-09-06T11:03:31.6979561Z ^[[1m^[[92m   Compiling^[[0m futures-task v0.3.34
Quest 3 arm64 APK export (advisory until first green run)	UNKNOWN STEP	2026-09-06T11:03:31.8145800Z ^[[1m^[[92m   Compiling^[[0m slab v0.4.12
Quest 3 arm64 APK export (advisory until first green run)	UNKNOWN STEP	2026-09-06T11:03:31.8982115Z ^[[1m^[[92m   Compiling^[[0m glam v0.28.0
Quest 3 arm64 APK export (advisory until first green run)	UNKNOWN STEP	2026-09-06T11:03:31.9247997Z ^[[1m^[[92m   Compiling^[[0m data-encoding v2.11.1
Quest 3 arm64 APK export (advisory until first green run)	UNKNOWN STEP	2026-09-06T11:03:31.9556857Z ^[[1m^[[92m   Compiling^[[0m nu-ansi-term v0.50.3
Quest 3 arm64 APK export (advisory until first green run)	UNKNOWN STEP	2026-09-06T11:03:32.4765645Z ^[[1m^[[92m   Compiling^[[0m tungstenite v0.21.0
Quest 3 arm64 APK export (advisory until first green run)	UNKNOWN STEP	2026-09-06T11:03:35.5682012Z ^[[1m^[[92m   Compiling^[[0m tracing-subscriber v0.3.23
Quest 3 arm64 APK export (advisory until first green run)	UNKNOWN STEP	2026-09-06T11:03:35.9416441Z ^[[1m^[[92m   Compiling^[[0m futures-util v0.3.34
Quest 3 arm64 APK export (advisory until first green run)	UNKNOWN STEP	2026-09-06T11:03:39.5495566Z ^[[1m^[[92m   Compiling^[[0m tokio v1.53.1
Quest 3 arm64 APK export (advisory until first green run)	UNKNOWN STEP	2026-09-06T11:03:42.1935959Z ^[[1m^[[92m   Compiling^[[0m nalgebra v0.34.2
Quest 3 arm64 APK export (advisory until first green run)	UNKNOWN STEP	2026-09-06T11:03:51.1686031Z ^[[1m^[[92m   Compiling^[[0m android_log-sys v0.2.0
Quest 3 arm64 APK export (advisory until first green run)	UNKNOWN STEP	2026-09-06T11:03:51.2256035Z ^[[1m^[[92m   Compiling^[[0m memchr v2.8.3
Quest 3 arm64 APK export (advisory until first green run)	UNKNOWN STEP	2026-09-06T11:03:52.0905951Z ^[[1m^[[92m   Compiling^[[0m tracing-android v0.2.0
Quest 3 arm64 APK export (advisory until first green run)	UNKNOWN STEP	2026-09-06T11:03:52.3822008Z ^[[1m^[[92m   Compiling^[[0m visionclaw-xr-presence v0.2.1 (/home/runner/work/VisionClaw/VisionClaw/crates/visionclaw-xr-presence)
Quest 3 arm64 APK export (advisory until first green run)	UNKNOWN STEP	2026-09-06T11:03:53.7695762Z ^[[1m^[[92m   Compiling^[[0m tokio-tungstenite v0.21.0
Quest 3 arm64 APK export (advisory until first green run)	UNKNOWN STEP	2026-09-06T11:03:54.0335774Z ^[[1m^[[92m   Compiling^[[0m secp256k1 v0.29.1
Quest 3 arm64 APK export (advisory until first green run)	UNKNOWN STEP	2026-09-06T11:03:54.7035759Z ^[[1m^[[92m   Compiling^[[0m sha2 v0.10.9
Quest 3 arm64 APK export (advisory until first green run)	UNKNOWN STEP	2026-09-06T11:03:54.8447563Z ^[[1m^[[92m   Compiling^[[0m async-trait v0.1.92
Quest 3 arm64 APK export (advisory until first green run)	UNKNOWN STEP	2026-09-06T11:03:55.5405995Z ^[[1m^[[92m   Compiling^[[0m hex v0.4.3
Quest 3 arm64 APK export (advisory until first green run)	UNKNOWN STEP	2026-09-06T11:04:06.5177703Z ^[[1m^[[92m   Compiling^[[0m godot v0.2.4
Quest 3 arm64 APK export (advisory until first green run)	UNKNOWN STEP	2026-09-06T11:05:36.6302065Z ^[[1m^[[92m   Compiling^[[0m visionclaw-xr-gdext v0.2.1 (/home/runner/work/VisionClaw/VisionClaw/xr-client/rust)
Quest 3 arm64 APK export (advisory until first green run)	UNKNOWN STEP	2026-09-06T11:05:44.8889265Z ^[[1m^[[92m    Finished^[[0m `release` profile [optimized] target(s) in 2m 45s
Quest 3 arm64 APK export (advisory until first green run)	UNKNOWN STEP	2026-09-06T11:05:44.9305876Z ##[group]Run curl -fsSL -o /tmp/templates.tpz \
Quest 3 arm64 APK export (advisory until first green run)	UNKNOWN STEP	2026-09-06T11:05:44.9306306Z ^[[36;1mcurl -fsSL -o /tmp/templates.tpz \^[[0m
Quest 3 arm64 APK export (advisory until first green run)	UNKNOWN STEP	2026-09-06T11:05:44.9307148Z ^[[36;1m  "https://github.com/godotengine/godot/releases/download/${GODOT_VERSION}/Godot_v${GODOT_VERSION}_export_templates.tpz"^[[0m
Quest 3 arm64 APK export (advisory until first green run)	UNKNOWN STEP	2026-09-06T11:05:44.9307824Z ^[[36;1mmkdir -p ~/.local/share/godot/export_templates^[[0m
Quest 3 arm64 APK export (advisory until first green run)	UNKNOWN STEP	2026-09-06T11:05:44.9308187Z ^[[36;1munzip -q /tmp/templates.tpz -d /tmp/tpl^[[0m
Quest 3 arm64 APK export (advisory until first green run)	UNKNOWN STEP	2026-09-06T11:05:44.9308593Z ^[[36;1mmv /tmp/tpl/templates/* ~/.local/share/godot/export_templates/^[[0m
Quest 3 arm64 APK export (advisory until first green run)	UNKNOWN STEP	2026-09-06T11:05:44.9309031Z ^[[36;1mls ~/.local/share/godot/export_templates/ | head -4^[[0m
Quest 3 arm64 APK export (advisory until first green run)	UNKNOWN STEP	2026-09-06T11:05:44.9345296Z shell: /usr/bin/bash -e {0}
Quest 3 arm64 APK export (advisory until first green run)	UNKNOWN STEP	2026-09-06T11:05:44.9345551Z env:
Quest 3 arm64 APK export (advisory until first green run)	UNKNOWN STEP	2026-09-06T11:05:44.9345744Z   CARGO_TERM_COLOR: always
Quest 3 arm64 APK export (advisory until first green run)	UNKNOWN STEP	2026-09-06T11:05:44.9345984Z   RUST_BACKTRACE: 1
Quest 3 arm64 APK export (advisory until first green run)	UNKNOWN STEP	2026-09-06T11:05:44.9346191Z   GODOT_VERSION: 4.3-stable
Quest 3 arm64 APK export (advisory until first green run)	UNKNOWN STEP	2026-09-06T11:05:44.9346410Z   GUT_VERSION: 9.3.1
Quest 3 arm64 APK export (advisory until first green run)	UNKNOWN STEP	2026-09-06T11:05:44.9346655Z   CARGO_HOME: /home/runner/.cargo
Quest 3 arm64 APK export (advisory until first green run)	UNKNOWN STEP	2026-09-06T11:05:44.9346900Z   CARGO_INCREMENTAL: 0
Quest 3 arm64 APK export (advisory until first green run)	UNKNOWN STEP	2026-09-06T11:05:44.9347226Z   JAVA_HOME: /opt/hostedtoolcache/Java_Temurin-Hotspot_jdk/17.0.20-1/x64
Quest 3 arm64 APK export (advisory until first green run)	UNKNOWN STEP	2026-09-06T11:05:44.9347725Z   JAVA_HOME_17_X64: /opt/hostedtoolcache/Java_Temurin-Hotspot_jdk/17.0.20-1/x64
Quest 3 arm64 APK export (advisory until first green run)	UNKNOWN STEP	2026-09-06T11:05:44.9348097Z ##[endgroup]
Quest 3 arm64 APK export (advisory until first green run)	UNKNOWN STEP	2026-09-06T11:06:00.4481671Z android_debug.apk
Quest 3 arm64 APK export (advisory until first green run)	UNKNOWN STEP	2026-09-06T11:06:00.4481964Z android_release.apk
Quest 3 arm64 APK export (advisory until first green run)	UNKNOWN STEP	2026-09-06T11:06:00.4482198Z android_source.zip
Quest 3 arm64 APK export (advisory until first green run)	UNKNOWN STEP	2026-09-06T11:06:00.4482413Z ios.zip
Quest 3 arm64 APK export (advisory until first green run)	UNKNOWN STEP	2026-09-06T11:06:00.4512024Z ##[group]Run curl -fsSL -o /tmp/godot.zip \
Quest 3 arm64 APK export (advisory until first green run)	UNKNOWN STEP	2026-09-06T11:06:00.4512393Z ^[[36;1mcurl -fsSL -o /tmp/godot.zip \^[[0m
Quest 3 arm64 APK export (advisory until first green run)	UNKNOWN STEP	2026-09-06T11:06:00.4512975Z ^[[36;1m  "https://github.com/godotengine/godot/releases/download/${GODOT_VERSION}/Godot_v${GODOT_VERSION}_linux.x86_64.zip"^[[0m
Quest 3 arm64 APK export (advisory until first green run)	UNKNOWN STEP	2026-09-06T11:06:00.4513551Z ^[[36;1munzip -q /tmp/godot.zip -d /tmp/godot^[[0m
Quest 3 arm64 APK export (advisory until first green run)	UNKNOWN STEP	2026-09-06T11:06:00.4513848Z ^[[36;1mmkdir -p export^[[0m
Quest 3 arm64 APK export (advisory until first green run)	UNKNOWN STEP	2026-09-06T11:06:00.4514171Z ^[[36;1m/tmp/godot/Godot_v${GODOT_VERSION}_linux.x86_64 --headless \^[[0m
Quest 3 arm64 APK export (advisory until first green run)	UNKNOWN STEP	2026-09-06T11:06:00.4515171Z ^[[36;1m  --path . --export-release "Quest 3 arm64" export/visionclaw-xr.apk^[[0m
Quest 3 arm64 APK export (advisory until first green run)	UNKNOWN STEP	2026-09-06T11:06:00.4551698Z shell: /usr/bin/bash -e {0}
Quest 3 arm64 APK export (advisory until first green run)	UNKNOWN STEP	2026-09-06T11:06:00.4551945Z env:
Quest 3 arm64 APK export (advisory until first green run)	UNKNOWN STEP	2026-09-06T11:06:00.4552129Z   CARGO_TERM_COLOR: always
Quest 3 arm64 APK export (advisory until first green run)	UNKNOWN STEP	2026-09-06T11:06:00.4552352Z   RUST_BACKTRACE: 1
Quest 3 arm64 APK export (advisory until first green run)	UNKNOWN STEP	2026-09-06T11:06:00.4552555Z   GODOT_VERSION: 4.3-stable
Quest 3 arm64 APK export (advisory until first green run)	UNKNOWN STEP	2026-09-06T11:06:00.4552771Z   GUT_VERSION: 9.3.1
Quest 3 arm64 APK export (advisory until first green run)	UNKNOWN STEP	2026-09-06T11:06:00.4552987Z   CARGO_HOME: /home/runner/.cargo
Quest 3 arm64 APK export (advisory until first green run)	UNKNOWN STEP	2026-09-06T11:06:00.4553259Z   CARGO_INCREMENTAL: 0
Quest 3 arm64 APK export (advisory until first green run)	UNKNOWN STEP	2026-09-06T11:06:00.4553578Z   JAVA_HOME: /opt/hostedtoolcache/Java_Temurin-Hotspot_jdk/17.0.20-1/x64
Quest 3 arm64 APK export (advisory until first green run)	UNKNOWN STEP	2026-09-06T11:06:00.4554056Z   JAVA_HOME_17_X64: /opt/hostedtoolcache/Java_Temurin-Hotspot_jdk/17.0.20-1/x64
Quest 3 arm64 APK export (advisory until first green run)	UNKNOWN STEP	2026-09-06T11:06:00.4554787Z ##[endgroup]
Quest 3 arm64 APK export (advisory until first green run)	UNKNOWN STEP	2026-09-06T11:06:01.6115543Z Godot Engine v4.3.stable.official.77dcf97d8 - https://godotengine.org
Quest 3 arm64 APK export (advisory until first green run)	UNKNOWN STEP	2026-09-06T11:06:01.6131634Z TextServer: Added interface "Dummy"
Quest 3 arm64 APK export (advisory until first green run)	UNKNOWN STEP	2026-09-06T11:06:01.6214045Z TextServer: Added interface "ICU / HarfBuzz / Graphite (Built-in)"
Quest 3 arm64 APK export (advisory until first green run)	UNKNOWN STEP	2026-09-06T11:06:01.6286802Z JoypadLinux: udev enabled and loaded successfully.
Quest 3 arm64 APK export (advisory until first green run)	UNKNOWN STEP	2026-09-06T11:06:01.6304950Z Requested V-Sync mode: Disabled
Quest 3 arm64 APK export (advisory until first green run)	UNKNOWN STEP	2026-09-06T11:06:01.6315105Z Using "default" pen tablet driver...
Quest 3 arm64 APK export (advisory until first green run)	UNKNOWN STEP	2026-09-06T11:06:01.6318050Z 
Quest 3 arm64 APK export (advisory until first green run)	UNKNOWN STEP	2026-09-06T11:06:01.6318502Z TextServer: Primary interface set to: "ICU / HarfBuzz / Graphite (Built-in)".
Quest 3 arm64 APK export (advisory until first green run)	UNKNOWN STEP	2026-09-06T11:06:01.7064759Z CORE API HASH: 966092234
Quest 3 arm64 APK export (advisory until first green run)	UNKNOWN STEP	2026-09-06T11:06:01.7070554Z EDITOR API HASH: 444927587
Quest 3 arm64 APK export (advisory until first green run)	UNKNOWN STEP	2026-09-06T11:06:01.7094616Z EditorTheme: Generating new theme for the config '66886095'.
Quest 3 arm64 APK export (advisory until first green run)	UNKNOWN STEP	2026-09-06T11:06:01.7097239Z EditorTheme: Generating new icons.
Quest 3 arm64 APK export (advisory until first green run)	UNKNOWN STEP	2026-09-06T11:06:01.7952858Z EditorTheme: Generating new fonts.
Quest 3 arm64 APK export (advisory until first green run)	UNKNOWN STEP	2026-09-06T11:06:01.8079958Z EditorTheme: Generating new styles.
Quest 3 arm64 APK export (advisory until first green run)	UNKNOWN STEP	2026-09-06T11:06:02.9806435Z Generating 2,048 bit RSA key pair and self-signed certificate (SHA256withRSA) with a validity of 10,000 days
Quest 3 arm64 APK export (advisory until first green run)	UNKNOWN STEP	2026-09-06T11:06:02.9807146Z 	for: CN=Godot, OU=Godot Engine, O=Stichting Godot, C=NL
Quest 3 arm64 APK export (advisory until first green run)	UNKNOWN STEP	2026-09-06T11:06:02.9807395Z 
Quest 3 arm64 APK export (advisory until first green run)	UNKNOWN STEP	2026-09-06T11:06:02.9807772Z Updated editor debug keystore to /home/runner/.local/share/godot/keystores/debug.keystore
Quest 3 arm64 APK export (advisory until first green run)	UNKNOWN STEP	2026-09-06T11:06:03.5037862Z Regenerating editor help cache
Quest 3 arm64 APK export (advisory until first green run)	UNKNOWN STEP	2026-09-06T11:06:03.5046023Z Class 'AbstractPolygon2DEditor' is not exposed, skipping.
Quest 3 arm64 APK export (advisory until first green run)	UNKNOWN STEP	2026-09-06T11:06:03.5046775Z Class 'AbstractPolygon2DEditorPlugin' is not exposed, skipping.
Quest 3 arm64 APK export (advisory until first green run)	UNKNOWN STEP	2026-09-06T11:06:03.5053451Z Class 'ActionMapEditor' is not exposed, skipping.
Quest 3 arm64 APK export (advisory until first green run)	UNKNOWN STEP	2026-09-06T11:06:03.5054012Z Class 'AnchorPresetPicker' is not exposed, skipping.
Quest 3 arm64 APK export (advisory until first green run)	UNKNOWN STEP	2026-09-06T11:06:03.5110811Z Class 'AnimationBezierTrackEdit' is not exposed, skipping.
Quest 3 arm64 APK export (advisory until first green run)	UNKNOWN STEP	2026-09-06T11:06:03.5111476Z Class 'AnimationLibraryEditor' is not exposed, skipping.
Quest 3 arm64 APK export (advisory until first green run)	UNKNOWN STEP	2026-09-06T11:06:03.5131065Z Class 'AnimationNodeBlendSpace1DEditor' is not exposed, skipping.
Quest 3 arm64 APK export (advisory until first green run)	UNKNOWN STEP	2026-09-06T11:06:03.5134618Z Class 'AnimationNodeBlendSpace2DEditor' is not exposed, skipping.
Quest 3 arm64 APK export (advisory until first green run)	UNKNOWN STEP	2026-09-06T11:06:03.5135651Z Class 'AnimationNodeBlendTreeEditor' is not exposed, skipping.
Quest 3 arm64 APK export (advisory until first green run)	UNKNOWN STEP	2026-09-06T11:06:03.5139322Z Class 'AnimationNodeStateMachineEditor' is not exposed, skipping.
Quest 3 arm64 APK export (advisory until first green run)	UNKNOWN STEP	2026-09-06T11:06:03.5156066Z Class 'AnimationPlayerEditor' is not exposed, skipping.
Quest 3 arm64 APK export (advisory until first green run)	UNKNOWN STEP	2026-09-06T11:06:03.5156758Z Class 'AnimationPlayerEditorPlugin' is not exposed, skipping.
Quest 3 arm64 APK export (advisory until first green run)	UNKNOWN STEP	2026-09-06T11:06:03.5157376Z Class 'AnimationTimelineEdit' is not exposed, skipping.
Quest 3 arm64 APK export (advisory until first green run)	UNKNOWN STEP	2026-09-06T11:06:03.5158008Z Class 'AnimationTrackEditDefaultPlugin' is not exposed, skipping.
Quest 3 arm64 APK export (advisory until first green run)	UNKNOWN STEP	2026-09-06T11:06:03.5158669Z Class 'AnimationTrackEditPlugin' is not exposed, skipping.
Quest 3 arm64 APK export (advisory until first green run)	UNKNOWN STEP	2026-09-06T11:06:03.5159575Z Class 'AnimationTrackEditor' is not exposed, skipping.
Quest 3 arm64 APK export (advisory until first green run)	UNKNOWN STEP	2026-09-06T11:06:03.5160238Z Class 'AnimationTrackKeyEditEditorPlugin' is not exposed, skipping.
Quest 3 arm64 APK export (advisory until first green run)	UNKNOWN STEP	2026-09-06T11:06:03.5169962Z Class 'AnimationTreeEditor' is not exposed, skipping.
Quest 3 arm64 APK export (advisory until first green run)	UNKNOWN STEP	2026-09-06T11:06:03.5170622Z Class 'AnimationTreeEditorPlugin' is not exposed, skipping.
Quest 3 arm64 APK export (advisory until first green run)	UNKNOWN STEP	2026-09-06T11:06:03.5171333Z Class 'AnimationTreeNodeEditorPlugin' is not exposed, skipping.
Quest 3 arm64 APK export (advisory until first green run)	UNKNOWN STEP	2026-09-06T11:06:03.5220620Z Class 'AssetLibraryEditorPlugin' is not exposed, skipping.
Quest 3 arm64 APK export (advisory until first green run)	UNKNOWN STEP	2026-09-06T11:06:03.5221255Z Class 'AtlasMergingDialog' is not exposed, skipping.
Quest 3 arm64 APK export (advisory until first green run)	UNKNOWN STEP	2026-09-06T11:06:03.5223755Z Class 'AtlasTileProxyObject' is not exposed, skipping.
Quest 3 arm64 APK export (advisory until first green run)	UNKNOWN STEP	2026-09-06T11:06:03.5224665Z Class 'AudioBusesEditorPlugin' is not exposed, skipping.
Quest 3 arm64 APK export (advisory until first green run)	UNKNOWN STEP	2026-09-06T11:06:03.5273366Z Class 'AudioStreamEditorPlugin' is not exposed, skipping.
Quest 3 arm64 APK export (advisory until first green run)	UNKNOWN STEP	2026-09-06T11:06:03.5274077Z Class 'AudioStreamImportSettingsDialog' is not exposed, skipping.
Quest 3 arm64 APK export (advisory until first green run)	UNKNOWN STEP	2026-09-06T11:06:03.5278986Z Class 'AudioStreamInteractiveEditorPlugin' is not exposed, skipping.
Quest 3 arm64 APK export (advisory until first green run)	UNKNOWN STEP	2026-09-06T11:06:03.5279894Z Class 'AudioStreamInteractiveTransitionEditor' is not exposed, skipping.
Quest 3 arm64 APK export (advisory until first green run)	UNKNOWN STEP	2026-09-06T11:06:03.5287716Z Class 'AudioStreamPlayerInternal' is not exposed, skipping.
Quest 3 arm64 APK export (advisory until first green run)	UNKNOWN STEP	2026-09-06T11:06:03.5289399Z Class 'AudioStreamPreviewGenerator' is not exposed, skipping.
Quest 3 arm64 APK export (advisory until first green run)	UNKNOWN STEP	2026-09-06T11:06:03.5290747Z Class 'AudioStreamRandomizerEditorPlugin' is not exposed, skipping.
Quest 3 arm64 APK export (advisory until first green run)	UNKNOWN STEP	2026-09-06T11:06:03.5294626Z Class 'BackgroundProgress' is not exposed, skipping.
Quest 3 arm64 APK export (advisory until first green run)	UNKNOWN STEP	2026-09-06T11:06:03.5423398Z Class 'BitMapEditorPlugin' is not exposed, skipping.
Quest 3 arm64 APK export (advisory until first green run)	UNKNOWN STEP	2026-09-06T11:06:03.5426994Z Class 'BoneMapEditorPlugin' is not exposed, skipping.
Quest 3 arm64 APK export (advisory until first green run)	UNKNOWN STEP	2026-09-06T11:06:03.5480743Z Class 'CPUParticles2DEditorPlugin' is not exposed, skipping.
Quest 3 arm64 APK export (advisory until first green run)	UNKNOWN STEP	2026-09-06T11:06:03.5510691Z Class 'CPUParticles3DEditor' is not exposed, skipping.
Quest 3 arm64 APK export (advisory until first green run)	UNKNOWN STEP	2026-09-06T11:06:03.5511361Z Class 'CPUParticles3DEditorPlugin' is not exposed, skipping.
Quest 3 arm64 APK export (advisory until first green run)	UNKNOWN STEP	2026-09-06T11:06:03.5718075Z Class 'CSGShape3DGizmoPlugin' is not exposed, skipping.
Quest 3 arm64 APK export (advisory until first green run)	UNKNOWN STEP	2026-09-06T11:06:03.5771676Z Class 'Camera3DEditorPlugin' is not exposed, skipping.
Quest 3 arm64 APK export (advisory until first green run)	UNKNOWN STEP	2026-09-06T11:06:03.5806690Z Class 'CanvasItemEditor' is not exposed, skipping.
Quest 3 arm64 APK export (advisory until first green run)	UNKNOWN STEP	2026-09-06T11:06:03.5807318Z Class 'CanvasItemEditorPlugin' is not exposed, skipping.
Quest 3 arm64 APK export (advisory until first green run)	UNKNOWN STEP	2026-09-06T11:06:03.5807934Z Class 'CanvasItemEditorViewport' is not exposed, skipping.
Quest 3 arm64 APK export (advisory until first green run)	UNKNOWN STEP	2026-09-06T11:06:03.5811428Z Class 'CanvasItemMaterialConversionPlugin' is not exposed, skipping.
Quest 3 arm64 APK export (advisory until first green run)	UNKNOWN STEP	2026-09-06T11:06:03.5827968Z Class 'Cast2DEditor' is not exposed, skipping.
Quest 3 arm64 APK export (advisory until first green run)	UNKNOWN STEP	2026-09-06T11:06:03.5828592Z Class 'Cast2DEditorPlugin' is not exposed, skipping.
Quest 3 arm64 APK export (advisory until first green run)	UNKNOWN STEP	2026-09-06T11:06:03.5937129Z Class 'CollisionPolygon2DEditor' is not exposed, skipping.
Quest 3 arm64 APK export (advisory until first green run)	UNKNOWN STEP	2026-09-06T11:06:03.5938183Z Class 'CollisionPolygon2DEditorPlugin' is not exposed, skipping.
Quest 3 arm64 APK export (advisory until first green run)	UNKNOWN STEP	2026-09-06T11:06:03.5939945Z Class 'CollisionShape2DEditor' is not exposed, skipping.
Quest 3 arm64 APK export (advisory until first green run)	UNKNOWN STEP	2026-09-06T11:06:03.5940680Z Class 'CollisionShape2DEditorPlugin' is not exposed, skipping.
Quest 3 arm64 APK export (advisory until first green run)	UNKNOWN STEP	2026-09-06T11:06:03.6019657Z Class 'ConnectDialog' is not exposed, skipping.
Quest 3 arm64 APK export (advisory until first green run)	UNKNOWN STEP	2026-09-06T11:06:03.6020288Z Class 'ConnectDialogBinds' is not exposed, skipping.
Quest 3 arm64 APK export (advisory until first green run)	UNKNOWN STEP	2026-09-06T11:06:03.6020866Z Class 'ConnectionsDock' is not exposed, skipping.
Quest 3 arm64 APK export (advisory until first green run)	UNKNOWN STEP	2026-09-06T11:06:03.6039131Z Class 'ControlEditorPlugin' is not exposed, skipping.
Quest 3 arm64 APK export (advisory until first green run)	UNKNOWN STEP	2026-09-06T11:06:03.6039768Z Class 'ControlEditorPopupButton' is not exposed, skipping.
Quest 3 arm64 APK export (advisory until first green run)	UNKNOWN STEP	2026-09-06T11:06:03.6040399Z Class 'ControlEditorPresetPicker' is not exposed, skipping.
Quest 3 arm64 APK export (advisory until first green run)	UNKNOWN STEP	2026-09-06T11:06:03.6041001Z Class 'ControlEditorToolbar' is not exposed, skipping.
Quest 3 arm64 APK export (advisory until first green run)	UNKNOWN STEP	2026-09-06T11:06:03.6046059Z Class 'CreateDialog' is not exposed, skipping.
Quest 3 arm64 APK export (advisory until first green run)	UNKNOWN STEP	2026-09-06T11:06:03.6054230Z Class 'CurveEditorPlugin' is not exposed, skipping.
Quest 3 arm64 APK export (advisory until first green run)	UNKNOWN STEP	2026-09-06T11:06:03.6055115Z Class 'CurvePreviewGenerator' is not exposed, skipping.
Quest 3 arm64 APK export (advisory until first green run)	UNKNOWN STEP	2026-09-06T11:06:03.6088194Z Class 'DebugAdapterParser' is not exposed, skipping.
Quest 3 arm64 APK export (advisory until first green run)	UNKNOWN STEP	2026-09-06T11:06:03.6088805Z Class 'DebugAdapterServer' is not exposed, skipping.
Quest 3 arm64 APK export (advisory until first green run)	UNKNOWN STEP	2026-09-06T11:06:03.6089382Z Class 'DebuggerEditorPlugin' is not exposed, skipping.
Quest 3 arm64 APK export (advisory until first green run)	UNKNOWN STEP	2026-09-06T11:06:03.6108101Z Class 'DefaultThemeEditorPreview' is not exposed, skipping.
Quest 3 arm64 APK export (advisory until first green run)	UNKNOWN STEP	2026-09-06T11:06:03.6108753Z Class 'DependencyEditor' is not exposed, skipping.
Quest 3 arm64 APK export (advisory until first green run)	UNKNOWN STEP	2026-09-06T11:06:03.6109361Z Class 'DependencyEditorOwners' is not exposed, skipping.
Quest 3 arm64 APK export (advisory until first green run)	UNKNOWN STEP	2026-09-06T11:06:03.6109994Z Class 'DependencyErrorDialog' is not exposed, skipping.
Quest 3 arm64 APK export (advisory until first green run)	UNKNOWN STEP	2026-09-06T11:06:03.6110624Z Class 'DependencyRemoveDialog' is not exposed, skipping.
Quest 3 arm64 APK export (advisory until first green run)	UNKNOWN STEP	2026-09-06T11:06:03.6162170Z Class 'DirectoryCreateDialog' is not exposed, skipping.
Quest 3 arm64 APK export (advisory until first green run)	UNKNOWN STEP	2026-09-06T11:06:03.6170096Z Class 'DockContextPopup' is not exposed, skipping.
Quest 3 arm64 APK export (advisory until first green run)	UNKNOWN STEP	2026-09-06T11:06:03.6170715Z Class 'DockSplitContainer' is not exposed, skipping.
Quest 3 arm64 APK export (advisory until first green run)	UNKNOWN STEP	2026-09-06T11:06:03.6171347Z Class 'DynamicFontImportSettingsData' is not exposed, skipping.
Quest 3 arm64 APK export (advisory until first green run)	UNKNOWN STEP	2026-09-06T11:06:03.6172123Z Class 'DynamicFontImportSettingsDialog' is not exposed, skipping.
Quest 3 arm64 APK export (advisory until first green run)	UNKNOWN STEP	2026-09-06T11:06:03.6177179Z Class 'EditorAbout' is not exposed, skipping.
Quest 3 arm64 APK export (advisory until first green run)	UNKNOWN STEP	2026-09-06T11:06:03.6177788Z Class 'EditorAssetLibrary' is not exposed, skipping.
Quest 3 arm64 APK export (advisory until first green run)	UNKNOWN STEP	2026-09-06T11:06:03.6178411Z Class 'EditorAudioBuses' is not exposed, skipping.
Quest 3 arm64 APK export (advisory until first green run)	UNKNOWN STEP	2026-09-06T11:06:03.6179103Z Class 'EditorAudioStreamPreviewPlugin' is not exposed, skipping.
Quest 3 arm64 APK export (advisory until first green run)	UNKNOWN STEP	2026-09-06T11:06:03.6179921Z Class 'EditorAudioStreamTooltipPlugin' is not exposed, skipping.
Quest 3 arm64 APK export (advisory until first green run)	UNKNOWN STEP	2026-09-06T11:06:03.6180655Z Class 'EditorAutoloadSettings' is not exposed, skipping.
Quest 3 arm64 APK export (advisory until first green run)	UNKNOWN STEP	2026-09-06T11:06:03.6181346Z Class 'EditorBitmapPreviewPlugin' is not exposed, skipping.
Quest 3 arm64 APK export (advisory until first green run)	UNKNOWN STEP	2026-09-06T11:06:03.6182000Z Class 'EditorBottomPanel' is not exposed, skipping.
Quest 3 arm64 APK export (advisory until first green run)	UNKNOWN STEP	2026-09-06T11:06:03.6182624Z Class 'EditorBuildProfileManager' is not exposed, skipping.
Quest 3 arm64 APK export (advisory until first green run)	UNKNOWN STEP	2026-09-06T11:06:03.6193074Z Class 'EditorDebuggerInspector' is not exposed, skipping.
Quest 3 arm64 APK export (advisory until first green run)	UNKNOWN STEP	2026-09-06T11:06:03.6193776Z Class 'EditorDebuggerNode' is not exposed, skipping.
Quest 3 arm64 APK export (advisory until first green run)	UNKNOWN STEP	2026-09-06T11:06:03.6194637Z Class 'EditorDebuggerRemoteObject' is not exposed, skipping.
Quest 3 arm64 APK export (advisory until first green run)	UNKNOWN STEP	2026-09-06T11:06:03.6195267Z Class 'EditorDebuggerTree' is not exposed, skipping.
Quest 3 arm64 APK export (advisory until first green run)	UNKNOWN STEP	2026-09-06T11:06:03.6195871Z Class 'EditorDirDialog' is not exposed, skipping.
Quest 3 arm64 APK export (advisory until first green run)	UNKNOWN STEP	2026-09-06T11:06:03.6196510Z Class 'EditorDockManager' is not exposed, skipping.
Quest 3 arm64 APK export (advisory until first green run)	UNKNOWN STEP	2026-09-06T11:06:03.6197072Z Class 'EditorExport' is not exposed, skipping.
Quest 3 arm64 APK export (advisory until first green run)	UNKNOWN STEP	2026-09-06T11:06:03.6197651Z Class 'EditorExportGDScript' is not exposed, skipping.
Quest 3 arm64 APK export (advisory until first green run)	UNKNOWN STEP	2026-09-06T11:06:03.8489464Z Class 'EditorFeatureProfileManager' is not exposed, skipping.
Quest 3 arm64 APK export (advisory until first green run)	UNKNOWN STEP	2026-09-06T11:06:03.8539776Z Class 'EditorFileServer' is not exposed, skipping.
Quest 3 arm64 APK export (advisory until first green run)	UNKNOWN STEP	2026-09-06T11:06:03.8547534Z Class 'EditorFileSystemImportFormatSupportQueryBlend' is not exposed, skipping.
Quest 3 arm64 APK export (advisory until first green run)	UNKNOWN STEP	2026-09-06T11:06:03.8548466Z Class 'EditorFontPreviewPlugin' is not exposed, skipping.
Quest 3 arm64 APK export (advisory until first green run)	UNKNOWN STEP	2026-09-06T11:06:03.8549170Z Class 'EditorGradientPreviewPlugin' is not exposed, skipping.
Quest 3 arm64 APK export (advisory until first green run)	UNKNOWN STEP	2026-09-06T11:06:03.8550099Z Class 'EditorHelpBit' is not exposed, skipping.
Quest 3 arm64 APK export (advisory until first green run)	UNKNOWN STEP	2026-09-06T11:06:03.8550671Z Class 'EditorHelpSearch' is not exposed, skipping.
Quest 3 arm64 APK export (advisory until first green run)	UNKNOWN STEP	2026-09-06T11:06:03.8551302Z Class 'EditorImagePreviewPlugin' is not exposed, skipping.
Quest 3 arm64 APK export (advisory until first green run)	UNKNOWN STEP	2026-09-06T11:06:03.8551986Z Class 'EditorImportBlendRunner' is not exposed, skipping.
Quest 3 arm64 APK export (advisory until first green run)	UNKNOWN STEP	2026-09-06T11:06:03.8555123Z Class 'EditorInspectorDefaultPlugin' is not exposed, skipping.
Quest 3 arm64 APK export (advisory until first green run)	UNKNOWN STEP	2026-09-06T11:06:03.8556015Z Class 'EditorInspectorParticleProcessMaterialPlugin' is not exposed, skipping.
Quest 3 arm64 APK export (advisory until first green run)	UNKNOWN STEP	2026-09-06T11:06:03.8558399Z Class 'EditorInspectorPlugin3DTexture' is not exposed, skipping.
Quest 3 arm64 APK export (advisory until first green run)	UNKNOWN STEP	2026-09-06T11:06:03.8559463Z Class 'EditorInspectorPluginAnimationTrackKeyEdit' is not exposed, skipping.
Quest 3 arm64 APK export (advisory until first green run)	UNKNOWN STEP	2026-09-06T11:06:03.8560501Z Class 'EditorInspectorPluginAudioStream' is not exposed, skipping.
Quest 3 arm64 APK export (advisory until first green run)	UNKNOWN STEP	2026-09-06T11:06:03.8561481Z Class 'EditorInspectorPluginAudioStreamInteractive' is not exposed, skipping.
Quest 3 arm64 APK export (advisory until first green run)	UNKNOWN STEP	2026-09-06T11:06:03.8562412Z Class 'EditorInspectorPluginBitMap' is not exposed, skipping.
Quest 3 arm64 APK export (advisory until first green run)	UNKNOWN STEP	2026-09-06T11:06:03.8563202Z Class 'EditorInspectorPluginBoneMap' is not exposed, skipping.
Quest 3 arm64 APK export (advisory until first green run)	UNKNOWN STEP	2026-09-06T11:06:03.8563986Z Class 'EditorInspectorPluginControl' is not exposed, skipping.
Quest 3 arm64 APK export (advisory until first green run)	UNKNOWN STEP	2026-09-06T11:06:03.8564964Z Class 'EditorInspectorPluginCurve' is not exposed, skipping.
Quest 3 arm64 APK export (advisory until first green run)	UNKNOWN STEP	2026-09-06T11:06:03.8566013Z Class 'EditorInspectorPluginFontPreview' is not exposed, skipping.
Quest 3 arm64 APK export (advisory until first green run)	UNKNOWN STEP	2026-09-06T11:06:03.8566889Z Class 'EditorInspectorPluginFontVariation' is not exposed, skipping.
Quest 3 arm64 APK export (advisory until first green run)	UNKNOWN STEP	2026-09-06T11:06:03.8567662Z Class 'EditorInspectorPluginGradient' is not exposed, skipping.
Quest 3 arm64 APK export (advisory until first green run)	UNKNOWN STEP	2026-09-06T11:06:03.8568465Z Class 'EditorInspectorPluginGradientTexture2D' is not exposed, skipping.
Quest 3 arm64 APK export (advisory until first green run)	UNKNOWN STEP	2026-09-06T11:06:03.8569283Z Class 'EditorInspectorPluginInputEvent' is not exposed, skipping.
Quest 3 arm64 APK export (advisory until first green run)	UNKNOWN STEP	2026-09-06T11:06:03.8570069Z Class 'EditorInspectorPluginLayeredTexture' is not exposed, skipping.
Quest 3 arm64 APK export (advisory until first green run)	UNKNOWN STEP	2026-09-06T11:06:03.8570848Z Class 'EditorInspectorPluginMaterial' is not exposed, skipping.
Quest 3 arm64 APK export (advisory until first green run)	UNKNOWN STEP	2026-09-06T11:06:03.8571547Z Class 'EditorInspectorPluginMesh' is not exposed, skipping.
Quest 3 arm64 APK export (advisory until first green run)	UNKNOWN STEP	2026-09-06T11:06:03.8572285Z Class 'EditorInspectorPluginPackedScene' is not exposed, skipping.
Quest 3 arm64 APK export (advisory until first green run)	UNKNOWN STEP	2026-09-06T11:06:03.8572786Z Class 'EditorInspectorPluginSkeleton' is not exposed, skipping.
Quest 3 arm64 APK export (advisory until first green run)	UNKNOWN STEP	2026-09-06T11:06:03.8573234Z Class 'EditorInspectorPluginStyleBox' is not exposed, skipping.
Quest 3 arm64 APK export (advisory until first green run)	UNKNOWN STEP	2026-09-06T11:06:03.8573726Z Class 'EditorInspectorPluginSubViewportPreview' is not exposed, skipping.
Quest 3 arm64 APK export (advisory until first green run)	UNKNOWN STEP	2026-09-06T11:06:03.8574417Z Class 'EditorInspectorPluginSystemFont' is not exposed, skipping.
Quest 3 arm64 APK export (advisory until first green run)	UNKNOWN STEP	2026-09-06T11:06:03.8574910Z Class 'EditorInspectorPluginTexture' is not exposed, skipping.
Quest 3 arm64 APK export (advisory until first green run)	UNKNOWN STEP	2026-09-06T11:06:03.8575352Z Class 'EditorInspectorPluginTextureRegion' is not exposed, skipping.
Quest 3 arm64 APK export (advisory until first green run)	UNKNOWN STEP	2026-09-06T11:06:03.8575809Z Class 'EditorInspectorPluginTileData' is not exposed, skipping.
Quest 3 arm64 APK export (advisory until first green run)	UNKNOWN STEP	2026-09-06T11:06:03.8576263Z Class 'EditorInspectorRootMotionPlugin' is not exposed, skipping.
Quest 3 arm64 APK export (advisory until first green run)	UNKNOWN STEP	2026-09-06T11:06:03.8576736Z Class 'EditorInspectorVisualShaderModePlugin' is not exposed, skipping.
Quest 3 arm64 APK export (advisory until first green run)	UNKNOWN STEP	2026-09-06T11:06:03.8577217Z Class 'EditorJSONSyntaxHighlighter' is not exposed, skipping.
Quest 3 arm64 APK export (advisory until first green run)	UNKNOWN STEP	2026-09-06T11:06:03.8577610Z Class 'EditorLayoutsDialog' is not exposed, skipping.
Quest 3 arm64 APK export (advisory until first green run)	UNKNOWN STEP	2026-09-06T11:06:03.8578050Z Class 'EditorLocaleDialog' is not exposed, skipping.
Quest 3 arm64 APK export (advisory until first green run)	UNKNOWN STEP	2026-09-06T11:06:03.8578378Z Class 'EditorLog' is not exposed, skipping.
Quest 3 arm64 APK export (advisory until first green run)	UNKNOWN STEP	2026-09-06T11:06:03.8578731Z Class 'EditorMaterialPreviewPlugin' is not exposed, skipping.
Quest 3 arm64 APK export (advisory until first green run)	UNKNOWN STEP	2026-09-06T11:06:03.8579121Z Class 'EditorMeshPreviewPlugin' is not exposed, skipping.
Quest 3 arm64 APK export (advisory until first green run)	UNKNOWN STEP	2026-09-06T11:06:03.8579539Z Class 'EditorNativeShaderSourceVisualizer' is not exposed, skipping.
Quest 3 arm64 APK export (advisory until first green run)	UNKNOWN STEP	2026-09-06T11:06:03.8579924Z Class 'EditorNode' is not exposed, skipping.
Quest 3 arm64 APK export (advisory until first green run)	UNKNOWN STEP	2026-09-06T11:06:03.8580370Z Class 'EditorOBJImporter' is not exposed, skipping.
Quest 3 arm64 APK export (advisory until first green run)	UNKNOWN STEP	2026-09-06T11:06:03.8580990Z Class 'EditorObjectSelector' is not exposed, skipping.
Quest 3 arm64 APK export (advisory until first green run)	UNKNOWN STEP	2026-09-06T11:06:03.8581672Z Class 'EditorPackedScenePreviewPlugin' is not exposed, skipping.
Quest 3 arm64 APK export (advisory until first green run)	UNKNOWN STEP	2026-09-06T11:06:03.8582401Z Class 'EditorPerformanceProfiler' is not exposed, skipping.
Quest 3 arm64 APK export (advisory until first green run)	UNKNOWN STEP	2026-09-06T11:06:03.8583010Z Class 'EditorPluginCSG' is not exposed, skipping.
Quest 3 arm64 APK export (advisory until first green run)	UNKNOWN STEP	2026-09-06T11:06:03.8583804Z Class 'EditorPluginSettings' is not exposed, skipping.
Quest 3 arm64 APK export (advisory until first green run)	UNKNOWN STEP	2026-09-06T11:06:03.8584569Z Class 'EditorProfiler' is not exposed, skipping.
Quest 3 arm64 APK export (advisory until first green run)	UNKNOWN STEP	2026-09-06T11:06:03.8585156Z Class 'EditorPropertyInteger' is not exposed, skipping.
Quest 3 arm64 APK export (advisory until first green run)	UNKNOWN STEP	2026-09-06T11:06:03.8585755Z Class 'EditorPropertyNameProcessor' is not exposed, skipping.
Quest 3 arm64 APK export (advisory until first green run)	UNKNOWN STEP	2026-09-06T11:06:03.8586351Z Class 'EditorPropertyPath' is not exposed, skipping.
Quest 3 arm64 APK export (advisory until first green run)	UNKNOWN STEP	2026-09-06T11:06:03.8586952Z Class 'EditorPropertyVector2i' is not exposed, skipping.
Quest 3 arm64 APK export (advisory until first green run)	UNKNOWN STEP	2026-09-06T11:06:03.8587373Z Class 'EditorPropertyVectorN' is not exposed, skipping.
Quest 3 arm64 APK export (advisory until first green run)	UNKNOWN STEP	2026-09-06T11:06:03.8587710Z Class 'EditorQuickOpen' is not exposed, skipping.
Quest 3 arm64 APK export (advisory until first green run)	UNKNOWN STEP	2026-09-06T11:06:03.8588034Z Class 'EditorRunBar' is not exposed, skipping.
Quest 3 arm64 APK export (advisory until first green run)	UNKNOWN STEP	2026-09-06T11:06:03.8588353Z Class 'EditorRunNative' is not exposed, skipping.
Quest 3 arm64 APK export (advisory until first green run)	UNKNOWN STEP	2026-09-06T11:06:03.8588726Z Class 'EditorSceneExporterGLTFSettings' is not exposed, skipping.
Quest 3 arm64 APK export (advisory until first green run)	UNKNOWN STEP	2026-09-06T11:06:03.8589181Z Class 'EditorSceneFormatImporterCollada' is not exposed, skipping.
Quest 3 arm64 APK export (advisory until first green run)	UNKNOWN STEP	2026-09-06T11:06:03.8589632Z Class 'EditorSceneFormatImporterESCN' is not exposed, skipping.
Quest 3 arm64 APK export (advisory until first green run)	UNKNOWN STEP	2026-09-06T11:06:03.8590000Z Class 'EditorSceneTabs' is not exposed, skipping.
Quest 3 arm64 APK export (advisory until first green run)	UNKNOWN STEP	2026-09-06T11:06:03.8590351Z Class 'EditorScriptPreviewPlugin' is not exposed, skipping.
Quest 3 arm64 APK export (advisory until first green run)	UNKNOWN STEP	2026-09-06T11:06:03.8600048Z Class 'EditorSettingsDialog' is not exposed, skipping.
Quest 3 arm64 APK export (advisory until first green run)	UNKNOWN STEP	2026-09-06T11:06:03.8639469Z Class 'EditorTexturePreviewPlugin' is not exposed, skipping.
Quest 3 arm64 APK export (advisory until first green run)	UNKNOWN STEP	2026-09-06T11:06:03.8640182Z Class 'EditorTextureTooltipPlugin' is not exposed, skipping.
Quest 3 arm64 APK export (advisory until first green run)	UNKNOWN STEP	2026-09-06T11:06:03.8640788Z Class 'EditorTheme' is not exposed, skipping.
Quest 3 arm64 APK export (advisory until first green run)	UNKNOWN STEP	2026-09-06T11:06:03.8641316Z Class 'EditorTitleBar' is not exposed, skipping.
Quest 3 arm64 APK export (advisory until first green run)	UNKNOWN STEP	2026-09-06T11:06:03.8641858Z Class 'EditorToaster' is not exposed, skipping.
Quest 3 arm64 APK export (advisory until first green run)	UNKNOWN STEP	2026-09-06T11:06:03.8642431Z Class 'EditorValidationPanel' is not exposed, skipping.
Quest 3 arm64 APK export (advisory until first green run)	UNKNOWN STEP	2026-09-06T11:06:03.8643039Z Class 'EditorVisualProfiler' is not exposed, skipping.
Quest 3 arm64 APK export (advisory until first green run)	UNKNOWN STEP	2026-09-06T11:06:03.8643612Z Class 'EditorZoomWidget' is not exposed, skipping.
Quest 3 arm64 APK export (advisory until first green run)	UNKNOWN STEP	2026-09-06T11:06:03.8650987Z Class 'EventListenerLineEdit' is not exposed, skipping.
Quest 3 arm64 APK export (advisory until first green run)	UNKNOWN STEP	2026-09-06T11:06:03.8651620Z Class 'ExportTemplateManager' is not exposed, skipping.
Quest 3 arm64 APK export (advisory until first green run)	UNKNOWN STEP	2026-09-06T11:06:03.8652226Z Class 'FBXImporterManager' is not exposed, skipping.
Quest 3 arm64 APK export (advisory until first green run)	UNKNOWN STEP	2026-09-06T11:06:03.8718598Z Class 'FileSystemList' is not exposed, skipping.
Quest 3 arm64 APK export (advisory until first green run)	UNKNOWN STEP	2026-09-06T11:06:03.8719294Z Class 'FindInFiles' is not exposed, skipping.
Quest 3 arm64 APK export (advisory until first green run)	UNKNOWN STEP	2026-09-06T11:06:03.8719965Z Class 'FindInFilesDialog' is not exposed, skipping.
Quest 3 arm64 APK export (advisory until first green run)	UNKNOWN STEP	2026-09-06T11:06:03.8720664Z Class 'FindInFilesPanel' is not exposed, skipping.
Quest 3 arm64 APK export (advisory until first green run)	UNKNOWN STEP	2026-09-06T11:06:03.8721354Z Class 'FindReplaceBar' is not exposed, skipping.
Quest 3 arm64 APK export (advisory until first green run)	UNKNOWN STEP	2026-09-06T11:06:03.8724746Z Class 'FogMaterialConversionPlugin' is not exposed, skipping.
Quest 3 arm64 APK export (advisory until first green run)	UNKNOWN STEP	2026-09-06T11:06:03.8744775Z Class 'FontEditorPlugin' is not exposed, skipping.
Quest 3 arm64 APK export (advisory until first green run)	UNKNOWN STEP	2026-09-06T11:06:03.8756797Z Class 'GDScriptEditorTranslationParserPlugin' is not exposed, skipping.
Quest 3 arm64 APK export (advisory until first green run)	UNKNOWN STEP	2026-09-06T11:06:03.8757584Z Class 'GDScriptLanguageServer' is not exposed, skipping.
Quest 3 arm64 APK export (advisory until first green run)	UNKNOWN STEP	2026-09-06T11:06:03.8758223Z Class 'GDScriptNativeClass' is not exposed, skipping.
Quest 3 arm64 APK export (advisory until first green run)	UNKNOWN STEP	2026-09-06T11:06:03.8758866Z Class 'GDScriptSyntaxHighlighter' is not exposed, skipping.
Quest 3 arm64 APK export (advisory until first green run)	UNKNOWN STEP	2026-09-06T11:06:03.8761751Z Class 'GLTFDocumentExtensionPhysics' is not exposed, skipping.
Quest 3 arm64 APK export (advisory until first green run)	UNKNOWN STEP	2026-09-06T11:06:03.8762515Z Class 'GLTFDocumentExtensionTextureKTX' is not exposed, skipping.
Quest 3 arm64 APK export (advisory until first green run)	UNKNOWN STEP	2026-09-06T11:06:03.8763047Z Class 'GLTFDocumentExtensionTextureWebP' is not exposed, skipping.
Quest 3 arm64 APK export (advisory until first green run)	UNKNOWN STEP	2026-09-06T11:06:03.8771491Z Class 'GPUParticles2DEditorPlugin' is not exposed, skipping.
Quest 3 arm64 APK export (advisory until first green run)	UNKNOWN STEP	2026-09-06T11:06:03.8794130Z Class 'GPUParticles3DEditor' is not exposed, skipping.
Quest 3 arm64 APK export (advisory until first green run)	UNKNOWN STEP	2026-09-06T11:06:03.8795049Z Class 'GPUParticles3DEditorBase' is not exposed, skipping.
Quest 3 arm64 APK export (advisory until first green run)	UNKNOWN STEP	2026-09-06T11:06:03.8795804Z Class 'GPUParticles3DEditorPlugin' is not exposed, skipping.
Quest 3 arm64 APK export (advisory until first green run)	UNKNOWN STEP	2026-09-06T11:06:03.8940539Z Class 'GPUParticlesCollisionSDF3DEditorPlugin' is not exposed, skipping.
Quest 3 arm64 APK export (advisory until first green run)	UNKNOWN STEP	2026-09-06T11:06:03.9007071Z Class 'Gizmo3DHelper' is not exposed, skipping.
Quest 3 arm64 APK export (advisory until first green run)	UNKNOWN STEP	2026-09-06T11:06:03.9007765Z Class 'GodotNavigationServer2D' is not exposed, skipping.
Quest 3 arm64 APK export (advisory until first green run)	UNKNOWN STEP	2026-09-06T11:06:03.9008629Z Class 'GodotPhysicsServer2D' is not exposed, skipping.
Quest 3 arm64 APK export (advisory until first green run)	UNKNOWN STEP	2026-09-06T11:06:03.9009068Z Class 'GodotPhysicsServer3D' is not exposed, skipping.
Quest 3 arm64 APK export (advisory until first green run)	UNKNOWN STEP	2026-09-06T11:06:03.9009464Z Class 'GradientEditorPlugin' is not exposed, skipping.
Quest 3 arm64 APK export (advisory until first green run)	UNKNOWN STEP	2026-09-06T11:06:03.9013277Z Class 'GradientTexture2DEditorPlugin' is not exposed, skipping.
Quest 3 arm64 APK export (advisory until first green run)	UNKNOWN STEP	2026-09-06T11:06:03.9023236Z Class 'GraphEditFilter' is not exposed, skipping.
Quest 3 arm64 APK export (advisory until first green run)	UNKNOWN STEP	2026-09-06T11:06:03.9023789Z Class 'GraphEditMinimap' is not exposed, skipping.
Quest 3 arm64 APK export (advisory until first green run)	UNKNOWN STEP	2026-09-06T11:06:03.9036829Z Class 'GridMapEditor' is not exposed, skipping.
Quest 3 arm64 APK export (advisory until first green run)	UNKNOWN STEP	2026-09-06T11:06:03.9037406Z Class 'GridMapEditorPlugin' is not exposed, skipping.
Quest 3 arm64 APK export (advisory until first green run)	UNKNOWN STEP	2026-09-06T11:06:03.9055272Z Class 'GroupSettingsEditor' is not exposed, skipping.
Quest 3 arm64 APK export (advisory until first green run)	UNKNOWN STEP	2026-09-06T11:06:03.9055844Z Class 'GroupsEditor' is not exposed, skipping.
Quest 3 arm64 APK export (advisory until first green run)	UNKNOWN STEP	2026-09-06T11:06:03.9179775Z Class 'HistoryDock' is not exposed, skipping.
Quest 3 arm64 APK export (advisory until first green run)	UNKNOWN STEP	2026-09-06T11:06:03.9180413Z Class 'IPUnix' is not exposed, skipping.
Quest 3 arm64 APK export (advisory until first green run)	UNKNOWN STEP	2026-09-06T11:06:03.9194059Z Class 'ImportDefaultsEditor' is not exposed, skipping.
Quest 3 arm64 APK export (advisory until first green run)	UNKNOWN STEP	2026-09-06T11:06:03.9194953Z Class 'ImportDefaultsEditorSettings' is not exposed, skipping.
Quest 3 arm64 APK export (advisory until first green run)	UNKNOWN STEP	2026-09-06T11:06:03.9195427Z Class 'ImportDock' is not exposed, skipping.
Quest 3 arm64 APK export (advisory until first green run)	UNKNOWN STEP	2026-09-06T11:06:03.9195800Z Class 'ImportDockParameters' is not exposed, skipping.
Quest 3 arm64 APK export (advisory until first green run)	UNKNOWN STEP	2026-09-06T11:06:03.9207893Z Class 'InputEventConfigurationDialog' is not exposed, skipping.
Quest 3 arm64 APK export (advisory until first green run)	UNKNOWN STEP	2026-09-06T11:06:03.9208530Z Class 'InputEventEditorPlugin' is not exposed, skipping.
Quest 3 arm64 APK export (advisory until first green run)	UNKNOWN STEP	2026-09-06T11:06:03.9283539Z Class 'InspectorDock' is not exposed, skipping.
Quest 3 arm64 APK export (advisory until first green run)	UNKNOWN STEP	2026-09-06T11:06:03.9421182Z Class 'LightOccluder2DEditor' is not exposed, skipping.
Quest 3 arm64 APK export (advisory until first green run)	UNKNOWN STEP	2026-09-06T11:06:03.9421853Z Class 'LightOccluder2DEditorPlugin' is not exposed, skipping.
Quest 3 arm64 APK export (advisory until first green run)	UNKNOWN STEP	2026-09-06T11:06:03.9441826Z Class 'LightmapGIEditorPlugin' is not exposed, skipping.
Quest 3 arm64 APK export (advisory until first green run)	UNKNOWN STEP	2026-09-06T11:06:03.9445641Z Class 'Line2DEditor' is not exposed, skipping.
Quest 3 arm64 APK export (advisory until first green run)	UNKNOWN STEP	2026-09-06T11:06:03.9446258Z Class 'Line2DEditorPlugin' is not exposed, skipping.
Quest 3 arm64 APK export (advisory until first green run)	UNKNOWN STEP	2026-09-06T11:06:03.9483995Z Class 'LocalizationEditor' is not exposed, skipping.
Quest 3 arm64 APK export (advisory until first green run)	UNKNOWN STEP	2026-09-06T11:06:03.9491482Z Class 'MaterialEditorPlugin' is not exposed, skipping.
Quest 3 arm64 APK export (advisory until first green run)	UNKNOWN STEP	2026-09-06T11:06:03.9506986Z Class 'MeshEditorPlugin' is not exposed, skipping.
Quest 3 arm64 APK export (advisory until first green run)	UNKNOWN STEP	2026-09-06T11:06:03.9529317Z Class 'MeshInstance3DEditor' is not exposed, skipping.
Quest 3 arm64 APK export (advisory until first green run)	UNKNOWN STEP	2026-09-06T11:06:03.9530026Z Class 'MeshInstance3DEditorPlugin' is not exposed, skipping.
Quest 3 arm64 APK export (advisory until first green run)	UNKNOWN STEP	2026-09-06T11:06:03.9530554Z Class 'MeshLibraryEditor' is not exposed, skipping.
Quest 3 arm64 APK export (advisory until first green run)	UNKNOWN STEP	2026-09-06T11:06:03.9531007Z Class 'MeshLibraryEditorPlugin' is not exposed, skipping.
Quest 3 arm64 APK export (advisory until first green run)	UNKNOWN STEP	2026-09-06T11:06:03.9546394Z Class 'MovieWriterMJPEG' is not exposed, skipping.
Quest 3 arm64 APK export (advisory until first green run)	UNKNOWN STEP	2026-09-06T11:06:03.9546815Z Class 'MovieWriterPNGWAV' is not exposed, skipping.
Quest 3 arm64 APK export (advisory until first green run)	UNKNOWN STEP	2026-09-06T11:06:03.9548264Z Class 'MultiMeshEditor' is not exposed, skipping.
Quest 3 arm64 APK export (advisory until first green run)	UNKNOWN STEP	2026-09-06T11:06:03.9548797Z Class 'MultiMeshEditorPlugin' is not exposed, skipping.
Quest 3 arm64 APK export (advisory until first green run)	UNKNOWN STEP	2026-09-06T11:06:03.9572399Z Class 'MultiplayerEditorDebugger' is not exposed, skipping.
Quest 3 arm64 APK export (advisory until first green run)	UNKNOWN STEP	2026-09-06T11:06:03.9572899Z Class 'MultiplayerEditorPlugin' is not exposed, skipping.
Quest 3 arm64 APK export (advisory until first green run)	UNKNOWN STEP	2026-09-06T11:06:03.9589822Z Class 'NavigationLink2DEditor' is not exposed, skipping.
Quest 3 arm64 APK export (advisory until first green run)	UNKNOWN STEP	2026-09-06T11:06:03.9590322Z Class 'NavigationLink2DEditorPlugin' is not exposed, skipping.
Quest 3 arm64 APK export (advisory until first green run)	UNKNOWN STEP	2026-09-06T11:06:03.9593848Z Class 'NavigationMeshEditor' is not exposed, skipping.
Quest 3 arm64 APK export (advisory until first green run)	UNKNOWN STEP	2026-09-06T11:06:03.9594337Z Class 'NavigationMeshEditorPlugin' is not exposed, skipping.
Quest 3 arm64 APK export (advisory until first green run)	UNKNOWN STEP	2026-09-06T11:06:03.9597598Z Class 'NavigationObstacle2DEditor' is not exposed, skipping.
Quest 3 arm64 APK export (advisory until first green run)	UNKNOWN STEP	2026-09-06T11:06:03.9598178Z Class 'NavigationObstacle2DEditorPlugin' is not exposed, skipping.
Quest 3 arm64 APK export (advisory until first green run)	UNKNOWN STEP	2026-09-06T11:06:03.9600387Z Class 'NavigationObstacle3DEditor' is not exposed, skipping.
Quest 3 arm64 APK export (advisory until first green run)	UNKNOWN STEP	2026-09-06T11:06:03.9600871Z Class 'NavigationObstacle3DEditorPlugin' is not exposed, skipping.
Quest 3 arm64 APK export (advisory until first green run)	UNKNOWN STEP	2026-09-06T11:06:03.9604616Z Class 'NavigationPolygonEditor' is not exposed, skipping.
Quest 3 arm64 APK export (advisory until first green run)	UNKNOWN STEP	2026-09-06T11:06:03.9605071Z Class 'NavigationPolygonEditorPlugin' is not exposed, skipping.
Quest 3 arm64 APK export (advisory until first green run)	UNKNOWN STEP	2026-09-06T11:06:03.9635523Z Class 'Node3DEditor' is not exposed, skipping.
Quest 3 arm64 APK export (advisory until first green run)	UNKNOWN STEP	2026-09-06T11:06:03.9636385Z Class 'Node3DEditorPlugin' is not exposed, skipping.
Quest 3 arm64 APK export (advisory until first green run)	UNKNOWN STEP	2026-09-06T11:06:03.9636840Z Class 'Node3DEditorViewport' is not exposed, skipping.
Quest 3 arm64 APK export (advisory until first green run)	UNKNOWN STEP	2026-09-06T11:06:03.9637330Z Class 'Node3DEditorViewportContainer' is not exposed, skipping.
Quest 3 arm64 APK export (advisory until first green run)	UNKNOWN STEP	2026-09-06T11:06:03.9637778Z Class 'NodeDock' is not exposed, skipping.
Quest 3 arm64 APK export (advisory until first green run)	UNKNOWN STEP	2026-09-06T11:06:03.9638571Z Class 'NoiseEditorInspectorPlugin' is not exposed, skipping.
Quest 3 arm64 APK export (advisory until first green run)	UNKNOWN STEP	2026-09-06T11:06:03.9639128Z Class 'NoiseEditorPlugin' is not exposed, skipping.
Quest 3 arm64 APK export (advisory until first green run)	UNKNOWN STEP	2026-09-06T11:06:03.9692567Z Class 'ORMMaterial3DConversionPlugin' is not exposed, skipping.
Quest 3 arm64 APK export (advisory until first green run)	UNKNOWN STEP	2026-09-06T11:06:03.9712925Z Class 'OccluderInstance3DEditorPlugin' is not exposed, skipping.
Quest 3 arm64 APK export (advisory until first green run)	UNKNOWN STEP	2026-09-06T11:06:03.9742735Z Class 'OpenXRActionMapEditor' is not exposed, skipping.
Quest 3 arm64 APK export (advisory until first green run)	UNKNOWN STEP	2026-09-06T11:06:03.9802580Z Class 'OpenXREditorPlugin' is not exposed, skipping.
Quest 3 arm64 APK export (advisory until first green run)	UNKNOWN STEP	2026-09-06T11:06:03.9809672Z Class 'OpenXRSelectInteractionProfileDialog' is not exposed, skipping.
Quest 3 arm64 APK export (advisory until first green run)	UNKNOWN STEP	2026-09-06T11:06:03.9810200Z Class 'OpenXRSelectRuntime' is not exposed, skipping.
Quest 3 arm64 APK export (advisory until first green run)	UNKNOWN STEP	2026-09-06T11:06:03.9817639Z Class 'OrphanResourcesDialog' is not exposed, skipping.
Quest 3 arm64 APK export (advisory until first green run)	UNKNOWN STEP	2026-09-06T11:06:03.9819257Z Class 'PackedSceneEditorPlugin' is not exposed, skipping.
Quest 3 arm64 APK export (advisory until first green run)	UNKNOWN STEP	2026-09-06T11:06:03.9819830Z Class 'PackedSceneEditorTranslationParserPlugin' is not exposed, skipping.
Quest 3 arm64 APK export (advisory until first green run)	UNKNOWN STEP	2026-09-06T11:06:03.9830771Z Class 'PanoramaSkyMaterialConversionPlugin' is not exposed, skipping.
Quest 3 arm64 APK export (advisory until first green run)	UNKNOWN STEP	2026-09-06T11:06:03.9833660Z Class 'ParallaxBackgroundEditorPlugin' is not exposed, skipping.
Quest 3 arm64 APK export (advisory until first green run)	UNKNOWN STEP	2026-09-06T11:06:03.9843156Z Class 'ParticleProcessMaterialConversionPlugin' is not exposed, skipping.
Quest 3 arm64 APK export (advisory until first green run)	UNKNOWN STEP	2026-09-06T11:06:03.9844589Z Class 'Path2DEditor' is not exposed, skipping.
Quest 3 arm64 APK export (advisory until first green run)	UNKNOWN STEP	2026-09-06T11:06:03.9845002Z Class 'Path2DEditorPlugin' is not exposed, skipping.
Quest 3 arm64 APK export (advisory until first green run)	UNKNOWN STEP	2026-09-06T11:06:03.9845804Z Class 'Path3DEditorPlugin' is not exposed, skipping.
Quest 3 arm64 APK export (advisory until first green run)	UNKNOWN STEP	2026-09-06T11:06:03.9846213Z Class 'Path3DGizmoPlugin' is not exposed, skipping.
Quest 3 arm64 APK export (advisory until first green run)	UNKNOWN STEP	2026-09-06T11:06:03.9870971Z Class 'PhysicalBone3DEditorPlugin' is not exposed, skipping.
Quest 3 arm64 APK export (advisory until first green run)	UNKNOWN STEP	2026-09-06T11:06:03.9890154Z Class 'PhysicalSkyMaterialConversionPlugin' is not exposed, skipping.
Quest 3 arm64 APK export (advisory until first green run)	UNKNOWN STEP	2026-09-06T11:06:04.0074289Z Class 'PluginConfigDialog' is not exposed, skipping.
Quest 3 arm64 APK export (advisory until first green run)	UNKNOWN STEP	2026-09-06T11:06:04.0103961Z Class 'Polygon2DEditor' is not exposed, skipping.
Quest 3 arm64 APK export (advisory until first green run)	UNKNOWN STEP	2026-09-06T11:06:04.0104954Z Class 'Polygon2DEditorPlugin' is not exposed, skipping.
Quest 3 arm64 APK export (advisory until first green run)	UNKNOWN STEP	2026-09-06T11:06:04.0105424Z Class 'Polygon3DEditor' is not exposed, skipping.
Quest 3 arm64 APK export (advisory until first green run)	UNKNOWN STEP	2026-09-06T11:06:04.0105887Z Class 'Polygon3DEditorPlugin' is not exposed, skipping.
Quest 3 arm64 APK export (advisory until first green run)	UNKNOWN STEP	2026-09-06T11:06:04.0123167Z Class 'PostImportPluginSkeletonRenamer' is not exposed, skipping.
Quest 3 arm64 APK export (advisory until first green run)	UNKNOWN STEP	2026-09-06T11:06:04.0123748Z Class 'PostImportPluginSkeletonRestFixer' is not exposed, skipping.
Quest 3 arm64 APK export (advisory until first green run)	UNKNOWN STEP	2026-09-06T11:06:04.0124495Z Class 'PostImportPluginSkeletonTrackOrganizer' is not exposed, skipping.
Quest 3 arm64 APK export (advisory until first green run)	UNKNOWN STEP	2026-09-06T11:06:04.0138986Z Class 'ProceduralSkyMaterialConversionPlugin' is not exposed, skipping.
Quest 3 arm64 APK export (advisory until first green run)	UNKNOWN STEP	2026-09-06T11:06:04.0171194Z Class 'ProgressDialog' is not exposed, skipping.
Quest 3 arm64 APK export (advisory until first green run)	UNKNOWN STEP	2026-09-06T11:06:04.0171707Z Class 'ProjectExportDialog' is not exposed, skipping.
Quest 3 arm64 APK export (advisory until first green run)	UNKNOWN STEP	2026-09-06T11:06:04.0172247Z Class 'ProjectExportTextureFormatError' is not exposed, skipping.
Quest 3 arm64 APK export (advisory until first green run)	UNKNOWN STEP	2026-09-06T11:06:04.0172780Z Class 'ProjectSettingsEditor' is not exposed, skipping.
Quest 3 arm64 APK export (advisory until first green run)	UNKNOWN STEP	2026-09-06T11:06:04.0173237Z Class 'PropertySelector' is not exposed, skipping.
Quest 3 arm64 APK export (advisory until first green run)	UNKNOWN STEP	2026-09-06T11:06:04.0241933Z Class 'RenameDialog' is not exposed, skipping.
Quest 3 arm64 APK export (advisory until first green run)	UNKNOWN STEP	2026-09-06T11:06:04.0280722Z Class 'ReparentDialog' is not exposed, skipping.
Quest 3 arm64 APK export (advisory until first green run)	UNKNOWN STEP	2026-09-06T11:06:04.0281339Z Class 'ReplicationEditor' is not exposed, skipping.
Quest 3 arm64 APK export (advisory until first green run)	UNKNOWN STEP	2026-09-06T11:06:04.0281877Z Class 'ResourceFormatImporterSaver' is not exposed, skipping.
Quest 3 arm64 APK export (advisory until first green run)	UNKNOWN STEP	2026-09-06T11:06:04.0288750Z Class 'ResourcePreloaderEditor' is not exposed, skipping.
Quest 3 arm64 APK export (advisory until first green run)	UNKNOWN STEP	2026-09-06T11:06:04.0289316Z Class 'ResourcePreloaderEditorPlugin' is not exposed, skipping.
Quest 3 arm64 APK export (advisory until first green run)	UNKNOWN STEP	2026-09-06T11:06:04.0357742Z Class 'RunInstancesDialog' is not exposed, skipping.
Quest 3 arm64 APK export (advisory until first green run)	UNKNOWN STEP	2026-09-06T11:06:04.0358270Z Class 'SceneCacheInterface' is not exposed, skipping.
Quest 3 arm64 APK export (advisory until first green run)	UNKNOWN STEP	2026-09-06T11:06:04.0358716Z Class 'SceneCreateDialog' is not exposed, skipping.
Quest 3 arm64 APK export (advisory until first green run)	UNKNOWN STEP	2026-09-06T11:06:04.0359614Z Class 'SceneExporterGLTFPlugin' is not exposed, skipping.
Quest 3 arm64 APK export (advisory until first green run)	UNKNOWN STEP	2026-09-06T11:06:04.0360268Z Class 'SceneImportSettingsData' is not exposed, skipping.
Quest 3 arm64 APK export (advisory until first green run)	UNKNOWN STEP	2026-09-06T11:06:04.0360938Z Class 'SceneImportSettingsDialog' is not exposed, skipping.
Quest 3 arm64 APK export (advisory until first green run)	UNKNOWN STEP	2026-09-06T11:06:04.0361418Z Class 'SceneRPCInterface' is not exposed, skipping.
Quest 3 arm64 APK export (advisory until first green run)	UNKNOWN STEP	2026-09-06T11:06:04.0361911Z Class 'SceneReplicationInterface' is not exposed, skipping.
Quest 3 arm64 APK export (advisory until first green run)	UNKNOWN STEP	2026-09-06T11:06:04.0362399Z Class 'SceneTileProxyObject' is not exposed, skipping.
Quest 3 arm64 APK export (advisory until first green run)	UNKNOWN STEP	2026-09-06T11:06:04.0365778Z Class 'SceneTreeDialog' is not exposed, skipping.
Quest 3 arm64 APK export (advisory until first green run)	UNKNOWN STEP	2026-09-06T11:06:04.0366312Z Class 'SceneTreeDock' is not exposed, skipping.
Quest 3 arm64 APK export (advisory until first green run)	UNKNOWN STEP	2026-09-06T11:06:04.0366836Z Class 'SceneTreeEditor' is not exposed, skipping.
Quest 3 arm64 APK export (advisory until first green run)	UNKNOWN STEP	2026-09-06T11:06:04.0367248Z Class 'ScreenSelect' is not exposed, skipping.
Quest 3 arm64 APK export (advisory until first green run)	UNKNOWN STEP	2026-09-06T11:06:04.0513707Z Class 'ScriptEditorDebugger' is not exposed, skipping.
Quest 3 arm64 APK export (advisory until first green run)	UNKNOWN STEP	2026-09-06T11:06:04.0514231Z Class 'ScriptEditorPlugin' is not exposed, skipping.
Quest 3 arm64 APK export (advisory until first green run)	UNKNOWN STEP	2026-09-06T11:06:04.0583318Z Class 'SectionedInspector' is not exposed, skipping.
Quest 3 arm64 APK export (advisory until first green run)	UNKNOWN STEP	2026-09-06T11:06:04.0583867Z Class 'SectionedInspectorFilter' is not exposed, skipping.
Quest 3 arm64 APK export (advisory until first green run)	UNKNOWN STEP	2026-09-06T11:06:04.0619472Z Class 'ShaderCreateDialog' is not exposed, skipping.
Quest 3 arm64 APK export (advisory until first green run)	UNKNOWN STEP	2026-09-06T11:06:04.0620047Z Class 'ShaderEditorPlugin' is not exposed, skipping.
Quest 3 arm64 APK export (advisory until first green run)	UNKNOWN STEP	2026-09-06T11:06:04.0620716Z Class 'ShaderFileEditor' is not exposed, skipping.
Quest 3 arm64 APK export (advisory until first green run)	UNKNOWN STEP	2026-09-06T11:06:04.0621180Z Class 'ShaderFileEditorPlugin' is not exposed, skipping.
Quest 3 arm64 APK export (advisory until first green run)	UNKNOWN STEP	2026-09-06T11:06:04.0621649Z Class 'ShaderGlobalsEditor' is not exposed, skipping.
Quest 3 arm64 APK export (advisory until first green run)	UNKNOWN STEP	2026-09-06T11:06:04.0622145Z Class 'ShaderGlobalsEditorInterface' is not exposed, skipping.
Quest 3 arm64 APK export (advisory until first green run)	UNKNOWN STEP	2026-09-06T11:06:04.0632606Z Class 'SizeFlagPresetPicker' is not exposed, skipping.
Quest 3 arm64 APK export (advisory until first green run)	UNKNOWN STEP	2026-09-06T11:06:04.0634260Z Class 'Skeleton2DEditor' is not exposed, skipping.
Quest 3 arm64 APK export (advisory until first green run)	UNKNOWN STEP	2026-09-06T11:06:04.0634729Z Class 'Skeleton2DEditorPlugin' is not exposed, skipping.
Quest 3 arm64 APK export (advisory until first green run)	UNKNOWN STEP	2026-09-06T11:06:04.0637048Z Class 'Skeleton3DEditorPlugin' is not exposed, skipping.
Quest 3 arm64 APK export (advisory until first green run)	UNKNOWN STEP	2026-09-06T11:06:04.0637531Z Class 'Skeleton3DGizmoPlugin' is not exposed, skipping.
Quest 3 arm64 APK export (advisory until first green run)	UNKNOWN STEP	2026-09-06T11:06:04.0652408Z Class 'SkeletonIK3DEditorPlugin' is not exposed, skipping.
Quest 3 arm64 APK export (advisory until first green run)	UNKNOWN STEP	2026-09-06T11:06:04.0754256Z Class 'SnapDialog' is not exposed, skipping.
Quest 3 arm64 APK export (advisory until first green run)	UNKNOWN STEP	2026-09-06T11:06:04.0800182Z Class 'SplitContainerDragger' is not exposed, skipping.
Quest 3 arm64 APK export (advisory until first green run)	UNKNOWN STEP	2026-09-06T11:06:04.0827449Z Class 'Sprite2DEditor' is not exposed, skipping.
Quest 3 arm64 APK export (advisory until first green run)	UNKNOWN STEP	2026-09-06T11:06:04.0827886Z Class 'Sprite2DEditorPlugin' is not exposed, skipping.
Quest 3 arm64 APK export (advisory until first green run)	UNKNOWN STEP	2026-09-06T11:06:04.0904146Z Class 'SpriteFramesEditor' is not exposed, skipping.
Quest 3 arm64 APK export (advisory until first green run)	UNKNOWN STEP	2026-09-06T11:06:04.0904653Z Class 'SpriteFramesEditorPlugin' is not exposed, skipping.
Quest 3 arm64 APK export (advisory until first green run)	UNKNOWN STEP	2026-09-06T11:06:04.0953286Z Class 'StandardMaterial3DConversionPlugin' is not exposed, skipping.
Quest 3 arm64 APK export (advisory until first green run)	UNKNOWN STEP	2026-09-06T11:06:04.1001249Z Class 'StyleBoxEditorPlugin' is not exposed, skipping.
Quest 3 arm64 APK export (advisory until first green run)	UNKNOWN STEP	2026-09-06T11:06:04.1045405Z Class 'SubViewportPreviewEditorPlugin' is not exposed, skipping.
Quest 3 arm64 APK export (advisory until first green run)	UNKNOWN STEP	2026-09-06T11:06:04.1046696Z Class 'SurfaceUpgradeDialog' is not exposed, skipping.
Quest 3 arm64 APK export (advisory until first green run)	UNKNOWN STEP	2026-09-06T11:06:04.1047150Z Class 'SurfaceUpgradeTool' is not exposed, skipping.
Quest 3 arm64 APK export (advisory until first green run)	UNKNOWN STEP	2026-09-06T11:06:04.1103080Z Class 'Texture3DEditorPlugin' is not exposed, skipping.
Quest 3 arm64 APK export (advisory until first green run)	UNKNOWN STEP	2026-09-06T11:06:04.1142328Z Class 'TextureEditorPlugin' is not exposed, skipping.
Quest 3 arm64 APK export (advisory until first green run)	UNKNOWN STEP	2026-09-06T11:06:04.1146877Z Class 'TextureLayeredEditorPlugin' is not exposed, skipping.
Quest 3 arm64 APK export (advisory until first green run)	UNKNOWN STEP	2026-09-06T11:06:04.1186352Z Class 'TextureRegionEditor' is not exposed, skipping.
Quest 3 arm64 APK export (advisory until first green run)	UNKNOWN STEP	2026-09-06T11:06:04.1186899Z Class 'TextureRegionEditorPlugin' is not exposed, skipping.
Quest 3 arm64 APK export (advisory until first green run)	UNKNOWN STEP	2026-09-06T11:06:04.1188723Z Class 'ThemeContext' is not exposed, skipping.
Quest 3 arm64 APK export (advisory until first green run)	UNKNOWN STEP	2026-09-06T11:06:04.1189357Z Class 'ThemeEditor' is not exposed, skipping.
Quest 3 arm64 APK export (advisory until first green run)	UNKNOWN STEP	2026-09-06T11:06:04.1189966Z Class 'ThemeEditorPlugin' is not exposed, skipping.
Quest 3 arm64 APK export (advisory until first green run)	UNKNOWN STEP	2026-09-06T11:06:04.1190393Z Class 'ThemeEditorPreview' is not exposed, skipping.
Quest 3 arm64 APK export (advisory until first green run)	UNKNOWN STEP	2026-09-06T11:06:04.1190826Z Class 'ThemeItemEditorDialog' is not exposed, skipping.
Quest 3 arm64 APK export (advisory until first green run)	UNKNOWN STEP	2026-09-06T11:06:04.1191312Z Class 'ThemeItemImportTree' is not exposed, skipping.
Quest 3 arm64 APK export (advisory until first green run)	UNKNOWN STEP	2026-09-06T11:06:04.1191685Z Class 'ThemeTypeDialog' is not exposed, skipping.
Quest 3 arm64 APK export (advisory until first green run)	UNKNOWN STEP	2026-09-06T11:06:04.1192238Z Class 'ThemeTypeEditor' is not exposed, skipping.
Quest 3 arm64 APK export (advisory until first green run)	UNKNOWN STEP	2026-09-06T11:06:04.1192815Z Class 'TileAtlasView' is not exposed, skipping.
Quest 3 arm64 APK export (advisory until first green run)	UNKNOWN STEP	2026-09-06T11:06:04.1195990Z Class 'TileMapEditorPlugin' is not exposed, skipping.
Quest 3 arm64 APK export (advisory until first green run)	UNKNOWN STEP	2026-09-06T11:06:04.1199404Z Class 'TileMapLayerEditor' is not exposed, skipping.
Quest 3 arm64 APK export (advisory until first green run)	UNKNOWN STEP	2026-09-06T11:06:04.1200152Z Class 'TileMapLayerEditorTerrainsPlugin' is not exposed, skipping.
Quest 3 arm64 APK export (advisory until first green run)	UNKNOWN STEP	2026-09-06T11:06:04.1200948Z Class 'TileMapLayerEditorTilesPlugin' is not exposed, skipping.
Quest 3 arm64 APK export (advisory until first green run)	UNKNOWN STEP	2026-09-06T11:06:04.1201665Z Class 'TileProxiesManagerDialog' is not exposed, skipping.
Quest 3 arm64 APK export (advisory until first green run)	UNKNOWN STEP	2026-09-06T11:06:04.1208245Z Class 'TileSetAtlasSourceEditor' is not exposed, skipping.
Quest 3 arm64 APK export (advisory until first green run)	UNKNOWN STEP	2026-09-06T11:06:04.1208925Z Class 'TileSetAtlasSourceProxyObject' is not exposed, skipping.
Quest 3 arm64 APK export (advisory until first green run)	UNKNOWN STEP	2026-09-06T11:06:04.1209525Z Class 'TileSetEditor' is not exposed, skipping.
Quest 3 arm64 APK export (advisory until first green run)	UNKNOWN STEP	2026-09-06T11:06:04.1210059Z Class 'TileSetEditorPlugin' is not exposed, skipping.
Quest 3 arm64 APK export (advisory until first green run)	UNKNOWN STEP	2026-09-06T11:06:04.1210759Z Class 'TileSetScenesCollectionProxyObject' is not exposed, skipping.
Quest 3 arm64 APK export (advisory until first green run)	UNKNOWN STEP	2026-09-06T11:06:04.1211568Z Class 'TileSetScenesCollectionSourceEditor' is not exposed, skipping.
Quest 3 arm64 APK export (advisory until first green run)	UNKNOWN STEP	2026-09-06T11:06:04.1214564Z Class 'TileSourceInspectorPlugin' is not exposed, skipping.
Quest 3 arm64 APK export (advisory until first green run)	UNKNOWN STEP	2026-09-06T11:06:04.1215381Z Class 'TilesEditorUtils' is not exposed, skipping.
Quest 3 arm64 APK export (advisory until first green run)	UNKNOWN STEP	2026-09-06T11:06:04.1247138Z Class 'UVEditDialog' is not exposed, skipping.
Quest 3 arm64 APK export (advisory until first green run)	UNKNOWN STEP	2026-09-06T11:06:04.1349159Z Class 'VersionControlEditorPlugin' is not exposed, skipping.
Quest 3 arm64 APK export (advisory until first green run)	UNKNOWN STEP	2026-09-06T11:06:04.1359084Z Class 'ViewPanner' is not exposed, skipping.
Quest 3 arm64 APK export (advisory until first green run)	UNKNOWN STEP	2026-09-06T11:06:04.1387844Z Class 'ViewportNavigationControl' is not exposed, skipping.
Quest 3 arm64 APK export (advisory until first green run)	UNKNOWN STEP	2026-09-06T11:06:04.1388496Z Class 'ViewportRotationControl' is not exposed, skipping.
Quest 3 arm64 APK export (advisory until first green run)	UNKNOWN STEP	2026-09-06T11:06:04.1425990Z Class 'VisualShaderConversionPlugin' is not exposed, skipping.
Quest 3 arm64 APK export (advisory until first green run)	UNKNOWN STEP	2026-09-06T11:06:04.1818488Z Class 'VoxelGIEditorPlugin' is not exposed, skipping.
Quest 3 arm64 APK export (advisory until first green run)	UNKNOWN STEP	2026-09-06T11:06:04.1864411Z Class 'WindowWrapper' is not exposed, skipping.
Quest 3 arm64 APK export (advisory until first green run)	UNKNOWN STEP	2026-09-06T11:06:04.2037908Z Loaded system CA certificates
Quest 3 arm64 APK export (advisory until first green run)	UNKNOWN STEP	2026-09-06T11:06:05.7029206Z EditorSettings: Save OK!
Quest 3 arm64 APK export (advisory until first green run)	UNKNOWN STEP	2026-09-06T11:06:07.0222027Z Failed to get modified time for: res://rust/target/debug/libvisionclaw_xr_gdext.so
Quest 3 arm64 APK export (advisory until first green run)	UNKNOWN STEP	2026-09-06T11:06:07.0223159Z ERROR: Condition "!FileAccess::exists(path)" is true. Returning: ERR_FILE_NOT_FOUND
Quest 3 arm64 APK export (advisory until first green run)	UNKNOWN STEP	2026-09-06T11:06:07.0224000Z    at: open_dynamic_library (drivers/unix/os_unix.cpp:806)
Quest 3 arm64 APK export (advisory until first green run)	UNKNOWN STEP	2026-09-06T11:06:07.0225460Z ERROR: GDExtension dynamic library not found: /home/runner/work/VisionClaw/VisionClaw/xr-client/rust/target/debug/libvisionclaw_xr_gdext.so
Quest 3 arm64 APK export (advisory until first green run)	UNKNOWN STEP	2026-09-06T11:06:07.0226660Z    at: open_library (core/extension/gdextension.cpp:801)
Quest 3 arm64 APK export (advisory until first green run)	UNKNOWN STEP	2026-09-06T11:06:07.0227983Z ERROR: Failed loading resource: res://visionclaw_xr_gdext.gdextension. Make sure resources have been imported by opening the project in the editor at least once.
Quest 3 arm64 APK export (advisory until first green run)	UNKNOWN STEP	2026-09-06T11:06:07.0229058Z    at: _load (core/io/resource_loader.cpp:283)
Quest 3 arm64 APK export (advisory until first green run)	UNKNOWN STEP	2026-09-06T11:06:07.0229431Z reimport: begin: (Re)Importing Assets steps: 1
Quest 3 arm64 APK export (advisory until first green run)	UNKNOWN STEP	2026-09-06T11:06:07.0229780Z 	reimport: step 0: icon.svg
Quest 3 arm64 APK export (advisory until first green run)	UNKNOWN STEP	2026-09-06T11:06:07.0230112Z EditorFileSystem: Importing file: res://icon.svg
Quest 3 arm64 APK export (advisory until first green run)	UNKNOWN STEP	2026-09-06T11:06:07.0267716Z EditorFileSystem: "res://icon.svg" import took 5 ms.
Quest 3 arm64 APK export (advisory until first green run)	UNKNOWN STEP	2026-09-06T11:06:07.0356209Z SCRIPT ERROR: Parse Error: Identifier "AgentAvatarNode" not declared in the current scope.
Quest 3 arm64 APK export (advisory until first green run)	UNKNOWN STEP	2026-09-06T11:06:07.0357332Z           at: GDScript::reload (res://scripts/agent_avatar.gd:58)
Quest 3 arm64 APK export (advisory until first green run)	UNKNOWN STEP	2026-09-06T11:06:07.0358309Z ERROR: Failed to load script "res://scripts/agent_avatar.gd" with error "Parse error".
Quest 3 arm64 APK export (advisory until first green run)	UNKNOWN STEP	2026-09-06T11:06:07.0359239Z    at: load (modules/gdscript/gdscript.cpp:2936)
Quest 3 arm64 APK export (advisory until first green run)	UNKNOWN STEP	2026-09-06T11:06:07.0925598Z SCRIPT ERROR: Parse Error: Identifier "BinaryProtocolClient" not declared in the current scope.
Quest 3 arm64 APK export (advisory until first green run)	UNKNOWN STEP	2026-09-06T11:06:07.0926826Z           at: GDScript::reload (res://scripts/graph_scene.gd:423)
Quest 3 arm64 APK export (advisory until first green run)	UNKNOWN STEP	2026-09-06T11:06:07.0927904Z SCRIPT ERROR: Parse Error: Identifier "PresenceClientNode" not declared in the current scope.
Quest 3 arm64 APK export (advisory until first green run)	UNKNOWN STEP	2026-09-06T11:06:07.0928838Z           at: GDScript::reload (res://scripts/graph_scene.gd:424)
Quest 3 arm64 APK export (advisory until first green run)	UNKNOWN STEP	2026-09-06T11:06:07.0929952Z SCRIPT ERROR: Parse Error: Identifier "XrInteraction" not declared in the current scope.
Quest 3 arm64 APK export (advisory until first green run)	UNKNOWN STEP	2026-09-06T11:06:07.0930540Z           at: GDScript::reload (res://scripts/graph_scene.gd:425)
Quest 3 arm64 APK export (advisory until first green run)	UNKNOWN STEP	2026-09-06T11:06:07.0931099Z SCRIPT ERROR: Parse Error: Identifier "LodPolicy" not declared in the current scope.
Quest 3 arm64 APK export (advisory until first green run)	UNKNOWN STEP	2026-09-06T11:06:07.0931658Z           at: GDScript::reload (res://scripts/graph_scene.gd:426)
Quest 3 arm64 APK export (advisory until first green run)	UNKNOWN STEP	2026-09-06T11:06:07.0932237Z SCRIPT ERROR: Parse Error: Identifier "SpatialVoiceRouter" not declared in the current scope.
Quest 3 arm64 APK export (advisory until first green run)	UNKNOWN STEP	2026-09-06T11:06:07.0932826Z           at: GDScript::reload (res://scripts/graph_scene.gd:427)
Quest 3 arm64 APK export (advisory until first green run)	UNKNOWN STEP	2026-09-06T11:06:07.0933386Z SCRIPT ERROR: Parse Error: Identifier "ProxemicsSolver" not declared in the current scope.
Quest 3 arm64 APK export (advisory until first green run)	UNKNOWN STEP	2026-09-06T11:06:07.0933957Z           at: GDScript::reload (res://scripts/graph_scene.gd:428)
Quest 3 arm64 APK export (advisory until first green run)	UNKNOWN STEP	2026-09-06T11:06:07.0934707Z SCRIPT ERROR: Parse Error: Identifier "SelectionArbiterNode" not declared in the current scope.
Quest 3 arm64 APK export (advisory until first green run)	UNKNOWN STEP	2026-09-06T11:06:07.0935311Z           at: GDScript::reload (res://scripts/graph_scene.gd:429)
Quest 3 arm64 APK export (advisory until first green run)	UNKNOWN STEP	2026-09-06T11:06:07.0935859Z SCRIPT ERROR: Parse Error: Identifier "GazeTracker" not declared in the current scope.
Quest 3 arm64 APK export (advisory until first green run)	UNKNOWN STEP	2026-09-06T11:06:07.0936415Z           at: GDScript::reload (res://scripts/graph_scene.gd:430)
Quest 3 arm64 APK export (advisory until first green run)	UNKNOWN STEP	2026-09-06T11:06:07.0936992Z SCRIPT ERROR: Parse Error: Identifier "NostrAuth" not declared in the current scope.
Quest 3 arm64 APK export (advisory until first green run)	UNKNOWN STEP	2026-09-06T11:06:07.0937716Z           at: GDScript::reload (res://scripts/graph_scene.gd:437)
Quest 3 arm64 APK export (advisory until first green run)	UNKNOWN STEP	2026-09-06T11:06:07.0940962Z ERROR: Failed to load script "res://scripts/graph_scene.gd" with error "Parse error".
Quest 3 arm64 APK export (advisory until first green run)	UNKNOWN STEP	2026-09-06T11:06:07.0941714Z    at: load (modules/gdscript/gdscript.cpp:2936)
Quest 3 arm64 APK export (advisory until first green run)	UNKNOWN STEP	2026-09-06T11:06:07.1267583Z SCRIPT ERROR: Parse Error: Could not resolve super class path "res://addons/gut/test.gd".
Quest 3 arm64 APK export (advisory until first green run)	UNKNOWN STEP	2026-09-06T11:06:07.1268741Z           at: GDScript::reload (res://tests/unit/test_agent_avatar.gd:1)
Quest 3 arm64 APK export (advisory until first green run)	UNKNOWN STEP	2026-09-06T11:06:07.1269840Z ERROR: Failed to load script "res://tests/unit/test_agent_avatar.gd" with error "Parse error".
Quest 3 arm64 APK export (advisory until first green run)	UNKNOWN STEP	2026-09-06T11:06:07.1270835Z    at: load (modules/gdscript/gdscript.cpp:2936)
Quest 3 arm64 APK export (advisory until first green run)	UNKNOWN STEP	2026-09-06T11:06:07.1275618Z SCRIPT ERROR: Parse Error: Could not resolve super class path "res://addons/gut/test.gd".
Quest 3 arm64 APK export (advisory until first green run)	UNKNOWN STEP	2026-09-06T11:06:07.1276747Z           at: GDScript::reload (res://tests/unit/test_agent_beam.gd:1)
Quest 3 arm64 APK export (advisory until first green run)	UNKNOWN STEP	2026-09-06T11:06:07.1277824Z ERROR: Failed to load script "res://tests/unit/test_agent_beam.gd" with error "Parse error".
Quest 3 arm64 APK export (advisory until first green run)	UNKNOWN STEP	2026-09-06T11:06:07.1278897Z    at: load (modules/gdscript/gdscript.cpp:2936)
Quest 3 arm64 APK export (advisory until first green run)	UNKNOWN STEP	2026-09-06T11:06:07.1287903Z SCRIPT ERROR: Parse Error: Could not resolve super class path "res://addons/gut/test.gd".
Quest 3 arm64 APK export (advisory until first green run)	UNKNOWN STEP	2026-09-06T11:06:07.1288680Z           at: GDScript::reload (res://tests/unit/test_did_badge.gd:1)
Quest 3 arm64 APK export (advisory until first green run)	UNKNOWN STEP	2026-09-06T11:06:07.1289331Z ERROR: Failed to load script "res://tests/unit/test_did_badge.gd" with error "Parse error".
Quest 3 arm64 APK export (advisory until first green run)	UNKNOWN STEP	2026-09-06T11:06:07.1289928Z    at: load (modules/gdscript/gdscript.cpp:2936)
Quest 3 arm64 APK export (advisory until first green run)	UNKNOWN STEP	2026-09-06T11:06:07.1301738Z SCRIPT ERROR: Parse Error: Could not resolve super class path "res://addons/gut/test.gd".
Quest 3 arm64 APK export (advisory until first green run)	UNKNOWN STEP	2026-09-06T11:06:07.1302696Z           at: GDScript::reload (res://tests/unit/test_graph_agents.gd:1)
Quest 3 arm64 APK export (advisory until first green run)	UNKNOWN STEP	2026-09-06T11:06:07.1303402Z ERROR: Failed to load script "res://tests/unit/test_graph_agents.gd" with error "Parse error".
Quest 3 arm64 APK export (advisory until first green run)	UNKNOWN STEP	2026-09-06T11:06:07.1303960Z    at: load (modules/gdscript/gdscript.cpp:2936)
Quest 3 arm64 APK export (advisory until first green run)	UNKNOWN STEP	2026-09-06T11:06:07.1316025Z SCRIPT ERROR: Parse Error: Could not resolve super class path "res://addons/gut/test.gd".
Quest 3 arm64 APK export (advisory until first green run)	UNKNOWN STEP	2026-09-06T11:06:07.1316990Z           at: GDScript::reload (res://tests/unit/test_hud_intervention.gd:1)
Quest 3 arm64 APK export (advisory until first green run)	UNKNOWN STEP	2026-09-06T11:06:07.1317700Z ERROR: Failed to load script "res://tests/unit/test_hud_intervention.gd" with error "Parse error".
Quest 3 arm64 APK export (advisory until first green run)	UNKNOWN STEP	2026-09-06T11:06:07.1318288Z    at: load (modules/gdscript/gdscript.cpp:2936)
Quest 3 arm64 APK export (advisory until first green run)	UNKNOWN STEP	2026-09-06T11:06:07.1337259Z SCRIPT ERROR: Parse Error: Could not resolve super class path "res://addons/gut/test.gd".
Quest 3 arm64 APK export (advisory until first green run)	UNKNOWN STEP	2026-09-06T11:06:07.1338215Z           at: GDScript::reload (res://tests/unit/test_hud_tabs.gd:1)
Quest 3 arm64 APK export (advisory until first green run)	UNKNOWN STEP	2026-09-06T11:06:07.1338941Z ERROR: Failed to load script "res://tests/unit/test_hud_tabs.gd" with error "Parse error".
Quest 3 arm64 APK export (advisory until first green run)	UNKNOWN STEP	2026-09-06T11:06:07.1339808Z    at: load (modules/gdscript/gdscript.cpp:2936)
Quest 3 arm64 APK export (advisory until first green run)	UNKNOWN STEP	2026-09-06T11:06:07.1359591Z SCRIPT ERROR: Parse Error: Could not resolve super class path "res://addons/gut/test.gd".
Quest 3 arm64 APK export (advisory until first green run)	UNKNOWN STEP	2026-09-06T11:06:07.1360594Z           at: GDScript::reload (res://tests/unit/test_query_builder.gd:1)
Quest 3 arm64 APK export (advisory until first green run)	UNKNOWN STEP	2026-09-06T11:06:07.1361265Z ERROR: Failed to load script "res://tests/unit/test_query_builder.gd" with error "Parse error".
Quest 3 arm64 APK export (advisory until first green run)	UNKNOWN STEP	2026-09-06T11:06:07.1361867Z    at: load (modules/gdscript/gdscript.cpp:2936)
Quest 3 arm64 APK export (advisory until first green run)	UNKNOWN STEP	2026-09-06T11:06:07.1395191Z SCRIPT ERROR: Parse Error: Could not resolve super class path "res://addons/gut/test.gd".
Quest 3 arm64 APK export (advisory until first green run)	UNKNOWN STEP	2026-09-06T11:06:07.1395919Z           at: GDScript::reload (res://tests/unit/test_scene_load.gd:1)
Quest 3 arm64 APK export (advisory until first green run)	UNKNOWN STEP	2026-09-06T11:06:07.1397113Z ERROR: Failed to load script "res://tests/unit/test_scene_load.gd" with error "Parse error".
Quest 3 arm64 APK export (advisory until first green run)	UNKNOWN STEP	2026-09-06T11:06:07.1397980Z    at: load (modules/gdscript/gdscript.cpp:2936)
Quest 3 arm64 APK export (advisory until first green run)	UNKNOWN STEP	2026-09-06T11:06:07.1408841Z SCRIPT ERROR: Parse Error: Could not resolve super class path "res://addons/gut/test.gd".
Quest 3 arm64 APK export (advisory until first green run)	UNKNOWN STEP	2026-09-06T11:06:07.1409794Z           at: GDScript::reload (res://tests/unit/test_swarm_tab.gd:1)
Quest 3 arm64 APK export (advisory until first green run)	UNKNOWN STEP	2026-09-06T11:06:07.1410652Z ERROR: Failed to load script "res://tests/unit/test_swarm_tab.gd" with error "Parse error".
Quest 3 arm64 APK export (advisory until first green run)	UNKNOWN STEP	2026-09-06T11:06:07.1411449Z    at: load (modules/gdscript/gdscript.cpp:2936)
Quest 3 arm64 APK export (advisory until first green run)	UNKNOWN STEP	2026-09-06T11:06:07.1417320Z SCRIPT ERROR: Parse Error: Could not resolve super class path "res://addons/gut/test.gd".
Quest 3 arm64 APK export (advisory until first green run)	UNKNOWN STEP	2026-09-06T11:06:07.1418434Z           at: GDScript::reload (res://tests/unit/test_xr_config.gd:1)
Quest 3 arm64 APK export (advisory until first green run)	UNKNOWN STEP	2026-09-06T11:06:07.1419319Z ERROR: Failed to load script "res://tests/unit/test_xr_config.gd" with error "Parse error".
Quest 3 arm64 APK export (advisory until first green run)	UNKNOWN STEP	2026-09-06T11:06:07.1420099Z    at: load (modules/gdscript/gdscript.cpp:2936)
Quest 3 arm64 APK export (advisory until first green run)	UNKNOWN STEP	2026-09-06T11:06:07.1438341Z reimport: end
Quest 3 arm64 APK export (advisory until first green run)	UNKNOWN STEP	2026-09-06T11:06:07.1449356Z ERROR: Cannot export project with preset "Quest 3 arm64" due to configuration errors:
Quest 3 arm64 APK export (advisory until first green run)	UNKNOWN STEP	2026-09-06T11:06:07.1450140Z No export template found at the expected path:
Quest 3 arm64 APK export (advisory until first green run)	UNKNOWN STEP	2026-09-06T11:06:07.1450824Z /home/runner/.local/share/godot/export_templates/4.3.stable/android_source.zip
Quest 3 arm64 APK export (advisory until first green run)	UNKNOWN STEP	2026-09-06T11:06:07.1451757Z Android build template not installed in the project. Install it from the Project menu.
Quest 3 arm64 APK export (advisory until first green run)	UNKNOWN STEP	2026-09-06T11:06:07.1452334Z 
Quest 3 arm64 APK export (advisory until first green run)	UNKNOWN STEP	2026-09-06T11:06:07.1452535Z    at: _fs_changed (editor/editor_node.cpp:1012)
Quest 3 arm64 APK export (advisory until first green run)	UNKNOWN STEP	2026-09-06T11:06:07.1453112Z ERROR: Project export for preset "Quest 3 arm64" failed.
Quest 3 arm64 APK export (advisory until first green run)	UNKNOWN STEP	2026-09-06T11:06:07.1453698Z    at: _fs_changed (editor/editor_node.cpp:1028)
Quest 3 arm64 APK export (advisory until first green run)	UNKNOWN STEP	2026-09-06T11:06:07.8915527Z EditorSettings: Save OK!
Quest 3 arm64 APK export (advisory until first green run)	UNKNOWN STEP	2026-09-06T11:06:07.9083470Z XR: Clearing primary interface
Quest 3 arm64 APK export (advisory until first green run)	UNKNOWN STEP	2026-09-06T11:06:07.9085650Z XR: Removed interface "Native mobile"
Quest 3 arm64 APK export (advisory until first green run)	UNKNOWN STEP	2026-09-06T11:06:07.9086148Z XR: Removed interface "OpenXR"
Quest 3 arm64 APK export (advisory until first green run)	UNKNOWN STEP	2026-09-06T11:06:08.0095598Z Orphan StringName: Start (static: 0, total: 1)
Quest 3 arm64 APK export (advisory until first green run)	UNKNOWN STEP	2026-09-06T11:06:08.0097153Z Orphan StringName: Node (static: 8, total: 9)
Quest 3 arm64 APK export (advisory until first green run)	UNKNOWN STEP	2026-09-06T11:06:08.0097916Z Orphan StringName: End (static: 0, total: 1)
Quest 3 arm64 APK export (advisory until first green run)	UNKNOWN STEP	2026-09-06T11:06:08.0098557Z StringName: 3 unclaimed string names at exit.
Quest 3 arm64 APK export (advisory until first green run)	UNKNOWN STEP	2026-09-06T11:06:08.0442125Z ##[error]Process completed with exit code 1.
Quest 3 arm64 APK export (advisory until first green run)	UNKNOWN STEP	2026-09-06T11:06:08.0537271Z Node 20 is being deprecated. This workflow is running with Node 24 by default. If you need to temporarily use Node 20, you can set the ACTIONS_ALLOW_USE_UNSECURE_NODE_VERSION=true environment variable. For more information see: https://github.blog/changelog/2025-09-19-deprecation-of-node-20-on-github-actions-runners/
Quest 3 arm64 APK export (advisory until first green run)	UNKNOWN STEP	2026-09-06T11:06:08.0538476Z Post job cleanup.
Quest 3 arm64 APK export (advisory until first green run)	UNKNOWN STEP	2026-09-06T11:06:08.1841780Z (node:6555) [DEP0040] DeprecationWarning: The `punycode` module is deprecated. Please use a userland alternative instead.
Quest 3 arm64 APK export (advisory until first green run)	UNKNOWN STEP	2026-09-06T11:06:08.1842683Z (Use `node --trace-deprecation ...` to show where the warning was created)
Quest 3 arm64 APK export (advisory until first green run)	UNKNOWN STEP	2026-09-06T11:06:08.2026495Z Node 20 is being deprecated. This workflow is running with Node 24 by default. If you need to temporarily use Node 20, you can set the ACTIONS_ALLOW_USE_UNSECURE_NODE_VERSION=true environment variable. For more information see: https://github.blog/changelog/2025-09-19-deprecation-of-node-20-on-github-actions-runners/
Quest 3 arm64 APK export (advisory until first green run)	UNKNOWN STEP	2026-09-06T11:06:08.2027929Z Post job cleanup.
Quest 3 arm64 APK export (advisory until first green run)	UNKNOWN STEP	2026-09-06T11:06:08.3006329Z [command]/usr/bin/git version
Quest 3 arm64 APK export (advisory until first green run)	UNKNOWN STEP	2026-09-06T11:06:08.3050325Z git version 2.55.0
Quest 3 arm64 APK export (advisory until first green run)	UNKNOWN STEP	2026-09-06T11:06:08.3097110Z Temporarily overriding HOME='/home/runner/work/_temp/52bd0201-4397-4294-9fde-3c157b810f95' before making global git config changes
Quest 3 arm64 APK export (advisory until first green run)	UNKNOWN STEP	2026-09-06T11:06:08.3098916Z Adding repository directory to the temporary git global config as a safe directory
Quest 3 arm64 APK export (advisory until first green run)	UNKNOWN STEP	2026-09-06T11:06:08.3101139Z [command]/usr/bin/git config --global --add safe.directory /home/runner/work/VisionClaw/VisionClaw
Quest 3 arm64 APK export (advisory until first green run)	UNKNOWN STEP	2026-09-06T11:06:08.3146202Z [command]/usr/bin/git config --local --name-only --get-regexp core\.sshCommand
Quest 3 arm64 APK export (advisory until first green run)	UNKNOWN STEP	2026-09-06T11:06:08.3181563Z [command]/usr/bin/git submodule foreach --recursive sh -c "git config --local --name-only --get-regexp 'core\.sshCommand' && git config --local --unset-all 'core.sshCommand' || :"
Quest 3 arm64 APK export (advisory until first green run)	UNKNOWN STEP	2026-09-06T11:06:08.3455570Z [command]/usr/bin/git config --local --name-only --get-regexp http\.https\:\/\/github\.com\/\.extraheader
Quest 3 arm64 APK export (advisory until first green run)	UNKNOWN STEP	2026-09-06T11:06:08.3483609Z http.https://github.com/.extraheader
Quest 3 arm64 APK export (advisory until first green run)	UNKNOWN STEP	2026-09-06T11:06:08.3495460Z [command]/usr/bin/git config --local --unset-all http.https://github.com/.extraheader
Quest 3 arm64 APK export (advisory until first green run)	UNKNOWN STEP	2026-09-06T11:06:08.3529533Z [command]/usr/bin/git submodule foreach --recursive sh -c "git config --local --name-only --get-regexp 'http\.https\:\/\/github\.com\/\.extraheader' && git config --local --unset-all 'http.https://github.com/.extraheader' || :"
Quest 3 arm64 APK export (advisory until first green run)	UNKNOWN STEP	2026-09-06T11:06:08.3791107Z [command]/usr/bin/git config --local --name-only --get-regexp ^includeIf\.gitdir:
Quest 3 arm64 APK export (advisory until first green run)	UNKNOWN STEP	2026-09-06T11:06:08.3833543Z [command]/usr/bin/git submodule foreach --recursive git config --local --show-origin --name-only --get-regexp remote.origin.url
Quest 3 arm64 APK export (advisory until first green run)	UNKNOWN STEP	2026-09-06T11:06:08.4232484Z Cleaning up orphan processes
Quest 3 arm64 APK export (advisory until first green run)	UNKNOWN STEP	2026-09-06T11:06:08.4495399Z ##[warning]Node.js 20 is deprecated. The following actions target Node.js 20 but are being forced to run on Node.js 24: actions/checkout@v4, actions/setup-java@v4. For more information see: https://github.blog/changelog/2025-09-19-deprecation-of-node-20-on-github-actions-runners/
