Quest 3 arm64 APK export (advisory until first green run)	UNKNOWN STEP	﻿2026-09-07T12:04:33.8875334Z Current runner version: '2.337.0'
Quest 3 arm64 APK export (advisory until first green run)	UNKNOWN STEP	2026-09-07T12:04:33.8904625Z ##[group]Runner Image Provisioner
Quest 3 arm64 APK export (advisory until first green run)	UNKNOWN STEP	2026-09-07T12:04:33.8905868Z Hosted Compute Agent
Quest 3 arm64 APK export (advisory until first green run)	UNKNOWN STEP	2026-09-07T12:04:33.8906698Z Version: 20260828.587
Quest 3 arm64 APK export (advisory until first green run)	UNKNOWN STEP	2026-09-07T12:04:33.8907423Z Commit: abac92662cab4cc7352de4f9f9d2e2419aad9c29
Quest 3 arm64 APK export (advisory until first green run)	UNKNOWN STEP	2026-09-07T12:04:33.8908233Z Build Date: 2026-08-28T16:44:25Z
Quest 3 arm64 APK export (advisory until first green run)	UNKNOWN STEP	2026-09-07T12:04:33.8909001Z Worker ID: {2eb3edf4-3384-4cb9-8bc6-808152683bf1}
Quest 3 arm64 APK export (advisory until first green run)	UNKNOWN STEP	2026-09-07T12:04:33.8909770Z Azure Region: eastus2
Quest 3 arm64 APK export (advisory until first green run)	UNKNOWN STEP	2026-09-07T12:04:33.8910493Z ##[endgroup]
Quest 3 arm64 APK export (advisory until first green run)	UNKNOWN STEP	2026-09-07T12:04:33.8911928Z ##[group]Operating System
Quest 3 arm64 APK export (advisory until first green run)	UNKNOWN STEP	2026-09-07T12:04:33.8912626Z Ubuntu
Quest 3 arm64 APK export (advisory until first green run)	UNKNOWN STEP	2026-09-07T12:04:33.8913466Z 24.04.4
Quest 3 arm64 APK export (advisory until first green run)	UNKNOWN STEP	2026-09-07T12:04:33.8914031Z LTS
Quest 3 arm64 APK export (advisory until first green run)	UNKNOWN STEP	2026-09-07T12:04:33.8914636Z ##[endgroup]
Quest 3 arm64 APK export (advisory until first green run)	UNKNOWN STEP	2026-09-07T12:04:33.8915268Z ##[group]Runner Image
Quest 3 arm64 APK export (advisory until first green run)	UNKNOWN STEP	2026-09-07T12:04:33.8915920Z Image: ubuntu-24.04
Quest 3 arm64 APK export (advisory until first green run)	UNKNOWN STEP	2026-09-07T12:04:33.8916639Z Version: 20260831.293.1
Quest 3 arm64 APK export (advisory until first green run)	UNKNOWN STEP	2026-09-07T12:04:33.8917910Z Included Software: https://github.com/actions/runner-images/blob/ubuntu24/20260831.293/images/ubuntu/Ubuntu2404-Readme.md
Quest 3 arm64 APK export (advisory until first green run)	UNKNOWN STEP	2026-09-07T12:04:33.8919654Z Image Release: https://github.com/actions/runner-images/releases/tag/ubuntu24%2F20260831.293
Quest 3 arm64 APK export (advisory until first green run)	UNKNOWN STEP	2026-09-07T12:04:33.8920676Z ##[endgroup]
Quest 3 arm64 APK export (advisory until first green run)	UNKNOWN STEP	2026-09-07T12:04:33.8921930Z ##[group]GITHUB_TOKEN Permissions
Quest 3 arm64 APK export (advisory until first green run)	UNKNOWN STEP	2026-09-07T12:04:33.8924968Z Contents: read
Quest 3 arm64 APK export (advisory until first green run)	UNKNOWN STEP	2026-09-07T12:04:33.8925682Z Metadata: read
Quest 3 arm64 APK export (advisory until first green run)	UNKNOWN STEP	2026-09-07T12:04:33.8926291Z ##[endgroup]
Quest 3 arm64 APK export (advisory until first green run)	UNKNOWN STEP	2026-09-07T12:04:33.8928626Z Secret source: Actions
Quest 3 arm64 APK export (advisory until first green run)	UNKNOWN STEP	2026-09-07T12:04:33.8929937Z Prepare workflow directory
Quest 3 arm64 APK export (advisory until first green run)	UNKNOWN STEP	2026-09-07T12:04:33.9336302Z Prepare all required actions
Quest 3 arm64 APK export (advisory until first green run)	UNKNOWN STEP	2026-09-07T12:04:33.9387922Z Getting action download info
Quest 3 arm64 APK export (advisory until first green run)	UNKNOWN STEP	2026-09-07T12:04:34.1952110Z Download action repository 'actions/checkout@11d5960a326750d5838078e36cf38b85af677262' (SHA:11d5960a326750d5838078e36cf38b85af677262)
Quest 3 arm64 APK export (advisory until first green run)	UNKNOWN STEP	2026-09-07T12:04:34.3085604Z Download action repository 'dtolnay/rust-toolchain@6bed0761d98439e5a578e2877258200ad565ba87' (SHA:6bed0761d98439e5a578e2877258200ad565ba87)
Quest 3 arm64 APK export (advisory until first green run)	UNKNOWN STEP	2026-09-07T12:04:34.4130229Z Download action repository 'actions/setup-java@cf277c60eb25467037889841efdb72551f06f6c3' (SHA:cf277c60eb25467037889841efdb72551f06f6c3)
Quest 3 arm64 APK export (advisory until first green run)	UNKNOWN STEP	2026-09-07T12:04:34.7010187Z Download action repository 'nttld/setup-ndk@ed92fe6cadad69be94a966a7ee3271275e62f779' (SHA:ed92fe6cadad69be94a966a7ee3271275e62f779)
Quest 3 arm64 APK export (advisory until first green run)	UNKNOWN STEP	2026-09-07T12:04:34.9167798Z Download action repository 'actions/upload-artifact@ea165f8d65b6e75b540449e92b4886f43607fa02' (SHA:ea165f8d65b6e75b540449e92b4886f43607fa02)
Quest 3 arm64 APK export (advisory until first green run)	UNKNOWN STEP	2026-09-07T12:04:35.1812490Z Complete job name: Quest 3 arm64 APK export (advisory until first green run)
Quest 3 arm64 APK export (advisory until first green run)	UNKNOWN STEP	2026-09-07T12:04:35.2632423Z Node 20 is being deprecated. This workflow is running with Node 24 by default. If you need to temporarily use Node 20, you can set the ACTIONS_ALLOW_USE_UNSECURE_NODE_VERSION=true environment variable. For more information see: https://github.blog/changelog/2025-09-19-deprecation-of-node-20-on-github-actions-runners/
Quest 3 arm64 APK export (advisory until first green run)	UNKNOWN STEP	2026-09-07T12:04:35.2641701Z ##[group]Run actions/checkout@11d5960a326750d5838078e36cf38b85af677262
Quest 3 arm64 APK export (advisory until first green run)	UNKNOWN STEP	2026-09-07T12:04:35.2643038Z with:
Quest 3 arm64 APK export (advisory until first green run)	UNKNOWN STEP	2026-09-07T12:04:35.2643736Z   repository: DreamLab-AI/VisionClaw
Quest 3 arm64 APK export (advisory until first green run)	UNKNOWN STEP	2026-09-07T12:04:35.2648021Z   token: ***
Quest 3 arm64 APK export (advisory until first green run)	UNKNOWN STEP	2026-09-07T12:04:35.2648497Z   ssh-strict: true
Quest 3 arm64 APK export (advisory until first green run)	UNKNOWN STEP	2026-09-07T12:04:35.2648988Z   ssh-user: git
Quest 3 arm64 APK export (advisory until first green run)	UNKNOWN STEP	2026-09-07T12:04:35.2649476Z   persist-credentials: true
Quest 3 arm64 APK export (advisory until first green run)	UNKNOWN STEP	2026-09-07T12:04:35.2650004Z   clean: true
Quest 3 arm64 APK export (advisory until first green run)	UNKNOWN STEP	2026-09-07T12:04:35.2650491Z   sparse-checkout-cone-mode: true
Quest 3 arm64 APK export (advisory until first green run)	UNKNOWN STEP	2026-09-07T12:04:35.2651061Z   fetch-depth: 1
Quest 3 arm64 APK export (advisory until first green run)	UNKNOWN STEP	2026-09-07T12:04:35.2651539Z   fetch-tags: false
Quest 3 arm64 APK export (advisory until first green run)	UNKNOWN STEP	2026-09-07T12:04:35.2652063Z   show-progress: true
Quest 3 arm64 APK export (advisory until first green run)	UNKNOWN STEP	2026-09-07T12:04:35.2652626Z   lfs: false
Quest 3 arm64 APK export (advisory until first green run)	UNKNOWN STEP	2026-09-07T12:04:35.2653086Z   submodules: false
Quest 3 arm64 APK export (advisory until first green run)	UNKNOWN STEP	2026-09-07T12:04:35.2653712Z   set-safe-directory: true
Quest 3 arm64 APK export (advisory until first green run)	UNKNOWN STEP	2026-09-07T12:04:35.2654278Z   allow-unsafe-pr-checkout: false
Quest 3 arm64 APK export (advisory until first green run)	UNKNOWN STEP	2026-09-07T12:04:35.2655150Z env:
Quest 3 arm64 APK export (advisory until first green run)	UNKNOWN STEP	2026-09-07T12:04:35.2655601Z   CARGO_TERM_COLOR: always
Quest 3 arm64 APK export (advisory until first green run)	UNKNOWN STEP	2026-09-07T12:04:35.2656127Z   RUST_BACKTRACE: 1
Quest 3 arm64 APK export (advisory until first green run)	UNKNOWN STEP	2026-09-07T12:04:35.2656612Z   GODOT_VERSION: 4.3-stable
Quest 3 arm64 APK export (advisory until first green run)	UNKNOWN STEP	2026-09-07T12:04:35.2657133Z   GUT_VERSION: 9.3.1
Quest 3 arm64 APK export (advisory until first green run)	UNKNOWN STEP	2026-09-07T12:04:35.2657605Z ##[endgroup]
Quest 3 arm64 APK export (advisory until first green run)	UNKNOWN STEP	2026-09-07T12:04:35.3796301Z Syncing repository: DreamLab-AI/VisionClaw
Quest 3 arm64 APK export (advisory until first green run)	UNKNOWN STEP	2026-09-07T12:04:35.3799102Z ##[group]Getting Git version info
Quest 3 arm64 APK export (advisory until first green run)	UNKNOWN STEP	2026-09-07T12:04:35.3800594Z Working directory is '/home/runner/work/VisionClaw/VisionClaw'
Quest 3 arm64 APK export (advisory until first green run)	UNKNOWN STEP	2026-09-07T12:04:35.3802342Z [command]/usr/bin/git version
Quest 3 arm64 APK export (advisory until first green run)	UNKNOWN STEP	2026-09-07T12:04:35.3875156Z git version 2.55.0
Quest 3 arm64 APK export (advisory until first green run)	UNKNOWN STEP	2026-09-07T12:04:35.3896686Z ##[endgroup]
Quest 3 arm64 APK export (advisory until first green run)	UNKNOWN STEP	2026-09-07T12:04:35.3913631Z Temporarily overriding HOME='/home/runner/work/_temp/ed7c4f39-d8b4-4b05-a34b-dd2f3a9facfd' before making global git config changes
Quest 3 arm64 APK export (advisory until first green run)	UNKNOWN STEP	2026-09-07T12:04:35.3915229Z Adding repository directory to the temporary git global config as a safe directory
Quest 3 arm64 APK export (advisory until first green run)	UNKNOWN STEP	2026-09-07T12:04:35.3919881Z [command]/usr/bin/git config --global --add safe.directory /home/runner/work/VisionClaw/VisionClaw
Quest 3 arm64 APK export (advisory until first green run)	UNKNOWN STEP	2026-09-07T12:04:35.3982699Z Deleting the contents of '/home/runner/work/VisionClaw/VisionClaw'
Quest 3 arm64 APK export (advisory until first green run)	UNKNOWN STEP	2026-09-07T12:04:35.3987640Z ##[group]Initializing the repository
Quest 3 arm64 APK export (advisory until first green run)	UNKNOWN STEP	2026-09-07T12:04:35.3993122Z [command]/usr/bin/git init /home/runner/work/VisionClaw/VisionClaw
Quest 3 arm64 APK export (advisory until first green run)	UNKNOWN STEP	2026-09-07T12:04:35.4081091Z hint: Using 'master' as the name for the initial branch. This default branch name
Quest 3 arm64 APK export (advisory until first green run)	UNKNOWN STEP	2026-09-07T12:04:35.4083842Z hint: will change to "main" in Git 3.0. To configure the initial branch name
Quest 3 arm64 APK export (advisory until first green run)	UNKNOWN STEP	2026-09-07T12:04:35.4085932Z hint: to use in all of your new repositories, which will suppress this warning,
Quest 3 arm64 APK export (advisory until first green run)	UNKNOWN STEP	2026-09-07T12:04:35.4087492Z hint: call:
Quest 3 arm64 APK export (advisory until first green run)	UNKNOWN STEP	2026-09-07T12:04:35.4088468Z hint:
Quest 3 arm64 APK export (advisory until first green run)	UNKNOWN STEP	2026-09-07T12:04:35.4089666Z hint: 	git config --global init.defaultBranch <name>
Quest 3 arm64 APK export (advisory until first green run)	UNKNOWN STEP	2026-09-07T12:04:35.4091212Z hint:
Quest 3 arm64 APK export (advisory until first green run)	UNKNOWN STEP	2026-09-07T12:04:35.4092698Z hint: Names commonly chosen instead of 'master' are 'main', 'trunk' and
Quest 3 arm64 APK export (advisory until first green run)	UNKNOWN STEP	2026-09-07T12:04:35.4095322Z hint: 'development'. The just-created branch can be renamed via this command:
Quest 3 arm64 APK export (advisory until first green run)	UNKNOWN STEP	2026-09-07T12:04:35.4096859Z hint:
Quest 3 arm64 APK export (advisory until first green run)	UNKNOWN STEP	2026-09-07T12:04:35.4097794Z hint: 	git branch -m <name>
Quest 3 arm64 APK export (advisory until first green run)	UNKNOWN STEP	2026-09-07T12:04:35.4098859Z hint:
Quest 3 arm64 APK export (advisory until first green run)	UNKNOWN STEP	2026-09-07T12:04:35.4100344Z hint: Disable this message with "git config set advice.defaultBranchName false"
Quest 3 arm64 APK export (advisory until first green run)	UNKNOWN STEP	2026-09-07T12:04:35.4102212Z Initialized empty Git repository in /home/runner/work/VisionClaw/VisionClaw/.git/
Quest 3 arm64 APK export (advisory until first green run)	UNKNOWN STEP	2026-09-07T12:04:35.4105725Z [command]/usr/bin/git remote add origin https://github.com/DreamLab-AI/VisionClaw
Quest 3 arm64 APK export (advisory until first green run)	UNKNOWN STEP	2026-09-07T12:04:35.4147696Z ##[endgroup]
Quest 3 arm64 APK export (advisory until first green run)	UNKNOWN STEP	2026-09-07T12:04:35.4149037Z ##[group]Disabling automatic garbage collection
Quest 3 arm64 APK export (advisory until first green run)	UNKNOWN STEP	2026-09-07T12:04:35.4152045Z [command]/usr/bin/git config --local gc.auto 0
Quest 3 arm64 APK export (advisory until first green run)	UNKNOWN STEP	2026-09-07T12:04:35.4188379Z ##[endgroup]
Quest 3 arm64 APK export (advisory until first green run)	UNKNOWN STEP	2026-09-07T12:04:35.4189783Z ##[group]Setting up auth
Quest 3 arm64 APK export (advisory until first green run)	UNKNOWN STEP	2026-09-07T12:04:35.4196750Z [command]/usr/bin/git config --local --name-only --get-regexp core\.sshCommand
Quest 3 arm64 APK export (advisory until first green run)	UNKNOWN STEP	2026-09-07T12:04:35.4238339Z [command]/usr/bin/git submodule foreach --recursive sh -c "git config --local --name-only --get-regexp 'core\.sshCommand' && git config --local --unset-all 'core.sshCommand' || :"
Quest 3 arm64 APK export (advisory until first green run)	UNKNOWN STEP	2026-09-07T12:04:35.4605975Z [command]/usr/bin/git config --local --name-only --get-regexp http\.https\:\/\/github\.com\/\.extraheader
Quest 3 arm64 APK export (advisory until first green run)	UNKNOWN STEP	2026-09-07T12:04:35.4650053Z [command]/usr/bin/git submodule foreach --recursive sh -c "git config --local --name-only --get-regexp 'http\.https\:\/\/github\.com\/\.extraheader' && git config --local --unset-all 'http.https://github.com/.extraheader' || :"
Quest 3 arm64 APK export (advisory until first green run)	UNKNOWN STEP	2026-09-07T12:04:35.4919873Z [command]/usr/bin/git config --local --name-only --get-regexp ^includeIf\.gitdir:
Quest 3 arm64 APK export (advisory until first green run)	UNKNOWN STEP	2026-09-07T12:04:35.4963010Z [command]/usr/bin/git submodule foreach --recursive git config --local --show-origin --name-only --get-regexp remote.origin.url
Quest 3 arm64 APK export (advisory until first green run)	UNKNOWN STEP	2026-09-07T12:04:35.5221417Z [command]/usr/bin/git config --local http.https://github.com/.extraheader AUTHORIZATION: basic ***
Quest 3 arm64 APK export (advisory until first green run)	UNKNOWN STEP	2026-09-07T12:04:35.5267108Z ##[endgroup]
Quest 3 arm64 APK export (advisory until first green run)	UNKNOWN STEP	2026-09-07T12:04:35.5268313Z ##[group]Fetching the repository
Quest 3 arm64 APK export (advisory until first green run)	UNKNOWN STEP	2026-09-07T12:04:35.5276822Z [command]/usr/bin/git -c protocol.version=2 fetch --no-tags --prune --no-recurse-submodules --depth=1 origin +81929f1f3c3688d08f0b2311ec19a7dbe158686f:refs/remotes/origin/main
Quest 3 arm64 APK export (advisory until first green run)	UNKNOWN STEP	2026-09-07T12:04:37.9817940Z From https://github.com/DreamLab-AI/VisionClaw
Quest 3 arm64 APK export (advisory until first green run)	UNKNOWN STEP	2026-09-07T12:04:37.9819347Z  * [new ref]         81929f1f3c3688d08f0b2311ec19a7dbe158686f -> origin/main
Quest 3 arm64 APK export (advisory until first green run)	UNKNOWN STEP	2026-09-07T12:04:37.9825603Z ##[endgroup]
Quest 3 arm64 APK export (advisory until first green run)	UNKNOWN STEP	2026-09-07T12:04:37.9826975Z ##[group]Determining the checkout info
Quest 3 arm64 APK export (advisory until first green run)	UNKNOWN STEP	2026-09-07T12:04:37.9827791Z ##[endgroup]
Quest 3 arm64 APK export (advisory until first green run)	UNKNOWN STEP	2026-09-07T12:04:37.9832458Z [command]/usr/bin/git sparse-checkout disable
Quest 3 arm64 APK export (advisory until first green run)	UNKNOWN STEP	2026-09-07T12:04:37.9888738Z [command]/usr/bin/git config --local --unset-all extensions.worktreeConfig
Quest 3 arm64 APK export (advisory until first green run)	UNKNOWN STEP	2026-09-07T12:04:37.9927473Z ##[group]Checking out the ref
Quest 3 arm64 APK export (advisory until first green run)	UNKNOWN STEP	2026-09-07T12:04:37.9939992Z [command]/usr/bin/git checkout --progress --force -B main refs/remotes/origin/main
Quest 3 arm64 APK export (advisory until first green run)	UNKNOWN STEP	2026-09-07T12:04:38.4582151Z Switched to a new branch 'main'
Quest 3 arm64 APK export (advisory until first green run)	UNKNOWN STEP	2026-09-07T12:04:38.4584712Z branch 'main' set up to track 'origin/main'.
Quest 3 arm64 APK export (advisory until first green run)	UNKNOWN STEP	2026-09-07T12:04:38.4613011Z ##[endgroup]
Quest 3 arm64 APK export (advisory until first green run)	UNKNOWN STEP	2026-09-07T12:04:38.4670317Z [command]/usr/bin/git log -1 --format=%H
Quest 3 arm64 APK export (advisory until first green run)	UNKNOWN STEP	2026-09-07T12:04:38.4704490Z 81929f1f3c3688d08f0b2311ec19a7dbe158686f
Quest 3 arm64 APK export (advisory until first green run)	UNKNOWN STEP	2026-09-07T12:04:38.5073084Z ##[group]Run dtolnay/rust-toolchain@6bed0761d98439e5a578e2877258200ad565ba87
Quest 3 arm64 APK export (advisory until first green run)	UNKNOWN STEP	2026-09-07T12:04:38.5073752Z with:
Quest 3 arm64 APK export (advisory until first green run)	UNKNOWN STEP	2026-09-07T12:04:38.5073983Z   targets: aarch64-linux-android
Quest 3 arm64 APK export (advisory until first green run)	UNKNOWN STEP	2026-09-07T12:04:38.5074261Z   toolchain: stable
Quest 3 arm64 APK export (advisory until first green run)	UNKNOWN STEP	2026-09-07T12:04:38.5074496Z env:
Quest 3 arm64 APK export (advisory until first green run)	UNKNOWN STEP	2026-09-07T12:04:38.5074702Z   CARGO_TERM_COLOR: always
Quest 3 arm64 APK export (advisory until first green run)	UNKNOWN STEP	2026-09-07T12:04:38.5074935Z   RUST_BACKTRACE: 1
Quest 3 arm64 APK export (advisory until first green run)	UNKNOWN STEP	2026-09-07T12:04:38.5075154Z   GODOT_VERSION: 4.3-stable
Quest 3 arm64 APK export (advisory until first green run)	UNKNOWN STEP	2026-09-07T12:04:38.5075393Z   GUT_VERSION: 9.3.1
Quest 3 arm64 APK export (advisory until first green run)	UNKNOWN STEP	2026-09-07T12:04:38.5075621Z ##[endgroup]
Quest 3 arm64 APK export (advisory until first green run)	UNKNOWN STEP	2026-09-07T12:04:38.5144418Z ##[start-action display=Parse toolchain version;id=__dtolnay_rust-toolchain.parse]
Quest 3 arm64 APK export (advisory until first green run)	UNKNOWN STEP	2026-09-07T12:04:38.5202469Z ##[group]Run if [[ -z $toolchain ]]; then
Quest 3 arm64 APK export (advisory until first green run)	UNKNOWN STEP	2026-09-07T12:04:38.5202931Z ^[[36;1mif [[ -z $toolchain ]]; then^[[0m
Quest 3 arm64 APK export (advisory until first green run)	UNKNOWN STEP	2026-09-07T12:04:38.5203740Z ^[[36;1m  # GitHub does not enforce `required: true` inputs itself. https://github.com/actions/runner/issues/1070^[[0m
Quest 3 arm64 APK export (advisory until first green run)	UNKNOWN STEP	2026-09-07T12:04:38.5204348Z ^[[36;1m  echo "'toolchain' is a required input" >&2^[[0m
Quest 3 arm64 APK export (advisory until first green run)	UNKNOWN STEP	2026-09-07T12:04:38.5204775Z ^[[36;1m  exit 1^[[0m
Quest 3 arm64 APK export (advisory until first green run)	UNKNOWN STEP	2026-09-07T12:04:38.5205174Z ^[[36;1melif [[ $toolchain =~ ^stable' '[0-9]+' '(year|month|week|day)s?' 'ago$ ]]; then^[[0m
Quest 3 arm64 APK export (advisory until first green run)	UNKNOWN STEP	2026-09-07T12:04:38.5205597Z ^[[36;1m  if [[ Linux == macOS ]]; then^[[0m
Quest 3 arm64 APK export (advisory until first green run)	UNKNOWN STEP	2026-09-07T12:04:38.5206154Z ^[[36;1m    echo "toolchain=1.$((($(date -v-$(sed 's/stable \([0-9]*\) \(.\).*/\1\2/' <<< $toolchain) +%s)/60/60/24-16569)/7/6))" >> $GITHUB_OUTPUT^[[0m
Quest 3 arm64 APK export (advisory until first green run)	UNKNOWN STEP	2026-09-07T12:04:38.5206659Z ^[[36;1m  else^[[0m
Quest 3 arm64 APK export (advisory until first green run)	UNKNOWN STEP	2026-09-07T12:04:38.5207076Z ^[[36;1m    echo "toolchain=1.$((($(date --date "${toolchain#stable }" +%s)/60/60/24-16569)/7/6))" >> $GITHUB_OUTPUT^[[0m
Quest 3 arm64 APK export (advisory until first green run)	UNKNOWN STEP	2026-09-07T12:04:38.5207553Z ^[[36;1m  fi^[[0m
Quest 3 arm64 APK export (advisory until first green run)	UNKNOWN STEP	2026-09-07T12:04:38.5207870Z ^[[36;1melif [[ $toolchain =~ ^stable' 'minus' '[0-9]+' 'releases?$ ]]; then^[[0m
Quest 3 arm64 APK export (advisory until first green run)	UNKNOWN STEP	2026-09-07T12:04:38.5208414Z ^[[36;1m  echo "toolchain=1.$((($(date +%s)/60/60/24-16569)/7/6-${toolchain//[^0-9]/}))" >> $GITHUB_OUTPUT^[[0m
Quest 3 arm64 APK export (advisory until first green run)	UNKNOWN STEP	2026-09-07T12:04:38.5208877Z ^[[36;1melif [[ $toolchain =~ ^1\.[0-9]+$ ]]; then^[[0m
Quest 3 arm64 APK export (advisory until first green run)	UNKNOWN STEP	2026-09-07T12:04:38.5209667Z ^[[36;1m  echo "toolchain=1.$((i=${toolchain#1.}, c=($(date +%s)/60/60/24-16569)/7/6, i+9*i*(10*i<=c)+90*i*(100*i<=c)))" >> $GITHUB_OUTPUT^[[0m
Quest 3 arm64 APK export (advisory until first green run)	UNKNOWN STEP	2026-09-07T12:04:38.5210281Z ^[[36;1melse^[[0m
Quest 3 arm64 APK export (advisory until first green run)	UNKNOWN STEP	2026-09-07T12:04:38.5210644Z ^[[36;1m  echo "toolchain=$toolchain" >> $GITHUB_OUTPUT^[[0m
Quest 3 arm64 APK export (advisory until first green run)	UNKNOWN STEP	2026-09-07T12:04:38.5211004Z ^[[36;1mfi^[[0m
Quest 3 arm64 APK export (advisory until first green run)	UNKNOWN STEP	2026-09-07T12:04:38.5259526Z shell: /usr/bin/bash --noprofile --norc -e -o pipefail {0}
Quest 3 arm64 APK export (advisory until first green run)	UNKNOWN STEP	2026-09-07T12:04:38.5259915Z env:
Quest 3 arm64 APK export (advisory until first green run)	UNKNOWN STEP	2026-09-07T12:04:38.5260138Z   CARGO_TERM_COLOR: always
Quest 3 arm64 APK export (advisory until first green run)	UNKNOWN STEP	2026-09-07T12:04:38.5260389Z   RUST_BACKTRACE: 1
Quest 3 arm64 APK export (advisory until first green run)	UNKNOWN STEP	2026-09-07T12:04:38.5260621Z   GODOT_VERSION: 4.3-stable
Quest 3 arm64 APK export (advisory until first green run)	UNKNOWN STEP	2026-09-07T12:04:38.5260860Z   GUT_VERSION: 9.3.1
Quest 3 arm64 APK export (advisory until first green run)	UNKNOWN STEP	2026-09-07T12:04:38.5261079Z   toolchain: stable
Quest 3 arm64 APK export (advisory until first green run)	UNKNOWN STEP	2026-09-07T12:04:38.5261292Z ##[endgroup]
Quest 3 arm64 APK export (advisory until first green run)	UNKNOWN STEP	2026-09-07T12:04:38.5389342Z ##[end-action id=__dtolnay_rust-toolchain.parse;outcome=success;conclusion=success;duration_ms=24]
Quest 3 arm64 APK export (advisory until first green run)	UNKNOWN STEP	2026-09-07T12:04:38.5403909Z ##[start-action display=Construct rustup command line;id=__dtolnay_rust-toolchain.flags]
Quest 3 arm64 APK export (advisory until first green run)	UNKNOWN STEP	2026-09-07T12:04:38.5435270Z ##[group]Run echo "targets=$(for t in ${targets//,/ }; do echo -n ' --target' $t; done)" >> $GITHUB_OUTPUT
Quest 3 arm64 APK export (advisory until first green run)	UNKNOWN STEP	2026-09-07T12:04:38.5435961Z ^[[36;1mecho "targets=$(for t in ${targets//,/ }; do echo -n ' --target' $t; done)" >> $GITHUB_OUTPUT^[[0m
Quest 3 arm64 APK export (advisory until first green run)	UNKNOWN STEP	2026-09-07T12:04:38.5436608Z ^[[36;1mecho "components=$(for c in ${components//,/ }; do echo -n ' --component' $c; done)" >> $GITHUB_OUTPUT^[[0m
Quest 3 arm64 APK export (advisory until first green run)	UNKNOWN STEP	2026-09-07T12:04:38.5437279Z ^[[36;1mecho "downgrade=" >> $GITHUB_OUTPUT^[[0m
Quest 3 arm64 APK export (advisory until first green run)	UNKNOWN STEP	2026-09-07T12:04:38.5479658Z shell: /usr/bin/bash --noprofile --norc -e -o pipefail {0}
Quest 3 arm64 APK export (advisory until first green run)	UNKNOWN STEP	2026-09-07T12:04:38.5480031Z env:
Quest 3 arm64 APK export (advisory until first green run)	UNKNOWN STEP	2026-09-07T12:04:38.5480262Z   CARGO_TERM_COLOR: always
Quest 3 arm64 APK export (advisory until first green run)	UNKNOWN STEP	2026-09-07T12:04:38.5480512Z   RUST_BACKTRACE: 1
Quest 3 arm64 APK export (advisory until first green run)	UNKNOWN STEP	2026-09-07T12:04:38.5480749Z   GODOT_VERSION: 4.3-stable
Quest 3 arm64 APK export (advisory until first green run)	UNKNOWN STEP	2026-09-07T12:04:38.5480989Z   GUT_VERSION: 9.3.1
Quest 3 arm64 APK export (advisory until first green run)	UNKNOWN STEP	2026-09-07T12:04:38.5481230Z   targets: aarch64-linux-android
Quest 3 arm64 APK export (advisory until first green run)	UNKNOWN STEP	2026-09-07T12:04:38.5481493Z   components: 
Quest 3 arm64 APK export (advisory until first green run)	UNKNOWN STEP	2026-09-07T12:04:38.5481710Z ##[endgroup]
Quest 3 arm64 APK export (advisory until first green run)	UNKNOWN STEP	2026-09-07T12:04:38.5568986Z ##[end-action id=__dtolnay_rust-toolchain.flags;outcome=success;conclusion=success;duration_ms=16]
Quest 3 arm64 APK export (advisory until first green run)	UNKNOWN STEP	2026-09-07T12:04:38.5571801Z ##[start-action display=Set $CARGO_HOME;id=__dtolnay_rust-toolchain.__run]
Quest 3 arm64 APK export (advisory until first green run)	UNKNOWN STEP	2026-09-07T12:04:38.5594475Z ##[group]Run echo CARGO_HOME=${CARGO_HOME:-"$HOME/.cargo"} >> $GITHUB_ENV
Quest 3 arm64 APK export (advisory until first green run)	UNKNOWN STEP	2026-09-07T12:04:38.5595000Z ^[[36;1mecho CARGO_HOME=${CARGO_HOME:-"$HOME/.cargo"} >> $GITHUB_ENV^[[0m
Quest 3 arm64 APK export (advisory until first green run)	UNKNOWN STEP	2026-09-07T12:04:38.5637350Z shell: /usr/bin/bash --noprofile --norc -e -o pipefail {0}
Quest 3 arm64 APK export (advisory until first green run)	UNKNOWN STEP	2026-09-07T12:04:38.5637723Z env:
Quest 3 arm64 APK export (advisory until first green run)	UNKNOWN STEP	2026-09-07T12:04:38.5637939Z   CARGO_TERM_COLOR: always
Quest 3 arm64 APK export (advisory until first green run)	UNKNOWN STEP	2026-09-07T12:04:38.5638191Z   RUST_BACKTRACE: 1
Quest 3 arm64 APK export (advisory until first green run)	UNKNOWN STEP	2026-09-07T12:04:38.5638467Z   GODOT_VERSION: 4.3-stable
Quest 3 arm64 APK export (advisory until first green run)	UNKNOWN STEP	2026-09-07T12:04:38.5638824Z   GUT_VERSION: 9.3.1
Quest 3 arm64 APK export (advisory until first green run)	UNKNOWN STEP	2026-09-07T12:04:38.5639068Z ##[endgroup]
Quest 3 arm64 APK export (advisory until first green run)	UNKNOWN STEP	2026-09-07T12:04:38.5721696Z ##[end-action id=__dtolnay_rust-toolchain.__run;outcome=success;conclusion=success;duration_ms=14]
Quest 3 arm64 APK export (advisory until first green run)	UNKNOWN STEP	2026-09-07T12:04:38.5724869Z ##[start-action display=Install rustup if needed;id=__dtolnay_rust-toolchain.__run_2]
Quest 3 arm64 APK export (advisory until first green run)	UNKNOWN STEP	2026-09-07T12:04:38.5754868Z ##[group]Run if ! command -v rustup &>/dev/null; then
Quest 3 arm64 APK export (advisory until first green run)	UNKNOWN STEP	2026-09-07T12:04:38.5755277Z ^[[36;1mif ! command -v rustup &>/dev/null; then^[[0m
Quest 3 arm64 APK export (advisory until first green run)	UNKNOWN STEP	2026-09-07T12:04:38.5756079Z ^[[36;1m  curl --proto '=https' --tlsv1.2 --retry 10 --retry-connrefused --location --silent --show-error --fail https://sh.rustup.rs | sh -s -- --default-toolchain none -y^[[0m
Quest 3 arm64 APK export (advisory until first green run)	UNKNOWN STEP	2026-09-07T12:04:38.5756820Z ^[[36;1m  echo "$CARGO_HOME/bin" >> $GITHUB_PATH^[[0m
Quest 3 arm64 APK export (advisory until first green run)	UNKNOWN STEP	2026-09-07T12:04:38.5757125Z ^[[36;1mfi^[[0m
Quest 3 arm64 APK export (advisory until first green run)	UNKNOWN STEP	2026-09-07T12:04:38.5800347Z shell: /usr/bin/bash --noprofile --norc -e -o pipefail {0}
Quest 3 arm64 APK export (advisory until first green run)	UNKNOWN STEP	2026-09-07T12:04:38.5800718Z env:
Quest 3 arm64 APK export (advisory until first green run)	UNKNOWN STEP	2026-09-07T12:04:38.5800938Z   CARGO_TERM_COLOR: always
Quest 3 arm64 APK export (advisory until first green run)	UNKNOWN STEP	2026-09-07T12:04:38.5801191Z   RUST_BACKTRACE: 1
Quest 3 arm64 APK export (advisory until first green run)	UNKNOWN STEP	2026-09-07T12:04:38.5801429Z   GODOT_VERSION: 4.3-stable
Quest 3 arm64 APK export (advisory until first green run)	UNKNOWN STEP	2026-09-07T12:04:38.5801691Z   GUT_VERSION: 9.3.1
Quest 3 arm64 APK export (advisory until first green run)	UNKNOWN STEP	2026-09-07T12:04:38.5801964Z   CARGO_HOME: /home/runner/.cargo
Quest 3 arm64 APK export (advisory until first green run)	UNKNOWN STEP	2026-09-07T12:04:38.5802234Z ##[endgroup]
Quest 3 arm64 APK export (advisory until first green run)	UNKNOWN STEP	2026-09-07T12:04:38.5879744Z ##[end-action id=__dtolnay_rust-toolchain.__run_2;outcome=success;conclusion=success;duration_ms=15]
Quest 3 arm64 APK export (advisory until first green run)	UNKNOWN STEP	2026-09-07T12:04:38.5882575Z ##[start-action display=Install rustup if needed on windows;id=__dtolnay_rust-toolchain.__run_3]
Quest 3 arm64 APK export (advisory until first green run)	UNKNOWN STEP	2026-09-07T12:04:38.5891650Z ##[end-action id=__dtolnay_rust-toolchain.__run_3;outcome=skipped;conclusion=skipped;duration_ms=0]
Quest 3 arm64 APK export (advisory until first green run)	UNKNOWN STEP	2026-09-07T12:04:38.5897502Z ##[start-action display=rustup toolchain install stable;id=__dtolnay_rust-toolchain.__run_4]
Quest 3 arm64 APK export (advisory until first green run)	UNKNOWN STEP	2026-09-07T12:04:38.5919906Z ##[group]Run rustup toolchain install stable --target aarch64-linux-android --profile minimal --no-self-update
Quest 3 arm64 APK export (advisory until first green run)	UNKNOWN STEP	2026-09-07T12:04:38.5920712Z ^[[36;1mrustup toolchain install stable --target aarch64-linux-android --profile minimal --no-self-update^[[0m
Quest 3 arm64 APK export (advisory until first green run)	UNKNOWN STEP	2026-09-07T12:04:38.5965012Z shell: /usr/bin/bash --noprofile --norc -e -o pipefail {0}
Quest 3 arm64 APK export (advisory until first green run)	UNKNOWN STEP	2026-09-07T12:04:38.5965379Z env:
Quest 3 arm64 APK export (advisory until first green run)	UNKNOWN STEP	2026-09-07T12:04:38.5965599Z   CARGO_TERM_COLOR: always
Quest 3 arm64 APK export (advisory until first green run)	UNKNOWN STEP	2026-09-07T12:04:38.5965855Z   RUST_BACKTRACE: 1
Quest 3 arm64 APK export (advisory until first green run)	UNKNOWN STEP	2026-09-07T12:04:38.5966085Z   GODOT_VERSION: 4.3-stable
Quest 3 arm64 APK export (advisory until first green run)	UNKNOWN STEP	2026-09-07T12:04:38.5966330Z   GUT_VERSION: 9.3.1
Quest 3 arm64 APK export (advisory until first green run)	UNKNOWN STEP	2026-09-07T12:04:38.5966601Z   CARGO_HOME: /home/runner/.cargo
Quest 3 arm64 APK export (advisory until first green run)	UNKNOWN STEP	2026-09-07T12:04:38.5966874Z   RUSTUP_PERMIT_COPY_RENAME: 1
Quest 3 arm64 APK export (advisory until first green run)	UNKNOWN STEP	2026-09-07T12:04:38.5967139Z ##[endgroup]
Quest 3 arm64 APK export (advisory until first green run)	UNKNOWN STEP	2026-09-07T12:04:38.7662229Z info: syncing channel updates for stable-x86_64-unknown-linux-gnu
Quest 3 arm64 APK export (advisory until first green run)	UNKNOWN STEP	2026-09-07T12:04:38.9219425Z info: latest update on 2026-09-03 for version 1.98.1 (48a229cea 2026-09-01)
Quest 3 arm64 APK export (advisory until first green run)	UNKNOWN STEP	2026-09-07T12:04:38.9381909Z info: removing previous version of component clippy
Quest 3 arm64 APK export (advisory until first green run)	UNKNOWN STEP	2026-09-07T12:04:38.9398148Z info: removing previous version of component rustfmt
Quest 3 arm64 APK export (advisory until first green run)	UNKNOWN STEP	2026-09-07T12:04:38.9407333Z info: removing previous version of component cargo
Quest 3 arm64 APK export (advisory until first green run)	UNKNOWN STEP	2026-09-07T12:04:38.9445869Z info: removing previous version of component rust-std
Quest 3 arm64 APK export (advisory until first green run)	UNKNOWN STEP	2026-09-07T12:04:38.9490478Z info: removing previous version of component rustc
Quest 3 arm64 APK export (advisory until first green run)	UNKNOWN STEP	2026-09-07T12:04:38.9534729Z info: downloading 6 components
Quest 3 arm64 APK export (advisory until first green run)	UNKNOWN STEP	2026-09-07T12:04:49.8290793Z 
Quest 3 arm64 APK export (advisory until first green run)	UNKNOWN STEP	2026-09-07T12:04:49.8389254Z   stable-x86_64-unknown-linux-gnu updated - rustc 1.98.1 (48a229cea 2026-09-01) (from rustc 1.98.0 (88d9e12ae 2026-08-18))
Quest 3 arm64 APK export (advisory until first green run)	UNKNOWN STEP	2026-09-07T12:04:49.8390129Z 
Quest 3 arm64 APK export (advisory until first green run)	UNKNOWN STEP	2026-09-07T12:04:49.8473687Z ##[end-action id=__dtolnay_rust-toolchain.__run_4;outcome=success;conclusion=success;duration_ms=11257]
Quest 3 arm64 APK export (advisory until first green run)	UNKNOWN STEP	2026-09-07T12:04:49.8479686Z ##[start-action display=rustup default stable;id=__dtolnay_rust-toolchain.__run_5]
Quest 3 arm64 APK export (advisory until first green run)	UNKNOWN STEP	2026-09-07T12:04:49.8498195Z ##[group]Run rustup default stable
Quest 3 arm64 APK export (advisory until first green run)	UNKNOWN STEP	2026-09-07T12:04:49.8498535Z ^[[36;1mrustup default stable^[[0m
Quest 3 arm64 APK export (advisory until first green run)	UNKNOWN STEP	2026-09-07T12:04:49.8538610Z shell: /usr/bin/bash --noprofile --norc -e -o pipefail {0}
Quest 3 arm64 APK export (advisory until first green run)	UNKNOWN STEP	2026-09-07T12:04:49.8538971Z env:
Quest 3 arm64 APK export (advisory until first green run)	UNKNOWN STEP	2026-09-07T12:04:49.8539193Z   CARGO_TERM_COLOR: always
Quest 3 arm64 APK export (advisory until first green run)	UNKNOWN STEP	2026-09-07T12:04:49.8539444Z   RUST_BACKTRACE: 1
Quest 3 arm64 APK export (advisory until first green run)	UNKNOWN STEP	2026-09-07T12:04:49.8539675Z   GODOT_VERSION: 4.3-stable
Quest 3 arm64 APK export (advisory until first green run)	UNKNOWN STEP	2026-09-07T12:04:49.8539909Z   GUT_VERSION: 9.3.1
Quest 3 arm64 APK export (advisory until first green run)	UNKNOWN STEP	2026-09-07T12:04:49.8540145Z   CARGO_HOME: /home/runner/.cargo
Quest 3 arm64 APK export (advisory until first green run)	UNKNOWN STEP	2026-09-07T12:04:49.8540403Z ##[endgroup]
Quest 3 arm64 APK export (advisory until first green run)	UNKNOWN STEP	2026-09-07T12:04:49.8669412Z info: using existing install for stable-x86_64-unknown-linux-gnu
Quest 3 arm64 APK export (advisory until first green run)	UNKNOWN STEP	2026-09-07T12:04:49.8675758Z info: default toolchain set to stable-x86_64-unknown-linux-gnu
Quest 3 arm64 APK export (advisory until first green run)	UNKNOWN STEP	2026-09-07T12:04:49.8676097Z 
Quest 3 arm64 APK export (advisory until first green run)	UNKNOWN STEP	2026-09-07T12:04:49.8749464Z   stable-x86_64-unknown-linux-gnu unchanged - rustc 1.98.1 (48a229cea 2026-09-01)
Quest 3 arm64 APK export (advisory until first green run)	UNKNOWN STEP	2026-09-07T12:04:49.8749835Z 
Quest 3 arm64 APK export (advisory until first green run)	UNKNOWN STEP	2026-09-07T12:04:49.8771574Z ##[end-action id=__dtolnay_rust-toolchain.__run_5;outcome=success;conclusion=success;duration_ms=29]
Quest 3 arm64 APK export (advisory until first green run)	UNKNOWN STEP	2026-09-07T12:04:49.8774802Z ##[start-action display=Create cachekey;id=__dtolnay_rust-toolchain.rustc-version]
Quest 3 arm64 APK export (advisory until first green run)	UNKNOWN STEP	2026-09-07T12:04:49.8794119Z ##[group]Run DATE=$(rustc +stable --version --verbose | sed -ne 's/^commit-date: \(20[0-9][0-9]\)-\([01][0-9]\)-\([0-3][0-9]\)$/\1\2\3/p')
Quest 3 arm64 APK export (advisory until first green run)	UNKNOWN STEP	2026-09-07T12:04:49.8794948Z ^[[36;1mDATE=$(rustc +stable --version --verbose | sed -ne 's/^commit-date: \(20[0-9][0-9]\)-\([01][0-9]\)-\([0-3][0-9]\)$/\1\2\3/p')^[[0m
Quest 3 arm64 APK export (advisory until first green run)	UNKNOWN STEP	2026-09-07T12:04:49.8795580Z ^[[36;1mHASH=$(rustc +stable --version --verbose | sed -ne 's/^commit-hash: //p')^[[0m
Quest 3 arm64 APK export (advisory until first green run)	UNKNOWN STEP	2026-09-07T12:04:49.8796072Z ^[[36;1mecho "cachekey=$(echo $DATE$HASH | head -c12)" >> $GITHUB_OUTPUT^[[0m
Quest 3 arm64 APK export (advisory until first green run)	UNKNOWN STEP	2026-09-07T12:04:49.8836087Z shell: /usr/bin/bash --noprofile --norc -e -o pipefail {0}
Quest 3 arm64 APK export (advisory until first green run)	UNKNOWN STEP	2026-09-07T12:04:49.8836444Z env:
Quest 3 arm64 APK export (advisory until first green run)	UNKNOWN STEP	2026-09-07T12:04:49.8836675Z   CARGO_TERM_COLOR: always
Quest 3 arm64 APK export (advisory until first green run)	UNKNOWN STEP	2026-09-07T12:04:49.8836921Z   RUST_BACKTRACE: 1
Quest 3 arm64 APK export (advisory until first green run)	UNKNOWN STEP	2026-09-07T12:04:49.8837152Z   GODOT_VERSION: 4.3-stable
Quest 3 arm64 APK export (advisory until first green run)	UNKNOWN STEP	2026-09-07T12:04:49.8837389Z   GUT_VERSION: 9.3.1
Quest 3 arm64 APK export (advisory until first green run)	UNKNOWN STEP	2026-09-07T12:04:49.8837628Z   CARGO_HOME: /home/runner/.cargo
Quest 3 arm64 APK export (advisory until first green run)	UNKNOWN STEP	2026-09-07T12:04:49.8837895Z ##[endgroup]
Quest 3 arm64 APK export (advisory until first green run)	UNKNOWN STEP	2026-09-07T12:04:49.9216292Z ##[end-action id=__dtolnay_rust-toolchain.rustc-version;outcome=success;conclusion=success;duration_ms=44]
Quest 3 arm64 APK export (advisory until first green run)	UNKNOWN STEP	2026-09-07T12:04:49.9218968Z ##[start-action display=Disable incremental compilation;id=__dtolnay_rust-toolchain.__run_6]
Quest 3 arm64 APK export (advisory until first green run)	UNKNOWN STEP	2026-09-07T12:04:49.9236444Z ##[group]Run if [ -z "${CARGO_INCREMENTAL+set}" ]; then
Quest 3 arm64 APK export (advisory until first green run)	UNKNOWN STEP	2026-09-07T12:04:49.9236844Z ^[[36;1mif [ -z "${CARGO_INCREMENTAL+set}" ]; then^[[0m
Quest 3 arm64 APK export (advisory until first green run)	UNKNOWN STEP	2026-09-07T12:04:49.9237178Z ^[[36;1m  echo CARGO_INCREMENTAL=0 >> $GITHUB_ENV^[[0m
Quest 3 arm64 APK export (advisory until first green run)	UNKNOWN STEP	2026-09-07T12:04:49.9237467Z ^[[36;1mfi^[[0m
Quest 3 arm64 APK export (advisory until first green run)	UNKNOWN STEP	2026-09-07T12:04:49.9277345Z shell: /usr/bin/bash --noprofile --norc -e -o pipefail {0}
Quest 3 arm64 APK export (advisory until first green run)	UNKNOWN STEP	2026-09-07T12:04:49.9277707Z env:
Quest 3 arm64 APK export (advisory until first green run)	UNKNOWN STEP	2026-09-07T12:04:49.9277943Z   CARGO_TERM_COLOR: always
Quest 3 arm64 APK export (advisory until first green run)	UNKNOWN STEP	2026-09-07T12:04:49.9278195Z   RUST_BACKTRACE: 1
Quest 3 arm64 APK export (advisory until first green run)	UNKNOWN STEP	2026-09-07T12:04:49.9278425Z   GODOT_VERSION: 4.3-stable
Quest 3 arm64 APK export (advisory until first green run)	UNKNOWN STEP	2026-09-07T12:04:49.9278679Z   GUT_VERSION: 9.3.1
Quest 3 arm64 APK export (advisory until first green run)	UNKNOWN STEP	2026-09-07T12:04:49.9278913Z   CARGO_HOME: /home/runner/.cargo
Quest 3 arm64 APK export (advisory until first green run)	UNKNOWN STEP	2026-09-07T12:04:49.9279368Z ##[endgroup]
Quest 3 arm64 APK export (advisory until first green run)	UNKNOWN STEP	2026-09-07T12:04:49.9351888Z ##[end-action id=__dtolnay_rust-toolchain.__run_6;outcome=success;conclusion=success;duration_ms=13]
Quest 3 arm64 APK export (advisory until first green run)	UNKNOWN STEP	2026-09-07T12:04:49.9354639Z ##[start-action display=Enable colors in Cargo output;id=__dtolnay_rust-toolchain.__run_7]
Quest 3 arm64 APK export (advisory until first green run)	UNKNOWN STEP	2026-09-07T12:04:49.9371670Z ##[group]Run if [ -z "${CARGO_TERM_COLOR+set}" ]; then
Quest 3 arm64 APK export (advisory until first green run)	UNKNOWN STEP	2026-09-07T12:04:49.9372068Z ^[[36;1mif [ -z "${CARGO_TERM_COLOR+set}" ]; then^[[0m
Quest 3 arm64 APK export (advisory until first green run)	UNKNOWN STEP	2026-09-07T12:04:49.9372443Z ^[[36;1m  echo CARGO_TERM_COLOR=always >> $GITHUB_ENV^[[0m
Quest 3 arm64 APK export (advisory until first green run)	UNKNOWN STEP	2026-09-07T12:04:49.9372751Z ^[[36;1mfi^[[0m
Quest 3 arm64 APK export (advisory until first green run)	UNKNOWN STEP	2026-09-07T12:04:49.9411538Z shell: /usr/bin/bash --noprofile --norc -e -o pipefail {0}
Quest 3 arm64 APK export (advisory until first green run)	UNKNOWN STEP	2026-09-07T12:04:49.9411900Z env:
Quest 3 arm64 APK export (advisory until first green run)	UNKNOWN STEP	2026-09-07T12:04:49.9412126Z   CARGO_TERM_COLOR: always
Quest 3 arm64 APK export (advisory until first green run)	UNKNOWN STEP	2026-09-07T12:04:49.9412601Z   RUST_BACKTRACE: 1
Quest 3 arm64 APK export (advisory until first green run)	UNKNOWN STEP	2026-09-07T12:04:49.9412826Z   GODOT_VERSION: 4.3-stable
Quest 3 arm64 APK export (advisory until first green run)	UNKNOWN STEP	2026-09-07T12:04:49.9413067Z   GUT_VERSION: 9.3.1
Quest 3 arm64 APK export (advisory until first green run)	UNKNOWN STEP	2026-09-07T12:04:49.9413536Z   CARGO_HOME: /home/runner/.cargo
Quest 3 arm64 APK export (advisory until first green run)	UNKNOWN STEP	2026-09-07T12:04:49.9413801Z   CARGO_INCREMENTAL: 0
Quest 3 arm64 APK export (advisory until first green run)	UNKNOWN STEP	2026-09-07T12:04:49.9414040Z ##[endgroup]
Quest 3 arm64 APK export (advisory until first green run)	UNKNOWN STEP	2026-09-07T12:04:49.9485915Z ##[end-action id=__dtolnay_rust-toolchain.__run_7;outcome=success;conclusion=success;duration_ms=13]
Quest 3 arm64 APK export (advisory until first green run)	UNKNOWN STEP	2026-09-07T12:04:49.9488531Z ##[start-action display=Enable Cargo sparse registry;id=__dtolnay_rust-toolchain.__run_8]
Quest 3 arm64 APK export (advisory until first green run)	UNKNOWN STEP	2026-09-07T12:04:49.9507174Z ##[group]Run # implemented in 1.66, stabilized in 1.68, made default in 1.70
Quest 3 arm64 APK export (advisory until first green run)	UNKNOWN STEP	2026-09-07T12:04:49.9507731Z ^[[36;1m# implemented in 1.66, stabilized in 1.68, made default in 1.70^[[0m
Quest 3 arm64 APK export (advisory until first green run)	UNKNOWN STEP	2026-09-07T12:04:49.9508461Z ^[[36;1mif [ -z "${CARGO_REGISTRIES_CRATES_IO_PROTOCOL+set}" -o -f "/home/runner/work/_temp"/.implicit_cargo_registries_crates_io_protocol ]; then^[[0m
Quest 3 arm64 APK export (advisory until first green run)	UNKNOWN STEP	2026-09-07T12:04:49.9509211Z ^[[36;1m  if rustc +stable --version --verbose | grep -q '^release: 1\.6[89]\.'; then^[[0m
Quest 3 arm64 APK export (advisory until first green run)	UNKNOWN STEP	2026-09-07T12:04:49.9509797Z ^[[36;1m    touch "/home/runner/work/_temp"/.implicit_cargo_registries_crates_io_protocol || true^[[0m
Quest 3 arm64 APK export (advisory until first green run)	UNKNOWN STEP	2026-09-07T12:04:49.9510338Z ^[[36;1m    echo CARGO_REGISTRIES_CRATES_IO_PROTOCOL=sparse >> $GITHUB_ENV^[[0m
Quest 3 arm64 APK export (advisory until first green run)	UNKNOWN STEP	2026-09-07T12:04:49.9510859Z ^[[36;1m  elif rustc +stable --version --verbose | grep -q '^release: 1\.6[67]\.'; then^[[0m
Quest 3 arm64 APK export (advisory until first green run)	UNKNOWN STEP	2026-09-07T12:04:49.9511414Z ^[[36;1m    touch "/home/runner/work/_temp"/.implicit_cargo_registries_crates_io_protocol || true^[[0m
Quest 3 arm64 APK export (advisory until first green run)	UNKNOWN STEP	2026-09-07T12:04:49.9511917Z ^[[36;1m    echo CARGO_REGISTRIES_CRATES_IO_PROTOCOL=git >> $GITHUB_ENV^[[0m
Quest 3 arm64 APK export (advisory until first green run)	UNKNOWN STEP	2026-09-07T12:04:49.9512269Z ^[[36;1m  fi^[[0m
Quest 3 arm64 APK export (advisory until first green run)	UNKNOWN STEP	2026-09-07T12:04:49.9512474Z ^[[36;1mfi^[[0m
Quest 3 arm64 APK export (advisory until first green run)	UNKNOWN STEP	2026-09-07T12:04:49.9551505Z shell: /usr/bin/bash --noprofile --norc -e -o pipefail {0}
Quest 3 arm64 APK export (advisory until first green run)	UNKNOWN STEP	2026-09-07T12:04:49.9551851Z env:
Quest 3 arm64 APK export (advisory until first green run)	UNKNOWN STEP	2026-09-07T12:04:49.9552062Z   CARGO_TERM_COLOR: always
Quest 3 arm64 APK export (advisory until first green run)	UNKNOWN STEP	2026-09-07T12:04:49.9552309Z   RUST_BACKTRACE: 1
Quest 3 arm64 APK export (advisory until first green run)	UNKNOWN STEP	2026-09-07T12:04:49.9552532Z   GODOT_VERSION: 4.3-stable
Quest 3 arm64 APK export (advisory until first green run)	UNKNOWN STEP	2026-09-07T12:04:49.9552787Z   GUT_VERSION: 9.3.1
Quest 3 arm64 APK export (advisory until first green run)	UNKNOWN STEP	2026-09-07T12:04:49.9553032Z   CARGO_HOME: /home/runner/.cargo
Quest 3 arm64 APK export (advisory until first green run)	UNKNOWN STEP	2026-09-07T12:04:49.9553516Z   CARGO_INCREMENTAL: 0
Quest 3 arm64 APK export (advisory until first green run)	UNKNOWN STEP	2026-09-07T12:04:49.9553745Z ##[endgroup]
Quest 3 arm64 APK export (advisory until first green run)	UNKNOWN STEP	2026-09-07T12:04:49.9908597Z ##[end-action id=__dtolnay_rust-toolchain.__run_8;outcome=success;conclusion=success;duration_ms=41]
Quest 3 arm64 APK export (advisory until first green run)	UNKNOWN STEP	2026-09-07T12:04:49.9911554Z ##[start-action display=Work around spurious network errors in curl 8.0;id=__dtolnay_rust-toolchain.__run_9]
Quest 3 arm64 APK export (advisory until first green run)	UNKNOWN STEP	2026-09-07T12:04:49.9930469Z ##[group]Run # https://rust-lang.zulipchat.com/#narrow/stream/246057-t-cargo/topic/timeout.20investigation
Quest 3 arm64 APK export (advisory until first green run)	UNKNOWN STEP	2026-09-07T12:04:49.9931228Z ^[[36;1m# https://rust-lang.zulipchat.com/#narrow/stream/246057-t-cargo/topic/timeout.20investigation^[[0m
Quest 3 arm64 APK export (advisory until first green run)	UNKNOWN STEP	2026-09-07T12:04:49.9931831Z ^[[36;1mif rustc +stable --version --verbose | grep -q '^release: 1\.7[01]\.'; then^[[0m
Quest 3 arm64 APK export (advisory until first green run)	UNKNOWN STEP	2026-09-07T12:04:49.9932309Z ^[[36;1m  echo CARGO_HTTP_MULTIPLEXING=false >> $GITHUB_ENV^[[0m
Quest 3 arm64 APK export (advisory until first green run)	UNKNOWN STEP	2026-09-07T12:04:49.9932637Z ^[[36;1mfi^[[0m
Quest 3 arm64 APK export (advisory until first green run)	UNKNOWN STEP	2026-09-07T12:04:49.9972232Z shell: /usr/bin/bash --noprofile --norc -e -o pipefail {0}
Quest 3 arm64 APK export (advisory until first green run)	UNKNOWN STEP	2026-09-07T12:04:49.9972590Z env:
Quest 3 arm64 APK export (advisory until first green run)	UNKNOWN STEP	2026-09-07T12:04:49.9972802Z   CARGO_TERM_COLOR: always
Quest 3 arm64 APK export (advisory until first green run)	UNKNOWN STEP	2026-09-07T12:04:49.9973055Z   RUST_BACKTRACE: 1
Quest 3 arm64 APK export (advisory until first green run)	UNKNOWN STEP	2026-09-07T12:04:49.9973560Z   GODOT_VERSION: 4.3-stable
Quest 3 arm64 APK export (advisory until first green run)	UNKNOWN STEP	2026-09-07T12:04:49.9973796Z   GUT_VERSION: 9.3.1
Quest 3 arm64 APK export (advisory until first green run)	UNKNOWN STEP	2026-09-07T12:04:49.9974223Z   CARGO_HOME: /home/runner/.cargo
Quest 3 arm64 APK export (advisory until first green run)	UNKNOWN STEP	2026-09-07T12:04:49.9974489Z   CARGO_INCREMENTAL: 0
Quest 3 arm64 APK export (advisory until first green run)	UNKNOWN STEP	2026-09-07T12:04:49.9974727Z ##[endgroup]
Quest 3 arm64 APK export (advisory until first green run)	UNKNOWN STEP	2026-09-07T12:04:50.0189322Z ##[end-action id=__dtolnay_rust-toolchain.__run_9;outcome=success;conclusion=success;duration_ms=27]
Quest 3 arm64 APK export (advisory until first green run)	UNKNOWN STEP	2026-09-07T12:04:50.0194107Z ##[start-action display=rustc +stable --version --verbose;id=__dtolnay_rust-toolchain.__run_10]
Quest 3 arm64 APK export (advisory until first green run)	UNKNOWN STEP	2026-09-07T12:04:50.0211761Z ##[group]Run rustc +stable --version --verbose
Quest 3 arm64 APK export (advisory until first green run)	UNKNOWN STEP	2026-09-07T12:04:50.0212132Z ^[[36;1mrustc +stable --version --verbose^[[0m
Quest 3 arm64 APK export (advisory until first green run)	UNKNOWN STEP	2026-09-07T12:04:50.0252027Z shell: /usr/bin/bash --noprofile --norc -e -o pipefail {0}
Quest 3 arm64 APK export (advisory until first green run)	UNKNOWN STEP	2026-09-07T12:04:50.0252383Z env:
Quest 3 arm64 APK export (advisory until first green run)	UNKNOWN STEP	2026-09-07T12:04:50.0252596Z   CARGO_TERM_COLOR: always
Quest 3 arm64 APK export (advisory until first green run)	UNKNOWN STEP	2026-09-07T12:04:50.0253055Z   RUST_BACKTRACE: 1
Quest 3 arm64 APK export (advisory until first green run)	UNKNOWN STEP	2026-09-07T12:04:50.0253496Z   GODOT_VERSION: 4.3-stable
Quest 3 arm64 APK export (advisory until first green run)	UNKNOWN STEP	2026-09-07T12:04:50.0253752Z   GUT_VERSION: 9.3.1
Quest 3 arm64 APK export (advisory until first green run)	UNKNOWN STEP	2026-09-07T12:04:50.0253988Z   CARGO_HOME: /home/runner/.cargo
Quest 3 arm64 APK export (advisory until first green run)	UNKNOWN STEP	2026-09-07T12:04:50.0254253Z   CARGO_INCREMENTAL: 0
Quest 3 arm64 APK export (advisory until first green run)	UNKNOWN STEP	2026-09-07T12:04:50.0254496Z ##[endgroup]
Quest 3 arm64 APK export (advisory until first green run)	UNKNOWN STEP	2026-09-07T12:04:50.0451080Z rustc 1.98.1 (48a229cea 2026-09-01)
Quest 3 arm64 APK export (advisory until first green run)	UNKNOWN STEP	2026-09-07T12:04:50.0451505Z binary: rustc
Quest 3 arm64 APK export (advisory until first green run)	UNKNOWN STEP	2026-09-07T12:04:50.0451829Z commit-hash: 48a229ceaefd4985c50990b14116b6d856af0985
Quest 3 arm64 APK export (advisory until first green run)	UNKNOWN STEP	2026-09-07T12:04:50.0452174Z commit-date: 2026-09-01
Quest 3 arm64 APK export (advisory until first green run)	UNKNOWN STEP	2026-09-07T12:04:50.0452430Z host: x86_64-unknown-linux-gnu
Quest 3 arm64 APK export (advisory until first green run)	UNKNOWN STEP	2026-09-07T12:04:50.0452674Z release: 1.98.1
Quest 3 arm64 APK export (advisory until first green run)	UNKNOWN STEP	2026-09-07T12:04:50.0452903Z LLVM version: 22.1.8
Quest 3 arm64 APK export (advisory until first green run)	UNKNOWN STEP	2026-09-07T12:04:50.0469457Z ##[end-action id=__dtolnay_rust-toolchain.__run_10;outcome=success;conclusion=success;duration_ms=27]
Quest 3 arm64 APK export (advisory until first green run)	UNKNOWN STEP	2026-09-07T12:04:50.0631153Z Node 20 is being deprecated. This workflow is running with Node 24 by default. If you need to temporarily use Node 20, you can set the ACTIONS_ALLOW_USE_UNSECURE_NODE_VERSION=true environment variable. For more information see: https://github.blog/changelog/2025-09-19-deprecation-of-node-20-on-github-actions-runners/
Quest 3 arm64 APK export (advisory until first green run)	UNKNOWN STEP	2026-09-07T12:04:50.0633396Z ##[group]Run actions/setup-java@cf277c60eb25467037889841efdb72551f06f6c3
Quest 3 arm64 APK export (advisory until first green run)	UNKNOWN STEP	2026-09-07T12:04:50.0633864Z with:
Quest 3 arm64 APK export (advisory until first green run)	UNKNOWN STEP	2026-09-07T12:04:50.0634073Z   distribution: temurin
Quest 3 arm64 APK export (advisory until first green run)	UNKNOWN STEP	2026-09-07T12:04:50.0634303Z   java-version: 17
Quest 3 arm64 APK export (advisory until first green run)	UNKNOWN STEP	2026-09-07T12:04:50.0634521Z   java-package: jdk
Quest 3 arm64 APK export (advisory until first green run)	UNKNOWN STEP	2026-09-07T12:04:50.0634741Z   check-latest: false
Quest 3 arm64 APK export (advisory until first green run)	UNKNOWN STEP	2026-09-07T12:04:50.0634964Z   server-id: github
Quest 3 arm64 APK export (advisory until first green run)	UNKNOWN STEP	2026-09-07T12:04:50.0635192Z   server-username: GITHUB_ACTOR
Quest 3 arm64 APK export (advisory until first green run)	UNKNOWN STEP	2026-09-07T12:04:50.0635463Z   server-password: GITHUB_TOKEN
Quest 3 arm64 APK export (advisory until first green run)	UNKNOWN STEP	2026-09-07T12:04:50.0635724Z   overwrite-settings: true
Quest 3 arm64 APK export (advisory until first green run)	UNKNOWN STEP	2026-09-07T12:04:50.0635964Z   job-status: success
Quest 3 arm64 APK export (advisory until first green run)	UNKNOWN STEP	2026-09-07T12:04:50.0638445Z   token: ***
Quest 3 arm64 APK export (advisory until first green run)	UNKNOWN STEP	2026-09-07T12:04:50.0638694Z env:
Quest 3 arm64 APK export (advisory until first green run)	UNKNOWN STEP	2026-09-07T12:04:50.0638894Z   CARGO_TERM_COLOR: always
Quest 3 arm64 APK export (advisory until first green run)	UNKNOWN STEP	2026-09-07T12:04:50.0639132Z   RUST_BACKTRACE: 1
Quest 3 arm64 APK export (advisory until first green run)	UNKNOWN STEP	2026-09-07T12:04:50.0639353Z   GODOT_VERSION: 4.3-stable
Quest 3 arm64 APK export (advisory until first green run)	UNKNOWN STEP	2026-09-07T12:04:50.0639588Z   GUT_VERSION: 9.3.1
Quest 3 arm64 APK export (advisory until first green run)	UNKNOWN STEP	2026-09-07T12:04:50.0639815Z   CARGO_HOME: /home/runner/.cargo
Quest 3 arm64 APK export (advisory until first green run)	UNKNOWN STEP	2026-09-07T12:04:50.0640069Z   CARGO_INCREMENTAL: 0
Quest 3 arm64 APK export (advisory until first green run)	UNKNOWN STEP	2026-09-07T12:04:50.0640291Z ##[endgroup]
Quest 3 arm64 APK export (advisory until first green run)	UNKNOWN STEP	2026-09-07T12:04:50.2393936Z ##[warning]setup-java v4 is deprecated and will no longer receive updates. Please migrate to actions/setup-java@v5.
Quest 3 arm64 APK export (advisory until first green run)	UNKNOWN STEP	2026-09-07T12:04:50.2404600Z ##[group]Installed distributions
Quest 3 arm64 APK export (advisory until first green run)	UNKNOWN STEP	2026-09-07T12:04:50.2435346Z Resolved Java 17.0.20+1 from tool-cache
Quest 3 arm64 APK export (advisory until first green run)	UNKNOWN STEP	2026-09-07T12:04:50.2435786Z Setting Java 17.0.20+1 as the default
Quest 3 arm64 APK export (advisory until first green run)	UNKNOWN STEP	2026-09-07T12:04:50.2446970Z (node:2370) [DEP0040] DeprecationWarning: The `punycode` module is deprecated. Please use a userland alternative instead.
Quest 3 arm64 APK export (advisory until first green run)	UNKNOWN STEP	2026-09-07T12:04:50.2447876Z (Use `node --trace-deprecation ...` to show where the warning was created)
Quest 3 arm64 APK export (advisory until first green run)	UNKNOWN STEP	2026-09-07T12:04:50.2450277Z Creating toolchains.xml for JDK version 17 from temurin
Quest 3 arm64 APK export (advisory until first green run)	UNKNOWN STEP	2026-09-07T12:04:50.2525757Z Writing to /home/runner/.m2/toolchains.xml
Quest 3 arm64 APK export (advisory until first green run)	UNKNOWN STEP	2026-09-07T12:04:50.2526280Z 
Quest 3 arm64 APK export (advisory until first green run)	UNKNOWN STEP	2026-09-07T12:04:50.2526428Z Java configuration:
Quest 3 arm64 APK export (advisory until first green run)	UNKNOWN STEP	2026-09-07T12:04:50.2526796Z   Distribution: temurin
Quest 3 arm64 APK export (advisory until first green run)	UNKNOWN STEP	2026-09-07T12:04:50.2527091Z   Version: 17.0.20+1
Quest 3 arm64 APK export (advisory until first green run)	UNKNOWN STEP	2026-09-07T12:04:50.2527535Z   Path: /opt/hostedtoolcache/Java_Temurin-Hotspot_jdk/17.0.20-1/x64
Quest 3 arm64 APK export (advisory until first green run)	UNKNOWN STEP	2026-09-07T12:04:50.2527935Z 
Quest 3 arm64 APK export (advisory until first green run)	UNKNOWN STEP	2026-09-07T12:04:50.2528342Z ##[endgroup]
Quest 3 arm64 APK export (advisory until first green run)	UNKNOWN STEP	2026-09-07T12:04:50.2549913Z Creating settings.xml with server-id: github
Quest 3 arm64 APK export (advisory until first green run)	UNKNOWN STEP	2026-09-07T12:04:50.2585376Z Writing to /home/runner/.m2/settings.xml
Quest 3 arm64 APK export (advisory until first green run)	UNKNOWN STEP	2026-09-07T12:04:50.2754692Z ##[group]Run nttld/setup-ndk@ed92fe6cadad69be94a966a7ee3271275e62f779
Quest 3 arm64 APK export (advisory until first green run)	UNKNOWN STEP	2026-09-07T12:04:50.2755093Z with:
Quest 3 arm64 APK export (advisory until first green run)	UNKNOWN STEP	2026-09-07T12:04:50.2755304Z   ndk-version: r26d
Quest 3 arm64 APK export (advisory until first green run)	UNKNOWN STEP	2026-09-07T12:04:50.2755528Z   add-to-path: true
Quest 3 arm64 APK export (advisory until first green run)	UNKNOWN STEP	2026-09-07T12:04:50.2755739Z   link-to-sdk: false
Quest 3 arm64 APK export (advisory until first green run)	UNKNOWN STEP	2026-09-07T12:04:50.2755970Z   local-cache: false
Quest 3 arm64 APK export (advisory until first green run)	UNKNOWN STEP	2026-09-07T12:04:50.2756175Z env:
Quest 3 arm64 APK export (advisory until first green run)	UNKNOWN STEP	2026-09-07T12:04:50.2756371Z   CARGO_TERM_COLOR: always
Quest 3 arm64 APK export (advisory until first green run)	UNKNOWN STEP	2026-09-07T12:04:50.2756604Z   RUST_BACKTRACE: 1
Quest 3 arm64 APK export (advisory until first green run)	UNKNOWN STEP	2026-09-07T12:04:50.2756817Z   GODOT_VERSION: 4.3-stable
Quest 3 arm64 APK export (advisory until first green run)	UNKNOWN STEP	2026-09-07T12:04:50.2757058Z   GUT_VERSION: 9.3.1
Quest 3 arm64 APK export (advisory until first green run)	UNKNOWN STEP	2026-09-07T12:04:50.2757282Z   CARGO_HOME: /home/runner/.cargo
Quest 3 arm64 APK export (advisory until first green run)	UNKNOWN STEP	2026-09-07T12:04:50.2757546Z   CARGO_INCREMENTAL: 0
Quest 3 arm64 APK export (advisory until first green run)	UNKNOWN STEP	2026-09-07T12:04:50.2757885Z   JAVA_HOME: /opt/hostedtoolcache/Java_Temurin-Hotspot_jdk/17.0.20-1/x64
Quest 3 arm64 APK export (advisory until first green run)	UNKNOWN STEP	2026-09-07T12:04:50.2758376Z   JAVA_HOME_17_X64: /opt/hostedtoolcache/Java_Temurin-Hotspot_jdk/17.0.20-1/x64
Quest 3 arm64 APK export (advisory until first green run)	UNKNOWN STEP	2026-09-07T12:04:50.2758775Z ##[endgroup]
Quest 3 arm64 APK export (advisory until first green run)	UNKNOWN STEP	2026-09-07T12:04:50.3931641Z Attempting to download r26d...
Quest 3 arm64 APK export (advisory until first green run)	UNKNOWN STEP	2026-09-07T12:04:52.9192417Z Extracting...
Quest 3 arm64 APK export (advisory until first green run)	UNKNOWN STEP	2026-09-07T12:04:52.9232170Z [command]/usr/bin/unzip -o -q /home/runner/work/_temp/ee11fa6d-2578-4975-8782-eef1febcd31d
Quest 3 arm64 APK export (advisory until first green run)	UNKNOWN STEP	2026-09-07T12:05:09.2209535Z Adding to the tool cache...
Quest 3 arm64 APK export (advisory until first green run)	UNKNOWN STEP	2026-09-07T12:05:15.7465497Z Done
Quest 3 arm64 APK export (advisory until first green run)	UNKNOWN STEP	2026-09-07T12:05:15.7466714Z Added to path
Quest 3 arm64 APK export (advisory until first green run)	UNKNOWN STEP	2026-09-07T12:05:15.7467742Z Detecting full version...
Quest 3 arm64 APK export (advisory until first green run)	UNKNOWN STEP	2026-09-07T12:05:15.7676504Z ##[group]Run cargo install cargo-ndk --locked
Quest 3 arm64 APK export (advisory until first green run)	UNKNOWN STEP	2026-09-07T12:05:15.7676894Z ^[[36;1mcargo install cargo-ndk --locked^[[0m
Quest 3 arm64 APK export (advisory until first green run)	UNKNOWN STEP	2026-09-07T12:05:15.7718922Z shell: /usr/bin/bash -e {0}
Quest 3 arm64 APK export (advisory until first green run)	UNKNOWN STEP	2026-09-07T12:05:15.7719204Z env:
Quest 3 arm64 APK export (advisory until first green run)	UNKNOWN STEP	2026-09-07T12:05:15.7719429Z   CARGO_TERM_COLOR: always
Quest 3 arm64 APK export (advisory until first green run)	UNKNOWN STEP	2026-09-07T12:05:15.7719677Z   RUST_BACKTRACE: 1
Quest 3 arm64 APK export (advisory until first green run)	UNKNOWN STEP	2026-09-07T12:05:15.7719898Z   GODOT_VERSION: 4.3-stable
Quest 3 arm64 APK export (advisory until first green run)	UNKNOWN STEP	2026-09-07T12:05:15.7720132Z   GUT_VERSION: 9.3.1
Quest 3 arm64 APK export (advisory until first green run)	UNKNOWN STEP	2026-09-07T12:05:15.7720374Z   CARGO_HOME: /home/runner/.cargo
Quest 3 arm64 APK export (advisory until first green run)	UNKNOWN STEP	2026-09-07T12:05:15.7720656Z   CARGO_INCREMENTAL: 0
Quest 3 arm64 APK export (advisory until first green run)	UNKNOWN STEP	2026-09-07T12:05:15.7721006Z   JAVA_HOME: /opt/hostedtoolcache/Java_Temurin-Hotspot_jdk/17.0.20-1/x64
Quest 3 arm64 APK export (advisory until first green run)	UNKNOWN STEP	2026-09-07T12:05:15.7721520Z   JAVA_HOME_17_X64: /opt/hostedtoolcache/Java_Temurin-Hotspot_jdk/17.0.20-1/x64
Quest 3 arm64 APK export (advisory until first green run)	UNKNOWN STEP	2026-09-07T12:05:15.7721905Z ##[endgroup]
Quest 3 arm64 APK export (advisory until first green run)	UNKNOWN STEP	2026-09-07T12:05:15.8049559Z ^[[1m^[[92m    Updating^[[0m crates.io index
Quest 3 arm64 APK export (advisory until first green run)	UNKNOWN STEP	2026-09-07T12:05:15.8532849Z ^[[1m^[[92m Downloading^[[0m crates ...
Quest 3 arm64 APK export (advisory until first green run)	UNKNOWN STEP	2026-09-07T12:05:15.9104007Z ^[[1m^[[92m  Downloaded^[[0m cargo-ndk v4.1.2
Quest 3 arm64 APK export (advisory until first green run)	UNKNOWN STEP	2026-09-07T12:05:15.9336403Z ^[[1m^[[92m  Installing^[[0m cargo-ndk v4.1.2
Quest 3 arm64 APK export (advisory until first green run)	UNKNOWN STEP	2026-09-07T12:05:15.9359335Z ^[[1m^[[92m    Updating^[[0m crates.io index
Quest 3 arm64 APK export (advisory until first green run)	UNKNOWN STEP	2026-09-07T12:05:16.2271029Z ^[[1m^[[92m    Updating^[[0m crates.io index
Quest 3 arm64 APK export (advisory until first green run)	UNKNOWN STEP	2026-09-07T12:05:16.3425536Z ^[[1m^[[92m Downloading^[[0m crates ...
Quest 3 arm64 APK export (advisory until first green run)	UNKNOWN STEP	2026-09-07T12:05:16.3622241Z ^[[1m^[[92m  Downloaded^[[0m anstyle v1.0.11
Quest 3 arm64 APK export (advisory until first green run)	UNKNOWN STEP	2026-09-07T12:05:16.3681926Z ^[[1m^[[92m  Downloaded^[[0m eieio v1.0.0
Quest 3 arm64 APK export (advisory until first green run)	UNKNOWN STEP	2026-09-07T12:05:16.3691492Z ^[[1m^[[92m  Downloaded^[[0m anstyle-query v1.1.4
Quest 3 arm64 APK export (advisory until first green run)	UNKNOWN STEP	2026-09-07T12:05:16.3732035Z ^[[1m^[[92m  Downloaded^[[0m anstream v0.6.20
Quest 3 arm64 APK export (advisory until first green run)	UNKNOWN STEP	2026-09-07T12:05:16.3754013Z ^[[1m^[[92m  Downloaded^[[0m cargo_metadata v0.21.0
Quest 3 arm64 APK export (advisory until first green run)	UNKNOWN STEP	2026-09-07T12:05:16.3775991Z ^[[1m^[[92m  Downloaded^[[0m anstyle-parse v0.2.7
Quest 3 arm64 APK export (advisory until first green run)	UNKNOWN STEP	2026-09-07T12:05:16.3793020Z ^[[1m^[[92m  Downloaded^[[0m pathos v0.3.0
Quest 3 arm64 APK export (advisory until first green run)	UNKNOWN STEP	2026-09-07T12:05:16.3819137Z ^[[1m^[[92m  Downloaded^[[0m anyhow v1.0.98
Quest 3 arm64 APK export (advisory until first green run)	UNKNOWN STEP	2026-09-07T12:05:16.3863060Z ^[[1m^[[92m  Downloaded^[[0m iref v1.4.3
Quest 3 arm64 APK export (advisory until first green run)	UNKNOWN STEP	2026-09-07T12:05:16.3889747Z ^[[1m^[[92m  Downloaded^[[0m autocfg v1.5.0
Quest 3 arm64 APK export (advisory until first green run)	UNKNOWN STEP	2026-09-07T12:05:16.3909188Z ^[[1m^[[92m  Downloaded^[[0m icu_locale_core v2.0.0
Quest 3 arm64 APK export (advisory until first green run)	UNKNOWN STEP	2026-09-07T12:05:16.3985375Z ^[[1m^[[92m  Downloaded^[[0m log v0.4.27
Quest 3 arm64 APK export (advisory until first green run)	UNKNOWN STEP	2026-09-07T12:05:16.4009293Z ^[[1m^[[92m  Downloaded^[[0m cfg-if v1.0.1
Quest 3 arm64 APK export (advisory until first green run)	UNKNOWN STEP	2026-09-07T12:05:16.4023543Z ^[[1m^[[92m  Downloaded^[[0m displaydoc v0.2.5
Quest 3 arm64 APK export (advisory until first green run)	UNKNOWN STEP	2026-09-07T12:05:16.4055869Z ^[[1m^[[92m  Downloaded^[[0m clap v4.5.42
Quest 3 arm64 APK export (advisory until first green run)	UNKNOWN STEP	2026-09-07T12:05:16.4162620Z ^[[1m^[[92m  Downloaded^[[0m filetime v0.2.25
Quest 3 arm64 APK export (advisory until first green run)	UNKNOWN STEP	2026-09-07T12:05:16.4194556Z ^[[1m^[[92m  Downloaded^[[0m icu_normalizer v2.0.0
Quest 3 arm64 APK export (advisory until first green run)	UNKNOWN STEP	2026-09-07T12:05:16.4226570Z ^[[1m^[[92m  Downloaded^[[0m dunce v1.0.5
Quest 3 arm64 APK export (advisory until first green run)	UNKNOWN STEP	2026-09-07T12:05:16.4236212Z ^[[1m^[[92m  Downloaded^[[0m icu_normalizer_data v2.0.0
Quest 3 arm64 APK export (advisory until first green run)	UNKNOWN STEP	2026-09-07T12:05:16.4258471Z ^[[1m^[[92m  Downloaded^[[0m camino v1.1.10
Quest 3 arm64 APK export (advisory until first green run)	UNKNOWN STEP	2026-09-07T12:05:16.4279025Z ^[[1m^[[92m  Downloaded^[[0m cargo-util-schemas v0.8.2
Quest 3 arm64 APK export (advisory until first green run)	UNKNOWN STEP	2026-09-07T12:05:16.4298981Z ^[[1m^[[92m  Downloaded^[[0m equivalent v1.0.2
Quest 3 arm64 APK export (advisory until first green run)	UNKNOWN STEP	2026-09-07T12:05:16.4309568Z ^[[1m^[[92m  Downloaded^[[0m is_terminal_polyfill v1.70.1
Quest 3 arm64 APK export (advisory until first green run)	UNKNOWN STEP	2026-09-07T12:05:16.4319199Z ^[[1m^[[92m  Downloaded^[[0m cargo-platform v0.2.0
Quest 3 arm64 APK export (advisory until first green run)	UNKNOWN STEP	2026-09-07T12:05:16.4332114Z ^[[1m^[[92m  Downloaded^[[0m clap_builder v4.5.42
Quest 3 arm64 APK export (advisory until first green run)	UNKNOWN STEP	2026-09-07T12:05:16.4400230Z ^[[1m^[[92m  Downloaded^[[0m clap_lex v0.7.5
Quest 3 arm64 APK export (advisory until first green run)	UNKNOWN STEP	2026-09-07T12:05:16.4411394Z ^[[1m^[[92m  Downloaded^[[0m heck v0.5.0
Quest 3 arm64 APK export (advisory until first green run)	UNKNOWN STEP	2026-09-07T12:05:16.4425064Z ^[[1m^[[92m  Downloaded^[[0m icu_collections v2.0.0
Quest 3 arm64 APK export (advisory until first green run)	UNKNOWN STEP	2026-09-07T12:05:16.4492535Z ^[[1m^[[92m  Downloaded^[[0m once_cell v1.21.3
Quest 3 arm64 APK export (advisory until first green run)	UNKNOWN STEP	2026-09-07T12:05:16.4519545Z ^[[1m^[[92m  Downloaded^[[0m serde-untagged v0.1.7
Quest 3 arm64 APK export (advisory until first green run)	UNKNOWN STEP	2026-09-07T12:05:16.4537154Z ^[[1m^[[92m  Downloaded^[[0m toml v0.8.23
Quest 3 arm64 APK export (advisory until first green run)	UNKNOWN STEP	2026-09-07T12:05:16.4562500Z ^[[1m^[[92m  Downloaded^[[0m erased-serde v0.4.6
Quest 3 arm64 APK export (advisory until first green run)	UNKNOWN STEP	2026-09-07T12:05:16.4587320Z ^[[1m^[[92m  Downloaded^[[0m is-terminal v0.4.16
Quest 3 arm64 APK export (advisory until first green run)	UNKNOWN STEP	2026-09-07T12:05:16.4596727Z ^[[1m^[[92m  Downloaded^[[0m os_str_bytes v2.4.0
Quest 3 arm64 APK export (advisory until first green run)	UNKNOWN STEP	2026-09-07T12:05:16.4614979Z ^[[1m^[[92m  Downloaded^[[0m form_urlencoded v1.2.1
Quest 3 arm64 APK export (advisory until first green run)	UNKNOWN STEP	2026-09-07T12:05:16.4623447Z ^[[1m^[[92m  Downloaded^[[0m litemap v0.8.0
Quest 3 arm64 APK export (advisory until first green run)	UNKNOWN STEP	2026-09-07T12:05:16.4646531Z ^[[1m^[[92m  Downloaded^[[0m colorchoice v1.0.4
Quest 3 arm64 APK export (advisory until first green run)	UNKNOWN STEP	2026-09-07T12:05:16.4656280Z ^[[1m^[[92m  Downloaded^[[0m icu_provider v2.0.0
Quest 3 arm64 APK export (advisory until first green run)	UNKNOWN STEP	2026-09-07T12:05:16.4682995Z ^[[1m^[[92m  Downloaded^[[0m num-traits v0.2.19
Quest 3 arm64 APK export (advisory until first green run)	UNKNOWN STEP	2026-09-07T12:05:16.4709916Z ^[[1m^[[92m  Downloaded^[[0m potential_utf v0.1.2
Quest 3 arm64 APK export (advisory until first green run)	UNKNOWN STEP	2026-09-07T12:05:16.4719758Z ^[[1m^[[92m  Downloaded^[[0m typeid v1.0.3
Quest 3 arm64 APK export (advisory until first green run)	UNKNOWN STEP	2026-09-07T12:05:16.4732260Z ^[[1m^[[92m  Downloaded^[[0m stable_deref_trait v1.2.0
Quest 3 arm64 APK export (advisory until first green run)	UNKNOWN STEP	2026-09-07T12:05:16.4740802Z ^[[1m^[[92m  Downloaded^[[0m strsim v0.11.1
Quest 3 arm64 APK export (advisory until first green run)	UNKNOWN STEP	2026-09-07T12:05:16.4753871Z ^[[1m^[[92m  Downloaded^[[0m clap_derive v4.5.41
Quest 3 arm64 APK export (advisory until first green run)	UNKNOWN STEP	2026-09-07T12:05:16.4776719Z ^[[1m^[[92m  Downloaded^[[0m hashbrown v0.15.4
Quest 3 arm64 APK export (advisory until first green run)	UNKNOWN STEP	2026-09-07T12:05:16.4828447Z ^[[1m^[[92m  Downloaded^[[0m idna_adapter v1.2.1
Quest 3 arm64 APK export (advisory until first green run)	UNKNOWN STEP	2026-09-07T12:05:16.4837697Z ^[[1m^[[92m  Downloaded^[[0m serde v1.0.219
Quest 3 arm64 APK export (advisory until first green run)	UNKNOWN STEP	2026-09-07T12:05:16.4869819Z ^[[1m^[[92m  Downloaded^[[0m smallvec v1.15.1
Quest 3 arm64 APK export (advisory until first green run)	UNKNOWN STEP	2026-09-07T12:05:16.4891858Z ^[[1m^[[92m  Downloaded^[[0m icu_properties v2.0.1
Quest 3 arm64 APK export (advisory until first green run)	UNKNOWN STEP	2026-09-07T12:05:16.4914212Z ^[[1m^[[92m  Downloaded^[[0m utf8parse v0.2.2
Quest 3 arm64 APK export (advisory until first green run)	UNKNOWN STEP	2026-09-07T12:05:16.4924032Z ^[[1m^[[92m  Downloaded^[[0m pct-str v1.2.0
Quest 3 arm64 APK export (advisory until first green run)	UNKNOWN STEP	2026-09-07T12:05:16.4938519Z ^[[1m^[[92m  Downloaded^[[0m serde_spanned v1.0.0
Quest 3 arm64 APK export (advisory until first green run)	UNKNOWN STEP	2026-09-07T12:05:16.4950186Z ^[[1m^[[92m  Downloaded^[[0m toml_datetime v0.6.11
Quest 3 arm64 APK export (advisory until first green run)	UNKNOWN STEP	2026-09-07T12:05:16.4961442Z ^[[1m^[[92m  Downloaded^[[0m unicode-xid v0.2.6
Quest 3 arm64 APK export (advisory until first green run)	UNKNOWN STEP	2026-09-07T12:05:16.4974747Z ^[[1m^[[92m  Downloaded^[[0m url v2.5.4
Quest 3 arm64 APK export (advisory until first green run)	UNKNOWN STEP	2026-09-07T12:05:16.5000466Z ^[[1m^[[92m  Downloaded^[[0m utf8-decode v1.0.1
Quest 3 arm64 APK export (advisory until first green run)	UNKNOWN STEP	2026-09-07T12:05:16.5012065Z ^[[1m^[[92m  Downloaded^[[0m utf8_iter v1.0.4
Quest 3 arm64 APK export (advisory until first green run)	UNKNOWN STEP	2026-09-07T12:05:16.5022521Z ^[[1m^[[92m  Downloaded^[[0m version_check v0.9.5
Quest 3 arm64 APK export (advisory until first green run)	UNKNOWN STEP	2026-09-07T12:05:16.5036397Z ^[[1m^[[92m  Downloaded^[[0m yoke v0.8.0
Quest 3 arm64 APK export (advisory until first green run)	UNKNOWN STEP	2026-09-07T12:05:16.5053358Z ^[[1m^[[92m  Downloaded^[[0m yoke-derive v0.8.0
Quest 3 arm64 APK export (advisory until first green run)	UNKNOWN STEP	2026-09-07T12:05:16.5062828Z ^[[1m^[[92m  Downloaded^[[0m zerofrom v0.1.6
Quest 3 arm64 APK export (advisory until first green run)	UNKNOWN STEP	2026-09-07T12:05:16.5071714Z ^[[1m^[[92m  Downloaded^[[0m itoa v1.0.15
Quest 3 arm64 APK export (advisory until first green run)	UNKNOWN STEP	2026-09-07T12:05:16.5086280Z ^[[1m^[[92m  Downloaded^[[0m ordered-float v2.10.1
Quest 3 arm64 APK export (advisory until first green run)	UNKNOWN STEP	2026-09-07T12:05:16.5099892Z ^[[1m^[[92m  Downloaded^[[0m percent-encoding v2.3.1
Quest 3 arm64 APK export (advisory until first green run)	UNKNOWN STEP	2026-09-07T12:05:16.5107746Z ^[[1m^[[92m  Downloaded^[[0m serde-value v0.7.0
Quest 3 arm64 APK export (advisory until first green run)	UNKNOWN STEP	2026-09-07T12:05:16.5117569Z ^[[1m^[[92m  Downloaded^[[0m serde_spanned v0.6.9
Quest 3 arm64 APK export (advisory until first green run)	UNKNOWN STEP	2026-09-07T12:05:16.5128681Z ^[[1m^[[92m  Downloaded^[[0m thiserror v1.0.69
Quest 3 arm64 APK export (advisory until first green run)	UNKNOWN STEP	2026-09-07T12:05:16.5188960Z ^[[1m^[[92m  Downloaded^[[0m thiserror v2.0.12
Quest 3 arm64 APK export (advisory until first green run)	UNKNOWN STEP	2026-09-07T12:05:16.5258365Z ^[[1m^[[92m  Downloaded^[[0m thiserror-impl v1.0.69
Quest 3 arm64 APK export (advisory until first green run)	UNKNOWN STEP	2026-09-07T12:05:16.5272031Z ^[[1m^[[92m  Downloaded^[[0m toml_datetime v0.7.0
Quest 3 arm64 APK export (advisory until first green run)	UNKNOWN STEP	2026-09-07T12:05:16.5285402Z ^[[1m^[[92m  Downloaded^[[0m toml_write v0.1.2
Quest 3 arm64 APK export (advisory until first green run)	UNKNOWN STEP	2026-09-07T12:05:16.5298585Z ^[[1m^[[92m  Downloaded^[[0m zerofrom-derive v0.1.6
Quest 3 arm64 APK export (advisory until first green run)	UNKNOWN STEP	2026-09-07T12:05:16.5308297Z ^[[1m^[[92m  Downloaded^[[0m semver v1.0.26
Quest 3 arm64 APK export (advisory until first green run)	UNKNOWN STEP	2026-09-07T12:05:16.5333935Z ^[[1m^[[92m  Downloaded^[[0m writeable v0.6.1
Quest 3 arm64 APK export (advisory until first green run)	UNKNOWN STEP	2026-09-07T12:05:16.5352602Z ^[[1m^[[92m  Downloaded^[[0m quote v1.0.40
Quest 3 arm64 APK export (advisory until first green run)	UNKNOWN STEP	2026-09-07T12:05:16.5380911Z ^[[1m^[[92m  Downloaded^[[0m synstructure v0.13.2
Quest 3 arm64 APK export (advisory until first green run)	UNKNOWN STEP	2026-09-07T12:05:16.5391053Z ^[[1m^[[92m  Downloaded^[[0m thiserror-impl v2.0.12
Quest 3 arm64 APK export (advisory until first green run)	UNKNOWN STEP	2026-09-07T12:05:16.5405827Z ^[[1m^[[92m  Downloaded^[[0m tinystr v0.8.1
Quest 3 arm64 APK export (advisory until first green run)	UNKNOWN STEP	2026-09-07T12:05:16.5426387Z ^[[1m^[[92m  Downloaded^[[0m toml_parser v1.0.2
Quest 3 arm64 APK export (advisory until first green run)	UNKNOWN STEP	2026-09-07T12:05:16.5449850Z ^[[1m^[[92m  Downloaded^[[0m unicode-ident v1.0.18
Quest 3 arm64 APK export (advisory until first green run)	UNKNOWN STEP	2026-09-07T12:05:16.5478235Z ^[[1m^[[92m  Downloaded^[[0m zerovec-derive v0.11.1
Quest 3 arm64 APK export (advisory until first green run)	UNKNOWN STEP	2026-09-07T12:05:16.5492857Z ^[[1m^[[92m  Downloaded^[[0m ryu v1.0.20
Quest 3 arm64 APK export (advisory until first green run)	UNKNOWN STEP	2026-09-07T12:05:16.5526006Z ^[[1m^[[92m  Downloaded^[[0m serde_derive v1.0.219
Quest 3 arm64 APK export (advisory until first green run)	UNKNOWN STEP	2026-09-07T12:05:16.5551598Z ^[[1m^[[92m  Downloaded^[[0m toml v0.9.5
Quest 3 arm64 APK export (advisory until first green run)	UNKNOWN STEP	2026-09-07T12:05:16.5594542Z ^[[1m^[[92m  Downloaded^[[0m toml_writer v1.0.2
Quest 3 arm64 APK export (advisory until first green run)	UNKNOWN STEP	2026-09-07T12:05:16.5608248Z ^[[1m^[[92m  Downloaded^[[0m zerotrie v0.2.2
Quest 3 arm64 APK export (advisory until first green run)	UNKNOWN STEP	2026-09-07T12:05:16.5645816Z ^[[1m^[[92m  Downloaded^[[0m zerovec v0.11.4
Quest 3 arm64 APK export (advisory until first green run)	UNKNOWN STEP	2026-09-07T12:05:16.5703467Z ^[[1m^[[92m  Downloaded^[[0m icu_properties_data v2.0.1
Quest 3 arm64 APK export (advisory until first green run)	UNKNOWN STEP	2026-09-07T12:05:16.5810656Z ^[[1m^[[92m  Downloaded^[[0m toml_edit v0.22.27
Quest 3 arm64 APK export (advisory until first green run)	UNKNOWN STEP	2026-09-07T12:05:16.5857182Z ^[[1m^[[92m  Downloaded^[[0m memchr v2.7.5
Quest 3 arm64 APK export (advisory until first green run)	UNKNOWN STEP	2026-09-07T12:05:16.5916043Z ^[[1m^[[92m  Downloaded^[[0m proc-macro2 v1.0.95
Quest 3 arm64 APK export (advisory until first green run)	UNKNOWN STEP	2026-09-07T12:05:16.5943422Z ^[[1m^[[92m  Downloaded^[[0m termcolor v1.4.1
Quest 3 arm64 APK export (advisory until first green run)	UNKNOWN STEP	2026-09-07T12:05:16.5956451Z ^[[1m^[[92m  Downloaded^[[0m indexmap v2.10.0
Quest 3 arm64 APK export (advisory until first green run)	UNKNOWN STEP	2026-09-07T12:05:16.6000479Z ^[[1m^[[92m  Downloaded^[[0m idna v1.0.3
Quest 3 arm64 APK export (advisory until first green run)	UNKNOWN STEP	2026-09-07T12:05:16.6036333Z ^[[1m^[[92m  Downloaded^[[0m serde_json v1.0.142
Quest 3 arm64 APK export (advisory until first green run)	UNKNOWN STEP	2026-09-07T12:05:16.6115204Z ^[[1m^[[92m  Downloaded^[[0m winnow v0.7.12
Quest 3 arm64 APK export (advisory until first green run)	UNKNOWN STEP	2026-09-07T12:05:16.6212044Z ^[[1m^[[92m  Downloaded^[[0m syn v2.0.104
Quest 3 arm64 APK export (advisory until first green run)	UNKNOWN STEP	2026-09-07T12:05:16.6325231Z ^[[1m^[[92m  Downloaded^[[0m libc v0.2.174
Quest 3 arm64 APK export (advisory until first green run)	UNKNOWN STEP	2026-09-07T12:05:16.7013445Z ^[[1m^[[92m   Compiling^[[0m proc-macro2 v1.0.95
Quest 3 arm64 APK export (advisory until first green run)	UNKNOWN STEP	2026-09-07T12:05:16.7016283Z ^[[1m^[[92m   Compiling^[[0m unicode-ident v1.0.18
Quest 3 arm64 APK export (advisory until first green run)	UNKNOWN STEP	2026-09-07T12:05:16.7016809Z ^[[1m^[[92m   Compiling^[[0m serde v1.0.219
Quest 3 arm64 APK export (advisory until first green run)	UNKNOWN STEP	2026-09-07T12:05:16.7017344Z ^[[1m^[[92m   Compiling^[[0m stable_deref_trait v1.2.0
Quest 3 arm64 APK export (advisory until first green run)	UNKNOWN STEP	2026-09-07T12:05:16.7354913Z ^[[1m^[[92m   Compiling^[[0m litemap v0.8.0
Quest 3 arm64 APK export (advisory until first green run)	UNKNOWN STEP	2026-09-07T12:05:16.7635004Z ^[[1m^[[92m   Compiling^[[0m writeable v0.6.1
Quest 3 arm64 APK export (advisory until first green run)	UNKNOWN STEP	2026-09-07T12:05:16.8604932Z ^[[1m^[[92m   Compiling^[[0m smallvec v1.15.1
Quest 3 arm64 APK export (advisory until first green run)	UNKNOWN STEP	2026-09-07T12:05:16.9251781Z ^[[1m^[[92m   Compiling^[[0m icu_normalizer_data v2.0.0
Quest 3 arm64 APK export (advisory until first green run)	UNKNOWN STEP	2026-09-07T12:05:17.0035311Z ^[[1m^[[92m   Compiling^[[0m icu_properties_data v2.0.1
Quest 3 arm64 APK export (advisory until first green run)	UNKNOWN STEP	2026-09-07T12:05:17.0694044Z ^[[1m^[[92m   Compiling^[[0m autocfg v1.5.0
Quest 3 arm64 APK export (advisory until first green run)	UNKNOWN STEP	2026-09-07T12:05:17.1823718Z ^[[1m^[[92m   Compiling^[[0m winnow v0.7.12
Quest 3 arm64 APK export (advisory until first green run)	UNKNOWN STEP	2026-09-07T12:05:17.2065044Z ^[[1m^[[92m   Compiling^[[0m typeid v1.0.3
Quest 3 arm64 APK export (advisory until first green run)	UNKNOWN STEP	2026-09-07T12:05:17.3288110Z ^[[1m^[[92m   Compiling^[[0m quote v1.0.40
Quest 3 arm64 APK export (advisory until first green run)	UNKNOWN STEP	2026-09-07T12:05:17.3669670Z ^[[1m^[[92m   Compiling^[[0m num-traits v0.2.19
Quest 3 arm64 APK export (advisory until first green run)	UNKNOWN STEP	2026-09-07T12:05:17.4905278Z ^[[1m^[[92m   Compiling^[[0m syn v2.0.104
Quest 3 arm64 APK export (advisory until first green run)	UNKNOWN STEP	2026-09-07T12:05:17.5173934Z ^[[1m^[[92m   Compiling^[[0m libc v0.2.174
Quest 3 arm64 APK export (advisory until first green run)	UNKNOWN STEP	2026-09-07T12:05:17.5264842Z ^[[1m^[[92m   Compiling^[[0m equivalent v1.0.2
Quest 3 arm64 APK export (advisory until first green run)	UNKNOWN STEP	2026-09-07T12:05:17.5649165Z ^[[1m^[[92m   Compiling^[[0m percent-encoding v2.3.1
Quest 3 arm64 APK export (advisory until first green run)	UNKNOWN STEP	2026-09-07T12:05:17.7234901Z ^[[1m^[[92m   Compiling^[[0m hashbrown v0.15.4
Quest 3 arm64 APK export (advisory until first green run)	UNKNOWN STEP	2026-09-07T12:05:18.3845526Z ^[[1m^[[92m   Compiling^[[0m indexmap v2.10.0
Quest 3 arm64 APK export (advisory until first green run)	UNKNOWN STEP	2026-09-07T12:05:18.7321542Z ^[[1m^[[92m   Compiling^[[0m toml_write v0.1.2
Quest 3 arm64 APK export (advisory until first green run)	UNKNOWN STEP	2026-09-07T12:05:18.9186276Z ^[[1m^[[92m   Compiling^[[0m semver v1.0.26
Quest 3 arm64 APK export (advisory until first green run)	UNKNOWN STEP	2026-09-07T12:05:19.0624987Z ^[[1m^[[92m   Compiling^[[0m thiserror v2.0.12
Quest 3 arm64 APK export (advisory until first green run)	UNKNOWN STEP	2026-09-07T12:05:19.1985033Z ^[[1m^[[92m   Compiling^[[0m utf8parse v0.2.2
Quest 3 arm64 APK export (advisory until first green run)	UNKNOWN STEP	2026-09-07T12:05:19.2215003Z ^[[1m^[[92m   Compiling^[[0m utf8_iter v1.0.4
Quest 3 arm64 APK export (advisory until first green run)	UNKNOWN STEP	2026-09-07T12:05:19.2485216Z ^[[1m^[[92m   Compiling^[[0m anstyle-parse v0.2.7
Quest 3 arm64 APK export (advisory until first green run)	UNKNOWN STEP	2026-09-07T12:05:19.3822916Z ^[[1m^[[92m   Compiling^[[0m ordered-float v2.10.1
Quest 3 arm64 APK export (advisory until first green run)	UNKNOWN STEP	2026-09-07T12:05:19.5724858Z ^[[1m^[[92m   Compiling^[[0m form_urlencoded v1.2.1
Quest 3 arm64 APK export (advisory until first green run)	UNKNOWN STEP	2026-09-07T12:05:19.6174852Z ^[[1m^[[92m   Compiling^[[0m colorchoice v1.0.4
Quest 3 arm64 APK export (advisory until first green run)	UNKNOWN STEP	2026-09-07T12:05:19.6644440Z ^[[1m^[[92m   Compiling^[[0m anstyle v1.0.11
Quest 3 arm64 APK export (advisory until first green run)	UNKNOWN STEP	2026-09-07T12:05:19.7624972Z ^[[1m^[[92m   Compiling^[[0m camino v1.1.10
Quest 3 arm64 APK export (advisory until first green run)	UNKNOWN STEP	2026-09-07T12:05:19.8884976Z ^[[1m^[[92m   Compiling^[[0m is_terminal_polyfill v1.70.1
Quest 3 arm64 APK export (advisory until first green run)	UNKNOWN STEP	2026-09-07T12:05:19.9318295Z ^[[1m^[[92m   Compiling^[[0m serde_json v1.0.142
Quest 3 arm64 APK export (advisory until first green run)	UNKNOWN STEP	2026-09-07T12:05:19.9354540Z ^[[1m^[[92m   Compiling^[[0m utf8-decode v1.0.1
Quest 3 arm64 APK export (advisory until first green run)	UNKNOWN STEP	2026-09-07T12:05:19.9914815Z ^[[1m^[[92m   Compiling^[[0m thiserror v1.0.69
Quest 3 arm64 APK export (advisory until first green run)	UNKNOWN STEP	2026-09-07T12:05:20.0225922Z ^[[1m^[[92m   Compiling^[[0m anstyle-query v1.1.4
Quest 3 arm64 APK export (advisory until first green run)	UNKNOWN STEP	2026-09-07T12:05:20.0344731Z ^[[1m^[[92m   Compiling^[[0m pct-str v1.2.0
Quest 3 arm64 APK export (advisory until first green run)	UNKNOWN STEP	2026-09-07T12:05:20.0666895Z ^[[1m^[[92m   Compiling^[[0m anstream v0.6.20
Quest 3 arm64 APK export (advisory until first green run)	UNKNOWN STEP	2026-09-07T12:05:20.2035644Z ^[[1m^[[92m   Compiling^[[0m clap_lex v0.7.5
Quest 3 arm64 APK export (advisory until first green run)	UNKNOWN STEP	2026-09-07T12:05:20.2826009Z ^[[1m^[[92m   Compiling^[[0m strsim v0.11.1
Quest 3 arm64 APK export (advisory until first green run)	UNKNOWN STEP	2026-09-07T12:05:20.4864920Z ^[[1m^[[92m   Compiling^[[0m heck v0.5.0
Quest 3 arm64 APK export (advisory until first green run)	UNKNOWN STEP	2026-09-07T12:05:20.5734874Z ^[[1m^[[92m   Compiling^[[0m unicode-xid v0.2.6
Quest 3 arm64 APK export (advisory until first green run)	UNKNOWN STEP	2026-09-07T12:05:20.6212253Z ^[[1m^[[92m   Compiling^[[0m ryu v1.0.20
Quest 3 arm64 APK export (advisory until first green run)	UNKNOWN STEP	2026-09-07T12:05:20.6404896Z ^[[1m^[[92m   Compiling^[[0m itoa v1.0.15
Quest 3 arm64 APK export (advisory until first green run)	UNKNOWN STEP	2026-09-07T12:05:20.7295010Z ^[[1m^[[92m   Compiling^[[0m memchr v2.7.5
Quest 3 arm64 APK export (advisory until first green run)	UNKNOWN STEP	2026-09-07T12:05:20.8805280Z ^[[1m^[[92m   Compiling^[[0m anyhow v1.0.98
Quest 3 arm64 APK export (advisory until first green run)	UNKNOWN STEP	2026-09-07T12:05:21.1094680Z ^[[1m^[[92m   Compiling^[[0m synstructure v0.13.2
Quest 3 arm64 APK export (advisory until first green run)	UNKNOWN STEP	2026-09-07T12:05:21.1624784Z ^[[1m^[[92m   Compiling^[[0m clap_builder v4.5.42
Quest 3 arm64 APK export (advisory until first green run)	UNKNOWN STEP	2026-09-07T12:05:21.6494995Z ^[[1m^[[92m   Compiling^[[0m iref v1.4.3
Quest 3 arm64 APK export (advisory until first green run)	UNKNOWN STEP	2026-09-07T12:05:22.0635133Z ^[[1m^[[92m   Compiling^[[0m toml_parser v1.0.2
Quest 3 arm64 APK export (advisory until first green run)	UNKNOWN STEP	2026-09-07T12:05:22.2254905Z ^[[1m^[[92m   Compiling^[[0m eieio v1.0.0
Quest 3 arm64 APK export (advisory until first green run)	UNKNOWN STEP	2026-09-07T12:05:22.3424975Z ^[[1m^[[92m   Compiling^[[0m cfg-if v1.0.1
Quest 3 arm64 APK export (advisory until first green run)	UNKNOWN STEP	2026-09-07T12:05:22.3735895Z ^[[1m^[[92m   Compiling^[[0m once_cell v1.21.3
Quest 3 arm64 APK export (advisory until first green run)	UNKNOWN STEP	2026-09-07T12:05:22.5453903Z ^[[1m^[[92m   Compiling^[[0m toml_writer v1.0.2
Quest 3 arm64 APK export (advisory until first green run)	UNKNOWN STEP	2026-09-07T12:05:22.7376350Z ^[[1m^[[92m   Compiling^[[0m log v0.4.27
Quest 3 arm64 APK export (advisory until first green run)	UNKNOWN STEP	2026-09-07T12:05:22.8168412Z ^[[1m^[[92m   Compiling^[[0m serde_derive v1.0.219
Quest 3 arm64 APK export (advisory until first green run)	UNKNOWN STEP	2026-09-07T12:05:22.9515317Z ^[[1m^[[92m   Compiling^[[0m zerofrom-derive v0.1.6
Quest 3 arm64 APK export (advisory until first green run)	UNKNOWN STEP	2026-09-07T12:05:23.6604953Z ^[[1m^[[92m   Compiling^[[0m yoke-derive v0.8.0
Quest 3 arm64 APK export (advisory until first green run)	UNKNOWN STEP	2026-09-07T12:05:24.1465560Z ^[[1m^[[92m   Compiling^[[0m zerofrom v0.1.6
Quest 3 arm64 APK export (advisory until first green run)	UNKNOWN STEP	2026-09-07T12:05:24.2325023Z ^[[1m^[[92m   Compiling^[[0m zerovec-derive v0.11.1
Quest 3 arm64 APK export (advisory until first green run)	UNKNOWN STEP	2026-09-07T12:05:24.5355047Z ^[[1m^[[92m   Compiling^[[0m yoke v0.8.0
Quest 3 arm64 APK export (advisory until first green run)	UNKNOWN STEP	2026-09-07T12:05:24.6764484Z ^[[1m^[[92m   Compiling^[[0m displaydoc v0.2.5
Quest 3 arm64 APK export (advisory until first green run)	UNKNOWN STEP	2026-09-07T12:05:25.1485344Z ^[[1m^[[92m   Compiling^[[0m zerotrie v0.2.2
Quest 3 arm64 APK export (advisory until first green run)	UNKNOWN STEP	2026-09-07T12:05:25.1884997Z ^[[1m^[[92m   Compiling^[[0m zerovec v0.11.4
Quest 3 arm64 APK export (advisory until first green run)	UNKNOWN STEP	2026-09-07T12:05:25.5475180Z ^[[1m^[[92m   Compiling^[[0m thiserror-impl v2.0.12
Quest 3 arm64 APK export (advisory until first green run)	UNKNOWN STEP	2026-09-07T12:05:26.2858756Z ^[[1m^[[92m   Compiling^[[0m tinystr v0.8.1
Quest 3 arm64 APK export (advisory until first green run)	UNKNOWN STEP	2026-09-07T12:05:26.4372214Z ^[[1m^[[92m   Compiling^[[0m icu_locale_core v2.0.0
Quest 3 arm64 APK export (advisory until first green run)	UNKNOWN STEP	2026-09-07T12:05:26.6766005Z ^[[1m^[[92m   Compiling^[[0m potential_utf v0.1.2
Quest 3 arm64 APK export (advisory until first green run)	UNKNOWN STEP	2026-09-07T12:05:26.7840955Z ^[[1m^[[92m   Compiling^[[0m icu_collections v2.0.0
Quest 3 arm64 APK export (advisory until first green run)	UNKNOWN STEP	2026-09-07T12:05:27.4747384Z ^[[1m^[[92m   Compiling^[[0m icu_provider v2.0.0
Quest 3 arm64 APK export (advisory until first green run)	UNKNOWN STEP	2026-09-07T12:05:27.8204791Z ^[[1m^[[92m   Compiling^[[0m icu_normalizer v2.0.0
Quest 3 arm64 APK export (advisory until first green run)	UNKNOWN STEP	2026-09-07T12:05:28.8505281Z ^[[1m^[[92m   Compiling^[[0m icu_properties v2.0.1
Quest 3 arm64 APK export (advisory until first green run)	UNKNOWN STEP	2026-09-07T12:05:29.1773850Z ^[[1m^[[92m   Compiling^[[0m toml_datetime v0.6.11
Quest 3 arm64 APK export (advisory until first green run)	UNKNOWN STEP	2026-09-07T12:05:29.3335031Z ^[[1m^[[92m   Compiling^[[0m serde_spanned v0.6.9
Quest 3 arm64 APK export (advisory until first green run)	UNKNOWN STEP	2026-09-07T12:05:29.4220863Z ^[[1m^[[92m   Compiling^[[0m toml_edit v0.22.27
Quest 3 arm64 APK export (advisory until first green run)	UNKNOWN STEP	2026-09-07T12:05:29.5425029Z ^[[1m^[[92m   Compiling^[[0m erased-serde v0.4.6
Quest 3 arm64 APK export (advisory until first green run)	UNKNOWN STEP	2026-09-07T12:05:30.1665729Z ^[[1m^[[92m   Compiling^[[0m idna_adapter v1.2.1
Quest 3 arm64 APK export (advisory until first green run)	UNKNOWN STEP	2026-09-07T12:05:30.2324506Z ^[[1m^[[92m   Compiling^[[0m idna v1.0.3
Quest 3 arm64 APK export (advisory until first green run)	UNKNOWN STEP	2026-09-07T12:05:30.6315106Z ^[[1m^[[92m   Compiling^[[0m url v2.5.4
Quest 3 arm64 APK export (advisory until first green run)	UNKNOWN STEP	2026-09-07T12:05:32.7345279Z ^[[1m^[[92m   Compiling^[[0m toml v0.8.23
Quest 3 arm64 APK export (advisory until first green run)	UNKNOWN STEP	2026-09-07T12:05:33.3494889Z ^[[1m^[[92m   Compiling^[[0m serde-untagged v0.1.7
Quest 3 arm64 APK export (advisory until first green run)	UNKNOWN STEP	2026-09-07T12:05:34.3534752Z ^[[1m^[[92m   Compiling^[[0m serde-value v0.7.0
Quest 3 arm64 APK export (advisory until first green run)	UNKNOWN STEP	2026-09-07T12:05:34.5504984Z ^[[1m^[[92m   Compiling^[[0m thiserror-impl v1.0.69
Quest 3 arm64 APK export (advisory until first green run)	UNKNOWN STEP	2026-09-07T12:05:35.0436044Z ^[[1m^[[92m   Compiling^[[0m cargo-util-schemas v0.8.2
Quest 3 arm64 APK export (advisory until first green run)	UNKNOWN STEP	2026-09-07T12:05:35.6307556Z ^[[1m^[[92m   Compiling^[[0m toml_datetime v0.7.0
Quest 3 arm64 APK export (advisory until first green run)	UNKNOWN STEP	2026-09-07T12:05:35.9712414Z ^[[1m^[[92m   Compiling^[[0m cargo-platform v0.2.0
Quest 3 arm64 APK export (advisory until first green run)	UNKNOWN STEP	2026-09-07T12:05:36.5134807Z ^[[1m^[[92m   Compiling^[[0m serde_spanned v1.0.0
Quest 3 arm64 APK export (advisory until first green run)	UNKNOWN STEP	2026-09-07T12:05:36.5886407Z ^[[1m^[[92m   Compiling^[[0m clap_derive v4.5.41
Quest 3 arm64 APK export (advisory until first green run)	UNKNOWN STEP	2026-09-07T12:05:38.1554845Z ^[[1m^[[92m   Compiling^[[0m cargo-ndk v4.1.2
Quest 3 arm64 APK export (advisory until first green run)	UNKNOWN STEP	2026-09-07T12:05:38.2345353Z ^[[1m^[[92m   Compiling^[[0m os_str_bytes v2.4.0
Quest 3 arm64 APK export (advisory until first green run)	UNKNOWN STEP	2026-09-07T12:05:38.3085613Z ^[[1m^[[92m   Compiling^[[0m pathos v0.3.0
Quest 3 arm64 APK export (advisory until first green run)	UNKNOWN STEP	2026-09-07T12:05:38.4015020Z ^[[1m^[[92m   Compiling^[[0m clap v4.5.42
Quest 3 arm64 APK export (advisory until first green run)	UNKNOWN STEP	2026-09-07T12:05:38.4395008Z ^[[1m^[[92m   Compiling^[[0m cargo_metadata v0.21.0
Quest 3 arm64 APK export (advisory until first green run)	UNKNOWN STEP	2026-09-07T12:05:39.0084440Z ^[[1m^[[92m   Compiling^[[0m toml v0.9.5
Quest 3 arm64 APK export (advisory until first green run)	UNKNOWN STEP	2026-09-07T12:05:39.4959457Z ^[[1m^[[92m   Compiling^[[0m filetime v0.2.25
Quest 3 arm64 APK export (advisory until first green run)	UNKNOWN STEP	2026-09-07T12:05:40.3365105Z ^[[1m^[[92m   Compiling^[[0m is-terminal v0.4.16
Quest 3 arm64 APK export (advisory until first green run)	UNKNOWN STEP	2026-09-07T12:05:40.3751293Z ^[[1m^[[92m   Compiling^[[0m termcolor v1.4.1
Quest 3 arm64 APK export (advisory until first green run)	UNKNOWN STEP	2026-09-07T12:05:40.7985666Z ^[[1m^[[92m   Compiling^[[0m dunce v1.0.5
Quest 3 arm64 APK export (advisory until first green run)	UNKNOWN STEP	2026-09-07T12:05:40.8366616Z ^[[1m^[[92m   Compiling^[[0m version_check v0.9.5
Quest 3 arm64 APK export (advisory until first green run)	UNKNOWN STEP	2026-09-07T12:05:46.6845846Z ^[[1m^[[92m    Finished^[[0m `release` profile [optimized] target(s) in 30.89s
Quest 3 arm64 APK export (advisory until first green run)	UNKNOWN STEP	2026-09-07T12:05:46.6941969Z ^[[1m^[[92m  Installing^[[0m /home/runner/.cargo/bin/cargo-ndk
Quest 3 arm64 APK export (advisory until first green run)	UNKNOWN STEP	2026-09-07T12:05:46.6942784Z ^[[1m^[[92m  Installing^[[0m /home/runner/.cargo/bin/cargo-ndk-env
Quest 3 arm64 APK export (advisory until first green run)	UNKNOWN STEP	2026-09-07T12:05:46.6943818Z ^[[1m^[[92m  Installing^[[0m /home/runner/.cargo/bin/cargo-ndk-runner
Quest 3 arm64 APK export (advisory until first green run)	UNKNOWN STEP	2026-09-07T12:05:46.6944551Z ^[[1m^[[92m  Installing^[[0m /home/runner/.cargo/bin/cargo-ndk-test
Quest 3 arm64 APK export (advisory until first green run)	UNKNOWN STEP	2026-09-07T12:05:46.6945734Z ^[[1m^[[92m   Installed^[[0m package `cargo-ndk v4.1.2` (executables `cargo-ndk`, `cargo-ndk-env`, `cargo-ndk-runner`, `cargo-ndk-test`)
Quest 3 arm64 APK export (advisory until first green run)	UNKNOWN STEP	2026-09-07T12:05:46.7468179Z ##[group]Run cargo ndk -t aarch64-linux-android build --release -p visionclaw-xr-gdext
Quest 3 arm64 APK export (advisory until first green run)	UNKNOWN STEP	2026-09-07T12:05:46.7468827Z ^[[36;1mcargo ndk -t aarch64-linux-android build --release -p visionclaw-xr-gdext^[[0m
Quest 3 arm64 APK export (advisory until first green run)	UNKNOWN STEP	2026-09-07T12:05:46.7509188Z shell: /usr/bin/bash -e {0}
Quest 3 arm64 APK export (advisory until first green run)	UNKNOWN STEP	2026-09-07T12:05:46.7509448Z env:
Quest 3 arm64 APK export (advisory until first green run)	UNKNOWN STEP	2026-09-07T12:05:46.7509660Z   CARGO_TERM_COLOR: always
Quest 3 arm64 APK export (advisory until first green run)	UNKNOWN STEP	2026-09-07T12:05:46.7509908Z   RUST_BACKTRACE: 1
Quest 3 arm64 APK export (advisory until first green run)	UNKNOWN STEP	2026-09-07T12:05:46.7510128Z   GODOT_VERSION: 4.3-stable
Quest 3 arm64 APK export (advisory until first green run)	UNKNOWN STEP	2026-09-07T12:05:46.7510365Z   GUT_VERSION: 9.3.1
Quest 3 arm64 APK export (advisory until first green run)	UNKNOWN STEP	2026-09-07T12:05:46.7510618Z   CARGO_HOME: /home/runner/.cargo
Quest 3 arm64 APK export (advisory until first green run)	UNKNOWN STEP	2026-09-07T12:05:46.7510880Z   CARGO_INCREMENTAL: 0
Quest 3 arm64 APK export (advisory until first green run)	UNKNOWN STEP	2026-09-07T12:05:46.7511226Z   JAVA_HOME: /opt/hostedtoolcache/Java_Temurin-Hotspot_jdk/17.0.20-1/x64
Quest 3 arm64 APK export (advisory until first green run)	UNKNOWN STEP	2026-09-07T12:05:46.7511736Z   JAVA_HOME_17_X64: /opt/hostedtoolcache/Java_Temurin-Hotspot_jdk/17.0.20-1/x64
Quest 3 arm64 APK export (advisory until first green run)	UNKNOWN STEP	2026-09-07T12:05:46.7512172Z   ANDROID_NDK_HOME: /opt/hostedtoolcache/ndk/r26d/x64
Quest 3 arm64 APK export (advisory until first green run)	UNKNOWN STEP	2026-09-07T12:05:46.7512480Z ##[endgroup]
Quest 3 arm64 APK export (advisory until first green run)	UNKNOWN STEP	2026-09-07T12:05:46.8067260Z warning: Environment variable `ANDROID_NDK_HOME = "/opt/hostedtoolcache/ndk/r26d/x64"` doesn't match `ANDROID_NDK_ROOT = "/usr/local/lib/android/sdk/ndk/27.3.13750724"`
Quest 3 arm64 APK export (advisory until first green run)	UNKNOWN STEP	2026-09-07T12:05:46.8068055Z     Building arm64-v8a (aarch64-linux-android)
Quest 3 arm64 APK export (advisory until first green run)	UNKNOWN STEP	2026-09-07T12:05:46.8466849Z ^[[1m^[[92m    Updating^[[0m crates.io index
Quest 3 arm64 APK export (advisory until first green run)	UNKNOWN STEP	2026-09-07T12:05:47.7983594Z ^[[1m^[[92m     Locking^[[0m 237 packages to latest compatible versions
Quest 3 arm64 APK export (advisory until first green run)	UNKNOWN STEP	2026-09-07T12:05:47.8142927Z ^[[1m^[[92m      Adding^[[0m criterion v0.5.1 ^[[1m^[[33m(available: v0.8.2)^[[0m
Quest 3 arm64 APK export (advisory until first green run)	UNKNOWN STEP	2026-09-07T12:05:47.8159052Z ^[[1m^[[92m      Adding^[[0m generic-array v0.14.7 ^[[1m^[[33m(available: v0.14.9)^[[0m
Quest 3 arm64 APK export (advisory until first green run)	UNKNOWN STEP	2026-09-07T12:05:47.8216095Z ^[[1m^[[92m      Adding^[[0m godot v0.2.4 ^[[1m^[[33m(available: v0.5.5)^[[0m
Quest 3 arm64 APK export (advisory until first green run)	UNKNOWN STEP	2026-09-07T12:05:47.8331901Z ^[[1m^[[92m      Adding^[[0m mockall v0.13.1 ^[[1m^[[33m(available: v0.15.0)^[[0m
Quest 3 arm64 APK export (advisory until first green run)	UNKNOWN STEP	2026-09-07T12:05:47.8338104Z ^[[1m^[[92m      Adding^[[0m nalgebra v0.34.2 ^[[1m^[[33m(available: v0.35.0)^[[0m
Quest 3 arm64 APK export (advisory until first green run)	UNKNOWN STEP	2026-09-07T12:05:47.8440275Z ^[[1m^[[92m      Adding^[[0m secp256k1 v0.29.1 ^[[1m^[[33m(available: v0.33.1)^[[0m
Quest 3 arm64 APK export (advisory until first green run)	UNKNOWN STEP	2026-09-07T12:05:47.8469902Z ^[[1m^[[92m      Adding^[[0m sha2 v0.10.9 ^[[1m^[[33m(available: v0.11.0)^[[0m
Quest 3 arm64 APK export (advisory until first green run)	UNKNOWN STEP	2026-09-07T12:05:47.8586867Z ^[[1m^[[92m      Adding^[[0m tokio-tungstenite v0.21.0 ^[[1m^[[33m(available: v0.30.0)^[[0m
Quest 3 arm64 APK export (advisory until first green run)	UNKNOWN STEP	2026-09-07T12:05:47.8837149Z ^[[1m^[[92m Downloading^[[0m crates ...
Quest 3 arm64 APK export (advisory until first green run)	UNKNOWN STEP	2026-09-07T12:05:47.9880721Z ^[[1m^[[92m  Downloaded^[[0m android_log-sys v0.2.0
Quest 3 arm64 APK export (advisory until first green run)	UNKNOWN STEP	2026-09-07T12:05:47.9923568Z ^[[1m^[[92m  Downloaded^[[0m approx v0.5.1
Quest 3 arm64 APK export (advisory until first green run)	UNKNOWN STEP	2026-09-07T12:05:47.9956571Z ^[[1m^[[92m  Downloaded^[[0m cpufeatures v0.2.17
Quest 3 arm64 APK export (advisory until first green run)	UNKNOWN STEP	2026-09-07T12:05:47.9973019Z ^[[1m^[[92m  Downloaded^[[0m async-trait v0.1.92
Quest 3 arm64 APK export (advisory until first green run)	UNKNOWN STEP	2026-09-07T12:05:48.0015993Z ^[[1m^[[92m  Downloaded^[[0m autocfg v1.5.1
Quest 3 arm64 APK export (advisory until first green run)	UNKNOWN STEP	2026-09-07T12:05:48.0037257Z ^[[1m^[[92m  Downloaded^[[0m find-msvc-tools v0.1.12
Quest 3 arm64 APK export (advisory until first green run)	UNKNOWN STEP	2026-09-07T12:05:48.0055030Z ^[[1m^[[92m  Downloaded^[[0m generic-array v0.14.7
Quest 3 arm64 APK export (advisory until first green run)	UNKNOWN STEP	2026-09-07T12:05:48.0070830Z ^[[1m^[[92m  Downloaded^[[0m crypto-common v0.1.7
Quest 3 arm64 APK export (advisory until first green run)	UNKNOWN STEP	2026-09-07T12:05:48.0081999Z ^[[1m^[[92m  Downloaded^[[0m futures-macro v0.3.34
Quest 3 arm64 APK export (advisory until first green run)	UNKNOWN STEP	2026-09-07T12:05:48.0093625Z ^[[1m^[[92m  Downloaded^[[0m futures-sink v0.3.34
Quest 3 arm64 APK export (advisory until first green run)	UNKNOWN STEP	2026-09-07T12:05:48.0102538Z ^[[1m^[[92m  Downloaded^[[0m form_urlencoded v1.2.2
Quest 3 arm64 APK export (advisory until first green run)	UNKNOWN STEP	2026-09-07T12:05:48.0111260Z ^[[1m^[[92m  Downloaded^[[0m futures-core v0.3.34
Quest 3 arm64 APK export (advisory until first green run)	UNKNOWN STEP	2026-09-07T12:05:48.0126388Z ^[[1m^[[92m  Downloaded^[[0m getrandom v0.2.17
Quest 3 arm64 APK export (advisory until first green run)	UNKNOWN STEP	2026-09-07T12:05:48.0161988Z ^[[1m^[[92m  Downloaded^[[0m byteorder v1.5.0
Quest 3 arm64 APK export (advisory until first green run)	UNKNOWN STEP	2026-09-07T12:05:48.0179350Z ^[[1m^[[92m  Downloaded^[[0m block-buffer v0.10.4
Quest 3 arm64 APK export (advisory until first green run)	UNKNOWN STEP	2026-09-07T12:05:48.0192549Z ^[[1m^[[92m  Downloaded^[[0m bytes v1.12.1
Quest 3 arm64 APK export (advisory until first green run)	UNKNOWN STEP	2026-09-07T12:05:48.0234412Z ^[[1m^[[92m  Downloaded^[[0m errno v0.3.14
Quest 3 arm64 APK export (advisory until first green run)	UNKNOWN STEP	2026-09-07T12:05:48.0250928Z ^[[1m^[[92m  Downloaded^[[0m futures-task v0.3.34
Quest 3 arm64 APK export (advisory until first green run)	UNKNOWN STEP	2026-09-07T12:05:48.0263449Z ^[[1m^[[92m  Downloaded^[[0m idna_adapter v1.2.2
Quest 3 arm64 APK export (advisory until first green run)	UNKNOWN STEP	2026-09-07T12:05:48.0273034Z ^[[1m^[[92m  Downloaded^[[0m hex v0.4.3
Quest 3 arm64 APK export (advisory until first green run)	UNKNOWN STEP	2026-09-07T12:05:48.0291237Z ^[[1m^[[92m  Downloaded^[[0m nalgebra-macros v0.3.0
Quest 3 arm64 APK export (advisory until first green run)	UNKNOWN STEP	2026-09-07T12:05:48.0303468Z ^[[1m^[[92m  Downloaded^[[0m nu-ansi-term v0.50.3
Quest 3 arm64 APK export (advisory until first green run)	UNKNOWN STEP	2026-09-07T12:05:48.0330711Z ^[[1m^[[92m  Downloaded^[[0m godot-bindings v0.2.4
Quest 3 arm64 APK export (advisory until first green run)	UNKNOWN STEP	2026-09-07T12:05:48.0345511Z ^[[1m^[[92m  Downloaded^[[0m potential_utf v0.1.6
Quest 3 arm64 APK export (advisory until first green run)	UNKNOWN STEP	2026-09-07T12:05:48.0361220Z ^[[1m^[[92m  Downloaded^[[0m aho-corasick v1.1.5
Quest 3 arm64 APK export (advisory until first green run)	UNKNOWN STEP	2026-09-07T12:05:48.0424760Z ^[[1m^[[92m  Downloaded^[[0m percent-encoding v2.3.2
Quest 3 arm64 APK export (advisory until first green run)	UNKNOWN STEP	2026-09-07T12:05:48.0435681Z ^[[1m^[[92m  Downloaded^[[0m ppv-lite86 v0.2.21
Quest 3 arm64 APK export (advisory until first green run)	UNKNOWN STEP	2026-09-07T12:05:48.0451594Z ^[[1m^[[92m  Downloaded^[[0m nanoserde-derive v0.1.22
Quest 3 arm64 APK export (advisory until first green run)	UNKNOWN STEP	2026-09-07T12:05:48.0467489Z ^[[1m^[[92m  Downloaded^[[0m rand_chacha v0.3.1
Quest 3 arm64 APK export (advisory until first green run)	UNKNOWN STEP	2026-09-07T12:05:48.0480190Z ^[[1m^[[92m  Downloaded^[[0m data-encoding v2.11.1
Quest 3 arm64 APK export (advisory until first green run)	UNKNOWN STEP	2026-09-07T12:05:48.0493071Z ^[[1m^[[92m  Downloaded^[[0m digest v0.10.7
Quest 3 arm64 APK export (advisory until first green run)	UNKNOWN STEP	2026-09-07T12:05:48.0515814Z ^[[1m^[[92m  Downloaded^[[0m godot v0.2.4
Quest 3 arm64 APK export (advisory until first green run)	UNKNOWN STEP	2026-09-07T12:05:48.0527059Z ^[[1m^[[92m  Downloaded^[[0m rand_core v0.6.4
Quest 3 arm64 APK export (advisory until first green run)	UNKNOWN STEP	2026-09-07T12:05:48.0543720Z ^[[1m^[[92m  Downloaded^[[0m cfg-if v1.0.4
Quest 3 arm64 APK export (advisory until first green run)	UNKNOWN STEP	2026-09-07T12:05:48.0560608Z ^[[1m^[[92m  Downloaded^[[0m rawpointer v0.2.1
Quest 3 arm64 APK export (advisory until first green run)	UNKNOWN STEP	2026-09-07T12:05:48.0571224Z ^[[1m^[[92m  Downloaded^[[0m lazy_static v1.5.0
Quest 3 arm64 APK export (advisory until first green run)	UNKNOWN STEP	2026-09-07T12:05:48.0594723Z ^[[1m^[[92m  Downloaded^[[0m glam v0.14.0
Quest 3 arm64 APK export (advisory until first green run)	UNKNOWN STEP	2026-09-07T12:05:48.0708224Z ^[[1m^[[92m  Downloaded^[[0m godot-cell v0.2.4
Quest 3 arm64 APK export (advisory until first green run)	UNKNOWN STEP	2026-09-07T12:05:48.0727774Z ^[[1m^[[92m  Downloaded^[[0m httparse v1.10.1
Quest 3 arm64 APK export (advisory until first green run)	UNKNOWN STEP	2026-09-07T12:05:48.0761067Z ^[[1m^[[92m  Downloaded^[[0m yoke-derive v0.8.2
Quest 3 arm64 APK export (advisory until first green run)	UNKNOWN STEP	2026-09-07T12:05:48.0777746Z ^[[1m^[[92m  Downloaded^[[0m zerofrom-derive v0.1.7
Quest 3 arm64 APK export (advisory until first green run)	UNKNOWN STEP	2026-09-07T12:05:48.0798074Z ^[[1m^[[92m  Downloaded^[[0m thread_local v1.1.10
Quest 3 arm64 APK export (advisory until first green run)	UNKNOWN STEP	2026-09-07T12:05:48.0813432Z ^[[1m^[[92m  Downloaded^[[0m nanoserde v0.1.37
Quest 3 arm64 APK export (advisory until first green run)	UNKNOWN STEP	2026-09-07T12:05:48.0835412Z ^[[1m^[[92m  Downloaded^[[0m displaydoc v0.2.7
Quest 3 arm64 APK export (advisory until first green run)	UNKNOWN STEP	2026-09-07T12:05:48.0870034Z ^[[1m^[[92m  Downloaded^[[0m itoa v1.0.18
Quest 3 arm64 APK export (advisory until first green run)	UNKNOWN STEP	2026-09-07T12:05:48.0887868Z ^[[1m^[[92m  Downloaded^[[0m paste v1.0.15
Quest 3 arm64 APK export (advisory until first green run)	UNKNOWN STEP	2026-09-07T12:05:48.0924465Z ^[[1m^[[92m  Downloaded^[[0m slab v0.4.12
Quest 3 arm64 APK export (advisory until first green run)	UNKNOWN STEP	2026-09-07T12:05:48.0938169Z ^[[1m^[[92m  Downloaded^[[0m smallvec v1.16.0
Quest 3 arm64 APK export (advisory until first green run)	UNKNOWN STEP	2026-09-07T12:05:48.0952694Z ^[[1m^[[92m  Downloaded^[[0m zmij v1.0.23
Quest 3 arm64 APK export (advisory until first green run)	UNKNOWN STEP	2026-09-07T12:05:48.0971174Z ^[[1m^[[92m  Downloaded^[[0m icu_locale_core v2.3.0
Quest 3 arm64 APK export (advisory until first green run)	UNKNOWN STEP	2026-09-07T12:05:48.1045933Z ^[[1m^[[92m  Downloaded^[[0m lock_api v0.4.14
Quest 3 arm64 APK export (advisory until first green run)	UNKNOWN STEP	2026-09-07T12:05:48.1059225Z ^[[1m^[[92m  Downloaded^[[0m matrixmultiply v0.3.11
Quest 3 arm64 APK export (advisory until first green run)	UNKNOWN STEP	2026-09-07T12:05:48.1091931Z ^[[1m^[[92m  Downloaded^[[0m num-complex v0.4.6
Quest 3 arm64 APK export (advisory until first green run)	UNKNOWN STEP	2026-09-07T12:05:48.1107128Z ^[[1m^[[92m  Downloaded^[[0m num-integer v0.1.47
Quest 3 arm64 APK export (advisory until first green run)	UNKNOWN STEP	2026-09-07T12:05:48.1123621Z ^[[1m^[[92m  Downloaded^[[0m num-rational v0.4.2
Quest 3 arm64 APK export (advisory until first green run)	UNKNOWN STEP	2026-09-07T12:05:48.1136286Z ^[[1m^[[92m  Downloaded^[[0m once_cell v1.21.4
Quest 3 arm64 APK export (advisory until first green run)	UNKNOWN STEP	2026-09-07T12:05:48.1162490Z ^[[1m^[[92m  Downloaded^[[0m parking_lot v0.12.5
Quest 3 arm64 APK export (advisory until first green run)	UNKNOWN STEP	2026-09-07T12:05:48.1188199Z ^[[1m^[[92m  Downloaded^[[0m quote v1.0.47
Quest 3 arm64 APK export (advisory until first green run)	UNKNOWN STEP	2026-09-07T12:05:48.1216689Z ^[[1m^[[92m  Downloaded^[[0m tokio-tungstenite v0.21.0
Quest 3 arm64 APK export (advisory until first green run)	UNKNOWN STEP	2026-09-07T12:05:48.1237614Z ^[[1m^[[92m  Downloaded^[[0m stable_deref_trait v1.2.1
Quest 3 arm64 APK export (advisory until first green run)	UNKNOWN STEP	2026-09-07T12:05:48.1246606Z ^[[1m^[[92m  Downloaded^[[0m litemap v0.8.3
Quest 3 arm64 APK export (advisory until first green run)	UNKNOWN STEP	2026-09-07T12:05:48.1270210Z ^[[1m^[[92m  Downloaded^[[0m parking_lot_core v0.9.12
Quest 3 arm64 APK export (advisory until first green run)	UNKNOWN STEP	2026-09-07T12:05:48.1291825Z ^[[1m^[[92m  Downloaded^[[0m godot-ffi v0.2.4
Quest 3 arm64 APK export (advisory until first green run)	UNKNOWN STEP	2026-09-07T12:05:48.1310483Z ^[[1m^[[92m  Downloaded^[[0m icu_collections v2.3.0
Quest 3 arm64 APK export (advisory until first green run)	UNKNOWN STEP	2026-09-07T12:05:48.1375562Z ^[[1m^[[92m  Downloaded^[[0m icu_normalizer_data v2.3.0
Quest 3 arm64 APK export (advisory until first green run)	UNKNOWN STEP	2026-09-07T12:05:48.1397234Z ^[[1m^[[92m  Downloaded^[[0m log v0.4.34
Quest 3 arm64 APK export (advisory until first green run)	UNKNOWN STEP	2026-09-07T12:05:48.1422571Z ^[[1m^[[92m  Downloaded^[[0m thiserror-impl v2.0.20
Quest 3 arm64 APK export (advisory until first green run)	UNKNOWN STEP	2026-09-07T12:05:48.1437665Z ^[[1m^[[92m  Downloaded^[[0m tracing-attributes v0.1.31
Quest 3 arm64 APK export (advisory until first green run)	UNKNOWN STEP	2026-09-07T12:05:48.1464724Z ^[[1m^[[92m  Downloaded^[[0m utf-8 v0.7.6
Quest 3 arm64 APK export (advisory until first green run)	UNKNOWN STEP	2026-09-07T12:05:48.1477043Z ^[[1m^[[92m  Downloaded^[[0m icu_provider v2.3.1
Quest 3 arm64 APK export (advisory until first green run)	UNKNOWN STEP	2026-09-07T12:05:48.1504013Z ^[[1m^[[92m  Downloaded^[[0m proc-macro2 v1.0.107
Quest 3 arm64 APK export (advisory until first green run)	UNKNOWN STEP	2026-09-07T12:05:48.1534474Z ^[[1m^[[92m  Downloaded^[[0m scopeguard v1.2.0
Quest 3 arm64 APK export (advisory until first green run)	UNKNOWN STEP	2026-09-07T12:05:48.1546693Z ^[[1m^[[92m  Downloaded^[[0m sha1 v0.10.7
Quest 3 arm64 APK export (advisory until first green run)	UNKNOWN STEP	2026-09-07T12:05:48.1562635Z ^[[1m^[[92m  Downloaded^[[0m sha2 v0.10.9
Quest 3 arm64 APK export (advisory until first green run)	UNKNOWN STEP	2026-09-07T12:05:48.1588860Z ^[[1m^[[92m  Downloaded^[[0m shlex v2.0.1
Quest 3 arm64 APK export (advisory until first green run)	UNKNOWN STEP	2026-09-07T12:05:48.1602195Z ^[[1m^[[92m  Downloaded^[[0m writeable v0.6.4
Quest 3 arm64 APK export (advisory until first green run)	UNKNOWN STEP	2026-09-07T12:05:48.1623690Z ^[[1m^[[92m  Downloaded^[[0m godot-macros v0.2.4
Quest 3 arm64 APK export (advisory until first green run)	UNKNOWN STEP	2026-09-07T12:05:48.1659932Z ^[[1m^[[92m  Downloaded^[[0m pin-project-lite v0.2.17
Quest 3 arm64 APK export (advisory until first green run)	UNKNOWN STEP	2026-09-07T12:05:48.1720332Z ^[[1m^[[92m  Downloaded^[[0m rand v0.8.8
Quest 3 arm64 APK export (advisory until first green run)	UNKNOWN STEP	2026-09-07T12:05:48.1755672Z ^[[1m^[[92m  Downloaded^[[0m serde_derive v1.0.229
Quest 3 arm64 APK export (advisory until first green run)	UNKNOWN STEP	2026-09-07T12:05:48.1786925Z ^[[1m^[[92m  Downloaded^[[0m tinystr v0.8.4
Quest 3 arm64 APK export (advisory until first green run)	UNKNOWN STEP	2026-09-07T12:05:48.1808017Z ^[[1m^[[92m  Downloaded^[[0m unicode-ident v1.0.24
Quest 3 arm64 APK export (advisory until first green run)	UNKNOWN STEP	2026-09-07T12:05:48.1836776Z ^[[1m^[[92m  Downloaded^[[0m zerofrom v0.1.8
Quest 3 arm64 APK export (advisory until first green run)	UNKNOWN STEP	2026-09-07T12:05:48.1846543Z ^[[1m^[[92m  Downloaded^[[0m bytemuck v1.25.2
Quest 3 arm64 APK export (advisory until first green run)	UNKNOWN STEP	2026-09-07T12:05:48.1878925Z ^[[1m^[[92m  Downloaded^[[0m safe_arch v0.7.4
Quest 3 arm64 APK export (advisory until first green run)	UNKNOWN STEP	2026-09-07T12:05:48.1926131Z ^[[1m^[[92m  Downloaded^[[0m sharded-slab v0.1.7
Quest 3 arm64 APK export (advisory until first green run)	UNKNOWN STEP	2026-09-07T12:05:48.1961370Z ^[[1m^[[92m  Downloaded^[[0m futures-util v0.3.34
Quest 3 arm64 APK export (advisory until first green run)	UNKNOWN STEP	2026-09-07T12:05:48.2101427Z ^[[1m^[[92m  Downloaded^[[0m thiserror v2.0.20
Quest 3 arm64 APK export (advisory until first green run)	UNKNOWN STEP	2026-09-07T12:05:48.2169921Z ^[[1m^[[92m  Downloaded^[[0m tracing-core v0.1.36
Quest 3 arm64 APK export (advisory until first green run)	UNKNOWN STEP	2026-09-07T12:05:48.2197993Z ^[[1m^[[92m  Downloaded^[[0m yoke v0.8.3
Quest 3 arm64 APK export (advisory until first green run)	UNKNOWN STEP	2026-09-07T12:05:48.2216401Z ^[[1m^[[92m  Downloaded^[[0m cc v1.4.5
Quest 3 arm64 APK export (advisory until first green run)	UNKNOWN STEP	2026-09-07T12:05:48.2248250Z ^[[1m^[[92m  Downloaded^[[0m glam v0.15.2
Quest 3 arm64 APK export (advisory until first green run)	UNKNOWN STEP	2026-09-07T12:05:48.2335055Z ^[[1m^[[92m  Downloaded^[[0m glam v0.16.0
Quest 3 arm64 APK export (advisory until first green run)	UNKNOWN STEP	2026-09-07T12:05:48.2422266Z ^[[1m^[[92m  Downloaded^[[0m http v1.5.0
Quest 3 arm64 APK export (advisory until first green run)	UNKNOWN STEP	2026-09-07T12:05:48.2461192Z ^[[1m^[[92m  Downloaded^[[0m icu_properties v2.3.0
Quest 3 arm64 APK export (advisory until first green run)	UNKNOWN STEP	2026-09-07T12:05:48.2495158Z ^[[1m^[[92m  Downloaded^[[0m memchr v2.8.3
Quest 3 arm64 APK export (advisory until first green run)	UNKNOWN STEP	2026-09-07T12:05:48.2552986Z ^[[1m^[[92m  Downloaded^[[0m mio v1.2.3
Quest 3 arm64 APK export (advisory until first green run)	UNKNOWN STEP	2026-09-07T12:05:48.2616695Z ^[[1m^[[92m  Downloaded^[[0m simba v0.9.1
Quest 3 arm64 APK export (advisory until first green run)	UNKNOWN STEP	2026-09-07T12:05:48.2646963Z ^[[1m^[[92m  Downloaded^[[0m zerotrie v0.2.5
Quest 3 arm64 APK export (advisory until first green run)	UNKNOWN STEP	2026-09-07T12:05:48.2687824Z ^[[1m^[[92m  Downloaded^[[0m num-bigint v0.4.8
Quest 3 arm64 APK export (advisory until first green run)	UNKNOWN STEP	2026-09-07T12:05:48.2736888Z ^[[1m^[[92m  Downloaded^[[0m socket2 v0.6.5
Quest 3 arm64 APK export (advisory until first green run)	UNKNOWN STEP	2026-09-07T12:05:48.2755812Z ^[[1m^[[92m  Downloaded^[[0m typenum v1.20.1
Quest 3 arm64 APK export (advisory until first green run)	UNKNOWN STEP	2026-09-07T12:05:48.2793451Z ^[[1m^[[92m  Downloaded^[[0m glam v0.17.3
Quest 3 arm64 APK export (advisory until first green run)	UNKNOWN STEP	2026-09-07T12:05:48.2881407Z ^[[1m^[[92m  Downloaded^[[0m godot-codegen v0.2.4
Quest 3 arm64 APK export (advisory until first green run)	UNKNOWN STEP	2026-09-07T12:05:48.2929517Z ^[[1m^[[92m  Downloaded^[[0m secp256k1 v0.29.1
Quest 3 arm64 APK export (advisory until first green run)	UNKNOWN STEP	2026-09-07T12:05:48.2977897Z ^[[1m^[[92m  Downloaded^[[0m serde_core v1.0.229
Quest 3 arm64 APK export (advisory until first green run)	UNKNOWN STEP	2026-09-07T12:05:48.3006625Z ^[[1m^[[92m  Downloaded^[[0m wide v0.7.33
Quest 3 arm64 APK export (advisory until first green run)	UNKNOWN STEP	2026-09-07T12:05:48.3057295Z ^[[1m^[[92m  Downloaded^[[0m idna v1.1.0
Quest 3 arm64 APK export (advisory until first green run)	UNKNOWN STEP	2026-09-07T12:05:48.3093843Z ^[[1m^[[92m  Downloaded^[[0m serde v1.0.229
Quest 3 arm64 APK export (advisory until first green run)	UNKNOWN STEP	2026-09-07T12:05:48.3133699Z ^[[1m^[[92m  Downloaded^[[0m zerocopy-derive v0.8.56
Quest 3 arm64 APK export (advisory until first green run)	UNKNOWN STEP	2026-09-07T12:05:48.3232777Z ^[[1m^[[92m  Downloaded^[[0m icu_properties_data v2.3.0
Quest 3 arm64 APK export (advisory until first green run)	UNKNOWN STEP	2026-09-07T12:05:48.3345580Z ^[[1m^[[92m  Downloaded^[[0m regex v1.13.1
Quest 3 arm64 APK export (advisory until first green run)	UNKNOWN STEP	2026-09-07T12:05:48.3401402Z ^[[1m^[[92m  Downloaded^[[0m glam v0.18.0
Quest 3 arm64 APK export (advisory until first green run)	UNKNOWN STEP	2026-09-07T12:05:48.3502024Z ^[[1m^[[92m  Downloaded^[[0m glam v0.19.0
Quest 3 arm64 APK export (advisory until first green run)	UNKNOWN STEP	2026-09-07T12:05:48.3604249Z ^[[1m^[[92m  Downloaded^[[0m glam v0.20.5
Quest 3 arm64 APK export (advisory until first green run)	UNKNOWN STEP	2026-09-07T12:05:48.3720022Z ^[[1m^[[92m  Downloaded^[[0m serde_json v1.0.151
Quest 3 arm64 APK export (advisory until first green run)	UNKNOWN STEP	2026-09-07T12:05:48.3829942Z ^[[1m^[[92m  Downloaded^[[0m glam v0.21.3
Quest 3 arm64 APK export (advisory until first green run)	UNKNOWN STEP	2026-09-07T12:05:48.4019462Z ^[[1m^[[92m  Downloaded^[[0m glam v0.22.0
Quest 3 arm64 APK export (advisory until first green run)	UNKNOWN STEP	2026-09-07T12:05:48.4167146Z ^[[1m^[[92m  Downloaded^[[0m glam v0.23.0
Quest 3 arm64 APK export (advisory until first green run)	UNKNOWN STEP	2026-09-07T12:05:48.4313971Z ^[[1m^[[92m  Downloaded^[[0m godot-core v0.2.4
Quest 3 arm64 APK export (advisory until first green run)	UNKNOWN STEP	2026-09-07T12:05:48.4425297Z ^[[1m^[[92m  Downloaded^[[0m glam v0.24.2
Quest 3 arm64 APK export (advisory until first green run)	UNKNOWN STEP	2026-09-07T12:05:48.4591823Z ^[[1m^[[92m  Downloaded^[[0m syn v3.0.5
Quest 3 arm64 APK export (advisory until first green run)	UNKNOWN STEP	2026-09-07T12:05:48.4704995Z ^[[1m^[[92m  Downloaded^[[0m syn v2.0.119
Quest 3 arm64 APK export (advisory until first green run)	UNKNOWN STEP	2026-09-07T12:05:48.4816610Z ^[[1m^[[92m  Downloaded^[[0m nalgebra v0.34.2
Quest 3 arm64 APK export (advisory until first green run)	UNKNOWN STEP	2026-09-07T12:05:48.5077823Z ^[[1m^[[92m  Downloaded^[[0m regex-syntax v0.8.11
Quest 3 arm64 APK export (advisory until first green run)	UNKNOWN STEP	2026-09-07T12:05:48.5149842Z ^[[1m^[[92m  Downloaded^[[0m glam v0.25.0
Quest 3 arm64 APK export (advisory until first green run)	UNKNOWN STEP	2026-09-07T12:05:48.5337353Z ^[[1m^[[92m  Downloaded^[[0m glam v0.27.0
Quest 3 arm64 APK export (advisory until first green run)	UNKNOWN STEP	2026-09-07T12:05:48.5526388Z ^[[1m^[[92m  Downloaded^[[0m glam v0.28.0
Quest 3 arm64 APK export (advisory until first green run)	UNKNOWN STEP	2026-09-07T12:05:48.5730920Z ^[[1m^[[92m  Downloaded^[[0m glam v0.29.3
Quest 3 arm64 APK export (advisory until first green run)	UNKNOWN STEP	2026-09-07T12:05:48.5957556Z ^[[1m^[[92m  Downloaded^[[0m signal-hook-registry v1.4.8
Quest 3 arm64 APK export (advisory until first green run)	UNKNOWN STEP	2026-09-07T12:05:48.5969715Z ^[[1m^[[92m  Downloaded^[[0m zerovec-derive v0.11.6
Quest 3 arm64 APK export (advisory until first green run)	UNKNOWN STEP	2026-09-07T12:05:48.5987615Z ^[[1m^[[92m  Downloaded^[[0m icu_normalizer v2.3.0
Quest 3 arm64 APK export (advisory until first green run)	UNKNOWN STEP	2026-09-07T12:05:48.6088959Z ^[[1m^[[92m  Downloaded^[[0m venial v0.6.1
Quest 3 arm64 APK export (advisory until first green run)	UNKNOWN STEP	2026-09-07T12:05:48.6110312Z ^[[1m^[[92m  Downloaded^[[0m regex-automata v0.4.18
Quest 3 arm64 APK export (advisory until first green run)	UNKNOWN STEP	2026-09-07T12:05:48.6258937Z ^[[1m^[[92m  Downloaded^[[0m tracing-log v0.2.0
Quest 3 arm64 APK export (advisory until first green run)	UNKNOWN STEP	2026-09-07T12:05:48.6272912Z ^[[1m^[[92m  Downloaded^[[0m glam v0.30.10
Quest 3 arm64 APK export (advisory until first green run)	UNKNOWN STEP	2026-09-07T12:05:48.6557249Z ^[[1m^[[92m  Downloaded^[[0m glam v0.31.1
Quest 3 arm64 APK export (advisory until first green run)	UNKNOWN STEP	2026-09-07T12:05:48.6852692Z ^[[1m^[[92m  Downloaded^[[0m glam v0.32.1
Quest 3 arm64 APK export (advisory until first green run)	UNKNOWN STEP	2026-09-07T12:05:48.7146178Z ^[[1m^[[92m  Downloaded^[[0m libc v0.2.189
Quest 3 arm64 APK export (advisory until first green run)	UNKNOWN STEP	2026-09-07T12:05:48.7625845Z ^[[1m^[[92m  Downloaded^[[0m tracing-android v0.2.0
Quest 3 arm64 APK export (advisory until first green run)	UNKNOWN STEP	2026-09-07T12:05:48.7635208Z ^[[1m^[[92m  Downloaded^[[0m tungstenite v0.21.0
Quest 3 arm64 APK export (advisory until first green run)	UNKNOWN STEP	2026-09-07T12:05:48.7669985Z ^[[1m^[[92m  Downloaded^[[0m tokio-macros v2.7.2
Quest 3 arm64 APK export (advisory until first green run)	UNKNOWN STEP	2026-09-07T12:05:48.7681396Z ^[[1m^[[92m  Downloaded^[[0m tokio v1.53.1
Quest 3 arm64 APK export (advisory until first green run)	UNKNOWN STEP	2026-09-07T12:05:48.8155406Z ^[[1m^[[92m  Downloaded^[[0m url v2.5.8
Quest 3 arm64 APK export (advisory until first green run)	UNKNOWN STEP	2026-09-07T12:05:48.8181576Z ^[[1m^[[92m  Downloaded^[[0m secp256k1-sys v0.10.1
Quest 3 arm64 APK export (advisory until first green run)	UNKNOWN STEP	2026-09-07T12:05:48.8603780Z ^[[1m^[[92m  Downloaded^[[0m gdextension-api v0.2.2
Quest 3 arm64 APK export (advisory until first green run)	UNKNOWN STEP	2026-09-07T12:05:48.9536489Z ^[[1m^[[92m  Downloaded^[[0m tracing-subscriber v0.3.23
Quest 3 arm64 APK export (advisory until first green run)	UNKNOWN STEP	2026-09-07T12:05:48.9626008Z ^[[1m^[[92m  Downloaded^[[0m zerovec v0.11.8
Quest 3 arm64 APK export (advisory until first green run)	UNKNOWN STEP	2026-09-07T12:05:48.9689262Z ^[[1m^[[92m  Downloaded^[[0m zerocopy v0.8.56
Quest 3 arm64 APK export (advisory until first green run)	UNKNOWN STEP	2026-09-07T12:05:48.9918865Z ^[[1m^[[92m  Downloaded^[[0m tracing v0.1.44
Quest 3 arm64 APK export (advisory until first green run)	UNKNOWN STEP	2026-09-07T12:05:49.0707876Z ^[[1m^[[92m   Compiling^[[0m proc-macro2 v1.0.107
Quest 3 arm64 APK export (advisory until first green run)	UNKNOWN STEP	2026-09-07T12:05:49.0708519Z ^[[1m^[[92m   Compiling^[[0m quote v1.0.47
Quest 3 arm64 APK export (advisory until first green run)	UNKNOWN STEP	2026-09-07T12:05:49.0709080Z ^[[1m^[[92m   Compiling^[[0m unicode-ident v1.0.24
Quest 3 arm64 APK export (advisory until first green run)	UNKNOWN STEP	2026-09-07T12:05:49.0709773Z ^[[1m^[[92m   Compiling^[[0m godot-bindings v0.2.4
Quest 3 arm64 APK export (advisory until first green run)	UNKNOWN STEP	2026-09-07T12:05:49.1355245Z ^[[1m^[[92m   Compiling^[[0m libc v0.2.189
Quest 3 arm64 APK export (advisory until first green run)	UNKNOWN STEP	2026-09-07T12:05:49.1582569Z ^[[1m^[[92m   Compiling^[[0m stable_deref_trait v1.2.1
Quest 3 arm64 APK export (advisory until first green run)	UNKNOWN STEP	2026-09-07T12:05:49.2035992Z ^[[1m^[[92m   Compiling^[[0m gdextension-api v0.2.2
Quest 3 arm64 APK export (advisory until first green run)	UNKNOWN STEP	2026-09-07T12:05:49.2275084Z ^[[1m^[[92m   Compiling^[[0m autocfg v1.5.1
Quest 3 arm64 APK export (advisory until first green run)	UNKNOWN STEP	2026-09-07T12:05:49.5153084Z ^[[1m^[[92m   Compiling^[[0m cfg-if v1.0.4
Quest 3 arm64 APK export (advisory until first green run)	UNKNOWN STEP	2026-09-07T12:05:49.5498415Z ^[[1m^[[92m   Compiling^[[0m regex-syntax v0.8.11
Quest 3 arm64 APK export (advisory until first green run)	UNKNOWN STEP	2026-09-07T12:05:49.8997414Z ^[[1m^[[92m   Compiling^[[0m typenum v1.20.1
Quest 3 arm64 APK export (advisory until first green run)	UNKNOWN STEP	2026-09-07T12:05:50.0490819Z ^[[1m^[[92m   Compiling^[[0m syn v2.0.119
Quest 3 arm64 APK export (advisory until first green run)	UNKNOWN STEP	2026-09-07T12:05:50.3610727Z ^[[1m^[[92m   Compiling^[[0m syn v3.0.5
Quest 3 arm64 APK export (advisory until first green run)	UNKNOWN STEP	2026-09-07T12:05:50.7595335Z ^[[1m^[[92m   Compiling^[[0m version_check v0.9.5
Quest 3 arm64 APK export (advisory until first green run)	UNKNOWN STEP	2026-09-07T12:05:51.0057759Z ^[[1m^[[92m   Compiling^[[0m generic-array v0.14.7
Quest 3 arm64 APK export (advisory until first green run)	UNKNOWN STEP	2026-09-07T12:05:51.0885012Z ^[[1m^[[92m   Compiling^[[0m regex-automata v0.4.18
Quest 3 arm64 APK export (advisory until first green run)	UNKNOWN STEP	2026-09-07T12:05:51.5774996Z ^[[1m^[[92m   Compiling^[[0m godot-codegen v0.2.4
Quest 3 arm64 APK export (advisory until first green run)	UNKNOWN STEP	2026-09-07T12:05:51.6545062Z ^[[1m^[[92m   Compiling^[[0m num-traits v0.2.19
Quest 3 arm64 APK export (advisory until first green run)	UNKNOWN STEP	2026-09-07T12:05:51.7308123Z ^[[1m^[[92m   Compiling^[[0m nanoserde-derive v0.1.22
Quest 3 arm64 APK export (advisory until first green run)	UNKNOWN STEP	2026-09-07T12:05:52.5849127Z ^[[1m^[[92m   Compiling^[[0m litemap v0.8.3
Quest 3 arm64 APK export (advisory until first green run)	UNKNOWN STEP	2026-09-07T12:05:52.7494847Z ^[[1m^[[92m   Compiling^[[0m writeable v0.6.4
Quest 3 arm64 APK export (advisory until first green run)	UNKNOWN STEP	2026-09-07T12:05:52.9772101Z ^[[1m^[[92m   Compiling^[[0m nanoserde v0.1.37
Quest 3 arm64 APK export (advisory until first green run)	UNKNOWN STEP	2026-09-07T12:05:53.2588001Z ^[[1m^[[92m   Compiling^[[0m regex v1.13.1
Quest 3 arm64 APK export (advisory until first green run)	UNKNOWN STEP	2026-09-07T12:05:53.5353565Z ^[[1m^[[92m   Compiling^[[0m synstructure v0.13.2
Quest 3 arm64 APK export (advisory until first green run)	UNKNOWN STEP	2026-09-07T12:05:53.7284886Z ^[[1m^[[92m   Compiling^[[0m smallvec v1.16.0
Quest 3 arm64 APK export (advisory until first green run)	UNKNOWN STEP	2026-09-07T12:05:53.9229345Z ^[[1m^[[92m   Compiling^[[0m utf8_iter v1.0.4
Quest 3 arm64 APK export (advisory until first green run)	UNKNOWN STEP	2026-09-07T12:05:54.0274837Z ^[[1m^[[92m   Compiling^[[0m paste v1.0.15
Quest 3 arm64 APK export (advisory until first green run)	UNKNOWN STEP	2026-09-07T12:05:54.0475205Z ^[[1m^[[92m   Compiling^[[0m icu_normalizer_data v2.3.0
Quest 3 arm64 APK export (advisory until first green run)	UNKNOWN STEP	2026-09-07T12:05:54.1324823Z ^[[1m^[[92m   Compiling^[[0m heck v0.5.0
Quest 3 arm64 APK export (advisory until first green run)	UNKNOWN STEP	2026-09-07T12:05:54.1595179Z ^[[1m^[[92m   Compiling^[[0m zerocopy v0.8.56
Quest 3 arm64 APK export (advisory until first green run)	UNKNOWN STEP	2026-09-07T12:05:54.2654669Z ^[[1m^[[92m   Compiling^[[0m icu_properties_data v2.3.0
Quest 3 arm64 APK export (advisory until first green run)	UNKNOWN STEP	2026-09-07T12:05:55.0304686Z ^[[1m^[[92m   Compiling^[[0m zerovec-derive v0.11.6
Quest 3 arm64 APK export (advisory until first green run)	UNKNOWN STEP	2026-09-07T12:05:55.1285458Z ^[[1m^[[92m   Compiling^[[0m zerofrom-derive v0.1.7
Quest 3 arm64 APK export (advisory until first green run)	UNKNOWN STEP	2026-09-07T12:05:55.8745394Z ^[[1m^[[92m   Compiling^[[0m yoke-derive v0.8.2
Quest 3 arm64 APK export (advisory until first green run)	UNKNOWN STEP	2026-09-07T12:05:55.9825619Z ^[[1m^[[92m   Compiling^[[0m displaydoc v0.2.7
Quest 3 arm64 APK export (advisory until first green run)	UNKNOWN STEP	2026-09-07T12:05:56.1805546Z ^[[1m^[[92m   Compiling^[[0m zerofrom v0.1.8
Quest 3 arm64 APK export (advisory until first green run)	UNKNOWN STEP	2026-09-07T12:05:56.7365308Z ^[[1m^[[92m   Compiling^[[0m getrandom v0.2.17
Quest 3 arm64 APK export (advisory until first green run)	UNKNOWN STEP	2026-09-07T12:05:56.7634963Z ^[[1m^[[92m   Compiling^[[0m yoke v0.8.3
Quest 3 arm64 APK export (advisory until first green run)	UNKNOWN STEP	2026-09-07T12:05:56.8991338Z ^[[1m^[[92m   Compiling^[[0m zerovec v0.11.8
Quest 3 arm64 APK export (advisory until first green run)	UNKNOWN STEP	2026-09-07T12:05:56.9292561Z ^[[1m^[[92m   Compiling^[[0m zerotrie v0.2.5
Quest 3 arm64 APK export (advisory until first green run)	UNKNOWN STEP	2026-09-07T12:05:57.1351584Z ^[[1m^[[92m   Compiling^[[0m once_cell v1.21.4
Quest 3 arm64 APK export (advisory until first green run)	UNKNOWN STEP	2026-09-07T12:05:57.3274991Z ^[[1m^[[92m   Compiling^[[0m pin-project-lite v0.2.17
Quest 3 arm64 APK export (advisory until first green run)	UNKNOWN STEP	2026-09-07T12:05:57.3385467Z ^[[1m^[[92m   Compiling^[[0m tracing-core v0.1.36
Quest 3 arm64 APK export (advisory until first green run)	UNKNOWN STEP	2026-09-07T12:05:57.3695433Z ^[[1m^[[92m   Compiling^[[0m rand_core v0.6.4
Quest 3 arm64 APK export (advisory until first green run)	UNKNOWN STEP	2026-09-07T12:05:57.5484600Z ^[[1m^[[92m   Compiling^[[0m tinystr v0.8.4
Quest 3 arm64 APK export (advisory until first green run)	UNKNOWN STEP	2026-09-07T12:05:57.5744812Z ^[[1m^[[92m   Compiling^[[0m potential_utf v0.1.6
Quest 3 arm64 APK export (advisory until first green run)	UNKNOWN STEP	2026-09-07T12:05:57.6855015Z ^[[1m^[[92m   Compiling^[[0m icu_locale_core v2.3.0
Quest 3 arm64 APK export (advisory until first green run)	UNKNOWN STEP	2026-09-07T12:05:57.7044803Z ^[[1m^[[92m   Compiling^[[0m icu_collections v2.3.0
Quest 3 arm64 APK export (advisory until first green run)	UNKNOWN STEP	2026-09-07T12:05:58.4375353Z ^[[1m^[[92m   Compiling^[[0m crypto-common v0.1.7
Quest 3 arm64 APK export (advisory until first green run)	UNKNOWN STEP	2026-09-07T12:05:58.4594979Z ^[[1m^[[92m   Compiling^[[0m block-buffer v0.10.4
Quest 3 arm64 APK export (advisory until first green run)	UNKNOWN STEP	2026-09-07T12:05:58.5105042Z ^[[1m^[[92m   Compiling^[[0m serde_core v1.0.229
Quest 3 arm64 APK export (advisory until first green run)	UNKNOWN STEP	2026-09-07T12:05:58.5434833Z ^[[1m^[[92m   Compiling^[[0m shlex v2.0.1
Quest 3 arm64 APK export (advisory until first green run)	UNKNOWN STEP	2026-09-07T12:05:58.6580374Z ^[[1m^[[92m   Compiling^[[0m log v0.4.34
Quest 3 arm64 APK export (advisory until first green run)	UNKNOWN STEP	2026-09-07T12:05:58.6581518Z ^[[1m^[[92m   Compiling^[[0m find-msvc-tools v0.1.12
Quest 3 arm64 APK export (advisory until first green run)	UNKNOWN STEP	2026-09-07T12:05:58.8145126Z ^[[1m^[[92m   Compiling^[[0m icu_provider v2.3.1
Quest 3 arm64 APK export (advisory until first green run)	UNKNOWN STEP	2026-09-07T12:05:58.8444853Z ^[[1m^[[92m   Compiling^[[0m bytemuck v1.25.2
Quest 3 arm64 APK export (advisory until first green run)	UNKNOWN STEP	2026-09-07T12:05:59.0264865Z ^[[1m^[[92m   Compiling^[[0m bytes v1.12.1
Quest 3 arm64 APK export (advisory until first green run)	UNKNOWN STEP	2026-09-07T12:05:59.4205535Z ^[[1m^[[92m   Compiling^[[0m icu_normalizer v2.3.0
Quest 3 arm64 APK export (advisory until first green run)	UNKNOWN STEP	2026-09-07T12:05:59.9546022Z ^[[1m^[[92m   Compiling^[[0m icu_properties v2.3.0
Quest 3 arm64 APK export (advisory until first green run)	UNKNOWN STEP	2026-09-07T12:06:00.6655818Z ^[[1m^[[92m   Compiling^[[0m ppv-lite86 v0.2.21
Quest 3 arm64 APK export (advisory until first green run)	UNKNOWN STEP	2026-09-07T12:06:00.8518459Z ^[[1m^[[92m   Compiling^[[0m safe_arch v0.7.4
Quest 3 arm64 APK export (advisory until first green run)	UNKNOWN STEP	2026-09-07T12:06:00.8947889Z ^[[1m^[[92m   Compiling^[[0m rand_chacha v0.3.1
Quest 3 arm64 APK export (advisory until first green run)	UNKNOWN STEP	2026-09-07T12:06:00.9014484Z ^[[1m^[[92m   Compiling^[[0m cc v1.4.5
Quest 3 arm64 APK export (advisory until first green run)	UNKNOWN STEP	2026-09-07T12:06:01.1291935Z ^[[1m^[[92m   Compiling^[[0m idna_adapter v1.2.2
Quest 3 arm64 APK export (advisory until first green run)	UNKNOWN STEP	2026-09-07T12:06:01.2255125Z ^[[1m^[[92m   Compiling^[[0m digest v0.10.7
Quest 3 arm64 APK export (advisory until first green run)	UNKNOWN STEP	2026-09-07T12:06:01.3885265Z ^[[1m^[[92m   Compiling^[[0m godot-ffi v0.2.4
Quest 3 arm64 APK export (advisory until first green run)	UNKNOWN STEP	2026-09-07T12:06:01.5586874Z ^[[1m^[[92m   Compiling^[[0m cpufeatures v0.2.17
Quest 3 arm64 APK export (advisory until first green run)	UNKNOWN STEP	2026-09-07T12:06:01.6072923Z ^[[1m^[[92m   Compiling^[[0m matrixmultiply v0.3.11
Quest 3 arm64 APK export (advisory until first green run)	UNKNOWN STEP	2026-09-07T12:06:01.7016544Z ^[[1m^[[92m   Compiling^[[0m httparse v1.10.1
Quest 3 arm64 APK export (advisory until first green run)	UNKNOWN STEP	2026-09-07T12:06:01.8844965Z ^[[1m^[[92m   Compiling^[[0m percent-encoding v2.3.2
Quest 3 arm64 APK export (advisory until first green run)	UNKNOWN STEP	2026-09-07T12:06:01.8964873Z ^[[1m^[[92m   Compiling^[[0m thiserror v1.0.69
Quest 3 arm64 APK export (advisory until first green run)	UNKNOWN STEP	2026-09-07T12:06:02.0374283Z ^[[1m^[[92m   Compiling^[[0m itoa v1.0.18
Quest 3 arm64 APK export (advisory until first green run)	UNKNOWN STEP	2026-09-07T12:06:02.1336855Z ^[[1m^[[92m   Compiling^[[0m form_urlencoded v1.2.2
Quest 3 arm64 APK export (advisory until first green run)	UNKNOWN STEP	2026-09-07T12:06:02.2822009Z ^[[1m^[[92m   Compiling^[[0m secp256k1-sys v0.10.1
Quest 3 arm64 APK export (advisory until first green run)	UNKNOWN STEP	2026-09-07T12:06:02.4014880Z ^[[1m^[[92m   Compiling^[[0m idna v1.1.0
Quest 3 arm64 APK export (advisory until first green run)	UNKNOWN STEP	2026-09-07T12:06:02.5184890Z ^[[1m^[[92m   Compiling^[[0m rand v0.8.8
Quest 3 arm64 APK export (advisory until first green run)	UNKNOWN STEP	2026-09-07T12:06:03.3044932Z ^[[1m^[[92m   Compiling^[[0m wide v0.7.33
Quest 3 arm64 APK export (advisory until first green run)	UNKNOWN STEP	2026-09-07T12:06:03.7014951Z ^[[1m^[[92m   Compiling^[[0m godot-core v0.2.4
Quest 3 arm64 APK export (advisory until first green run)	UNKNOWN STEP	2026-09-07T12:06:03.8555123Z ^[[1m^[[92m   Compiling^[[0m num-complex v0.4.6
Quest 3 arm64 APK export (advisory until first green run)	UNKNOWN STEP	2026-09-07T12:06:04.3605358Z ^[[1m^[[92m   Compiling^[[0m approx v0.5.1
Quest 3 arm64 APK export (advisory until first green run)	UNKNOWN STEP	2026-09-07T12:06:04.4471788Z ^[[1m^[[92m   Compiling^[[0m num-integer v0.1.47
Quest 3 arm64 APK export (advisory until first green run)	UNKNOWN STEP	2026-09-07T12:06:04.9565460Z ^[[1m^[[92m   Compiling^[[0m thiserror-impl v1.0.69
Quest 3 arm64 APK export (advisory until first green run)	UNKNOWN STEP	2026-09-07T12:06:04.9644736Z ^[[1m^[[92m   Compiling^[[0m tracing-attributes v0.1.31
Quest 3 arm64 APK export (advisory until first green run)	UNKNOWN STEP	2026-09-07T12:06:04.9825153Z ^[[1m^[[92m   Compiling^[[0m godot-macros v0.2.4
Quest 3 arm64 APK export (advisory until first green run)	UNKNOWN STEP	2026-09-07T12:06:05.0564910Z ^[[1m^[[92m   Compiling^[[0m serde v1.0.229
Quest 3 arm64 APK export (advisory until first green run)	UNKNOWN STEP	2026-09-07T12:06:05.2014984Z ^[[1m^[[92m   Compiling^[[0m lazy_static v1.5.0
Quest 3 arm64 APK export (advisory until first green run)	UNKNOWN STEP	2026-09-07T12:06:05.2444846Z ^[[1m^[[92m   Compiling^[[0m zmij v1.0.23
Quest 3 arm64 APK export (advisory until first green run)	UNKNOWN STEP	2026-09-07T12:06:05.3844735Z ^[[1m^[[92m   Compiling^[[0m thiserror v2.0.20
Quest 3 arm64 APK export (advisory until first green run)	UNKNOWN STEP	2026-09-07T12:06:05.5764797Z ^[[1m^[[92m   Compiling^[[0m rawpointer v0.2.1
Quest 3 arm64 APK export (advisory until first green run)	UNKNOWN STEP	2026-09-07T12:06:06.0095017Z ^[[1m^[[92m   Compiling^[[0m tracing v0.1.44
Quest 3 arm64 APK export (advisory until first green run)	UNKNOWN STEP	2026-09-07T12:06:06.0556509Z ^[[1m^[[92m   Compiling^[[0m sharded-slab v0.1.7
Quest 3 arm64 APK export (advisory until first green run)	UNKNOWN STEP	2026-09-07T12:06:06.1824902Z ^[[1m^[[92m   Compiling^[[0m simba v0.9.1
Quest 3 arm64 APK export (advisory until first green run)	UNKNOWN STEP	2026-09-07T12:06:06.3135491Z ^[[1m^[[92m   Compiling^[[0m num-rational v0.4.2
Quest 3 arm64 APK export (advisory until first green run)	UNKNOWN STEP	2026-09-07T12:06:07.5165310Z ^[[1m^[[92m   Compiling^[[0m url v2.5.8
Quest 3 arm64 APK export (advisory until first green run)	UNKNOWN STEP	2026-09-07T12:06:10.8384743Z ^[[1m^[[92m   Compiling^[[0m http v1.5.0
Quest 3 arm64 APK export (advisory until first green run)	UNKNOWN STEP	2026-09-07T12:06:11.1604608Z ^[[1m^[[92m   Compiling^[[0m sha1 v0.10.7
Quest 3 arm64 APK export (advisory until first green run)	UNKNOWN STEP	2026-09-07T12:06:11.4755277Z ^[[1m^[[92m   Compiling^[[0m tracing-log v0.2.0
Quest 3 arm64 APK export (advisory until first green run)	UNKNOWN STEP	2026-09-07T12:06:11.7464673Z ^[[1m^[[92m   Compiling^[[0m nalgebra-macros v0.3.0
Quest 3 arm64 APK export (advisory until first green run)	UNKNOWN STEP	2026-09-07T12:06:12.1035457Z ^[[1m^[[92m   Compiling^[[0m serde_derive v1.0.229
Quest 3 arm64 APK export (advisory until first green run)	UNKNOWN STEP	2026-09-07T12:06:12.7925580Z ^[[1m^[[92m   Compiling^[[0m thiserror-impl v2.0.20
Quest 3 arm64 APK export (advisory until first green run)	UNKNOWN STEP	2026-09-07T12:06:13.8584615Z ^[[1m^[[92m   Compiling^[[0m tokio-macros v2.7.2
Quest 3 arm64 APK export (advisory until first green run)	UNKNOWN STEP	2026-09-07T12:06:14.3454784Z ^[[1m^[[92m   Compiling^[[0m futures-macro v0.3.34
Quest 3 arm64 APK export (advisory until first green run)	UNKNOWN STEP	2026-09-07T12:06:15.0094998Z ^[[1m^[[92m   Compiling^[[0m venial v0.6.1
Quest 3 arm64 APK export (advisory until first green run)	UNKNOWN STEP	2026-09-07T12:06:15.0974697Z ^[[1m^[[92m   Compiling^[[0m mio v1.2.3
Quest 3 arm64 APK export (advisory until first green run)	UNKNOWN STEP	2026-09-07T12:06:15.7984749Z ^[[1m^[[92m   Compiling^[[0m socket2 v0.6.5
Quest 3 arm64 APK export (advisory until first green run)	UNKNOWN STEP	2026-09-07T12:06:15.8455258Z ^[[1m^[[92m   Compiling^[[0m thread_local v1.1.10
Quest 3 arm64 APK export (advisory until first green run)	UNKNOWN STEP	2026-09-07T12:06:16.1088228Z ^[[1m^[[92m   Compiling^[[0m byteorder v1.5.0
Quest 3 arm64 APK export (advisory until first green run)	UNKNOWN STEP	2026-09-07T12:06:16.3184896Z ^[[1m^[[92m   Compiling^[[0m futures-core v0.3.34
Quest 3 arm64 APK export (advisory until first green run)	UNKNOWN STEP	2026-09-07T12:06:16.4161345Z ^[[1m^[[92m   Compiling^[[0m data-encoding v2.11.1
Quest 3 arm64 APK export (advisory until first green run)	UNKNOWN STEP	2026-09-07T12:06:16.7754982Z ^[[1m^[[92m   Compiling^[[0m slab v0.4.12
Quest 3 arm64 APK export (advisory until first green run)	UNKNOWN STEP	2026-09-07T12:06:16.9159136Z ^[[1m^[[92m   Compiling^[[0m nu-ansi-term v0.50.3
Quest 3 arm64 APK export (advisory until first green run)	UNKNOWN STEP	2026-09-07T12:06:17.4455305Z ^[[1m^[[92m   Compiling^[[0m utf-8 v0.7.6
Quest 3 arm64 APK export (advisory until first green run)	UNKNOWN STEP	2026-09-07T12:06:17.5801419Z ^[[1m^[[92m   Compiling^[[0m glam v0.28.0
Quest 3 arm64 APK export (advisory until first green run)	UNKNOWN STEP	2026-09-07T12:06:19.8644158Z ^[[1m^[[92m   Compiling^[[0m serde_json v1.0.151
Quest 3 arm64 APK export (advisory until first green run)	UNKNOWN STEP	2026-09-07T12:06:20.0305070Z ^[[1m^[[92m   Compiling^[[0m futures-task v0.3.34
Quest 3 arm64 APK export (advisory until first green run)	UNKNOWN STEP	2026-09-07T12:06:20.0364924Z ^[[1m^[[92m   Compiling^[[0m godot-cell v0.2.4
Quest 3 arm64 APK export (advisory until first green run)	UNKNOWN STEP	2026-09-07T12:06:20.1944695Z ^[[1m^[[92m   Compiling^[[0m futures-sink v0.3.34
Quest 3 arm64 APK export (advisory until first green run)	UNKNOWN STEP	2026-09-07T12:06:20.2554978Z ^[[1m^[[92m   Compiling^[[0m futures-util v0.3.34
Quest 3 arm64 APK export (advisory until first green run)	UNKNOWN STEP	2026-09-07T12:06:21.0935318Z ^[[1m^[[92m   Compiling^[[0m tungstenite v0.21.0
Quest 3 arm64 APK export (advisory until first green run)	UNKNOWN STEP	2026-09-07T12:06:23.1858647Z ^[[1m^[[92m   Compiling^[[0m tracing-subscriber v0.3.23
Quest 3 arm64 APK export (advisory until first green run)	UNKNOWN STEP	2026-09-07T12:06:26.0985839Z ^[[1m^[[92m   Compiling^[[0m tokio v1.53.1
Quest 3 arm64 APK export (advisory until first green run)	UNKNOWN STEP	2026-09-07T12:06:30.7595052Z ^[[1m^[[92m   Compiling^[[0m nalgebra v0.34.2
Quest 3 arm64 APK export (advisory until first green run)	UNKNOWN STEP	2026-09-07T12:06:38.3395339Z ^[[1m^[[92m   Compiling^[[0m android_log-sys v0.2.0
Quest 3 arm64 APK export (advisory until first green run)	UNKNOWN STEP	2026-09-07T12:06:38.3874787Z ^[[1m^[[92m   Compiling^[[0m memchr v2.8.3
Quest 3 arm64 APK export (advisory until first green run)	UNKNOWN STEP	2026-09-07T12:06:38.9070783Z ^[[1m^[[92m   Compiling^[[0m visionclaw-xr-presence v0.2.1 (/home/runner/work/VisionClaw/VisionClaw/crates/visionclaw-xr-presence)
Quest 3 arm64 APK export (advisory until first green run)	UNKNOWN STEP	2026-09-07T12:06:40.2474964Z ^[[1m^[[92m   Compiling^[[0m tracing-android v0.2.0
Quest 3 arm64 APK export (advisory until first green run)	UNKNOWN STEP	2026-09-07T12:06:40.5045549Z ^[[1m^[[92m   Compiling^[[0m tokio-tungstenite v0.21.0
Quest 3 arm64 APK export (advisory until first green run)	UNKNOWN STEP	2026-09-07T12:06:40.7819649Z ^[[1m^[[92m   Compiling^[[0m secp256k1 v0.29.1
Quest 3 arm64 APK export (advisory until first green run)	UNKNOWN STEP	2026-09-07T12:06:41.4144927Z ^[[1m^[[92m   Compiling^[[0m sha2 v0.10.9
Quest 3 arm64 APK export (advisory until first green run)	UNKNOWN STEP	2026-09-07T12:06:42.1018945Z ^[[1m^[[92m   Compiling^[[0m async-trait v0.1.92
Quest 3 arm64 APK export (advisory until first green run)	UNKNOWN STEP	2026-09-07T12:06:42.6774938Z ^[[1m^[[92m   Compiling^[[0m hex v0.4.3
Quest 3 arm64 APK export (advisory until first green run)	UNKNOWN STEP	2026-09-07T12:06:52.0696447Z ^[[1m^[[92m   Compiling^[[0m godot v0.2.4
Quest 3 arm64 APK export (advisory until first green run)	UNKNOWN STEP	2026-09-07T12:08:38.8623766Z ^[[1m^[[92m   Compiling^[[0m visionclaw-xr-gdext v0.2.1 (/home/runner/work/VisionClaw/VisionClaw/xr-client/rust)
Quest 3 arm64 APK export (advisory until first green run)	UNKNOWN STEP	2026-09-07T12:08:47.1250905Z ^[[1m^[[92m    Finished^[[0m `release` profile [optimized] target(s) in 3m 00s
Quest 3 arm64 APK export (advisory until first green run)	UNKNOWN STEP	2026-09-07T12:08:47.1714897Z ##[group]Run curl -fsSL -o /tmp/templates.tpz \
Quest 3 arm64 APK export (advisory until first green run)	UNKNOWN STEP	2026-09-07T12:08:47.1715334Z ^[[36;1mcurl -fsSL -o /tmp/templates.tpz \^[[0m
Quest 3 arm64 APK export (advisory until first green run)	UNKNOWN STEP	2026-09-07T12:08:47.1715953Z ^[[36;1m  "https://github.com/godotengine/godot/releases/download/${GODOT_VERSION}/Godot_v${GODOT_VERSION}_export_templates.tpz"^[[0m
Quest 3 arm64 APK export (advisory until first green run)	UNKNOWN STEP	2026-09-07T12:08:47.1716558Z ^[[36;1munzip -q /tmp/templates.tpz -d /tmp/tpl^[[0m
Quest 3 arm64 APK export (advisory until first green run)	UNKNOWN STEP	2026-09-07T12:08:47.1716941Z ^[[36;1mtemplate_version=$(cat /tmp/tpl/templates/version.txt)^[[0m
Quest 3 arm64 APK export (advisory until first green run)	UNKNOWN STEP	2026-09-07T12:08:47.1717416Z ^[[36;1mtemplate_dir="$HOME/.local/share/godot/export_templates/$template_version"^[[0m
Quest 3 arm64 APK export (advisory until first green run)	UNKNOWN STEP	2026-09-07T12:08:47.1717831Z ^[[36;1mmkdir -p "$template_dir"^[[0m
Quest 3 arm64 APK export (advisory until first green run)	UNKNOWN STEP	2026-09-07T12:08:47.1718138Z ^[[36;1mcp -a /tmp/tpl/templates/. "$template_dir/"^[[0m
Quest 3 arm64 APK export (advisory until first green run)	UNKNOWN STEP	2026-09-07T12:08:47.1718484Z ^[[36;1mtest -f "$template_dir/android_source.zip"^[[0m
Quest 3 arm64 APK export (advisory until first green run)	UNKNOWN STEP	2026-09-07T12:08:47.1718815Z ^[[36;1mmkdir -p xr-client/android/build^[[0m
Quest 3 arm64 APK export (advisory until first green run)	UNKNOWN STEP	2026-09-07T12:08:47.1719218Z ^[[36;1munzip -q "$template_dir/android_source.zip" -d xr-client/android/build^[[0m
Quest 3 arm64 APK export (advisory until first green run)	UNKNOWN STEP	2026-09-07T12:08:47.1719745Z ^[[36;1mprintf '%s' "$template_version" > xr-client/android/.build_version^[[0m
Quest 3 arm64 APK export (advisory until first green run)	UNKNOWN STEP	2026-09-07T12:08:47.1759783Z shell: /usr/bin/bash -e {0}
Quest 3 arm64 APK export (advisory until first green run)	UNKNOWN STEP	2026-09-07T12:08:47.1760042Z env:
Quest 3 arm64 APK export (advisory until first green run)	UNKNOWN STEP	2026-09-07T12:08:47.1760240Z   CARGO_TERM_COLOR: always
Quest 3 arm64 APK export (advisory until first green run)	UNKNOWN STEP	2026-09-07T12:08:47.1760482Z   RUST_BACKTRACE: 1
Quest 3 arm64 APK export (advisory until first green run)	UNKNOWN STEP	2026-09-07T12:08:47.1760698Z   GODOT_VERSION: 4.3-stable
Quest 3 arm64 APK export (advisory until first green run)	UNKNOWN STEP	2026-09-07T12:08:47.1760927Z   GUT_VERSION: 9.3.1
Quest 3 arm64 APK export (advisory until first green run)	UNKNOWN STEP	2026-09-07T12:08:47.1761160Z   CARGO_HOME: /home/runner/.cargo
Quest 3 arm64 APK export (advisory until first green run)	UNKNOWN STEP	2026-09-07T12:08:47.1761411Z   CARGO_INCREMENTAL: 0
Quest 3 arm64 APK export (advisory until first green run)	UNKNOWN STEP	2026-09-07T12:08:47.1761744Z   JAVA_HOME: /opt/hostedtoolcache/Java_Temurin-Hotspot_jdk/17.0.20-1/x64
Quest 3 arm64 APK export (advisory until first green run)	UNKNOWN STEP	2026-09-07T12:08:47.1762237Z   JAVA_HOME_17_X64: /opt/hostedtoolcache/Java_Temurin-Hotspot_jdk/17.0.20-1/x64
Quest 3 arm64 APK export (advisory until first green run)	UNKNOWN STEP	2026-09-07T12:08:47.1762613Z ##[endgroup]
Quest 3 arm64 APK export (advisory until first green run)	UNKNOWN STEP	2026-09-07T12:09:04.9068223Z ##[group]Run curl -fsSL -o /tmp/godot.zip \
Quest 3 arm64 APK export (advisory until first green run)	UNKNOWN STEP	2026-09-07T12:09:04.9068628Z ^[[36;1mcurl -fsSL -o /tmp/godot.zip \^[[0m
Quest 3 arm64 APK export (advisory until first green run)	UNKNOWN STEP	2026-09-07T12:09:04.9069216Z ^[[36;1m  "https://github.com/godotengine/godot/releases/download/${GODOT_VERSION}/Godot_v${GODOT_VERSION}_linux.x86_64.zip"^[[0m
Quest 3 arm64 APK export (advisory until first green run)	UNKNOWN STEP	2026-09-07T12:09:04.9069808Z ^[[36;1munzip -q /tmp/godot.zip -d /tmp/godot^[[0m
Quest 3 arm64 APK export (advisory until first green run)	UNKNOWN STEP	2026-09-07T12:09:04.9070112Z ^[[36;1mmkdir -p export^[[0m
Quest 3 arm64 APK export (advisory until first green run)	UNKNOWN STEP	2026-09-07T12:09:04.9070440Z ^[[36;1m/tmp/godot/Godot_v${GODOT_VERSION}_linux.x86_64 --headless \^[[0m
Quest 3 arm64 APK export (advisory until first green run)	UNKNOWN STEP	2026-09-07T12:09:04.9070915Z ^[[36;1m  --path . --export-release "Quest 3 arm64" export/visionclaw-xr.apk^[[0m
Quest 3 arm64 APK export (advisory until first green run)	UNKNOWN STEP	2026-09-07T12:09:04.9110764Z shell: /usr/bin/bash -e {0}
Quest 3 arm64 APK export (advisory until first green run)	UNKNOWN STEP	2026-09-07T12:09:04.9111020Z env:
Quest 3 arm64 APK export (advisory until first green run)	UNKNOWN STEP	2026-09-07T12:09:04.9111226Z   CARGO_TERM_COLOR: always
Quest 3 arm64 APK export (advisory until first green run)	UNKNOWN STEP	2026-09-07T12:09:04.9111462Z   RUST_BACKTRACE: 1
Quest 3 arm64 APK export (advisory until first green run)	UNKNOWN STEP	2026-09-07T12:09:04.9111680Z   GODOT_VERSION: 4.3-stable
Quest 3 arm64 APK export (advisory until first green run)	UNKNOWN STEP	2026-09-07T12:09:04.9111904Z   GUT_VERSION: 9.3.1
Quest 3 arm64 APK export (advisory until first green run)	UNKNOWN STEP	2026-09-07T12:09:04.9112139Z   CARGO_HOME: /home/runner/.cargo
Quest 3 arm64 APK export (advisory until first green run)	UNKNOWN STEP	2026-09-07T12:09:04.9112432Z   CARGO_INCREMENTAL: 0
Quest 3 arm64 APK export (advisory until first green run)	UNKNOWN STEP	2026-09-07T12:09:04.9112774Z   JAVA_HOME: /opt/hostedtoolcache/Java_Temurin-Hotspot_jdk/17.0.20-1/x64
Quest 3 arm64 APK export (advisory until first green run)	UNKNOWN STEP	2026-09-07T12:09:04.9113505Z   JAVA_HOME_17_X64: /opt/hostedtoolcache/Java_Temurin-Hotspot_jdk/17.0.20-1/x64
Quest 3 arm64 APK export (advisory until first green run)	UNKNOWN STEP	2026-09-07T12:09:04.9113885Z ##[endgroup]
Quest 3 arm64 APK export (advisory until first green run)	UNKNOWN STEP	2026-09-07T12:09:07.1664885Z Godot Engine v4.3.stable.official.77dcf97d8 - https://godotengine.org
Quest 3 arm64 APK export (advisory until first green run)	UNKNOWN STEP	2026-09-07T12:09:07.1682149Z TextServer: Added interface "Dummy"
Quest 3 arm64 APK export (advisory until first green run)	UNKNOWN STEP	2026-09-07T12:09:07.1773273Z TextServer: Added interface "ICU / HarfBuzz / Graphite (Built-in)"
Quest 3 arm64 APK export (advisory until first green run)	UNKNOWN STEP	2026-09-07T12:09:07.1847229Z JoypadLinux: udev enabled and loaded successfully.
Quest 3 arm64 APK export (advisory until first green run)	UNKNOWN STEP	2026-09-07T12:09:07.1864101Z Requested V-Sync mode: Disabled
Quest 3 arm64 APK export (advisory until first green run)	UNKNOWN STEP	2026-09-07T12:09:07.1864658Z Using "default" pen tablet driver...
Quest 3 arm64 APK export (advisory until first green run)	UNKNOWN STEP	2026-09-07T12:09:07.1865038Z 
Quest 3 arm64 APK export (advisory until first green run)	UNKNOWN STEP	2026-09-07T12:09:07.1865582Z TextServer: Primary interface set to: "ICU / HarfBuzz / Graphite (Built-in)".
Quest 3 arm64 APK export (advisory until first green run)	UNKNOWN STEP	2026-09-07T12:09:07.2721300Z CORE API HASH: 966092234
Quest 3 arm64 APK export (advisory until first green run)	UNKNOWN STEP	2026-09-07T12:09:07.2727933Z EDITOR API HASH: 444927587
Quest 3 arm64 APK export (advisory until first green run)	UNKNOWN STEP	2026-09-07T12:09:07.2756394Z EditorTheme: Generating new theme for the config '66886095'.
Quest 3 arm64 APK export (advisory until first green run)	UNKNOWN STEP	2026-09-07T12:09:07.2758677Z EditorTheme: Generating new icons.
Quest 3 arm64 APK export (advisory until first green run)	UNKNOWN STEP	2026-09-07T12:09:07.3404996Z EditorTheme: Generating new fonts.
Quest 3 arm64 APK export (advisory until first green run)	UNKNOWN STEP	2026-09-07T12:09:07.3528621Z EditorTheme: Generating new styles.
Quest 3 arm64 APK export (advisory until first green run)	UNKNOWN STEP	2026-09-07T12:09:08.1487813Z Generating 2,048 bit RSA key pair and self-signed certificate (SHA256withRSA) with a validity of 10,000 days
Quest 3 arm64 APK export (advisory until first green run)	UNKNOWN STEP	2026-09-07T12:09:08.1488771Z 	for: CN=Godot, OU=Godot Engine, O=Stichting Godot, C=NL
Quest 3 arm64 APK export (advisory until first green run)	UNKNOWN STEP	2026-09-07T12:09:08.1489146Z 
Quest 3 arm64 APK export (advisory until first green run)	UNKNOWN STEP	2026-09-07T12:09:08.1507856Z Updated editor debug keystore to /home/runner/.local/share/godot/keystores/debug.keystore
Quest 3 arm64 APK export (advisory until first green run)	UNKNOWN STEP	2026-09-07T12:09:08.7093486Z Regenerating editor help cache
Quest 3 arm64 APK export (advisory until first green run)	UNKNOWN STEP	2026-09-07T12:09:08.7103928Z Class 'AbstractPolygon2DEditor' is not exposed, skipping.
Quest 3 arm64 APK export (advisory until first green run)	UNKNOWN STEP	2026-09-07T12:09:08.7104670Z Class 'AbstractPolygon2DEditorPlugin' is not exposed, skipping.
Quest 3 arm64 APK export (advisory until first green run)	UNKNOWN STEP	2026-09-07T12:09:08.7112357Z Class 'ActionMapEditor' is not exposed, skipping.
Quest 3 arm64 APK export (advisory until first green run)	UNKNOWN STEP	2026-09-07T12:09:08.7112987Z Class 'AnchorPresetPicker' is not exposed, skipping.
Quest 3 arm64 APK export (advisory until first green run)	UNKNOWN STEP	2026-09-07T12:09:08.7154610Z Class 'AnimationBezierTrackEdit' is not exposed, skipping.
Quest 3 arm64 APK export (advisory until first green run)	UNKNOWN STEP	2026-09-07T12:09:08.7155242Z Class 'AnimationLibraryEditor' is not exposed, skipping.
Quest 3 arm64 APK export (advisory until first green run)	UNKNOWN STEP	2026-09-07T12:09:08.7169600Z Class 'AnimationNodeBlendSpace1DEditor' is not exposed, skipping.
Quest 3 arm64 APK export (advisory until first green run)	UNKNOWN STEP	2026-09-07T12:09:08.7172611Z Class 'AnimationNodeBlendSpace2DEditor' is not exposed, skipping.
Quest 3 arm64 APK export (advisory until first green run)	UNKNOWN STEP	2026-09-07T12:09:08.7174060Z Class 'AnimationNodeBlendTreeEditor' is not exposed, skipping.
Quest 3 arm64 APK export (advisory until first green run)	UNKNOWN STEP	2026-09-07T12:09:08.7177515Z Class 'AnimationNodeStateMachineEditor' is not exposed, skipping.
Quest 3 arm64 APK export (advisory until first green run)	UNKNOWN STEP	2026-09-07T12:09:08.7188808Z Class 'AnimationPlayerEditor' is not exposed, skipping.
Quest 3 arm64 APK export (advisory until first green run)	UNKNOWN STEP	2026-09-07T12:09:08.7189474Z Class 'AnimationPlayerEditorPlugin' is not exposed, skipping.
Quest 3 arm64 APK export (advisory until first green run)	UNKNOWN STEP	2026-09-07T12:09:08.7190115Z Class 'AnimationTimelineEdit' is not exposed, skipping.
Quest 3 arm64 APK export (advisory until first green run)	UNKNOWN STEP	2026-09-07T12:09:08.7190798Z Class 'AnimationTrackEditDefaultPlugin' is not exposed, skipping.
Quest 3 arm64 APK export (advisory until first green run)	UNKNOWN STEP	2026-09-07T12:09:08.7191476Z Class 'AnimationTrackEditPlugin' is not exposed, skipping.
Quest 3 arm64 APK export (advisory until first green run)	UNKNOWN STEP	2026-09-07T12:09:08.7192567Z Class 'AnimationTrackEditor' is not exposed, skipping.
Quest 3 arm64 APK export (advisory until first green run)	UNKNOWN STEP	2026-09-07T12:09:08.7193447Z Class 'AnimationTrackKeyEditEditorPlugin' is not exposed, skipping.
Quest 3 arm64 APK export (advisory until first green run)	UNKNOWN STEP	2026-09-07T12:09:08.7198062Z Class 'AnimationTreeEditor' is not exposed, skipping.
Quest 3 arm64 APK export (advisory until first green run)	UNKNOWN STEP	2026-09-07T12:09:08.7198697Z Class 'AnimationTreeEditorPlugin' is not exposed, skipping.
Quest 3 arm64 APK export (advisory until first green run)	UNKNOWN STEP	2026-09-07T12:09:08.7199367Z Class 'AnimationTreeNodeEditorPlugin' is not exposed, skipping.
Quest 3 arm64 APK export (advisory until first green run)	UNKNOWN STEP	2026-09-07T12:09:08.7233695Z Class 'AssetLibraryEditorPlugin' is not exposed, skipping.
Quest 3 arm64 APK export (advisory until first green run)	UNKNOWN STEP	2026-09-07T12:09:08.7234319Z Class 'AtlasMergingDialog' is not exposed, skipping.
Quest 3 arm64 APK export (advisory until first green run)	UNKNOWN STEP	2026-09-07T12:09:08.7235922Z Class 'AtlasTileProxyObject' is not exposed, skipping.
Quest 3 arm64 APK export (advisory until first green run)	UNKNOWN STEP	2026-09-07T12:09:08.7236514Z Class 'AudioBusesEditorPlugin' is not exposed, skipping.
Quest 3 arm64 APK export (advisory until first green run)	UNKNOWN STEP	2026-09-07T12:09:08.7271730Z Class 'AudioStreamEditorPlugin' is not exposed, skipping.
Quest 3 arm64 APK export (advisory until first green run)	UNKNOWN STEP	2026-09-07T12:09:08.7272381Z Class 'AudioStreamImportSettingsDialog' is not exposed, skipping.
Quest 3 arm64 APK export (advisory until first green run)	UNKNOWN STEP	2026-09-07T12:09:08.7277614Z Class 'AudioStreamInteractiveEditorPlugin' is not exposed, skipping.
Quest 3 arm64 APK export (advisory until first green run)	UNKNOWN STEP	2026-09-07T12:09:08.7278496Z Class 'AudioStreamInteractiveTransitionEditor' is not exposed, skipping.
Quest 3 arm64 APK export (advisory until first green run)	UNKNOWN STEP	2026-09-07T12:09:08.7286602Z Class 'AudioStreamPlayerInternal' is not exposed, skipping.
Quest 3 arm64 APK export (advisory until first green run)	UNKNOWN STEP	2026-09-07T12:09:08.7288226Z Class 'AudioStreamPreviewGenerator' is not exposed, skipping.
Quest 3 arm64 APK export (advisory until first green run)	UNKNOWN STEP	2026-09-07T12:09:08.7289560Z Class 'AudioStreamRandomizerEditorPlugin' is not exposed, skipping.
Quest 3 arm64 APK export (advisory until first green run)	UNKNOWN STEP	2026-09-07T12:09:08.7293662Z Class 'BackgroundProgress' is not exposed, skipping.
Quest 3 arm64 APK export (advisory until first green run)	UNKNOWN STEP	2026-09-07T12:09:08.7389342Z Class 'BitMapEditorPlugin' is not exposed, skipping.
Quest 3 arm64 APK export (advisory until first green run)	UNKNOWN STEP	2026-09-07T12:09:08.7392658Z Class 'BoneMapEditorPlugin' is not exposed, skipping.
Quest 3 arm64 APK export (advisory until first green run)	UNKNOWN STEP	2026-09-07T12:09:08.7431631Z Class 'CPUParticles2DEditorPlugin' is not exposed, skipping.
Quest 3 arm64 APK export (advisory until first green run)	UNKNOWN STEP	2026-09-07T12:09:08.7452431Z Class 'CPUParticles3DEditor' is not exposed, skipping.
Quest 3 arm64 APK export (advisory until first green run)	UNKNOWN STEP	2026-09-07T12:09:08.7453083Z Class 'CPUParticles3DEditorPlugin' is not exposed, skipping.
Quest 3 arm64 APK export (advisory until first green run)	UNKNOWN STEP	2026-09-07T12:09:08.7579163Z Class 'CSGShape3DGizmoPlugin' is not exposed, skipping.
Quest 3 arm64 APK export (advisory until first green run)	UNKNOWN STEP	2026-09-07T12:09:08.7614663Z Class 'Camera3DEditorPlugin' is not exposed, skipping.
Quest 3 arm64 APK export (advisory until first green run)	UNKNOWN STEP	2026-09-07T12:09:08.7638878Z Class 'CanvasItemEditor' is not exposed, skipping.
Quest 3 arm64 APK export (advisory until first green run)	UNKNOWN STEP	2026-09-07T12:09:08.7639461Z Class 'CanvasItemEditorPlugin' is not exposed, skipping.
Quest 3 arm64 APK export (advisory until first green run)	UNKNOWN STEP	2026-09-07T12:09:08.7640000Z Class 'CanvasItemEditorViewport' is not exposed, skipping.
Quest 3 arm64 APK export (advisory until first green run)	UNKNOWN STEP	2026-09-07T12:09:08.7641728Z Class 'CanvasItemMaterialConversionPlugin' is not exposed, skipping.
Quest 3 arm64 APK export (advisory until first green run)	UNKNOWN STEP	2026-09-07T12:09:08.7652791Z Class 'Cast2DEditor' is not exposed, skipping.
Quest 3 arm64 APK export (advisory until first green run)	UNKNOWN STEP	2026-09-07T12:09:08.7653467Z Class 'Cast2DEditorPlugin' is not exposed, skipping.
Quest 3 arm64 APK export (advisory until first green run)	UNKNOWN STEP	2026-09-07T12:09:08.7736387Z Class 'CollisionPolygon2DEditor' is not exposed, skipping.
Quest 3 arm64 APK export (advisory until first green run)	UNKNOWN STEP	2026-09-07T12:09:08.7737065Z Class 'CollisionPolygon2DEditorPlugin' is not exposed, skipping.
Quest 3 arm64 APK export (advisory until first green run)	UNKNOWN STEP	2026-09-07T12:09:08.7738470Z Class 'CollisionShape2DEditor' is not exposed, skipping.
Quest 3 arm64 APK export (advisory until first green run)	UNKNOWN STEP	2026-09-07T12:09:08.7739103Z Class 'CollisionShape2DEditorPlugin' is not exposed, skipping.
Quest 3 arm64 APK export (advisory until first green run)	UNKNOWN STEP	2026-09-07T12:09:08.7807643Z Class 'ConnectDialog' is not exposed, skipping.
Quest 3 arm64 APK export (advisory until first green run)	UNKNOWN STEP	2026-09-07T12:09:08.7808210Z Class 'ConnectDialogBinds' is not exposed, skipping.
Quest 3 arm64 APK export (advisory until first green run)	UNKNOWN STEP	2026-09-07T12:09:08.7808723Z Class 'ConnectionsDock' is not exposed, skipping.
Quest 3 arm64 APK export (advisory until first green run)	UNKNOWN STEP	2026-09-07T12:09:08.7821224Z Class 'ControlEditorPlugin' is not exposed, skipping.
Quest 3 arm64 APK export (advisory until first green run)	UNKNOWN STEP	2026-09-07T12:09:08.7821820Z Class 'ControlEditorPopupButton' is not exposed, skipping.
Quest 3 arm64 APK export (advisory until first green run)	UNKNOWN STEP	2026-09-07T12:09:08.7822372Z Class 'ControlEditorPresetPicker' is not exposed, skipping.
Quest 3 arm64 APK export (advisory until first green run)	UNKNOWN STEP	2026-09-07T12:09:08.7822755Z Class 'ControlEditorToolbar' is not exposed, skipping.
Quest 3 arm64 APK export (advisory until first green run)	UNKNOWN STEP	2026-09-07T12:09:08.7824891Z Class 'CreateDialog' is not exposed, skipping.
Quest 3 arm64 APK export (advisory until first green run)	UNKNOWN STEP	2026-09-07T12:09:08.7831480Z Class 'CurveEditorPlugin' is not exposed, skipping.
Quest 3 arm64 APK export (advisory until first green run)	UNKNOWN STEP	2026-09-07T12:09:08.7832048Z Class 'CurvePreviewGenerator' is not exposed, skipping.
Quest 3 arm64 APK export (advisory until first green run)	UNKNOWN STEP	2026-09-07T12:09:08.7851698Z Class 'DebugAdapterParser' is not exposed, skipping.
Quest 3 arm64 APK export (advisory until first green run)	UNKNOWN STEP	2026-09-07T12:09:08.7852245Z Class 'DebugAdapterServer' is not exposed, skipping.
Quest 3 arm64 APK export (advisory until first green run)	UNKNOWN STEP	2026-09-07T12:09:08.7852911Z Class 'DebuggerEditorPlugin' is not exposed, skipping.
Quest 3 arm64 APK export (advisory until first green run)	UNKNOWN STEP	2026-09-07T12:09:08.7865852Z Class 'DefaultThemeEditorPreview' is not exposed, skipping.
Quest 3 arm64 APK export (advisory until first green run)	UNKNOWN STEP	2026-09-07T12:09:08.7866502Z Class 'DependencyEditor' is not exposed, skipping.
Quest 3 arm64 APK export (advisory until first green run)	UNKNOWN STEP	2026-09-07T12:09:08.7866882Z Class 'DependencyEditorOwners' is not exposed, skipping.
Quest 3 arm64 APK export (advisory until first green run)	UNKNOWN STEP	2026-09-07T12:09:08.7867262Z Class 'DependencyErrorDialog' is not exposed, skipping.
Quest 3 arm64 APK export (advisory until first green run)	UNKNOWN STEP	2026-09-07T12:09:08.7867628Z Class 'DependencyRemoveDialog' is not exposed, skipping.
Quest 3 arm64 APK export (advisory until first green run)	UNKNOWN STEP	2026-09-07T12:09:08.7898926Z Class 'DirectoryCreateDialog' is not exposed, skipping.
Quest 3 arm64 APK export (advisory until first green run)	UNKNOWN STEP	2026-09-07T12:09:08.7907595Z Class 'DockContextPopup' is not exposed, skipping.
Quest 3 arm64 APK export (advisory until first green run)	UNKNOWN STEP	2026-09-07T12:09:08.7908139Z Class 'DockSplitContainer' is not exposed, skipping.
Quest 3 arm64 APK export (advisory until first green run)	UNKNOWN STEP	2026-09-07T12:09:08.7908699Z Class 'DynamicFontImportSettingsData' is not exposed, skipping.
Quest 3 arm64 APK export (advisory until first green run)	UNKNOWN STEP	2026-09-07T12:09:08.7909145Z Class 'DynamicFontImportSettingsDialog' is not exposed, skipping.
Quest 3 arm64 APK export (advisory until first green run)	UNKNOWN STEP	2026-09-07T12:09:08.7912532Z Class 'EditorAbout' is not exposed, skipping.
Quest 3 arm64 APK export (advisory until first green run)	UNKNOWN STEP	2026-09-07T12:09:08.7913075Z Class 'EditorAssetLibrary' is not exposed, skipping.
Quest 3 arm64 APK export (advisory until first green run)	UNKNOWN STEP	2026-09-07T12:09:08.7913784Z Class 'EditorAudioBuses' is not exposed, skipping.
Quest 3 arm64 APK export (advisory until first green run)	UNKNOWN STEP	2026-09-07T12:09:08.7914204Z Class 'EditorAudioStreamPreviewPlugin' is not exposed, skipping.
Quest 3 arm64 APK export (advisory until first green run)	UNKNOWN STEP	2026-09-07T12:09:08.7914650Z Class 'EditorAudioStreamTooltipPlugin' is not exposed, skipping.
Quest 3 arm64 APK export (advisory until first green run)	UNKNOWN STEP	2026-09-07T12:09:08.7915061Z Class 'EditorAutoloadSettings' is not exposed, skipping.
Quest 3 arm64 APK export (advisory until first green run)	UNKNOWN STEP	2026-09-07T12:09:08.7915458Z Class 'EditorBitmapPreviewPlugin' is not exposed, skipping.
Quest 3 arm64 APK export (advisory until first green run)	UNKNOWN STEP	2026-09-07T12:09:08.7915834Z Class 'EditorBottomPanel' is not exposed, skipping.
Quest 3 arm64 APK export (advisory until first green run)	UNKNOWN STEP	2026-09-07T12:09:08.7916196Z Class 'EditorBuildProfileManager' is not exposed, skipping.
Quest 3 arm64 APK export (advisory until first green run)	UNKNOWN STEP	2026-09-07T12:09:08.7929007Z Class 'EditorDebuggerInspector' is not exposed, skipping.
Quest 3 arm64 APK export (advisory until first green run)	UNKNOWN STEP	2026-09-07T12:09:08.7929594Z Class 'EditorDebuggerNode' is not exposed, skipping.
Quest 3 arm64 APK export (advisory until first green run)	UNKNOWN STEP	2026-09-07T12:09:08.7930194Z Class 'EditorDebuggerRemoteObject' is not exposed, skipping.
Quest 3 arm64 APK export (advisory until first green run)	UNKNOWN STEP	2026-09-07T12:09:08.7930785Z Class 'EditorDebuggerTree' is not exposed, skipping.
Quest 3 arm64 APK export (advisory until first green run)	UNKNOWN STEP	2026-09-07T12:09:08.7931233Z Class 'EditorDirDialog' is not exposed, skipping.
Quest 3 arm64 APK export (advisory until first green run)	UNKNOWN STEP	2026-09-07T12:09:08.7931582Z Class 'EditorDockManager' is not exposed, skipping.
Quest 3 arm64 APK export (advisory until first green run)	UNKNOWN STEP	2026-09-07T12:09:08.7932119Z Class 'EditorExport' is not exposed, skipping.
Quest 3 arm64 APK export (advisory until first green run)	UNKNOWN STEP	2026-09-07T12:09:08.7932470Z Class 'EditorExportGDScript' is not exposed, skipping.
Quest 3 arm64 APK export (advisory until first green run)	UNKNOWN STEP	2026-09-07T12:09:09.0128673Z Class 'EditorFeatureProfileManager' is not exposed, skipping.
Quest 3 arm64 APK export (advisory until first green run)	UNKNOWN STEP	2026-09-07T12:09:09.0188915Z Class 'EditorFileServer' is not exposed, skipping.
Quest 3 arm64 APK export (advisory until first green run)	UNKNOWN STEP	2026-09-07T12:09:09.0194311Z Class 'EditorFileSystemImportFormatSupportQueryBlend' is not exposed, skipping.
Quest 3 arm64 APK export (advisory until first green run)	UNKNOWN STEP	2026-09-07T12:09:09.0195119Z Class 'EditorFontPreviewPlugin' is not exposed, skipping.
Quest 3 arm64 APK export (advisory until first green run)	UNKNOWN STEP	2026-09-07T12:09:09.0195783Z Class 'EditorGradientPreviewPlugin' is not exposed, skipping.
Quest 3 arm64 APK export (advisory until first green run)	UNKNOWN STEP	2026-09-07T12:09:09.0196405Z Class 'EditorHelpBit' is not exposed, skipping.
Quest 3 arm64 APK export (advisory until first green run)	UNKNOWN STEP	2026-09-07T12:09:09.0196957Z Class 'EditorHelpSearch' is not exposed, skipping.
Quest 3 arm64 APK export (advisory until first green run)	UNKNOWN STEP	2026-09-07T12:09:09.0197527Z Class 'EditorImagePreviewPlugin' is not exposed, skipping.
Quest 3 arm64 APK export (advisory until first green run)	UNKNOWN STEP	2026-09-07T12:09:09.0198176Z Class 'EditorImportBlendRunner' is not exposed, skipping.
Quest 3 arm64 APK export (advisory until first green run)	UNKNOWN STEP	2026-09-07T12:09:09.0201033Z Class 'EditorInspectorDefaultPlugin' is not exposed, skipping.
Quest 3 arm64 APK export (advisory until first green run)	UNKNOWN STEP	2026-09-07T12:09:09.0201941Z Class 'EditorInspectorParticleProcessMaterialPlugin' is not exposed, skipping.
Quest 3 arm64 APK export (advisory until first green run)	UNKNOWN STEP	2026-09-07T12:09:09.0202837Z Class 'EditorInspectorPlugin3DTexture' is not exposed, skipping.
Quest 3 arm64 APK export (advisory until first green run)	UNKNOWN STEP	2026-09-07T12:09:09.0203866Z Class 'EditorInspectorPluginAnimationTrackKeyEdit' is not exposed, skipping.
Quest 3 arm64 APK export (advisory until first green run)	UNKNOWN STEP	2026-09-07T12:09:09.0204733Z Class 'EditorInspectorPluginAudioStream' is not exposed, skipping.
Quest 3 arm64 APK export (advisory until first green run)	UNKNOWN STEP	2026-09-07T12:09:09.0205598Z Class 'EditorInspectorPluginAudioStreamInteractive' is not exposed, skipping.
Quest 3 arm64 APK export (advisory until first green run)	UNKNOWN STEP	2026-09-07T12:09:09.0206434Z Class 'EditorInspectorPluginBitMap' is not exposed, skipping.
Quest 3 arm64 APK export (advisory until first green run)	UNKNOWN STEP	2026-09-07T12:09:09.0207133Z Class 'EditorInspectorPluginBoneMap' is not exposed, skipping.
Quest 3 arm64 APK export (advisory until first green run)	UNKNOWN STEP	2026-09-07T12:09:09.0207844Z Class 'EditorInspectorPluginControl' is not exposed, skipping.
Quest 3 arm64 APK export (advisory until first green run)	UNKNOWN STEP	2026-09-07T12:09:09.0208560Z Class 'EditorInspectorPluginCurve' is not exposed, skipping.
Quest 3 arm64 APK export (advisory until first green run)	UNKNOWN STEP	2026-09-07T12:09:09.0209827Z Class 'EditorInspectorPluginFontPreview' is not exposed, skipping.
Quest 3 arm64 APK export (advisory until first green run)	UNKNOWN STEP	2026-09-07T12:09:09.0210639Z Class 'EditorInspectorPluginFontVariation' is not exposed, skipping.
Quest 3 arm64 APK export (advisory until first green run)	UNKNOWN STEP	2026-09-07T12:09:09.0211413Z Class 'EditorInspectorPluginGradient' is not exposed, skipping.
Quest 3 arm64 APK export (advisory until first green run)	UNKNOWN STEP	2026-09-07T12:09:09.0212203Z Class 'EditorInspectorPluginGradientTexture2D' is not exposed, skipping.
Quest 3 arm64 APK export (advisory until first green run)	UNKNOWN STEP	2026-09-07T12:09:09.0212764Z Class 'EditorInspectorPluginInputEvent' is not exposed, skipping.
Quest 3 arm64 APK export (advisory until first green run)	UNKNOWN STEP	2026-09-07T12:09:09.0213497Z Class 'EditorInspectorPluginLayeredTexture' is not exposed, skipping.
Quest 3 arm64 APK export (advisory until first green run)	UNKNOWN STEP	2026-09-07T12:09:09.0214226Z Class 'EditorInspectorPluginMaterial' is not exposed, skipping.
Quest 3 arm64 APK export (advisory until first green run)	UNKNOWN STEP	2026-09-07T12:09:09.0214898Z Class 'EditorInspectorPluginMesh' is not exposed, skipping.
Quest 3 arm64 APK export (advisory until first green run)	UNKNOWN STEP	2026-09-07T12:09:09.0215374Z Class 'EditorInspectorPluginPackedScene' is not exposed, skipping.
Quest 3 arm64 APK export (advisory until first green run)	UNKNOWN STEP	2026-09-07T12:09:09.0215814Z Class 'EditorInspectorPluginSkeleton' is not exposed, skipping.
Quest 3 arm64 APK export (advisory until first green run)	UNKNOWN STEP	2026-09-07T12:09:09.0216229Z Class 'EditorInspectorPluginStyleBox' is not exposed, skipping.
Quest 3 arm64 APK export (advisory until first green run)	UNKNOWN STEP	2026-09-07T12:09:09.0216785Z Class 'EditorInspectorPluginSubViewportPreview' is not exposed, skipping.
Quest 3 arm64 APK export (advisory until first green run)	UNKNOWN STEP	2026-09-07T12:09:09.0217586Z Class 'EditorInspectorPluginSystemFont' is not exposed, skipping.
Quest 3 arm64 APK export (advisory until first green run)	UNKNOWN STEP	2026-09-07T12:09:09.0218151Z Class 'EditorInspectorPluginTexture' is not exposed, skipping.
Quest 3 arm64 APK export (advisory until first green run)	UNKNOWN STEP	2026-09-07T12:09:09.0218621Z Class 'EditorInspectorPluginTextureRegion' is not exposed, skipping.
Quest 3 arm64 APK export (advisory until first green run)	UNKNOWN STEP	2026-09-07T12:09:09.0219062Z Class 'EditorInspectorPluginTileData' is not exposed, skipping.
Quest 3 arm64 APK export (advisory until first green run)	UNKNOWN STEP	2026-09-07T12:09:09.0219482Z Class 'EditorInspectorRootMotionPlugin' is not exposed, skipping.
Quest 3 arm64 APK export (advisory until first green run)	UNKNOWN STEP	2026-09-07T12:09:09.0219941Z Class 'EditorInspectorVisualShaderModePlugin' is not exposed, skipping.
Quest 3 arm64 APK export (advisory until first green run)	UNKNOWN STEP	2026-09-07T12:09:09.0220409Z Class 'EditorJSONSyntaxHighlighter' is not exposed, skipping.
Quest 3 arm64 APK export (advisory until first green run)	UNKNOWN STEP	2026-09-07T12:09:09.0220803Z Class 'EditorLayoutsDialog' is not exposed, skipping.
Quest 3 arm64 APK export (advisory until first green run)	UNKNOWN STEP	2026-09-07T12:09:09.0221164Z Class 'EditorLocaleDialog' is not exposed, skipping.
Quest 3 arm64 APK export (advisory until first green run)	UNKNOWN STEP	2026-09-07T12:09:09.0221488Z Class 'EditorLog' is not exposed, skipping.
Quest 3 arm64 APK export (advisory until first green run)	UNKNOWN STEP	2026-09-07T12:09:09.0221853Z Class 'EditorMaterialPreviewPlugin' is not exposed, skipping.
Quest 3 arm64 APK export (advisory until first green run)	UNKNOWN STEP	2026-09-07T12:09:09.0222254Z Class 'EditorMeshPreviewPlugin' is not exposed, skipping.
Quest 3 arm64 APK export (advisory until first green run)	UNKNOWN STEP	2026-09-07T12:09:09.0222965Z Class 'EditorNativeShaderSourceVisualizer' is not exposed, skipping.
Quest 3 arm64 APK export (advisory until first green run)	UNKNOWN STEP	2026-09-07T12:09:09.0223472Z Class 'EditorNode' is not exposed, skipping.
Quest 3 arm64 APK export (advisory until first green run)	UNKNOWN STEP	2026-09-07T12:09:09.0223817Z Class 'EditorOBJImporter' is not exposed, skipping.
Quest 3 arm64 APK export (advisory until first green run)	UNKNOWN STEP	2026-09-07T12:09:09.0224168Z Class 'EditorObjectSelector' is not exposed, skipping.
Quest 3 arm64 APK export (advisory until first green run)	UNKNOWN STEP	2026-09-07T12:09:09.0224563Z Class 'EditorPackedScenePreviewPlugin' is not exposed, skipping.
Quest 3 arm64 APK export (advisory until first green run)	UNKNOWN STEP	2026-09-07T12:09:09.0224976Z Class 'EditorPerformanceProfiler' is not exposed, skipping.
Quest 3 arm64 APK export (advisory until first green run)	UNKNOWN STEP	2026-09-07T12:09:09.0225337Z Class 'EditorPluginCSG' is not exposed, skipping.
Quest 3 arm64 APK export (advisory until first green run)	UNKNOWN STEP	2026-09-07T12:09:09.0225685Z Class 'EditorPluginSettings' is not exposed, skipping.
Quest 3 arm64 APK export (advisory until first green run)	UNKNOWN STEP	2026-09-07T12:09:09.0226018Z Class 'EditorProfiler' is not exposed, skipping.
Quest 3 arm64 APK export (advisory until first green run)	UNKNOWN STEP	2026-09-07T12:09:09.0226360Z Class 'EditorPropertyInteger' is not exposed, skipping.
Quest 3 arm64 APK export (advisory until first green run)	UNKNOWN STEP	2026-09-07T12:09:09.0227005Z Class 'EditorPropertyNameProcessor' is not exposed, skipping.
Quest 3 arm64 APK export (advisory until first green run)	UNKNOWN STEP	2026-09-07T12:09:09.0227606Z Class 'EditorPropertyPath' is not exposed, skipping.
Quest 3 arm64 APK export (advisory until first green run)	UNKNOWN STEP	2026-09-07T12:09:09.0228214Z Class 'EditorPropertyVector2i' is not exposed, skipping.
Quest 3 arm64 APK export (advisory until first green run)	UNKNOWN STEP	2026-09-07T12:09:09.0228794Z Class 'EditorPropertyVectorN' is not exposed, skipping.
Quest 3 arm64 APK export (advisory until first green run)	UNKNOWN STEP	2026-09-07T12:09:09.0229268Z Class 'EditorQuickOpen' is not exposed, skipping.
Quest 3 arm64 APK export (advisory until first green run)	UNKNOWN STEP	2026-09-07T12:09:09.0229598Z Class 'EditorRunBar' is not exposed, skipping.
Quest 3 arm64 APK export (advisory until first green run)	UNKNOWN STEP	2026-09-07T12:09:09.0229910Z Class 'EditorRunNative' is not exposed, skipping.
Quest 3 arm64 APK export (advisory until first green run)	UNKNOWN STEP	2026-09-07T12:09:09.0230289Z Class 'EditorSceneExporterGLTFSettings' is not exposed, skipping.
Quest 3 arm64 APK export (advisory until first green run)	UNKNOWN STEP	2026-09-07T12:09:09.0230740Z Class 'EditorSceneFormatImporterCollada' is not exposed, skipping.
Quest 3 arm64 APK export (advisory until first green run)	UNKNOWN STEP	2026-09-07T12:09:09.0231211Z Class 'EditorSceneFormatImporterESCN' is not exposed, skipping.
Quest 3 arm64 APK export (advisory until first green run)	UNKNOWN STEP	2026-09-07T12:09:09.0231587Z Class 'EditorSceneTabs' is not exposed, skipping.
Quest 3 arm64 APK export (advisory until first green run)	UNKNOWN STEP	2026-09-07T12:09:09.0232297Z Class 'EditorScriptPreviewPlugin' is not exposed, skipping.
Quest 3 arm64 APK export (advisory until first green run)	UNKNOWN STEP	2026-09-07T12:09:09.0247002Z Class 'EditorSettingsDialog' is not exposed, skipping.
Quest 3 arm64 APK export (advisory until first green run)	UNKNOWN STEP	2026-09-07T12:09:09.0272097Z Class 'EditorTexturePreviewPlugin' is not exposed, skipping.
Quest 3 arm64 APK export (advisory until first green run)	UNKNOWN STEP	2026-09-07T12:09:09.0272749Z Class 'EditorTextureTooltipPlugin' is not exposed, skipping.
Quest 3 arm64 APK export (advisory until first green run)	UNKNOWN STEP	2026-09-07T12:09:09.0273415Z Class 'EditorTheme' is not exposed, skipping.
Quest 3 arm64 APK export (advisory until first green run)	UNKNOWN STEP	2026-09-07T12:09:09.0273779Z Class 'EditorTitleBar' is not exposed, skipping.
Quest 3 arm64 APK export (advisory until first green run)	UNKNOWN STEP	2026-09-07T12:09:09.0274289Z Class 'EditorToaster' is not exposed, skipping.
Quest 3 arm64 APK export (advisory until first green run)	UNKNOWN STEP	2026-09-07T12:09:09.0274836Z Class 'EditorValidationPanel' is not exposed, skipping.
Quest 3 arm64 APK export (advisory until first green run)	UNKNOWN STEP	2026-09-07T12:09:09.0275271Z Class 'EditorVisualProfiler' is not exposed, skipping.
Quest 3 arm64 APK export (advisory until first green run)	UNKNOWN STEP	2026-09-07T12:09:09.0275614Z Class 'EditorZoomWidget' is not exposed, skipping.
Quest 3 arm64 APK export (advisory until first green run)	UNKNOWN STEP	2026-09-07T12:09:09.0284315Z Class 'EventListenerLineEdit' is not exposed, skipping.
Quest 3 arm64 APK export (advisory until first green run)	UNKNOWN STEP	2026-09-07T12:09:09.0284889Z Class 'ExportTemplateManager' is not exposed, skipping.
Quest 3 arm64 APK export (advisory until first green run)	UNKNOWN STEP	2026-09-07T12:09:09.0285441Z Class 'FBXImporterManager' is not exposed, skipping.
Quest 3 arm64 APK export (advisory until first green run)	UNKNOWN STEP	2026-09-07T12:09:09.0345276Z Class 'FileSystemList' is not exposed, skipping.
Quest 3 arm64 APK export (advisory until first green run)	UNKNOWN STEP	2026-09-07T12:09:09.0345797Z Class 'FindInFiles' is not exposed, skipping.
Quest 3 arm64 APK export (advisory until first green run)	UNKNOWN STEP	2026-09-07T12:09:09.0346303Z Class 'FindInFilesDialog' is not exposed, skipping.
Quest 3 arm64 APK export (advisory until first green run)	UNKNOWN STEP	2026-09-07T12:09:09.0346646Z Class 'FindInFilesPanel' is not exposed, skipping.
Quest 3 arm64 APK export (advisory until first green run)	UNKNOWN STEP	2026-09-07T12:09:09.0346967Z Class 'FindReplaceBar' is not exposed, skipping.
Quest 3 arm64 APK export (advisory until first green run)	UNKNOWN STEP	2026-09-07T12:09:09.0350563Z Class 'FogMaterialConversionPlugin' is not exposed, skipping.
Quest 3 arm64 APK export (advisory until first green run)	UNKNOWN STEP	2026-09-07T12:09:09.0364429Z Class 'FontEditorPlugin' is not exposed, skipping.
Quest 3 arm64 APK export (advisory until first green run)	UNKNOWN STEP	2026-09-07T12:09:09.0373450Z Class 'GDScriptEditorTranslationParserPlugin' is not exposed, skipping.
Quest 3 arm64 APK export (advisory until first green run)	UNKNOWN STEP	2026-09-07T12:09:09.0374171Z Class 'GDScriptLanguageServer' is not exposed, skipping.
Quest 3 arm64 APK export (advisory until first green run)	UNKNOWN STEP	2026-09-07T12:09:09.0374676Z Class 'GDScriptNativeClass' is not exposed, skipping.
Quest 3 arm64 APK export (advisory until first green run)	UNKNOWN STEP	2026-09-07T12:09:09.0375048Z Class 'GDScriptSyntaxHighlighter' is not exposed, skipping.
Quest 3 arm64 APK export (advisory until first green run)	UNKNOWN STEP	2026-09-07T12:09:09.0378863Z Class 'GLTFDocumentExtensionPhysics' is not exposed, skipping.
Quest 3 arm64 APK export (advisory until first green run)	UNKNOWN STEP	2026-09-07T12:09:09.0379572Z Class 'GLTFDocumentExtensionTextureKTX' is not exposed, skipping.
Quest 3 arm64 APK export (advisory until first green run)	UNKNOWN STEP	2026-09-07T12:09:09.0380127Z Class 'GLTFDocumentExtensionTextureWebP' is not exposed, skipping.
Quest 3 arm64 APK export (advisory until first green run)	UNKNOWN STEP	2026-09-07T12:09:09.0389799Z Class 'GPUParticles2DEditorPlugin' is not exposed, skipping.
Quest 3 arm64 APK export (advisory until first green run)	UNKNOWN STEP	2026-09-07T12:09:09.0404111Z Class 'GPUParticles3DEditor' is not exposed, skipping.
Quest 3 arm64 APK export (advisory until first green run)	UNKNOWN STEP	2026-09-07T12:09:09.0404701Z Class 'GPUParticles3DEditorBase' is not exposed, skipping.
Quest 3 arm64 APK export (advisory until first green run)	UNKNOWN STEP	2026-09-07T12:09:09.0405240Z Class 'GPUParticles3DEditorPlugin' is not exposed, skipping.
Quest 3 arm64 APK export (advisory until first green run)	UNKNOWN STEP	2026-09-07T12:09:09.0492197Z Class 'GPUParticlesCollisionSDF3DEditorPlugin' is not exposed, skipping.
Quest 3 arm64 APK export (advisory until first green run)	UNKNOWN STEP	2026-09-07T12:09:09.0534234Z Class 'Gizmo3DHelper' is not exposed, skipping.
Quest 3 arm64 APK export (advisory until first green run)	UNKNOWN STEP	2026-09-07T12:09:09.0534788Z Class 'GodotNavigationServer2D' is not exposed, skipping.
Quest 3 arm64 APK export (advisory until first green run)	UNKNOWN STEP	2026-09-07T12:09:09.0535373Z Class 'GodotPhysicsServer2D' is not exposed, skipping.
Quest 3 arm64 APK export (advisory until first green run)	UNKNOWN STEP	2026-09-07T12:09:09.0535932Z Class 'GodotPhysicsServer3D' is not exposed, skipping.
Quest 3 arm64 APK export (advisory until first green run)	UNKNOWN STEP	2026-09-07T12:09:09.0536417Z Class 'GradientEditorPlugin' is not exposed, skipping.
Quest 3 arm64 APK export (advisory until first green run)	UNKNOWN STEP	2026-09-07T12:09:09.0538994Z Class 'GradientTexture2DEditorPlugin' is not exposed, skipping.
Quest 3 arm64 APK export (advisory until first green run)	UNKNOWN STEP	2026-09-07T12:09:09.0550791Z Class 'GraphEditFilter' is not exposed, skipping.
Quest 3 arm64 APK export (advisory until first green run)	UNKNOWN STEP	2026-09-07T12:09:09.0564372Z Class 'GraphEditMinimap' is not exposed, skipping.
Quest 3 arm64 APK export (advisory until first green run)	UNKNOWN STEP	2026-09-07T12:09:09.0564887Z Class 'GridMapEditor' is not exposed, skipping.
Quest 3 arm64 APK export (advisory until first green run)	UNKNOWN STEP	2026-09-07T12:09:09.0565396Z Class 'GridMapEditorPlugin' is not exposed, skipping.
Quest 3 arm64 APK export (advisory until first green run)	UNKNOWN STEP	2026-09-07T12:09:09.0576021Z Class 'GroupSettingsEditor' is not exposed, skipping.
Quest 3 arm64 APK export (advisory until first green run)	UNKNOWN STEP	2026-09-07T12:09:09.0576541Z Class 'GroupsEditor' is not exposed, skipping.
Quest 3 arm64 APK export (advisory until first green run)	UNKNOWN STEP	2026-09-07T12:09:09.0656441Z Class 'HistoryDock' is not exposed, skipping.
Quest 3 arm64 APK export (advisory until first green run)	UNKNOWN STEP	2026-09-07T12:09:09.0657130Z Class 'IPUnix' is not exposed, skipping.
Quest 3 arm64 APK export (advisory until first green run)	UNKNOWN STEP	2026-09-07T12:09:09.0668090Z Class 'ImportDefaultsEditor' is not exposed, skipping.
Quest 3 arm64 APK export (advisory until first green run)	UNKNOWN STEP	2026-09-07T12:09:09.0668717Z Class 'ImportDefaultsEditorSettings' is not exposed, skipping.
Quest 3 arm64 APK export (advisory until first green run)	UNKNOWN STEP	2026-09-07T12:09:09.0669219Z Class 'ImportDock' is not exposed, skipping.
Quest 3 arm64 APK export (advisory until first green run)	UNKNOWN STEP	2026-09-07T12:09:09.0669547Z Class 'ImportDockParameters' is not exposed, skipping.
Quest 3 arm64 APK export (advisory until first green run)	UNKNOWN STEP	2026-09-07T12:09:09.0679493Z Class 'InputEventConfigurationDialog' is not exposed, skipping.
Quest 3 arm64 APK export (advisory until first green run)	UNKNOWN STEP	2026-09-07T12:09:09.0680089Z Class 'InputEventEditorPlugin' is not exposed, skipping.
Quest 3 arm64 APK export (advisory until first green run)	UNKNOWN STEP	2026-09-07T12:09:09.0724493Z Class 'InspectorDock' is not exposed, skipping.
Quest 3 arm64 APK export (advisory until first green run)	UNKNOWN STEP	2026-09-07T12:09:09.0815530Z Class 'LightOccluder2DEditor' is not exposed, skipping.
Quest 3 arm64 APK export (advisory until first green run)	UNKNOWN STEP	2026-09-07T12:09:09.0816149Z Class 'LightOccluder2DEditorPlugin' is not exposed, skipping.
Quest 3 arm64 APK export (advisory until first green run)	UNKNOWN STEP	2026-09-07T12:09:09.0830275Z Class 'LightmapGIEditorPlugin' is not exposed, skipping.
Quest 3 arm64 APK export (advisory until first green run)	UNKNOWN STEP	2026-09-07T12:09:09.0833943Z Class 'Line2DEditor' is not exposed, skipping.
Quest 3 arm64 APK export (advisory until first green run)	UNKNOWN STEP	2026-09-07T12:09:09.0834465Z Class 'Line2DEditorPlugin' is not exposed, skipping.
Quest 3 arm64 APK export (advisory until first green run)	UNKNOWN STEP	2026-09-07T12:09:09.0860642Z Class 'LocalizationEditor' is not exposed, skipping.
Quest 3 arm64 APK export (advisory until first green run)	UNKNOWN STEP	2026-09-07T12:09:09.0868289Z Class 'MaterialEditorPlugin' is not exposed, skipping.
Quest 3 arm64 APK export (advisory until first green run)	UNKNOWN STEP	2026-09-07T12:09:09.0885968Z Class 'MeshEditorPlugin' is not exposed, skipping.
Quest 3 arm64 APK export (advisory until first green run)	UNKNOWN STEP	2026-09-07T12:09:09.0900303Z Class 'MeshInstance3DEditor' is not exposed, skipping.
Quest 3 arm64 APK export (advisory until first green run)	UNKNOWN STEP	2026-09-07T12:09:09.0900926Z Class 'MeshInstance3DEditorPlugin' is not exposed, skipping.
Quest 3 arm64 APK export (advisory until first green run)	UNKNOWN STEP	2026-09-07T12:09:09.0901544Z Class 'MeshLibraryEditor' is not exposed, skipping.
Quest 3 arm64 APK export (advisory until first green run)	UNKNOWN STEP	2026-09-07T12:09:09.0902132Z Class 'MeshLibraryEditorPlugin' is not exposed, skipping.
Quest 3 arm64 APK export (advisory until first green run)	UNKNOWN STEP	2026-09-07T12:09:09.0911950Z Class 'MovieWriterMJPEG' is not exposed, skipping.
Quest 3 arm64 APK export (advisory until first green run)	UNKNOWN STEP	2026-09-07T12:09:09.0912483Z Class 'MovieWriterPNGWAV' is not exposed, skipping.
Quest 3 arm64 APK export (advisory until first green run)	UNKNOWN STEP	2026-09-07T12:09:09.0913619Z Class 'MultiMeshEditor' is not exposed, skipping.
Quest 3 arm64 APK export (advisory until first green run)	UNKNOWN STEP	2026-09-07T12:09:09.0914173Z Class 'MultiMeshEditorPlugin' is not exposed, skipping.
Quest 3 arm64 APK export (advisory until first green run)	UNKNOWN STEP	2026-09-07T12:09:09.0929397Z Class 'MultiplayerEditorDebugger' is not exposed, skipping.
Quest 3 arm64 APK export (advisory until first green run)	UNKNOWN STEP	2026-09-07T12:09:09.0930022Z Class 'MultiplayerEditorPlugin' is not exposed, skipping.
Quest 3 arm64 APK export (advisory until first green run)	UNKNOWN STEP	2026-09-07T12:09:09.0946767Z Class 'NavigationLink2DEditor' is not exposed, skipping.
Quest 3 arm64 APK export (advisory until first green run)	UNKNOWN STEP	2026-09-07T12:09:09.0947398Z Class 'NavigationLink2DEditorPlugin' is not exposed, skipping.
Quest 3 arm64 APK export (advisory until first green run)	UNKNOWN STEP	2026-09-07T12:09:09.0950713Z Class 'NavigationMeshEditor' is not exposed, skipping.
Quest 3 arm64 APK export (advisory until first green run)	UNKNOWN STEP	2026-09-07T12:09:09.0951331Z Class 'NavigationMeshEditorPlugin' is not exposed, skipping.
Quest 3 arm64 APK export (advisory until first green run)	UNKNOWN STEP	2026-09-07T12:09:09.0954549Z Class 'NavigationObstacle2DEditor' is not exposed, skipping.
Quest 3 arm64 APK export (advisory until first green run)	UNKNOWN STEP	2026-09-07T12:09:09.0955564Z Class 'NavigationObstacle2DEditorPlugin' is not exposed, skipping.
Quest 3 arm64 APK export (advisory until first green run)	UNKNOWN STEP	2026-09-07T12:09:09.0957773Z Class 'NavigationObstacle3DEditor' is not exposed, skipping.
Quest 3 arm64 APK export (advisory until first green run)	UNKNOWN STEP	2026-09-07T12:09:09.0958483Z Class 'NavigationObstacle3DEditorPlugin' is not exposed, skipping.
Quest 3 arm64 APK export (advisory until first green run)	UNKNOWN STEP	2026-09-07T12:09:09.0962191Z Class 'NavigationPolygonEditor' is not exposed, skipping.
Quest 3 arm64 APK export (advisory until first green run)	UNKNOWN STEP	2026-09-07T12:09:09.0962846Z Class 'NavigationPolygonEditorPlugin' is not exposed, skipping.
Quest 3 arm64 APK export (advisory until first green run)	UNKNOWN STEP	2026-09-07T12:09:09.0991031Z Class 'Node3DEditor' is not exposed, skipping.
Quest 3 arm64 APK export (advisory until first green run)	UNKNOWN STEP	2026-09-07T12:09:09.0991555Z Class 'Node3DEditorPlugin' is not exposed, skipping.
Quest 3 arm64 APK export (advisory until first green run)	UNKNOWN STEP	2026-09-07T12:09:09.0992102Z Class 'Node3DEditorViewport' is not exposed, skipping.
Quest 3 arm64 APK export (advisory until first green run)	UNKNOWN STEP	2026-09-07T12:09:09.0992493Z Class 'Node3DEditorViewportContainer' is not exposed, skipping.
Quest 3 arm64 APK export (advisory until first green run)	UNKNOWN STEP	2026-09-07T12:09:09.0992851Z Class 'NodeDock' is not exposed, skipping.
Quest 3 arm64 APK export (advisory until first green run)	UNKNOWN STEP	2026-09-07T12:09:09.0993502Z Class 'NoiseEditorInspectorPlugin' is not exposed, skipping.
Quest 3 arm64 APK export (advisory until first green run)	UNKNOWN STEP	2026-09-07T12:09:09.0994099Z Class 'NoiseEditorPlugin' is not exposed, skipping.
Quest 3 arm64 APK export (advisory until first green run)	UNKNOWN STEP	2026-09-07T12:09:09.1026455Z Class 'ORMMaterial3DConversionPlugin' is not exposed, skipping.
Quest 3 arm64 APK export (advisory until first green run)	UNKNOWN STEP	2026-09-07T12:09:09.1041033Z Class 'OccluderInstance3DEditorPlugin' is not exposed, skipping.
Quest 3 arm64 APK export (advisory until first green run)	UNKNOWN STEP	2026-09-07T12:09:09.1060195Z Class 'OpenXRActionMapEditor' is not exposed, skipping.
Quest 3 arm64 APK export (advisory until first green run)	UNKNOWN STEP	2026-09-07T12:09:09.1096391Z Class 'OpenXREditorPlugin' is not exposed, skipping.
Quest 3 arm64 APK export (advisory until first green run)	UNKNOWN STEP	2026-09-07T12:09:09.1103255Z Class 'OpenXRSelectInteractionProfileDialog' is not exposed, skipping.
Quest 3 arm64 APK export (advisory until first green run)	UNKNOWN STEP	2026-09-07T12:09:09.1104072Z Class 'OpenXRSelectRuntime' is not exposed, skipping.
Quest 3 arm64 APK export (advisory until first green run)	UNKNOWN STEP	2026-09-07T12:09:09.1115227Z Class 'OrphanResourcesDialog' is not exposed, skipping.
Quest 3 arm64 APK export (advisory until first green run)	UNKNOWN STEP	2026-09-07T12:09:09.1116528Z Class 'PackedSceneEditorPlugin' is not exposed, skipping.
Quest 3 arm64 APK export (advisory until first green run)	UNKNOWN STEP	2026-09-07T12:09:09.1117237Z Class 'PackedSceneEditorTranslationParserPlugin' is not exposed, skipping.
Quest 3 arm64 APK export (advisory until first green run)	UNKNOWN STEP	2026-09-07T12:09:09.1127163Z Class 'PanoramaSkyMaterialConversionPlugin' is not exposed, skipping.
Quest 3 arm64 APK export (advisory until first green run)	UNKNOWN STEP	2026-09-07T12:09:09.1129804Z Class 'ParallaxBackgroundEditorPlugin' is not exposed, skipping.
Quest 3 arm64 APK export (advisory until first green run)	UNKNOWN STEP	2026-09-07T12:09:09.1139436Z Class 'ParticleProcessMaterialConversionPlugin' is not exposed, skipping.
Quest 3 arm64 APK export (advisory until first green run)	UNKNOWN STEP	2026-09-07T12:09:09.1140371Z Class 'Path2DEditor' is not exposed, skipping.
Quest 3 arm64 APK export (advisory until first green run)	UNKNOWN STEP	2026-09-07T12:09:09.1140900Z Class 'Path2DEditorPlugin' is not exposed, skipping.
Quest 3 arm64 APK export (advisory until first green run)	UNKNOWN STEP	2026-09-07T12:09:09.1141437Z Class 'Path3DEditorPlugin' is not exposed, skipping.
Quest 3 arm64 APK export (advisory until first green run)	UNKNOWN STEP	2026-09-07T12:09:09.1141963Z Class 'Path3DGizmoPlugin' is not exposed, skipping.
Quest 3 arm64 APK export (advisory until first green run)	UNKNOWN STEP	2026-09-07T12:09:09.1159891Z Class 'PhysicalBone3DEditorPlugin' is not exposed, skipping.
Quest 3 arm64 APK export (advisory until first green run)	UNKNOWN STEP	2026-09-07T12:09:09.1172100Z Class 'PhysicalSkyMaterialConversionPlugin' is not exposed, skipping.
Quest 3 arm64 APK export (advisory until first green run)	UNKNOWN STEP	2026-09-07T12:09:09.1298115Z Class 'PluginConfigDialog' is not exposed, skipping.
Quest 3 arm64 APK export (advisory until first green run)	UNKNOWN STEP	2026-09-07T12:09:09.1317173Z Class 'Polygon2DEditor' is not exposed, skipping.
Quest 3 arm64 APK export (advisory until first green run)	UNKNOWN STEP	2026-09-07T12:09:09.1317738Z Class 'Polygon2DEditorPlugin' is not exposed, skipping.
Quest 3 arm64 APK export (advisory until first green run)	UNKNOWN STEP	2026-09-07T12:09:09.1318272Z Class 'Polygon3DEditor' is not exposed, skipping.
Quest 3 arm64 APK export (advisory until first green run)	UNKNOWN STEP	2026-09-07T12:09:09.1318610Z Class 'Polygon3DEditorPlugin' is not exposed, skipping.
Quest 3 arm64 APK export (advisory until first green run)	UNKNOWN STEP	2026-09-07T12:09:09.1339171Z Class 'PostImportPluginSkeletonRenamer' is not exposed, skipping.
Quest 3 arm64 APK export (advisory until first green run)	UNKNOWN STEP	2026-09-07T12:09:09.1339924Z Class 'PostImportPluginSkeletonRestFixer' is not exposed, skipping.
Quest 3 arm64 APK export (advisory until first green run)	UNKNOWN STEP	2026-09-07T12:09:09.1340464Z Class 'PostImportPluginSkeletonTrackOrganizer' is not exposed, skipping.
Quest 3 arm64 APK export (advisory until first green run)	UNKNOWN STEP	2026-09-07T12:09:09.1348915Z Class 'ProceduralSkyMaterialConversionPlugin' is not exposed, skipping.
Quest 3 arm64 APK export (advisory until first green run)	UNKNOWN STEP	2026-09-07T12:09:09.1368320Z Class 'ProgressDialog' is not exposed, skipping.
Quest 3 arm64 APK export (advisory until first green run)	UNKNOWN STEP	2026-09-07T12:09:09.1368862Z Class 'ProjectExportDialog' is not exposed, skipping.
Quest 3 arm64 APK export (advisory until first green run)	UNKNOWN STEP	2026-09-07T12:09:09.1369463Z Class 'ProjectExportTextureFormatError' is not exposed, skipping.
Quest 3 arm64 APK export (advisory until first green run)	UNKNOWN STEP	2026-09-07T12:09:09.1369879Z Class 'ProjectSettingsEditor' is not exposed, skipping.
Quest 3 arm64 APK export (advisory until first green run)	UNKNOWN STEP	2026-09-07T12:09:09.1370239Z Class 'PropertySelector' is not exposed, skipping.
Quest 3 arm64 APK export (advisory until first green run)	UNKNOWN STEP	2026-09-07T12:09:09.1422545Z Class 'RenameDialog' is not exposed, skipping.
Quest 3 arm64 APK export (advisory until first green run)	UNKNOWN STEP	2026-09-07T12:09:09.1469170Z Class 'ReparentDialog' is not exposed, skipping.
Quest 3 arm64 APK export (advisory until first green run)	UNKNOWN STEP	2026-09-07T12:09:09.1470111Z Class 'ReplicationEditor' is not exposed, skipping.
Quest 3 arm64 APK export (advisory until first green run)	UNKNOWN STEP	2026-09-07T12:09:09.1470722Z Class 'ResourceFormatImporterSaver' is not exposed, skipping.
Quest 3 arm64 APK export (advisory until first green run)	UNKNOWN STEP	2026-09-07T12:09:09.1478212Z Class 'ResourcePreloaderEditor' is not exposed, skipping.
Quest 3 arm64 APK export (advisory until first green run)	UNKNOWN STEP	2026-09-07T12:09:09.1478858Z Class 'ResourcePreloaderEditorPlugin' is not exposed, skipping.
Quest 3 arm64 APK export (advisory until first green run)	UNKNOWN STEP	2026-09-07T12:09:09.1527366Z Class 'RunInstancesDialog' is not exposed, skipping.
Quest 3 arm64 APK export (advisory until first green run)	UNKNOWN STEP	2026-09-07T12:09:09.1527931Z Class 'SceneCacheInterface' is not exposed, skipping.
Quest 3 arm64 APK export (advisory until first green run)	UNKNOWN STEP	2026-09-07T12:09:09.1528452Z Class 'SceneCreateDialog' is not exposed, skipping.
Quest 3 arm64 APK export (advisory until first green run)	UNKNOWN STEP	2026-09-07T12:09:09.1528993Z Class 'SceneExporterGLTFPlugin' is not exposed, skipping.
Quest 3 arm64 APK export (advisory until first green run)	UNKNOWN STEP	2026-09-07T12:09:09.1529601Z Class 'SceneImportSettingsData' is not exposed, skipping.
Quest 3 arm64 APK export (advisory until first green run)	UNKNOWN STEP	2026-09-07T12:09:09.1530207Z Class 'SceneImportSettingsDialog' is not exposed, skipping.
Quest 3 arm64 APK export (advisory until first green run)	UNKNOWN STEP	2026-09-07T12:09:09.1530787Z Class 'SceneRPCInterface' is not exposed, skipping.
Quest 3 arm64 APK export (advisory until first green run)	UNKNOWN STEP	2026-09-07T12:09:09.1531344Z Class 'SceneReplicationInterface' is not exposed, skipping.
Quest 3 arm64 APK export (advisory until first green run)	UNKNOWN STEP	2026-09-07T12:09:09.1531725Z Class 'SceneTileProxyObject' is not exposed, skipping.
Quest 3 arm64 APK export (advisory until first green run)	UNKNOWN STEP	2026-09-07T12:09:09.1536027Z Class 'SceneTreeDialog' is not exposed, skipping.
Quest 3 arm64 APK export (advisory until first green run)	UNKNOWN STEP	2026-09-07T12:09:09.1536536Z Class 'SceneTreeDock' is not exposed, skipping.
Quest 3 arm64 APK export (advisory until first green run)	UNKNOWN STEP	2026-09-07T12:09:09.1537038Z Class 'SceneTreeEditor' is not exposed, skipping.
Quest 3 arm64 APK export (advisory until first green run)	UNKNOWN STEP	2026-09-07T12:09:09.1537559Z Class 'ScreenSelect' is not exposed, skipping.
Quest 3 arm64 APK export (advisory until first green run)	UNKNOWN STEP	2026-09-07T12:09:09.1685624Z Class 'ScriptEditorDebugger' is not exposed, skipping.
Quest 3 arm64 APK export (advisory until first green run)	UNKNOWN STEP	2026-09-07T12:09:09.1686274Z Class 'ScriptEditorPlugin' is not exposed, skipping.
Quest 3 arm64 APK export (advisory until first green run)	UNKNOWN STEP	2026-09-07T12:09:09.1729621Z Class 'SectionedInspector' is not exposed, skipping.
Quest 3 arm64 APK export (advisory until first green run)	UNKNOWN STEP	2026-09-07T12:09:09.1730079Z Class 'SectionedInspectorFilter' is not exposed, skipping.
Quest 3 arm64 APK export (advisory until first green run)	UNKNOWN STEP	2026-09-07T12:09:09.1752594Z Class 'ShaderCreateDialog' is not exposed, skipping.
Quest 3 arm64 APK export (advisory until first green run)	UNKNOWN STEP	2026-09-07T12:09:09.1753614Z Class 'ShaderEditorPlugin' is not exposed, skipping.
Quest 3 arm64 APK export (advisory until first green run)	UNKNOWN STEP	2026-09-07T12:09:09.1754717Z Class 'ShaderFileEditor' is not exposed, skipping.
Quest 3 arm64 APK export (advisory until first green run)	UNKNOWN STEP	2026-09-07T12:09:09.1755362Z Class 'ShaderFileEditorPlugin' is not exposed, skipping.
Quest 3 arm64 APK export (advisory until first green run)	UNKNOWN STEP	2026-09-07T12:09:09.1755962Z Class 'ShaderGlobalsEditor' is not exposed, skipping.
Quest 3 arm64 APK export (advisory until first green run)	UNKNOWN STEP	2026-09-07T12:09:09.1756573Z Class 'ShaderGlobalsEditorInterface' is not exposed, skipping.
Quest 3 arm64 APK export (advisory until first green run)	UNKNOWN STEP	2026-09-07T12:09:09.1766153Z Class 'SizeFlagPresetPicker' is not exposed, skipping.
Quest 3 arm64 APK export (advisory until first green run)	UNKNOWN STEP	2026-09-07T12:09:09.1767362Z Class 'Skeleton2DEditor' is not exposed, skipping.
Quest 3 arm64 APK export (advisory until first green run)	UNKNOWN STEP	2026-09-07T12:09:09.1767969Z Class 'Skeleton2DEditorPlugin' is not exposed, skipping.
Quest 3 arm64 APK export (advisory until first green run)	UNKNOWN STEP	2026-09-07T12:09:09.1770808Z Class 'Skeleton3DEditorPlugin' is not exposed, skipping.
Quest 3 arm64 APK export (advisory until first green run)	UNKNOWN STEP	2026-09-07T12:09:09.1771384Z Class 'Skeleton3DGizmoPlugin' is not exposed, skipping.
Quest 3 arm64 APK export (advisory until first green run)	UNKNOWN STEP	2026-09-07T12:09:09.1781180Z Class 'SkeletonIK3DEditorPlugin' is not exposed, skipping.
Quest 3 arm64 APK export (advisory until first green run)	UNKNOWN STEP	2026-09-07T12:09:09.1845027Z Class 'SnapDialog' is not exposed, skipping.
Quest 3 arm64 APK export (advisory until first green run)	UNKNOWN STEP	2026-09-07T12:09:09.1875532Z Class 'SplitContainerDragger' is not exposed, skipping.
Quest 3 arm64 APK export (advisory until first green run)	UNKNOWN STEP	2026-09-07T12:09:09.1894108Z Class 'Sprite2DEditor' is not exposed, skipping.
Quest 3 arm64 APK export (advisory until first green run)	UNKNOWN STEP	2026-09-07T12:09:09.1894713Z Class 'Sprite2DEditorPlugin' is not exposed, skipping.
Quest 3 arm64 APK export (advisory until first green run)	UNKNOWN STEP	2026-09-07T12:09:09.1941269Z Class 'SpriteFramesEditor' is not exposed, skipping.
Quest 3 arm64 APK export (advisory until first green run)	UNKNOWN STEP	2026-09-07T12:09:09.1941862Z Class 'SpriteFramesEditorPlugin' is not exposed, skipping.
Quest 3 arm64 APK export (advisory until first green run)	UNKNOWN STEP	2026-09-07T12:09:09.1971670Z Class 'StandardMaterial3DConversionPlugin' is not exposed, skipping.
Quest 3 arm64 APK export (advisory until first green run)	UNKNOWN STEP	2026-09-07T12:09:09.2002738Z Class 'StyleBoxEditorPlugin' is not exposed, skipping.
Quest 3 arm64 APK export (advisory until first green run)	UNKNOWN STEP	2026-09-07T12:09:09.2032531Z Class 'SubViewportPreviewEditorPlugin' is not exposed, skipping.
Quest 3 arm64 APK export (advisory until first green run)	UNKNOWN STEP	2026-09-07T12:09:09.2034019Z Class 'SurfaceUpgradeDialog' is not exposed, skipping.
Quest 3 arm64 APK export (advisory until first green run)	UNKNOWN STEP	2026-09-07T12:09:09.2034580Z Class 'SurfaceUpgradeTool' is not exposed, skipping.
Quest 3 arm64 APK export (advisory until first green run)	UNKNOWN STEP	2026-09-07T12:09:09.2089593Z Class 'Texture3DEditorPlugin' is not exposed, skipping.
Quest 3 arm64 APK export (advisory until first green run)	UNKNOWN STEP	2026-09-07T12:09:09.2113288Z Class 'TextureEditorPlugin' is not exposed, skipping.
Quest 3 arm64 APK export (advisory until first green run)	UNKNOWN STEP	2026-09-07T12:09:09.2116417Z Class 'TextureLayeredEditorPlugin' is not exposed, skipping.
Quest 3 arm64 APK export (advisory until first green run)	UNKNOWN STEP	2026-09-07T12:09:09.2142164Z Class 'TextureRegionEditor' is not exposed, skipping.
Quest 3 arm64 APK export (advisory until first green run)	UNKNOWN STEP	2026-09-07T12:09:09.2142784Z Class 'TextureRegionEditorPlugin' is not exposed, skipping.
Quest 3 arm64 APK export (advisory until first green run)	UNKNOWN STEP	2026-09-07T12:09:09.2145696Z Class 'ThemeContext' is not exposed, skipping.
Quest 3 arm64 APK export (advisory until first green run)	UNKNOWN STEP	2026-09-07T12:09:09.2146234Z Class 'ThemeEditor' is not exposed, skipping.
Quest 3 arm64 APK export (advisory until first green run)	UNKNOWN STEP	2026-09-07T12:09:09.2146765Z Class 'ThemeEditorPlugin' is not exposed, skipping.
Quest 3 arm64 APK export (advisory until first green run)	UNKNOWN STEP	2026-09-07T12:09:09.2147309Z Class 'ThemeEditorPreview' is not exposed, skipping.
Quest 3 arm64 APK export (advisory until first green run)	UNKNOWN STEP	2026-09-07T12:09:09.2147896Z Class 'ThemeItemEditorDialog' is not exposed, skipping.
Quest 3 arm64 APK export (advisory until first green run)	UNKNOWN STEP	2026-09-07T12:09:09.2148459Z Class 'ThemeItemImportTree' is not exposed, skipping.
Quest 3 arm64 APK export (advisory until first green run)	UNKNOWN STEP	2026-09-07T12:09:09.2149013Z Class 'ThemeTypeDialog' is not exposed, skipping.
Quest 3 arm64 APK export (advisory until first green run)	UNKNOWN STEP	2026-09-07T12:09:09.2149521Z Class 'ThemeTypeEditor' is not exposed, skipping.
Quest 3 arm64 APK export (advisory until first green run)	UNKNOWN STEP	2026-09-07T12:09:09.2149998Z Class 'TileAtlasView' is not exposed, skipping.
Quest 3 arm64 APK export (advisory until first green run)	UNKNOWN STEP	2026-09-07T12:09:09.2154864Z Class 'TileMapEditorPlugin' is not exposed, skipping.
Quest 3 arm64 APK export (advisory until first green run)	UNKNOWN STEP	2026-09-07T12:09:09.2158124Z Class 'TileMapLayerEditor' is not exposed, skipping.
Quest 3 arm64 APK export (advisory until first green run)	UNKNOWN STEP	2026-09-07T12:09:09.2158819Z Class 'TileMapLayerEditorTerrainsPlugin' is not exposed, skipping.
Quest 3 arm64 APK export (advisory until first green run)	UNKNOWN STEP	2026-09-07T12:09:09.2159576Z Class 'TileMapLayerEditorTilesPlugin' is not exposed, skipping.
Quest 3 arm64 APK export (advisory until first green run)	UNKNOWN STEP	2026-09-07T12:09:09.2160241Z Class 'TileProxiesManagerDialog' is not exposed, skipping.
Quest 3 arm64 APK export (advisory until first green run)	UNKNOWN STEP	2026-09-07T12:09:09.2167123Z Class 'TileSetAtlasSourceEditor' is not exposed, skipping.
Quest 3 arm64 APK export (advisory until first green run)	UNKNOWN STEP	2026-09-07T12:09:09.2167788Z Class 'TileSetAtlasSourceProxyObject' is not exposed, skipping.
Quest 3 arm64 APK export (advisory until first green run)	UNKNOWN STEP	2026-09-07T12:09:09.2168395Z Class 'TileSetEditor' is not exposed, skipping.
Quest 3 arm64 APK export (advisory until first green run)	UNKNOWN STEP	2026-09-07T12:09:09.2168921Z Class 'TileSetEditorPlugin' is not exposed, skipping.
Quest 3 arm64 APK export (advisory until first green run)	UNKNOWN STEP	2026-09-07T12:09:09.2169614Z Class 'TileSetScenesCollectionProxyObject' is not exposed, skipping.
Quest 3 arm64 APK export (advisory until first green run)	UNKNOWN STEP	2026-09-07T12:09:09.2170405Z Class 'TileSetScenesCollectionSourceEditor' is not exposed, skipping.
Quest 3 arm64 APK export (advisory until first green run)	UNKNOWN STEP	2026-09-07T12:09:09.2171554Z Class 'TileSourceInspectorPlugin' is not exposed, skipping.
Quest 3 arm64 APK export (advisory until first green run)	UNKNOWN STEP	2026-09-07T12:09:09.2172154Z Class 'TilesEditorUtils' is not exposed, skipping.
Quest 3 arm64 APK export (advisory until first green run)	UNKNOWN STEP	2026-09-07T12:09:09.2205252Z Class 'UVEditDialog' is not exposed, skipping.
Quest 3 arm64 APK export (advisory until first green run)	UNKNOWN STEP	2026-09-07T12:09:09.2271609Z Class 'VersionControlEditorPlugin' is not exposed, skipping.
Quest 3 arm64 APK export (advisory until first green run)	UNKNOWN STEP	2026-09-07T12:09:09.2279448Z Class 'ViewPanner' is not exposed, skipping.
Quest 3 arm64 APK export (advisory until first green run)	UNKNOWN STEP	2026-09-07T12:09:09.2298756Z Class 'ViewportNavigationControl' is not exposed, skipping.
Quest 3 arm64 APK export (advisory until first green run)	UNKNOWN STEP	2026-09-07T12:09:09.2299431Z Class 'ViewportRotationControl' is not exposed, skipping.
Quest 3 arm64 APK export (advisory until first green run)	UNKNOWN STEP	2026-09-07T12:09:09.2326050Z Class 'VisualShaderConversionPlugin' is not exposed, skipping.
Quest 3 arm64 APK export (advisory until first green run)	UNKNOWN STEP	2026-09-07T12:09:09.2570843Z Class 'VoxelGIEditorPlugin' is not exposed, skipping.
Quest 3 arm64 APK export (advisory until first green run)	UNKNOWN STEP	2026-09-07T12:09:09.2602285Z Class 'WindowWrapper' is not exposed, skipping.
Quest 3 arm64 APK export (advisory until first green run)	UNKNOWN STEP	2026-09-07T12:09:09.2779700Z Loaded system CA certificates
Quest 3 arm64 APK export (advisory until first green run)	UNKNOWN STEP	2026-09-07T12:09:10.8226715Z EditorSettings: Save OK!
Quest 3 arm64 APK export (advisory until first green run)	UNKNOWN STEP	2026-09-07T12:09:11.8311172Z Failed to get modified time for: res://rust/target/debug/libvisionclaw_xr_gdext.so
Quest 3 arm64 APK export (advisory until first green run)	UNKNOWN STEP	2026-09-07T12:09:11.8312216Z ERROR: Condition "!FileAccess::exists(path)" is true. Returning: ERR_FILE_NOT_FOUND
Quest 3 arm64 APK export (advisory until first green run)	UNKNOWN STEP	2026-09-07T12:09:11.8312956Z    at: open_dynamic_library (drivers/unix/os_unix.cpp:806)
Quest 3 arm64 APK export (advisory until first green run)	UNKNOWN STEP	2026-09-07T12:09:11.8314309Z ERROR: GDExtension dynamic library not found: /home/runner/work/VisionClaw/VisionClaw/xr-client/rust/target/debug/libvisionclaw_xr_gdext.so
Quest 3 arm64 APK export (advisory until first green run)	UNKNOWN STEP	2026-09-07T12:09:11.8315404Z    at: open_library (core/extension/gdextension.cpp:801)
Quest 3 arm64 APK export (advisory until first green run)	UNKNOWN STEP	2026-09-07T12:09:11.8316543Z ERROR: Failed loading resource: res://visionclaw_xr_gdext.gdextension. Make sure resources have been imported by opening the project in the editor at least once.
Quest 3 arm64 APK export (advisory until first green run)	UNKNOWN STEP	2026-09-07T12:09:11.8317425Z    at: _load (core/io/resource_loader.cpp:283)
Quest 3 arm64 APK export (advisory until first green run)	UNKNOWN STEP	2026-09-07T12:09:11.8317974Z reimport: begin: (Re)Importing Assets steps: 1
Quest 3 arm64 APK export (advisory until first green run)	UNKNOWN STEP	2026-09-07T12:09:11.8318454Z 	reimport: step 0: icon.svg
Quest 3 arm64 APK export (advisory until first green run)	UNKNOWN STEP	2026-09-07T12:09:11.8318908Z EditorFileSystem: Importing file: res://icon.svg
Quest 3 arm64 APK export (advisory until first green run)	UNKNOWN STEP	2026-09-07T12:09:11.8361639Z EditorFileSystem: "res://icon.svg" import took 4 ms.
Quest 3 arm64 APK export (advisory until first green run)	UNKNOWN STEP	2026-09-07T12:09:11.8460772Z SCRIPT ERROR: Parse Error: Identifier "AgentAvatarNode" not declared in the current scope.
Quest 3 arm64 APK export (advisory until first green run)	UNKNOWN STEP	2026-09-07T12:09:11.8461740Z           at: GDScript::reload (res://scripts/agent_avatar.gd:58)
Quest 3 arm64 APK export (advisory until first green run)	UNKNOWN STEP	2026-09-07T12:09:11.8462561Z ERROR: Failed to load script "res://scripts/agent_avatar.gd" with error "Parse error".
Quest 3 arm64 APK export (advisory until first green run)	UNKNOWN STEP	2026-09-07T12:09:11.8463982Z    at: load (modules/gdscript/gdscript.cpp:2936)
Quest 3 arm64 APK export (advisory until first green run)	UNKNOWN STEP	2026-09-07T12:09:11.9089121Z SCRIPT ERROR: Parse Error: Identifier "BinaryProtocolClient" not declared in the current scope.
Quest 3 arm64 APK export (advisory until first green run)	UNKNOWN STEP	2026-09-07T12:09:11.9090646Z           at: GDScript::reload (res://scripts/graph_scene.gd:423)
Quest 3 arm64 APK export (advisory until first green run)	UNKNOWN STEP	2026-09-07T12:09:11.9091663Z SCRIPT ERROR: Parse Error: Identifier "PresenceClientNode" not declared in the current scope.
Quest 3 arm64 APK export (advisory until first green run)	UNKNOWN STEP	2026-09-07T12:09:11.9092256Z           at: GDScript::reload (res://scripts/graph_scene.gd:424)
Quest 3 arm64 APK export (advisory until first green run)	UNKNOWN STEP	2026-09-07T12:09:11.9092759Z SCRIPT ERROR: Parse Error: Identifier "XrInteraction" not declared in the current scope.
Quest 3 arm64 APK export (advisory until first green run)	UNKNOWN STEP	2026-09-07T12:09:11.9093507Z           at: GDScript::reload (res://scripts/graph_scene.gd:425)
Quest 3 arm64 APK export (advisory until first green run)	UNKNOWN STEP	2026-09-07T12:09:11.9093988Z SCRIPT ERROR: Parse Error: Identifier "LodPolicy" not declared in the current scope.
Quest 3 arm64 APK export (advisory until first green run)	UNKNOWN STEP	2026-09-07T12:09:11.9094478Z           at: GDScript::reload (res://scripts/graph_scene.gd:426)
Quest 3 arm64 APK export (advisory until first green run)	UNKNOWN STEP	2026-09-07T12:09:11.9094951Z SCRIPT ERROR: Parse Error: Identifier "SpatialVoiceRouter" not declared in the current scope.
Quest 3 arm64 APK export (advisory until first green run)	UNKNOWN STEP	2026-09-07T12:09:11.9095443Z           at: GDScript::reload (res://scripts/graph_scene.gd:427)
Quest 3 arm64 APK export (advisory until first green run)	UNKNOWN STEP	2026-09-07T12:09:11.9095936Z SCRIPT ERROR: Parse Error: Identifier "ProxemicsSolver" not declared in the current scope.
Quest 3 arm64 APK export (advisory until first green run)	UNKNOWN STEP	2026-09-07T12:09:11.9096412Z           at: GDScript::reload (res://scripts/graph_scene.gd:428)
Quest 3 arm64 APK export (advisory until first green run)	UNKNOWN STEP	2026-09-07T12:09:11.9096889Z SCRIPT ERROR: Parse Error: Identifier "SelectionArbiterNode" not declared in the current scope.
Quest 3 arm64 APK export (advisory until first green run)	UNKNOWN STEP	2026-09-07T12:09:11.9097380Z           at: GDScript::reload (res://scripts/graph_scene.gd:429)
Quest 3 arm64 APK export (advisory until first green run)	UNKNOWN STEP	2026-09-07T12:09:11.9097819Z SCRIPT ERROR: Parse Error: Identifier "GazeTracker" not declared in the current scope.
Quest 3 arm64 APK export (advisory until first green run)	UNKNOWN STEP	2026-09-07T12:09:11.9098265Z           at: GDScript::reload (res://scripts/graph_scene.gd:430)
Quest 3 arm64 APK export (advisory until first green run)	UNKNOWN STEP	2026-09-07T12:09:11.9098692Z SCRIPT ERROR: Parse Error: Identifier "NostrAuth" not declared in the current scope.
Quest 3 arm64 APK export (advisory until first green run)	UNKNOWN STEP	2026-09-07T12:09:11.9099549Z           at: GDScript::reload (res://scripts/graph_scene.gd:437)
Quest 3 arm64 APK export (advisory until first green run)	UNKNOWN STEP	2026-09-07T12:09:11.9112231Z ERROR: Failed to load script "res://scripts/graph_scene.gd" with error "Parse error".
Quest 3 arm64 APK export (advisory until first green run)	UNKNOWN STEP	2026-09-07T12:09:11.9112929Z    at: load (modules/gdscript/gdscript.cpp:2936)
Quest 3 arm64 APK export (advisory until first green run)	UNKNOWN STEP	2026-09-07T12:09:11.9472944Z SCRIPT ERROR: Parse Error: Could not resolve super class path "res://addons/gut/test.gd".
Quest 3 arm64 APK export (advisory until first green run)	UNKNOWN STEP	2026-09-07T12:09:11.9474094Z           at: GDScript::reload (res://tests/unit/test_agent_avatar.gd:1)
Quest 3 arm64 APK export (advisory until first green run)	UNKNOWN STEP	2026-09-07T12:09:11.9474943Z ERROR: Failed to load script "res://tests/unit/test_agent_avatar.gd" with error "Parse error".
Quest 3 arm64 APK export (advisory until first green run)	UNKNOWN STEP	2026-09-07T12:09:11.9475688Z    at: load (modules/gdscript/gdscript.cpp:2936)
Quest 3 arm64 APK export (advisory until first green run)	UNKNOWN STEP	2026-09-07T12:09:11.9481079Z SCRIPT ERROR: Parse Error: Could not resolve super class path "res://addons/gut/test.gd".
Quest 3 arm64 APK export (advisory until first green run)	UNKNOWN STEP	2026-09-07T12:09:11.9481954Z           at: GDScript::reload (res://tests/unit/test_agent_beam.gd:1)
Quest 3 arm64 APK export (advisory until first green run)	UNKNOWN STEP	2026-09-07T12:09:11.9482489Z ERROR: Failed to load script "res://tests/unit/test_agent_beam.gd" with error "Parse error".
Quest 3 arm64 APK export (advisory until first green run)	UNKNOWN STEP	2026-09-07T12:09:11.9483002Z    at: load (modules/gdscript/gdscript.cpp:2936)
Quest 3 arm64 APK export (advisory until first green run)	UNKNOWN STEP	2026-09-07T12:09:11.9493323Z SCRIPT ERROR: Parse Error: Could not resolve super class path "res://addons/gut/test.gd".
Quest 3 arm64 APK export (advisory until first green run)	UNKNOWN STEP	2026-09-07T12:09:11.9494141Z           at: GDScript::reload (res://tests/unit/test_did_badge.gd:1)
Quest 3 arm64 APK export (advisory until first green run)	UNKNOWN STEP	2026-09-07T12:09:11.9494739Z ERROR: Failed to load script "res://tests/unit/test_did_badge.gd" with error "Parse error".
Quest 3 arm64 APK export (advisory until first green run)	UNKNOWN STEP	2026-09-07T12:09:11.9495200Z    at: load (modules/gdscript/gdscript.cpp:2936)
Quest 3 arm64 APK export (advisory until first green run)	UNKNOWN STEP	2026-09-07T12:09:11.9508082Z SCRIPT ERROR: Parse Error: Could not resolve super class path "res://addons/gut/test.gd".
Quest 3 arm64 APK export (advisory until first green run)	UNKNOWN STEP	2026-09-07T12:09:11.9508908Z           at: GDScript::reload (res://tests/unit/test_graph_agents.gd:1)
Quest 3 arm64 APK export (advisory until first green run)	UNKNOWN STEP	2026-09-07T12:09:11.9509560Z ERROR: Failed to load script "res://tests/unit/test_graph_agents.gd" with error "Parse error".
Quest 3 arm64 APK export (advisory until first green run)	UNKNOWN STEP	2026-09-07T12:09:11.9510015Z    at: load (modules/gdscript/gdscript.cpp:2936)
Quest 3 arm64 APK export (advisory until first green run)	UNKNOWN STEP	2026-09-07T12:09:11.9522228Z SCRIPT ERROR: Parse Error: Could not resolve super class path "res://addons/gut/test.gd".
Quest 3 arm64 APK export (advisory until first green run)	UNKNOWN STEP	2026-09-07T12:09:11.9523265Z           at: GDScript::reload (res://tests/unit/test_hud_intervention.gd:1)
Quest 3 arm64 APK export (advisory until first green run)	UNKNOWN STEP	2026-09-07T12:09:11.9524265Z ERROR: Failed to load script "res://tests/unit/test_hud_intervention.gd" with error "Parse error".
Quest 3 arm64 APK export (advisory until first green run)	UNKNOWN STEP	2026-09-07T12:09:11.9524742Z    at: load (modules/gdscript/gdscript.cpp:2936)
Quest 3 arm64 APK export (advisory until first green run)	UNKNOWN STEP	2026-09-07T12:09:11.9544690Z SCRIPT ERROR: Parse Error: Could not resolve super class path "res://addons/gut/test.gd".
Quest 3 arm64 APK export (advisory until first green run)	UNKNOWN STEP	2026-09-07T12:09:11.9545481Z           at: GDScript::reload (res://tests/unit/test_hud_tabs.gd:1)
Quest 3 arm64 APK export (advisory until first green run)	UNKNOWN STEP	2026-09-07T12:09:11.9546229Z ERROR: Failed to load script "res://tests/unit/test_hud_tabs.gd" with error "Parse error".
Quest 3 arm64 APK export (advisory until first green run)	UNKNOWN STEP	2026-09-07T12:09:11.9546673Z    at: load (modules/gdscript/gdscript.cpp:2936)
Quest 3 arm64 APK export (advisory until first green run)	UNKNOWN STEP	2026-09-07T12:09:11.9567237Z SCRIPT ERROR: Parse Error: Could not resolve super class path "res://addons/gut/test.gd".
Quest 3 arm64 APK export (advisory until first green run)	UNKNOWN STEP	2026-09-07T12:09:11.9568036Z           at: GDScript::reload (res://tests/unit/test_query_builder.gd:1)
Quest 3 arm64 APK export (advisory until first green run)	UNKNOWN STEP	2026-09-07T12:09:11.9568856Z ERROR: Failed to load script "res://tests/unit/test_query_builder.gd" with error "Parse error".
Quest 3 arm64 APK export (advisory until first green run)	UNKNOWN STEP	2026-09-07T12:09:11.9569322Z    at: load (modules/gdscript/gdscript.cpp:2936)
Quest 3 arm64 APK export (advisory until first green run)	UNKNOWN STEP	2026-09-07T12:09:11.9604022Z SCRIPT ERROR: Parse Error: Could not resolve super class path "res://addons/gut/test.gd".
Quest 3 arm64 APK export (advisory until first green run)	UNKNOWN STEP	2026-09-07T12:09:11.9604800Z           at: GDScript::reload (res://tests/unit/test_scene_load.gd:1)
Quest 3 arm64 APK export (advisory until first green run)	UNKNOWN STEP	2026-09-07T12:09:11.9605565Z ERROR: Failed to load script "res://tests/unit/test_scene_load.gd" with error "Parse error".
Quest 3 arm64 APK export (advisory until first green run)	UNKNOWN STEP	2026-09-07T12:09:11.9606215Z    at: load (modules/gdscript/gdscript.cpp:2936)
Quest 3 arm64 APK export (advisory until first green run)	UNKNOWN STEP	2026-09-07T12:09:11.9616719Z SCRIPT ERROR: Parse Error: Could not resolve super class path "res://addons/gut/test.gd".
Quest 3 arm64 APK export (advisory until first green run)	UNKNOWN STEP	2026-09-07T12:09:11.9617622Z           at: GDScript::reload (res://tests/unit/test_swarm_tab.gd:1)
Quest 3 arm64 APK export (advisory until first green run)	UNKNOWN STEP	2026-09-07T12:09:11.9618184Z ERROR: Failed to load script "res://tests/unit/test_swarm_tab.gd" with error "Parse error".
Quest 3 arm64 APK export (advisory until first green run)	UNKNOWN STEP	2026-09-07T12:09:11.9618624Z    at: load (modules/gdscript/gdscript.cpp:2936)
Quest 3 arm64 APK export (advisory until first green run)	UNKNOWN STEP	2026-09-07T12:09:11.9627015Z SCRIPT ERROR: Parse Error: Could not resolve super class path "res://addons/gut/test.gd".
Quest 3 arm64 APK export (advisory until first green run)	UNKNOWN STEP	2026-09-07T12:09:11.9627826Z           at: GDScript::reload (res://tests/unit/test_xr_config.gd:1)
Quest 3 arm64 APK export (advisory until first green run)	UNKNOWN STEP	2026-09-07T12:09:11.9628340Z ERROR: Failed to load script "res://tests/unit/test_xr_config.gd" with error "Parse error".
Quest 3 arm64 APK export (advisory until first green run)	UNKNOWN STEP	2026-09-07T12:09:11.9628783Z    at: load (modules/gdscript/gdscript.cpp:2936)
Quest 3 arm64 APK export (advisory until first green run)	UNKNOWN STEP	2026-09-07T12:09:11.9653506Z reimport: end
Quest 3 arm64 APK export (advisory until first green run)	UNKNOWN STEP	2026-09-07T12:09:11.9671960Z export: begin: Exporting for Android steps: 105
Quest 3 arm64 APK export (advisory until first green run)	UNKNOWN STEP	2026-09-07T12:09:11.9672416Z Exporting for Android...
Quest 3 arm64 APK export (advisory until first green run)	UNKNOWN STEP	2026-09-07T12:09:11.9672717Z - debug build: false
Quest 3 arm64 APK export (advisory until first green run)	UNKNOWN STEP	2026-09-07T12:09:11.9673079Z - export path: export/visionclaw-xr.apk
Quest 3 arm64 APK export (advisory until first green run)	UNKNOWN STEP	2026-09-07T12:09:11.9673676Z - export format: 0
Quest 3 arm64 APK export (advisory until first green run)	UNKNOWN STEP	2026-09-07T12:09:11.9674001Z - sign build: true
Quest 3 arm64 APK export (advisory until first green run)	UNKNOWN STEP	2026-09-07T12:09:11.9674332Z - gradle build enabled: true
Quest 3 arm64 APK export (advisory until first green run)	UNKNOWN STEP	2026-09-07T12:09:11.9674739Z - apk expansion enabled: false
Quest 3 arm64 APK export (advisory until first green run)	UNKNOWN STEP	2026-09-07T12:09:11.9675146Z - enabled abis: arm64-v8a
Quest 3 arm64 APK export (advisory until first green run)	UNKNOWN STEP	2026-09-07T12:09:11.9675509Z - export filter: 0
Quest 3 arm64 APK export (advisory until first green run)	UNKNOWN STEP	2026-09-07T12:09:11.9675847Z - include filter: 
Quest 3 arm64 APK export (advisory until first green run)	UNKNOWN STEP	2026-09-07T12:09:11.9676181Z - exclude filter: 
Quest 3 arm64 APK export (advisory until first green run)	UNKNOWN STEP	2026-09-07T12:09:11.9676504Z Loading regular icon from 
Quest 3 arm64 APK export (advisory until first green run)	UNKNOWN STEP	2026-09-07T12:09:11.9676926Z - falling back to project icon: res://icon.svg
Quest 3 arm64 APK export (advisory until first green run)	UNKNOWN STEP	2026-09-07T12:09:11.9677441Z Loading adaptive foreground icon from 
Quest 3 arm64 APK export (advisory until first green run)	UNKNOWN STEP	2026-09-07T12:09:11.9677882Z - falling back to using the regular icon
Quest 3 arm64 APK export (advisory until first green run)	UNKNOWN STEP	2026-09-07T12:09:11.9678305Z 0 param: --xr_mode_openxr
Quest 3 arm64 APK export (advisory until first green run)	UNKNOWN STEP	2026-09-07T12:09:11.9678668Z 1 param: --use_immersive
Quest 3 arm64 APK export (advisory until first green run)	UNKNOWN STEP	2026-09-07T12:09:11.9679018Z Starting gradle build...
Quest 3 arm64 APK export (advisory until first green run)	UNKNOWN STEP	2026-09-07T12:09:11.9679359Z Checking build version...
Quest 3 arm64 APK export (advisory until first green run)	UNKNOWN STEP	2026-09-07T12:09:11.9679719Z - build version: 4.3.stable
Quest 3 arm64 APK export (advisory until first green run)	UNKNOWN STEP	2026-09-07T12:09:11.9680264Z Java sdk path: /opt/hostedtoolcache/Java_Temurin-Hotspot_jdk/17.0.20-1/x64
Quest 3 arm64 APK export (advisory until first green run)	UNKNOWN STEP	2026-09-07T12:09:11.9680908Z Android sdk path: /usr/local/lib/android/sdk
Quest 3 arm64 APK export (advisory until first green run)	UNKNOWN STEP	2026-09-07T12:09:11.9681549Z Creating strings resources for supported locales for project VisionClaw XR
Quest 3 arm64 APK export (advisory until first green run)	UNKNOWN STEP	2026-09-07T12:09:11.9729139Z Processing launcher icon for dimension 192 into res/mipmap-xxxhdpi-v4/icon.png
Quest 3 arm64 APK export (advisory until first green run)	UNKNOWN STEP	2026-09-07T12:09:11.9778420Z Processing launcher adaptive icon p_foreground for dimension 432 into res/mipmap-xxxhdpi-v4/icon_foreground.png
Quest 3 arm64 APK export (advisory until first green run)	UNKNOWN STEP	2026-09-07T12:09:12.0034233Z Processing launcher icon for dimension 144 into res/mipmap-xxhdpi-v4/icon.png
Quest 3 arm64 APK export (advisory until first green run)	UNKNOWN STEP	2026-09-07T12:09:12.0074653Z Processing launcher adaptive icon p_foreground for dimension 324 into res/mipmap-xxhdpi-v4/icon_foreground.png
Quest 3 arm64 APK export (advisory until first green run)	UNKNOWN STEP	2026-09-07T12:09:12.0222801Z Processing launcher icon for dimension 96 into res/mipmap-xhdpi-v4/icon.png
Quest 3 arm64 APK export (advisory until first green run)	UNKNOWN STEP	2026-09-07T12:09:12.0242064Z Processing launcher adaptive icon p_foreground for dimension 216 into res/mipmap-xhdpi-v4/icon_foreground.png
Quest 3 arm64 APK export (advisory until first green run)	UNKNOWN STEP	2026-09-07T12:09:12.0318206Z Processing launcher icon for dimension 72 into res/mipmap-hdpi-v4/icon.png
Quest 3 arm64 APK export (advisory until first green run)	UNKNOWN STEP	2026-09-07T12:09:12.0332420Z Processing launcher adaptive icon p_foreground for dimension 162 into res/mipmap-hdpi-v4/icon_foreground.png
Quest 3 arm64 APK export (advisory until first green run)	UNKNOWN STEP	2026-09-07T12:09:12.0382382Z Processing launcher icon for dimension 48 into res/mipmap-mdpi-v4/icon.png
Quest 3 arm64 APK export (advisory until first green run)	UNKNOWN STEP	2026-09-07T12:09:12.0393523Z Processing launcher adaptive icon p_foreground for dimension 108 into res/mipmap-mdpi-v4/icon_foreground.png
Quest 3 arm64 APK export (advisory until first green run)	UNKNOWN STEP	2026-09-07T12:09:12.0413775Z Processing launcher icon for dimension 192 into res/mipmap/icon.png
Quest 3 arm64 APK export (advisory until first green run)	UNKNOWN STEP	2026-09-07T12:09:12.0460918Z Processing launcher adaptive icon p_foreground for dimension 432 into res/mipmap/icon_foreground.png
Quest 3 arm64 APK export (advisory until first green run)	UNKNOWN STEP	2026-09-07T12:09:12.0709095Z Building temporary manifest...
Quest 3 arm64 APK export (advisory until first green run)	UNKNOWN STEP	2026-09-07T12:09:12.0712682Z Storing manifest into res://android/build/src/release/AndroidManifest.xml: 
Quest 3 arm64 APK export (advisory until first green run)	UNKNOWN STEP	2026-09-07T12:09:12.0713601Z <?xml version="1.0" encoding="utf-8"?>
Quest 3 arm64 APK export (advisory until first green run)	UNKNOWN STEP	2026-09-07T12:09:12.0714203Z <manifest xmlns:android="http://schemas.android.com/apk/res/android"
Quest 3 arm64 APK export (advisory until first green run)	UNKNOWN STEP	2026-09-07T12:09:12.0714835Z     xmlns:tools="http://schemas.android.com/tools">
Quest 3 arm64 APK export (advisory until first green run)	UNKNOWN STEP	2026-09-07T12:09:12.0715291Z     <supports-screens 
Quest 3 arm64 APK export (advisory until first green run)	UNKNOWN STEP	2026-09-07T12:09:12.0715630Z         tools:node="replace"
Quest 3 arm64 APK export (advisory until first green run)	UNKNOWN STEP	2026-09-07T12:09:12.0715960Z         android:smallScreens="true"
Quest 3 arm64 APK export (advisory until first green run)	UNKNOWN STEP	2026-09-07T12:09:12.0716324Z         android:normalScreens="true"
Quest 3 arm64 APK export (advisory until first green run)	UNKNOWN STEP	2026-09-07T12:09:12.0716675Z         android:largeScreens="true"
Quest 3 arm64 APK export (advisory until first green run)	UNKNOWN STEP	2026-09-07T12:09:12.0717362Z         android:xlargeScreens="true" />
Quest 3 arm64 APK export (advisory until first green run)	UNKNOWN STEP	2026-09-07T12:09:12.0717972Z     <uses-feature android:glEsVersion="0x00030000" android:required="true" />
Quest 3 arm64 APK export (advisory until first green run)	UNKNOWN STEP	2026-09-07T12:09:12.0718787Z     <uses-permission android:name="android.permission.ACCESS_NETWORK_STATE" />
Quest 3 arm64 APK export (advisory until first green run)	UNKNOWN STEP	2026-09-07T12:09:12.0719598Z     <uses-permission android:name="android.permission.ACCESS_WIFI_STATE" />
Quest 3 arm64 APK export (advisory until first green run)	UNKNOWN STEP	2026-09-07T12:09:12.0720351Z     <uses-permission android:name="android.permission.INTERNET" />
Quest 3 arm64 APK export (advisory until first green run)	UNKNOWN STEP	2026-09-07T12:09:12.0721122Z     <uses-permission android:name="android.permission.MODIFY_AUDIO_SETTINGS" />
Quest 3 arm64 APK export (advisory until first green run)	UNKNOWN STEP	2026-09-07T12:09:12.0721900Z     <uses-permission android:name="android.permission.RECORD_AUDIO" />
Quest 3 arm64 APK export (advisory until first green run)	UNKNOWN STEP	2026-09-07T12:09:12.0722619Z     <uses-permission android:name="android.permission.VIBRATE" />
Quest 3 arm64 APK export (advisory until first green run)	UNKNOWN STEP	2026-09-07T12:09:12.0723517Z     <uses-permission android:name="android.permission.WAKE_LOCK" />
Quest 3 arm64 APK export (advisory until first green run)	UNKNOWN STEP	2026-09-07T12:09:12.0724255Z     <uses-permission android:name="com.oculus.permission.HAND_TRACKING" />
Quest 3 arm64 APK export (advisory until first green run)	UNKNOWN STEP	2026-09-07T12:09:12.0725035Z     <uses-permission android:name="com.oculus.permission.USE_SCENE" />
Quest 3 arm64 APK export (advisory until first green run)	UNKNOWN STEP	2026-09-07T12:09:12.0725802Z     <uses-permission android:name="com.oculus.permission.USE_ANCHOR_API" />
Quest 3 arm64 APK export (advisory until first green run)	UNKNOWN STEP	2026-09-07T12:09:12.0726903Z     <uses-feature tools:node="replace" android:name="android.hardware.vulkan.level" android:required="false" android:version="1" />
Quest 3 arm64 APK export (advisory until first green run)	UNKNOWN STEP	2026-09-07T12:09:12.0728359Z     <uses-feature tools:node="replace" android:name="android.hardware.vulkan.version" android:required="true" android:version="0x400003" />
Quest 3 arm64 APK export (advisory until first green run)	UNKNOWN STEP	2026-09-07T12:09:12.0729450Z     <application android:label="@string/godot_project_name_string"
Quest 3 arm64 APK export (advisory until first green run)	UNKNOWN STEP	2026-09-07T12:09:12.0730009Z         android:allowBackup="false"
Quest 3 arm64 APK export (advisory until first green run)	UNKNOWN STEP	2026-09-07T12:09:12.0730410Z         android:icon="@mipmap/icon"
Quest 3 arm64 APK export (advisory until first green run)	UNKNOWN STEP	2026-09-07T12:09:12.0730808Z         android:appCategory="game"
Quest 3 arm64 APK export (advisory until first green run)	UNKNOWN STEP	2026-09-07T12:09:12.0731199Z         android:isGame="true"
Quest 3 arm64 APK export (advisory until first green run)	UNKNOWN STEP	2026-09-07T12:09:12.0731600Z         android:hasFragileUserData="false"
Quest 3 arm64 APK export (advisory until first green run)	UNKNOWN STEP	2026-09-07T12:09:12.0732100Z         android:requestLegacyExternalStorage="false"
Quest 3 arm64 APK export (advisory until first green run)	UNKNOWN STEP	2026-09-07T12:09:12.0733327Z         tools:replace="android:allowBackup,android:appCategory,android:isGame,android:hasFragileUserData,android:requestLegacyExternalStorage"
Quest 3 arm64 APK export (advisory until first green run)	UNKNOWN STEP	2026-09-07T12:09:12.0734617Z         tools:ignore="GoogleAppIndexingWarning">
Quest 3 arm64 APK export (advisory until first green run)	UNKNOWN STEP	2026-09-07T12:09:12.0734949Z 
Quest 3 arm64 APK export (advisory until first green run)	UNKNOWN STEP	2026-09-07T12:09:12.0736581Z         <activity android:name="com.godot.game.GodotApp" tools:replace="android:screenOrientation,android:excludeFromRecents,android:resizeableActivity" tools:node="mergeOnlyAttributes" android:excludeFromRecents="false" android:screenOrientation="landscape" android:resizeableActivity="true">
Quest 3 arm64 APK export (advisory until first green run)	UNKNOWN STEP	2026-09-07T12:09:12.0738486Z             <intent-filter>
Quest 3 arm64 APK export (advisory until first green run)	UNKNOWN STEP	2026-09-07T12:09:12.0738953Z                 <action android:name="android.intent.action.MAIN" />
Quest 3 arm64 APK export (advisory until first green run)	UNKNOWN STEP	2026-09-07T12:09:12.0739639Z                 <category android:name="android.intent.category.DEFAULT" />
Quest 3 arm64 APK export (advisory until first green run)	UNKNOWN STEP	2026-09-07T12:09:12.0740356Z                 <category android:name="android.intent.category.LAUNCHER" />
Quest 3 arm64 APK export (advisory until first green run)	UNKNOWN STEP	2026-09-07T12:09:12.0740922Z             </intent-filter>
Quest 3 arm64 APK export (advisory until first green run)	UNKNOWN STEP	2026-09-07T12:09:12.0741272Z         </activity>
Quest 3 arm64 APK export (advisory until first green run)	UNKNOWN STEP	2026-09-07T12:09:12.0741578Z     </application>
Quest 3 arm64 APK export (advisory until first green run)	UNKNOWN STEP	2026-09-07T12:09:12.0741889Z </manifest>
Quest 3 arm64 APK export (advisory until first green run)	UNKNOWN STEP	2026-09-07T12:09:12.0742055Z 
Quest 3 arm64 APK export (advisory until first green run)	UNKNOWN STEP	2026-09-07T12:09:12.0742219Z Clearing APK assets directory...
Quest 3 arm64 APK export (advisory until first green run)	UNKNOWN STEP	2026-09-07T12:09:12.0742649Z Removing previously installed libraries...
Quest 3 arm64 APK export (advisory until first green run)	UNKNOWN STEP	2026-09-07T12:09:12.0743120Z No previously installed libraries found
Quest 3 arm64 APK export (advisory until first green run)	UNKNOWN STEP	2026-09-07T12:09:12.0743699Z Exporting project files...
Quest 3 arm64 APK export (advisory until first green run)	UNKNOWN STEP	2026-09-07T12:09:12.1252899Z Saving project files from res://materials/agent_beam.gdshader into res://android/build/assets/materials/agent_beam.gdshader
Quest 3 arm64 APK export (advisory until first green run)	UNKNOWN STEP	2026-09-07T12:09:12.1272144Z Saving project files from res://.godot/exported/133200997/export-33b83cd9914c0364a5d60a381b588ba1-agent_beam.res into res://android/build/assets/.godot/exported/133200997/export-33b83cd9914c0364a5d60a381b588ba1-agent_beam.res
Quest 3 arm64 APK export (advisory until first green run)	UNKNOWN STEP	2026-09-07T12:09:12.1293532Z Saving project files from res://.godot/exported/133200997/export-e44dbbce97a0273687ea550056930ec8-agent_capsule.res into res://android/build/assets/.godot/exported/133200997/export-e44dbbce97a0273687ea550056930ec8-agent_capsule.res
Quest 3 arm64 APK export (advisory until first green run)	UNKNOWN STEP	2026-09-07T12:09:12.1311533Z Saving project files from res://.godot/exported/133200997/export-beffc7031cb26d0e68fbc6acb604bda0-crystal_orb.res into res://android/build/assets/.godot/exported/133200997/export-beffc7031cb26d0e68fbc6acb604bda0-crystal_orb.res
Quest 3 arm64 APK export (advisory until first green run)	UNKNOWN STEP	2026-09-07T12:09:12.1313808Z Saving project files from res://materials/edge_flow.gdshader into res://android/build/assets/materials/edge_flow.gdshader
Quest 3 arm64 APK export (advisory until first green run)	UNKNOWN STEP	2026-09-07T12:09:12.1330895Z Saving project files from res://.godot/exported/133200997/export-56b6a61810fb74f30f0875efdc990c73-edge_flow.res into res://android/build/assets/.godot/exported/133200997/export-56b6a61810fb74f30f0875efdc990c73-edge_flow.res
Quest 3 arm64 APK export (advisory until first green run)	UNKNOWN STEP	2026-09-07T12:09:12.1340998Z Saving project files from res://.godot/exported/133200997/export-396a9f4fdd50ae63b1c45ce437b7e370-gaze_cone.res into res://android/build/assets/.godot/exported/133200997/export-396a9f4fdd50ae63b1c45ce437b7e370-gaze_cone.res
Quest 3 arm64 APK export (advisory until first green run)	UNKNOWN STEP	2026-09-07T12:09:12.1359571Z Saving project files from res://.godot/exported/133200997/export-3e2e057ba19b7e2d339ba127188bff01-gem.res into res://android/build/assets/.godot/exported/133200997/export-3e2e057ba19b7e2d339ba127188bff01-gem.res
Quest 3 arm64 APK export (advisory until first green run)	UNKNOWN STEP	2026-09-07T12:09:12.1377872Z Saving project files from res://.godot/exported/133200997/export-132e1a2fd72423f69172f070f4e3c641-gem_faded.res into res://android/build/assets/.godot/exported/133200997/export-132e1a2fd72423f69172f070f4e3c641-gem_faded.res
Quest 3 arm64 APK export (advisory until first green run)	UNKNOWN STEP	2026-09-07T12:09:12.1379844Z Saving project files from res://materials/node_halo.gdshader into res://android/build/assets/materials/node_halo.gdshader
Quest 3 arm64 APK export (advisory until first green run)	UNKNOWN STEP	2026-09-07T12:09:12.1394731Z Saving project files from res://.godot/exported/133200997/export-e1b94c711a5d4987a1891a2b826408e4-node_halo.res into res://android/build/assets/.godot/exported/133200997/export-e1b94c711a5d4987a1891a2b826408e4-node_halo.res
Quest 3 arm64 APK export (advisory until first green run)	UNKNOWN STEP	2026-09-07T12:09:12.1396744Z Saving project files from res://perf/fixtures/perf_graph_1k.json into res://android/build/assets/perf/fixtures/perf_graph_1k.json
Quest 3 arm64 APK export (advisory until first green run)	UNKNOWN STEP	2026-09-07T12:09:12.1408517Z Saving project files from res://perf/benchmark.gdc into res://android/build/assets/perf/benchmark.gdc
Quest 3 arm64 APK export (advisory until first green run)	UNKNOWN STEP	2026-09-07T12:09:12.1462168Z Saving project files from res://.godot/exported/133200997/export-17fceda17e769d81a0093207baf51d6d-benchmark_scene.scn into res://android/build/assets/.godot/exported/133200997/export-17fceda17e769d81a0093207baf51d6d-benchmark_scene.scn
Quest 3 arm64 APK export (advisory until first green run)	UNKNOWN STEP	2026-09-07T12:09:12.1464434Z Saving project files from res://perf/run_benchmark.gdc into res://android/build/assets/perf/run_benchmark.gdc
Quest 3 arm64 APK export (advisory until first green run)	UNKNOWN STEP	2026-09-07T12:09:12.1507147Z Saving project files from res://.godot/exported/133200997/export-47505bcfed517547c813e474cf85170d-AgentAvatar.scn into res://android/build/assets/.godot/exported/133200997/export-47505bcfed517547c813e474cf85170d-AgentAvatar.scn
Quest 3 arm64 APK export (advisory until first green run)	UNKNOWN STEP	2026-09-07T12:09:12.1559596Z Saving project files from res://.godot/exported/133200997/export-0819fd252ad5feb18aa97bde03c17bfb-Avatar.scn into res://android/build/assets/.godot/exported/133200997/export-0819fd252ad5feb18aa97bde03c17bfb-Avatar.scn
Quest 3 arm64 APK export (advisory until first green run)	UNKNOWN STEP	2026-09-07T12:09:12.1565904Z ERROR: Viewport Texture must be set to use it.
Quest 3 arm64 APK export (advisory until first green run)	UNKNOWN STEP	2026-09-07T12:09:12.1566460Z    at: get_height (scene/main/viewport.cpp:135)
Quest 3 arm64 APK export (advisory until first green run)	UNKNOWN STEP	2026-09-07T12:09:12.1566994Z ERROR: Viewport Texture must be set to use it.
Quest 3 arm64 APK export (advisory until first green run)	UNKNOWN STEP	2026-09-07T12:09:12.1567491Z    at: get_width (scene/main/viewport.cpp:125)
Quest 3 arm64 APK export (advisory until first green run)	UNKNOWN STEP	2026-09-07T12:09:12.2194106Z Saving project files from res://.godot/exported/133200997/export-2627999b8483771e7607e978342b61ee-GraphScene.scn into res://android/build/assets/.godot/exported/133200997/export-2627999b8483771e7607e978342b61ee-GraphScene.scn
Quest 3 arm64 APK export (advisory until first green run)	UNKNOWN STEP	2026-09-07T12:09:12.2195746Z ERROR: Viewport Texture must be set to use it.
Quest 3 arm64 APK export (advisory until first green run)	UNKNOWN STEP	2026-09-07T12:09:12.2196286Z    at: get_height (scene/main/viewport.cpp:135)
Quest 3 arm64 APK export (advisory until first green run)	UNKNOWN STEP	2026-09-07T12:09:12.2196810Z ERROR: Viewport Texture must be set to use it.
Quest 3 arm64 APK export (advisory until first green run)	UNKNOWN STEP	2026-09-07T12:09:12.2197311Z    at: get_width (scene/main/viewport.cpp:125)
Quest 3 arm64 APK export (advisory until first green run)	UNKNOWN STEP	2026-09-07T12:09:12.2249172Z Saving project files from res://.godot/exported/133200997/export-2ea9781d6f9f7562c1d276c7fdd0b0ab-HUD.scn into res://android/build/assets/.godot/exported/133200997/export-2ea9781d6f9f7562c1d276c7fdd0b0ab-HUD.scn
Quest 3 arm64 APK export (advisory until first green run)	UNKNOWN STEP	2026-09-07T12:09:12.2250707Z ERROR: Viewport Texture must be set to use it.
Quest 3 arm64 APK export (advisory until first green run)	UNKNOWN STEP	2026-09-07T12:09:12.2251248Z    at: get_height (scene/main/viewport.cpp:135)
Quest 3 arm64 APK export (advisory until first green run)	UNKNOWN STEP	2026-09-07T12:09:12.2251790Z ERROR: Viewport Texture must be set to use it.
Quest 3 arm64 APK export (advisory until first green run)	UNKNOWN STEP	2026-09-07T12:09:12.2252283Z    at: get_width (scene/main/viewport.cpp:125)
Quest 3 arm64 APK export (advisory until first green run)	UNKNOWN STEP	2026-09-07T12:09:12.2293914Z Saving project files from res://.godot/exported/133200997/export-f0fdd384e373199d2fa9e5a2582b5f94-RadialMenu.scn into res://android/build/assets/.godot/exported/133200997/export-f0fdd384e373199d2fa9e5a2582b5f94-RadialMenu.scn
Quest 3 arm64 APK export (advisory until first green run)	UNKNOWN STEP	2026-09-07T12:09:12.2322722Z Saving project files from res://.godot/exported/133200997/export-53649cf13210ba3f699afdf595252ac0-XRBoot.scn into res://android/build/assets/.godot/exported/133200997/export-53649cf13210ba3f699afdf595252ac0-XRBoot.scn
Quest 3 arm64 APK export (advisory until first green run)	UNKNOWN STEP	2026-09-07T12:09:12.2356458Z Saving project files from res://.godot/exported/133200997/export-02d79533aa54d8c2e7728ccbffdd8b92-xr_min.scn into res://android/build/assets/.godot/exported/133200997/export-02d79533aa54d8c2e7728ccbffdd8b92-xr_min.scn
Quest 3 arm64 APK export (advisory until first green run)	UNKNOWN STEP	2026-09-07T12:09:12.2366583Z Saving project files from res://scripts/agent_avatar.gdc into res://android/build/assets/scripts/agent_avatar.gdc
Quest 3 arm64 APK export (advisory until first green run)	UNKNOWN STEP	2026-09-07T12:09:12.2375563Z Saving project files from res://scripts/avatar.gdc into res://android/build/assets/scripts/avatar.gdc
Quest 3 arm64 APK export (advisory until first green run)	UNKNOWN STEP	2026-09-07T12:09:12.2379218Z Saving project files from res://scripts/dwell_reticle.gdc into res://android/build/assets/scripts/dwell_reticle.gdc
Quest 3 arm64 APK export (advisory until first green run)	UNKNOWN STEP	2026-09-07T12:09:12.2520804Z Saving project files from res://scripts/graph_scene.gdc into res://android/build/assets/scripts/graph_scene.gdc
Quest 3 arm64 APK export (advisory until first green run)	UNKNOWN STEP	2026-09-07T12:09:12.2575613Z Saving project files from res://scripts/hud.gdc into res://android/build/assets/scripts/hud.gdc
Quest 3 arm64 APK export (advisory until first green run)	UNKNOWN STEP	2026-09-07T12:09:12.2584075Z Saving project files from res://scripts/plane_manager.gdc into res://android/build/assets/scripts/plane_manager.gdc
Quest 3 arm64 APK export (advisory until first green run)	UNKNOWN STEP	2026-09-07T12:09:12.2593856Z Saving project files from res://scripts/query_builder.gdc into res://android/build/assets/scripts/query_builder.gdc
Quest 3 arm64 APK export (advisory until first green run)	UNKNOWN STEP	2026-09-07T12:09:12.2603019Z Saving project files from res://scripts/radial_menu.gdc into res://android/build/assets/scripts/radial_menu.gdc
Quest 3 arm64 APK export (advisory until first green run)	UNKNOWN STEP	2026-09-07T12:09:12.2608408Z Saving project files from res://scripts/xr_boot.gdc into res://android/build/assets/scripts/xr_boot.gdc
Quest 3 arm64 APK export (advisory until first green run)	UNKNOWN STEP	2026-09-07T12:09:12.2611231Z Saving project files from res://scripts/xr_min.gdc into res://android/build/assets/scripts/xr_min.gdc
Quest 3 arm64 APK export (advisory until first green run)	UNKNOWN STEP	2026-09-07T12:09:12.2619283Z Saving project files from res://tests/unit/test_agent_avatar.gdc into res://android/build/assets/tests/unit/test_agent_avatar.gdc
Quest 3 arm64 APK export (advisory until first green run)	UNKNOWN STEP	2026-09-07T12:09:12.2624393Z Saving project files from res://tests/unit/test_agent_beam.gdc into res://android/build/assets/tests/unit/test_agent_beam.gdc
Quest 3 arm64 APK export (advisory until first green run)	UNKNOWN STEP	2026-09-07T12:09:12.2629791Z Saving project files from res://tests/unit/test_did_badge.gdc into res://android/build/assets/tests/unit/test_did_badge.gdc
Quest 3 arm64 APK export (advisory until first green run)	UNKNOWN STEP	2026-09-07T12:09:12.2636111Z Saving project files from res://tests/unit/test_graph_agents.gdc into res://android/build/assets/tests/unit/test_graph_agents.gdc
Quest 3 arm64 APK export (advisory until first green run)	UNKNOWN STEP	2026-09-07T12:09:12.2643790Z Saving project files from res://tests/unit/test_hud_intervention.gdc into res://android/build/assets/tests/unit/test_hud_intervention.gdc
Quest 3 arm64 APK export (advisory until first green run)	UNKNOWN STEP	2026-09-07T12:09:12.2652415Z Saving project files from res://tests/unit/test_hud_tabs.gdc into res://android/build/assets/tests/unit/test_hud_tabs.gdc
Quest 3 arm64 APK export (advisory until first green run)	UNKNOWN STEP	2026-09-07T12:09:12.2661677Z Saving project files from res://tests/unit/test_query_builder.gdc into res://android/build/assets/tests/unit/test_query_builder.gdc
Quest 3 arm64 APK export (advisory until first green run)	UNKNOWN STEP	2026-09-07T12:09:12.2676701Z Saving project files from res://tests/unit/test_scene_load.gdc into res://android/build/assets/tests/unit/test_scene_load.gdc
Quest 3 arm64 APK export (advisory until first green run)	UNKNOWN STEP	2026-09-07T12:09:12.2682175Z Saving project files from res://tests/unit/test_swarm_tab.gdc into res://android/build/assets/tests/unit/test_swarm_tab.gdc
Quest 3 arm64 APK export (advisory until first green run)	UNKNOWN STEP	2026-09-07T12:09:12.2686362Z Saving project files from res://tests/unit/test_xr_config.gdc into res://android/build/assets/tests/unit/test_xr_config.gdc
Quest 3 arm64 APK export (advisory until first green run)	UNKNOWN STEP	2026-09-07T12:09:12.2689906Z Saving project files from res://tests/run_gut.gdc into res://android/build/assets/tests/run_gut.gdc
Quest 3 arm64 APK export (advisory until first green run)	UNKNOWN STEP	2026-09-07T12:09:12.2693479Z Saving project files from res://.godot/imported/icon.svg-218a8f2b3041327d8a5756f3a245f83b.ctex into res://android/build/assets/.godot/imported/icon.svg-218a8f2b3041327d8a5756f3a245f83b.ctex
Quest 3 arm64 APK export (advisory until first green run)	UNKNOWN STEP	2026-09-07T12:09:12.2695600Z Saving project files from res://icon.svg.import into res://android/build/assets/icon.svg.import
Quest 3 arm64 APK export (advisory until first green run)	UNKNOWN STEP	2026-09-07T12:09:12.2821435Z Saving project files from res://.godot/exported/133200997/export-a9d757fdde490682a87dc1ad8c7d3357-openxr_action_map.res into res://android/build/assets/.godot/exported/133200997/export-a9d757fdde490682a87dc1ad8c7d3357-openxr_action_map.res
Quest 3 arm64 APK export (advisory until first green run)	UNKNOWN STEP	2026-09-07T12:09:12.2845509Z Copying .so file from res://rust/target/aarch64-linux-android/release/libvisionclaw_xr_gdext.so to res://android/build/libs/release/arm64-v8a/libvisionclaw_xr_gdext.so
Quest 3 arm64 APK export (advisory until first green run)	UNKNOWN STEP	2026-09-07T12:09:12.2861387Z Saving project files from res://visionclaw_xr_gdext.gdextension into res://android/build/assets/visionclaw_xr_gdext.gdextension
Quest 3 arm64 APK export (advisory until first green run)	UNKNOWN STEP	2026-09-07T12:09:12.2863347Z Saving project files from res://materials/agent_beam.tres.remap into res://android/build/assets/materials/agent_beam.tres.remap
Quest 3 arm64 APK export (advisory until first green run)	UNKNOWN STEP	2026-09-07T12:09:12.2864803Z Saving project files from res://materials/agent_capsule.tres.remap into res://android/build/assets/materials/agent_capsule.tres.remap
Quest 3 arm64 APK export (advisory until first green run)	UNKNOWN STEP	2026-09-07T12:09:12.2866234Z Saving project files from res://materials/crystal_orb.tres.remap into res://android/build/assets/materials/crystal_orb.tres.remap
Quest 3 arm64 APK export (advisory until first green run)	UNKNOWN STEP	2026-09-07T12:09:12.2867606Z Saving project files from res://materials/edge_flow.tres.remap into res://android/build/assets/materials/edge_flow.tres.remap
Quest 3 arm64 APK export (advisory until first green run)	UNKNOWN STEP	2026-09-07T12:09:12.2868943Z Saving project files from res://materials/gaze_cone.tres.remap into res://android/build/assets/materials/gaze_cone.tres.remap
Quest 3 arm64 APK export (advisory until first green run)	UNKNOWN STEP	2026-09-07T12:09:12.2870210Z Saving project files from res://materials/gem.tres.remap into res://android/build/assets/materials/gem.tres.remap
Quest 3 arm64 APK export (advisory until first green run)	UNKNOWN STEP	2026-09-07T12:09:12.2871496Z Saving project files from res://materials/gem_faded.tres.remap into res://android/build/assets/materials/gem_faded.tres.remap
Quest 3 arm64 APK export (advisory until first green run)	UNKNOWN STEP	2026-09-07T12:09:12.2873072Z Saving project files from res://materials/node_halo.tres.remap into res://android/build/assets/materials/node_halo.tres.remap
Quest 3 arm64 APK export (advisory until first green run)	UNKNOWN STEP	2026-09-07T12:09:12.2874506Z Saving project files from res://perf/benchmark.gd.remap into res://android/build/assets/perf/benchmark.gd.remap
Quest 3 arm64 APK export (advisory until first green run)	UNKNOWN STEP	2026-09-07T12:09:12.2875796Z Saving project files from res://perf/benchmark_scene.tscn.remap into res://android/build/assets/perf/benchmark_scene.tscn.remap
Quest 3 arm64 APK export (advisory until first green run)	UNKNOWN STEP	2026-09-07T12:09:12.2877122Z Saving project files from res://perf/run_benchmark.gd.remap into res://android/build/assets/perf/run_benchmark.gd.remap
Quest 3 arm64 APK export (advisory until first green run)	UNKNOWN STEP	2026-09-07T12:09:12.2878461Z Saving project files from res://scenes/AgentAvatar.tscn.remap into res://android/build/assets/scenes/AgentAvatar.tscn.remap
Quest 3 arm64 APK export (advisory until first green run)	UNKNOWN STEP	2026-09-07T12:09:12.2879757Z Saving project files from res://scenes/Avatar.tscn.remap into res://android/build/assets/scenes/Avatar.tscn.remap
Quest 3 arm64 APK export (advisory until first green run)	UNKNOWN STEP	2026-09-07T12:09:12.2881028Z Saving project files from res://scenes/GraphScene.tscn.remap into res://android/build/assets/scenes/GraphScene.tscn.remap
Quest 3 arm64 APK export (advisory until first green run)	UNKNOWN STEP	2026-09-07T12:09:12.2882271Z Saving project files from res://scenes/HUD.tscn.remap into res://android/build/assets/scenes/HUD.tscn.remap
Quest 3 arm64 APK export (advisory until first green run)	UNKNOWN STEP	2026-09-07T12:09:12.2883656Z Saving project files from res://scenes/RadialMenu.tscn.remap into res://android/build/assets/scenes/RadialMenu.tscn.remap
Quest 3 arm64 APK export (advisory until first green run)	UNKNOWN STEP	2026-09-07T12:09:12.2884907Z Saving project files from res://scenes/XRBoot.tscn.remap into res://android/build/assets/scenes/XRBoot.tscn.remap
Quest 3 arm64 APK export (advisory until first green run)	UNKNOWN STEP	2026-09-07T12:09:12.2886092Z Saving project files from res://scenes/xr_min.tscn.remap into res://android/build/assets/scenes/xr_min.tscn.remap
Quest 3 arm64 APK export (advisory until first green run)	UNKNOWN STEP	2026-09-07T12:09:12.2887323Z Saving project files from res://scripts/agent_avatar.gd.remap into res://android/build/assets/scripts/agent_avatar.gd.remap
Quest 3 arm64 APK export (advisory until first green run)	UNKNOWN STEP	2026-09-07T12:09:12.2888557Z Saving project files from res://scripts/avatar.gd.remap into res://android/build/assets/scripts/avatar.gd.remap
Quest 3 arm64 APK export (advisory until first green run)	UNKNOWN STEP	2026-09-07T12:09:12.2890006Z Saving project files from res://scripts/dwell_reticle.gd.remap into res://android/build/assets/scripts/dwell_reticle.gd.remap
Quest 3 arm64 APK export (advisory until first green run)	UNKNOWN STEP	2026-09-07T12:09:12.2891354Z Saving project files from res://scripts/graph_scene.gd.remap into res://android/build/assets/scripts/graph_scene.gd.remap
Quest 3 arm64 APK export (advisory until first green run)	UNKNOWN STEP	2026-09-07T12:09:12.2892567Z Saving project files from res://scripts/hud.gd.remap into res://android/build/assets/scripts/hud.gd.remap
Quest 3 arm64 APK export (advisory until first green run)	UNKNOWN STEP	2026-09-07T12:09:12.2894060Z Saving project files from res://scripts/plane_manager.gd.remap into res://android/build/assets/scripts/plane_manager.gd.remap
Quest 3 arm64 APK export (advisory until first green run)	UNKNOWN STEP	2026-09-07T12:09:12.2895399Z Saving project files from res://scripts/query_builder.gd.remap into res://android/build/assets/scripts/query_builder.gd.remap
Quest 3 arm64 APK export (advisory until first green run)	UNKNOWN STEP	2026-09-07T12:09:12.2896703Z Saving project files from res://scripts/radial_menu.gd.remap into res://android/build/assets/scripts/radial_menu.gd.remap
Quest 3 arm64 APK export (advisory until first green run)	UNKNOWN STEP	2026-09-07T12:09:12.2897930Z Saving project files from res://scripts/xr_boot.gd.remap into res://android/build/assets/scripts/xr_boot.gd.remap
Quest 3 arm64 APK export (advisory until first green run)	UNKNOWN STEP	2026-09-07T12:09:12.2899120Z Saving project files from res://scripts/xr_min.gd.remap into res://android/build/assets/scripts/xr_min.gd.remap
Quest 3 arm64 APK export (advisory until first green run)	UNKNOWN STEP	2026-09-07T12:09:12.2900482Z Saving project files from res://tests/unit/test_agent_avatar.gd.remap into res://android/build/assets/tests/unit/test_agent_avatar.gd.remap
Quest 3 arm64 APK export (advisory until first green run)	UNKNOWN STEP	2026-09-07T12:09:12.2901939Z Saving project files from res://tests/unit/test_agent_beam.gd.remap into res://android/build/assets/tests/unit/test_agent_beam.gd.remap
Quest 3 arm64 APK export (advisory until first green run)	UNKNOWN STEP	2026-09-07T12:09:12.2903473Z Saving project files from res://tests/unit/test_did_badge.gd.remap into res://android/build/assets/tests/unit/test_did_badge.gd.remap
Quest 3 arm64 APK export (advisory until first green run)	UNKNOWN STEP	2026-09-07T12:09:12.2904936Z Saving project files from res://tests/unit/test_graph_agents.gd.remap into res://android/build/assets/tests/unit/test_graph_agents.gd.remap
Quest 3 arm64 APK export (advisory until first green run)	UNKNOWN STEP	2026-09-07T12:09:12.2906480Z Saving project files from res://tests/unit/test_hud_intervention.gd.remap into res://android/build/assets/tests/unit/test_hud_intervention.gd.remap
Quest 3 arm64 APK export (advisory until first green run)	UNKNOWN STEP	2026-09-07T12:09:12.2907952Z Saving project files from res://tests/unit/test_hud_tabs.gd.remap into res://android/build/assets/tests/unit/test_hud_tabs.gd.remap
Quest 3 arm64 APK export (advisory until first green run)	UNKNOWN STEP	2026-09-07T12:09:12.2909479Z Saving project files from res://tests/unit/test_query_builder.gd.remap into res://android/build/assets/tests/unit/test_query_builder.gd.remap
Quest 3 arm64 APK export (advisory until first green run)	UNKNOWN STEP	2026-09-07T12:09:12.2910798Z Saving project files from res://tests/unit/test_scene_load.gd.remap into res://android/build/assets/tests/unit/test_scene_load.gd.remap
Quest 3 arm64 APK export (advisory until first green run)	UNKNOWN STEP	2026-09-07T12:09:12.2912093Z Saving project files from res://tests/unit/test_swarm_tab.gd.remap into res://android/build/assets/tests/unit/test_swarm_tab.gd.remap
Quest 3 arm64 APK export (advisory until first green run)	UNKNOWN STEP	2026-09-07T12:09:12.2913639Z Saving project files from res://tests/unit/test_xr_config.gd.remap into res://android/build/assets/tests/unit/test_xr_config.gd.remap
Quest 3 arm64 APK export (advisory until first green run)	UNKNOWN STEP	2026-09-07T12:09:12.2914876Z Saving project files from res://tests/run_gut.gd.remap into res://android/build/assets/tests/run_gut.gd.remap
Quest 3 arm64 APK export (advisory until first green run)	UNKNOWN STEP	2026-09-07T12:09:12.2916075Z Saving project files from res://openxr_action_map.tres.remap into res://android/build/assets/openxr_action_map.tres.remap
Quest 3 arm64 APK export (advisory until first green run)	UNKNOWN STEP	2026-09-07T12:09:12.2917465Z Saving project files from res://.godot/global_script_class_cache.cfg into res://android/build/assets/.godot/global_script_class_cache.cfg
Quest 3 arm64 APK export (advisory until first green run)	UNKNOWN STEP	2026-09-07T12:09:12.2918581Z Saving project files from res://icon.svg into res://android/build/assets/icon.svg
Quest 3 arm64 APK export (advisory until first green run)	UNKNOWN STEP	2026-09-07T12:09:12.2919461Z Saving project files from res://.godot/uid_cache.bin into res://android/build/assets/.godot/uid_cache.bin
Quest 3 arm64 APK export (advisory until first green run)	UNKNOWN STEP	2026-09-07T12:09:12.2920460Z Saving project files from res://.godot/extension_list.cfg into res://android/build/assets/.godot/extension_list.cfg
Quest 3 arm64 APK export (advisory until first green run)	UNKNOWN STEP	2026-09-07T12:09:12.2921507Z Saving project files from res://project.binary into res://android/build/assets/project.binary
Quest 3 arm64 APK export (advisory until first green run)	UNKNOWN STEP	2026-09-07T12:09:12.2922209Z Storing command line flags...
Quest 3 arm64 APK export (advisory until first green run)	UNKNOWN STEP	2026-09-07T12:09:12.2922869Z Updating JAVA_HOME environment to /opt/hostedtoolcache/Java_Temurin-Hotspot_jdk/17.0.20-1/x64
Quest 3 arm64 APK export (advisory until first green run)	UNKNOWN STEP	2026-09-07T12:09:12.2924004Z Updating ANDROID_HOME environment to /usr/local/lib/android/sdk
Quest 3 arm64 APK export (advisory until first green run)	UNKNOWN STEP	2026-09-07T12:09:12.2925287Z Build Android project using gradle command: 
Quest 3 arm64 APK export (advisory until first green run)	UNKNOWN STEP	2026-09-07T12:09:12.2946856Z /home/runner/work/VisionClaw/VisionClaw/xr-client/android/build/gradlew validateJavaVersion clean assembleRelease -p /home/runner/work/VisionClaw/VisionClaw/xr-client/android/build -Pexport_package_name=uk.xrsystems.visionclaw.xr -Pexport_version_code=1 -Pexport_version_name=0.1.0 -Pexport_version_min_sdk=29 -Pexport_version_target_sdk=34 -Pexport_enabled_abis=arm64-v8a -Pplugins_local_binaries= -Pplugins_remote_binaries= -Pplugins_maven_repos= -Pperform_zipalign=true -Pperform_signing=true -Pcompress_native_libraries=false -Pgodot_editor_version=4.3.stable
Quest 3 arm64 APK export (advisory until first green run)	UNKNOWN STEP	2026-09-07T12:09:12.2950414Z ERROR: Code Signing: Could not find keystore, unable to export.
Quest 3 arm64 APK export (advisory until first green run)	UNKNOWN STEP	2026-09-07T12:09:12.2951097Z    at: add_message (editor/export/editor_export_platform.h:182)
Quest 3 arm64 APK export (advisory until first green run)	UNKNOWN STEP	2026-09-07T12:09:12.2951728Z ERROR: Project export for preset "Quest 3 arm64" failed.
Quest 3 arm64 APK export (advisory until first green run)	UNKNOWN STEP	2026-09-07T12:09:12.2952274Z    at: _fs_changed (editor/editor_node.cpp:1028)
Quest 3 arm64 APK export (advisory until first green run)	UNKNOWN STEP	2026-09-07T12:09:12.2952715Z export: end
Quest 3 arm64 APK export (advisory until first green run)	UNKNOWN STEP	2026-09-07T12:09:13.1352128Z EditorSettings: Save OK!
Quest 3 arm64 APK export (advisory until first green run)	UNKNOWN STEP	2026-09-07T12:09:13.1555696Z XR: Clearing primary interface
Quest 3 arm64 APK export (advisory until first green run)	UNKNOWN STEP	2026-09-07T12:09:13.1558048Z XR: Removed interface "Native mobile"
Quest 3 arm64 APK export (advisory until first green run)	UNKNOWN STEP	2026-09-07T12:09:13.1558571Z XR: Removed interface "OpenXR"
Quest 3 arm64 APK export (advisory until first green run)	UNKNOWN STEP	2026-09-07T12:09:13.2743304Z Orphan StringName: Start (static: 0, total: 1)
Quest 3 arm64 APK export (advisory until first green run)	UNKNOWN STEP	2026-09-07T12:09:13.2745424Z Orphan StringName: Node (static: 8, total: 9)
Quest 3 arm64 APK export (advisory until first green run)	UNKNOWN STEP	2026-09-07T12:09:13.2746250Z Orphan StringName: End (static: 0, total: 1)
Quest 3 arm64 APK export (advisory until first green run)	UNKNOWN STEP	2026-09-07T12:09:13.2746793Z StringName: 3 unclaimed string names at exit.
Quest 3 arm64 APK export (advisory until first green run)	UNKNOWN STEP	2026-09-07T12:09:13.3149358Z ##[error]Process completed with exit code 1.
Quest 3 arm64 APK export (advisory until first green run)	UNKNOWN STEP	2026-09-07T12:09:13.3248736Z Node 20 is being deprecated. This workflow is running with Node 24 by default. If you need to temporarily use Node 20, you can set the ACTIONS_ALLOW_USE_UNSECURE_NODE_VERSION=true environment variable. For more information see: https://github.blog/changelog/2025-09-19-deprecation-of-node-20-on-github-actions-runners/
Quest 3 arm64 APK export (advisory until first green run)	UNKNOWN STEP	2026-09-07T12:09:13.3249911Z Post job cleanup.
Quest 3 arm64 APK export (advisory until first green run)	UNKNOWN STEP	2026-09-07T12:09:13.4633304Z (node:6651) [DEP0040] DeprecationWarning: The `punycode` module is deprecated. Please use a userland alternative instead.
Quest 3 arm64 APK export (advisory until first green run)	UNKNOWN STEP	2026-09-07T12:09:13.4634905Z (Use `node --trace-deprecation ...` to show where the warning was created)
Quest 3 arm64 APK export (advisory until first green run)	UNKNOWN STEP	2026-09-07T12:09:13.4855450Z Node 20 is being deprecated. This workflow is running with Node 24 by default. If you need to temporarily use Node 20, you can set the ACTIONS_ALLOW_USE_UNSECURE_NODE_VERSION=true environment variable. For more information see: https://github.blog/changelog/2025-09-19-deprecation-of-node-20-on-github-actions-runners/
Quest 3 arm64 APK export (advisory until first green run)	UNKNOWN STEP	2026-09-07T12:09:13.4857559Z Post job cleanup.
Quest 3 arm64 APK export (advisory until first green run)	UNKNOWN STEP	2026-09-07T12:09:13.5749754Z [command]/usr/bin/git version
Quest 3 arm64 APK export (advisory until first green run)	UNKNOWN STEP	2026-09-07T12:09:13.5792582Z git version 2.55.0
Quest 3 arm64 APK export (advisory until first green run)	UNKNOWN STEP	2026-09-07T12:09:13.5828858Z Temporarily overriding HOME='/home/runner/work/_temp/0c7d6919-e3af-4cb7-b9e0-f31f18015ec4' before making global git config changes
Quest 3 arm64 APK export (advisory until first green run)	UNKNOWN STEP	2026-09-07T12:09:13.5830240Z Adding repository directory to the temporary git global config as a safe directory
Quest 3 arm64 APK export (advisory until first green run)	UNKNOWN STEP	2026-09-07T12:09:13.5834870Z [command]/usr/bin/git config --global --add safe.directory /home/runner/work/VisionClaw/VisionClaw
Quest 3 arm64 APK export (advisory until first green run)	UNKNOWN STEP	2026-09-07T12:09:13.6485831Z [command]/usr/bin/git config --local --name-only --get-regexp core\.sshCommand
Quest 3 arm64 APK export (advisory until first green run)	UNKNOWN STEP	2026-09-07T12:09:13.6539694Z [command]/usr/bin/git submodule foreach --recursive sh -c "git config --local --name-only --get-regexp 'core\.sshCommand' && git config --local --unset-all 'core.sshCommand' || :"
Quest 3 arm64 APK export (advisory until first green run)	UNKNOWN STEP	2026-09-07T12:09:13.6822742Z [command]/usr/bin/git config --local --name-only --get-regexp http\.https\:\/\/github\.com\/\.extraheader
Quest 3 arm64 APK export (advisory until first green run)	UNKNOWN STEP	2026-09-07T12:09:13.7819394Z http.https://github.com/.extraheader
Quest 3 arm64 APK export (advisory until first green run)	UNKNOWN STEP	2026-09-07T12:09:13.7833437Z [command]/usr/bin/git config --local --unset-all http.https://github.com/.extraheader
Quest 3 arm64 APK export (advisory until first green run)	UNKNOWN STEP	2026-09-07T12:09:14.0831387Z [command]/usr/bin/git submodule foreach --recursive sh -c "git config --local --name-only --get-regexp 'http\.https\:\/\/github\.com\/\.extraheader' && git config --local --unset-all 'http.https://github.com/.extraheader' || :"
Quest 3 arm64 APK export (advisory until first green run)	UNKNOWN STEP	2026-09-07T12:09:14.1090614Z [command]/usr/bin/git config --local --name-only --get-regexp ^includeIf\.gitdir:
Quest 3 arm64 APK export (advisory until first green run)	UNKNOWN STEP	2026-09-07T12:09:14.1130749Z [command]/usr/bin/git submodule foreach --recursive git config --local --show-origin --name-only --get-regexp remote.origin.url
Quest 3 arm64 APK export (advisory until first green run)	UNKNOWN STEP	2026-09-07T12:09:14.1531817Z Cleaning up orphan processes
Quest 3 arm64 APK export (advisory until first green run)	UNKNOWN STEP	2026-09-07T12:09:14.1839388Z ##[warning]Node.js 20 is deprecated. The following actions target Node.js 20 but are being forced to run on Node.js 24: actions/checkout@11d5960a326750d5838078e36cf38b85af677262, actions/setup-java@cf277c60eb25467037889841efdb72551f06f6c3. For more information see: https://github.blog/changelog/2025-09-19-deprecation-of-node-20-on-github-actions-runners/
