GUT GDScript suite under Godot 4.3 headless (blocking)	Set up job	﻿2026-09-07T12:04:33.4142454Z Current runner version: '2.337.0'
GUT GDScript suite under Godot 4.3 headless (blocking)	Set up job	2026-09-07T12:04:33.4176661Z ##[group]Runner Image Provisioner
GUT GDScript suite under Godot 4.3 headless (blocking)	Set up job	2026-09-07T12:04:33.4178007Z Hosted Compute Agent
GUT GDScript suite under Godot 4.3 headless (blocking)	Set up job	2026-09-07T12:04:33.4179135Z Version: 20260828.587
GUT GDScript suite under Godot 4.3 headless (blocking)	Set up job	2026-09-07T12:04:33.4180168Z Commit: abac92662cab4cc7352de4f9f9d2e2419aad9c29
GUT GDScript suite under Godot 4.3 headless (blocking)	Set up job	2026-09-07T12:04:33.4182351Z Build Date: 2026-08-28T16:44:25Z
GUT GDScript suite under Godot 4.3 headless (blocking)	Set up job	2026-09-07T12:04:33.4183535Z Worker ID: {b0c9e01c-a3cf-4f03-93a6-8f421b6ce915}
GUT GDScript suite under Godot 4.3 headless (blocking)	Set up job	2026-09-07T12:04:33.4184767Z Azure Region: eastus
GUT GDScript suite under Godot 4.3 headless (blocking)	Set up job	2026-09-07T12:04:33.4185887Z ##[endgroup]
GUT GDScript suite under Godot 4.3 headless (blocking)	Set up job	2026-09-07T12:04:33.4188261Z ##[group]Operating System
GUT GDScript suite under Godot 4.3 headless (blocking)	Set up job	2026-09-07T12:04:33.4189396Z Ubuntu
GUT GDScript suite under Godot 4.3 headless (blocking)	Set up job	2026-09-07T12:04:33.4190229Z 24.04.4
GUT GDScript suite under Godot 4.3 headless (blocking)	Set up job	2026-09-07T12:04:33.4191085Z LTS
GUT GDScript suite under Godot 4.3 headless (blocking)	Set up job	2026-09-07T12:04:33.4192403Z ##[endgroup]
GUT GDScript suite under Godot 4.3 headless (blocking)	Set up job	2026-09-07T12:04:33.4193343Z ##[group]Runner Image
GUT GDScript suite under Godot 4.3 headless (blocking)	Set up job	2026-09-07T12:04:33.4194326Z Image: ubuntu-24.04
GUT GDScript suite under Godot 4.3 headless (blocking)	Set up job	2026-09-07T12:04:33.4195303Z Version: 20260831.293.1
GUT GDScript suite under Godot 4.3 headless (blocking)	Set up job	2026-09-07T12:04:33.4197245Z Included Software: https://github.com/actions/runner-images/blob/ubuntu24/20260831.293/images/ubuntu/Ubuntu2404-Readme.md
GUT GDScript suite under Godot 4.3 headless (blocking)	Set up job	2026-09-07T12:04:33.4200324Z Image Release: https://github.com/actions/runner-images/releases/tag/ubuntu24%2F20260831.293
GUT GDScript suite under Godot 4.3 headless (blocking)	Set up job	2026-09-07T12:04:33.4202451Z ##[endgroup]
GUT GDScript suite under Godot 4.3 headless (blocking)	Set up job	2026-09-07T12:04:33.4204342Z ##[group]GITHUB_TOKEN Permissions
GUT GDScript suite under Godot 4.3 headless (blocking)	Set up job	2026-09-07T12:04:33.4207227Z Contents: read
GUT GDScript suite under Godot 4.3 headless (blocking)	Set up job	2026-09-07T12:04:33.4208321Z Metadata: read
GUT GDScript suite under Godot 4.3 headless (blocking)	Set up job	2026-09-07T12:04:33.4209310Z ##[endgroup]
GUT GDScript suite under Godot 4.3 headless (blocking)	Set up job	2026-09-07T12:04:33.4212517Z Secret source: Actions
GUT GDScript suite under Godot 4.3 headless (blocking)	Set up job	2026-09-07T12:04:33.4214485Z Prepare workflow directory
GUT GDScript suite under Godot 4.3 headless (blocking)	Set up job	2026-09-07T12:04:33.4726211Z Prepare all required actions
GUT GDScript suite under Godot 4.3 headless (blocking)	Set up job	2026-09-07T12:04:33.4772618Z Getting action download info
GUT GDScript suite under Godot 4.3 headless (blocking)	Set up job	2026-09-07T12:04:33.6579618Z Download action repository 'actions/checkout@11d5960a326750d5838078e36cf38b85af677262' (SHA:11d5960a326750d5838078e36cf38b85af677262)
GUT GDScript suite under Godot 4.3 headless (blocking)	Set up job	2026-09-07T12:04:33.7716362Z Download action repository 'dtolnay/rust-toolchain@6bed0761d98439e5a578e2877258200ad565ba87' (SHA:6bed0761d98439e5a578e2877258200ad565ba87)
GUT GDScript suite under Godot 4.3 headless (blocking)	Set up job	2026-09-07T12:04:33.8545296Z Download action repository 'actions/upload-artifact@ea165f8d65b6e75b540449e92b4886f43607fa02' (SHA:ea165f8d65b6e75b540449e92b4886f43607fa02)
GUT GDScript suite under Godot 4.3 headless (blocking)	Set up job	2026-09-07T12:04:34.0955990Z Complete job name: GUT GDScript suite under Godot 4.3 headless (blocking)
GUT GDScript suite under Godot 4.3 headless (blocking)	Run actions/checkout@11d5960a326750d5838078e36cf38b85af677262	﻿2026-09-07T12:04:34.1692127Z Node 20 is being deprecated. This workflow is running with Node 24 by default. If you need to temporarily use Node 20, you can set the ACTIONS_ALLOW_USE_UNSECURE_NODE_VERSION=true environment variable. For more information see: https://github.blog/changelog/2025-09-19-deprecation-of-node-20-on-github-actions-runners/
GUT GDScript suite under Godot 4.3 headless (blocking)	Run actions/checkout@11d5960a326750d5838078e36cf38b85af677262	2026-09-07T12:04:34.1700957Z ##[group]Run actions/checkout@11d5960a326750d5838078e36cf38b85af677262
GUT GDScript suite under Godot 4.3 headless (blocking)	Run actions/checkout@11d5960a326750d5838078e36cf38b85af677262	2026-09-07T12:04:34.1702252Z with:
GUT GDScript suite under Godot 4.3 headless (blocking)	Run actions/checkout@11d5960a326750d5838078e36cf38b85af677262	2026-09-07T12:04:34.1702813Z   repository: DreamLab-AI/VisionClaw
GUT GDScript suite under Godot 4.3 headless (blocking)	Run actions/checkout@11d5960a326750d5838078e36cf38b85af677262	2026-09-07T12:04:34.1706530Z   token: ***
GUT GDScript suite under Godot 4.3 headless (blocking)	Run actions/checkout@11d5960a326750d5838078e36cf38b85af677262	2026-09-07T12:04:34.1706963Z   ssh-strict: true
GUT GDScript suite under Godot 4.3 headless (blocking)	Run actions/checkout@11d5960a326750d5838078e36cf38b85af677262	2026-09-07T12:04:34.1707402Z   ssh-user: git
GUT GDScript suite under Godot 4.3 headless (blocking)	Run actions/checkout@11d5960a326750d5838078e36cf38b85af677262	2026-09-07T12:04:34.1707852Z   persist-credentials: true
GUT GDScript suite under Godot 4.3 headless (blocking)	Run actions/checkout@11d5960a326750d5838078e36cf38b85af677262	2026-09-07T12:04:34.1708349Z   clean: true
GUT GDScript suite under Godot 4.3 headless (blocking)	Run actions/checkout@11d5960a326750d5838078e36cf38b85af677262	2026-09-07T12:04:34.1708817Z   sparse-checkout-cone-mode: true
GUT GDScript suite under Godot 4.3 headless (blocking)	Run actions/checkout@11d5960a326750d5838078e36cf38b85af677262	2026-09-07T12:04:34.1709358Z   fetch-depth: 1
GUT GDScript suite under Godot 4.3 headless (blocking)	Run actions/checkout@11d5960a326750d5838078e36cf38b85af677262	2026-09-07T12:04:34.1709785Z   fetch-tags: false
GUT GDScript suite under Godot 4.3 headless (blocking)	Run actions/checkout@11d5960a326750d5838078e36cf38b85af677262	2026-09-07T12:04:34.1710219Z   show-progress: true
GUT GDScript suite under Godot 4.3 headless (blocking)	Run actions/checkout@11d5960a326750d5838078e36cf38b85af677262	2026-09-07T12:04:34.1710665Z   lfs: false
GUT GDScript suite under Godot 4.3 headless (blocking)	Run actions/checkout@11d5960a326750d5838078e36cf38b85af677262	2026-09-07T12:04:34.1711113Z   submodules: false
GUT GDScript suite under Godot 4.3 headless (blocking)	Run actions/checkout@11d5960a326750d5838078e36cf38b85af677262	2026-09-07T12:04:34.1711734Z   set-safe-directory: true
GUT GDScript suite under Godot 4.3 headless (blocking)	Run actions/checkout@11d5960a326750d5838078e36cf38b85af677262	2026-09-07T12:04:34.1712241Z   allow-unsafe-pr-checkout: false
GUT GDScript suite under Godot 4.3 headless (blocking)	Run actions/checkout@11d5960a326750d5838078e36cf38b85af677262	2026-09-07T12:04:34.1713335Z env:
GUT GDScript suite under Godot 4.3 headless (blocking)	Run actions/checkout@11d5960a326750d5838078e36cf38b85af677262	2026-09-07T12:04:34.1713797Z   CARGO_TERM_COLOR: always
GUT GDScript suite under Godot 4.3 headless (blocking)	Run actions/checkout@11d5960a326750d5838078e36cf38b85af677262	2026-09-07T12:04:34.1714287Z   RUST_BACKTRACE: 1
GUT GDScript suite under Godot 4.3 headless (blocking)	Run actions/checkout@11d5960a326750d5838078e36cf38b85af677262	2026-09-07T12:04:34.1714737Z   GODOT_VERSION: 4.3-stable
GUT GDScript suite under Godot 4.3 headless (blocking)	Run actions/checkout@11d5960a326750d5838078e36cf38b85af677262	2026-09-07T12:04:34.1715255Z   GUT_VERSION: 9.3.1
GUT GDScript suite under Godot 4.3 headless (blocking)	Run actions/checkout@11d5960a326750d5838078e36cf38b85af677262	2026-09-07T12:04:34.1715737Z ##[endgroup]
GUT GDScript suite under Godot 4.3 headless (blocking)	Run actions/checkout@11d5960a326750d5838078e36cf38b85af677262	2026-09-07T12:04:34.2704777Z Syncing repository: DreamLab-AI/VisionClaw
GUT GDScript suite under Godot 4.3 headless (blocking)	Run actions/checkout@11d5960a326750d5838078e36cf38b85af677262	2026-09-07T12:04:34.2707764Z ##[group]Getting Git version info
GUT GDScript suite under Godot 4.3 headless (blocking)	Run actions/checkout@11d5960a326750d5838078e36cf38b85af677262	2026-09-07T12:04:34.2709049Z Working directory is '/home/runner/work/VisionClaw/VisionClaw'
GUT GDScript suite under Godot 4.3 headless (blocking)	Run actions/checkout@11d5960a326750d5838078e36cf38b85af677262	2026-09-07T12:04:34.2710171Z [command]/usr/bin/git version
GUT GDScript suite under Godot 4.3 headless (blocking)	Run actions/checkout@11d5960a326750d5838078e36cf38b85af677262	2026-09-07T12:04:34.2778592Z git version 2.55.0
GUT GDScript suite under Godot 4.3 headless (blocking)	Run actions/checkout@11d5960a326750d5838078e36cf38b85af677262	2026-09-07T12:04:34.2802316Z ##[endgroup]
GUT GDScript suite under Godot 4.3 headless (blocking)	Run actions/checkout@11d5960a326750d5838078e36cf38b85af677262	2026-09-07T12:04:34.2822916Z Temporarily overriding HOME='/home/runner/work/_temp/f57228c2-68e3-403c-8020-a1b9780e70a1' before making global git config changes
GUT GDScript suite under Godot 4.3 headless (blocking)	Run actions/checkout@11d5960a326750d5838078e36cf38b85af677262	2026-09-07T12:04:34.2825446Z Adding repository directory to the temporary git global config as a safe directory
GUT GDScript suite under Godot 4.3 headless (blocking)	Run actions/checkout@11d5960a326750d5838078e36cf38b85af677262	2026-09-07T12:04:34.2827520Z [command]/usr/bin/git config --global --add safe.directory /home/runner/work/VisionClaw/VisionClaw
GUT GDScript suite under Godot 4.3 headless (blocking)	Run actions/checkout@11d5960a326750d5838078e36cf38b85af677262	2026-09-07T12:04:34.2882443Z Deleting the contents of '/home/runner/work/VisionClaw/VisionClaw'
GUT GDScript suite under Godot 4.3 headless (blocking)	Run actions/checkout@11d5960a326750d5838078e36cf38b85af677262	2026-09-07T12:04:34.2884906Z ##[group]Initializing the repository
GUT GDScript suite under Godot 4.3 headless (blocking)	Run actions/checkout@11d5960a326750d5838078e36cf38b85af677262	2026-09-07T12:04:34.2887473Z [command]/usr/bin/git init /home/runner/work/VisionClaw/VisionClaw
GUT GDScript suite under Godot 4.3 headless (blocking)	Run actions/checkout@11d5960a326750d5838078e36cf38b85af677262	2026-09-07T12:04:34.2994007Z hint: Using 'master' as the name for the initial branch. This default branch name
GUT GDScript suite under Godot 4.3 headless (blocking)	Run actions/checkout@11d5960a326750d5838078e36cf38b85af677262	2026-09-07T12:04:34.2995865Z hint: will change to "main" in Git 3.0. To configure the initial branch name
GUT GDScript suite under Godot 4.3 headless (blocking)	Run actions/checkout@11d5960a326750d5838078e36cf38b85af677262	2026-09-07T12:04:34.2998748Z hint: to use in all of your new repositories, which will suppress this warning,
GUT GDScript suite under Godot 4.3 headless (blocking)	Run actions/checkout@11d5960a326750d5838078e36cf38b85af677262	2026-09-07T12:04:34.3002284Z hint: call:
GUT GDScript suite under Godot 4.3 headless (blocking)	Run actions/checkout@11d5960a326750d5838078e36cf38b85af677262	2026-09-07T12:04:34.3003275Z hint:
GUT GDScript suite under Godot 4.3 headless (blocking)	Run actions/checkout@11d5960a326750d5838078e36cf38b85af677262	2026-09-07T12:04:34.3004293Z hint: 	git config --global init.defaultBranch <name>
GUT GDScript suite under Godot 4.3 headless (blocking)	Run actions/checkout@11d5960a326750d5838078e36cf38b85af677262	2026-09-07T12:04:34.3005460Z hint:
GUT GDScript suite under Godot 4.3 headless (blocking)	Run actions/checkout@11d5960a326750d5838078e36cf38b85af677262	2026-09-07T12:04:34.3006697Z hint: Names commonly chosen instead of 'master' are 'main', 'trunk' and
GUT GDScript suite under Godot 4.3 headless (blocking)	Run actions/checkout@11d5960a326750d5838078e36cf38b85af677262	2026-09-07T12:04:34.3008589Z hint: 'development'. The just-created branch can be renamed via this command:
GUT GDScript suite under Godot 4.3 headless (blocking)	Run actions/checkout@11d5960a326750d5838078e36cf38b85af677262	2026-09-07T12:04:34.3009983Z hint:
GUT GDScript suite under Godot 4.3 headless (blocking)	Run actions/checkout@11d5960a326750d5838078e36cf38b85af677262	2026-09-07T12:04:34.3010578Z hint: 	git branch -m <name>
GUT GDScript suite under Godot 4.3 headless (blocking)	Run actions/checkout@11d5960a326750d5838078e36cf38b85af677262	2026-09-07T12:04:34.3011532Z hint:
GUT GDScript suite under Godot 4.3 headless (blocking)	Run actions/checkout@11d5960a326750d5838078e36cf38b85af677262	2026-09-07T12:04:34.3012420Z hint: Disable this message with "git config set advice.defaultBranchName false"
GUT GDScript suite under Godot 4.3 headless (blocking)	Run actions/checkout@11d5960a326750d5838078e36cf38b85af677262	2026-09-07T12:04:34.3013614Z Initialized empty Git repository in /home/runner/work/VisionClaw/VisionClaw/.git/
GUT GDScript suite under Godot 4.3 headless (blocking)	Run actions/checkout@11d5960a326750d5838078e36cf38b85af677262	2026-09-07T12:04:34.3019834Z [command]/usr/bin/git remote add origin https://github.com/DreamLab-AI/VisionClaw
GUT GDScript suite under Godot 4.3 headless (blocking)	Run actions/checkout@11d5960a326750d5838078e36cf38b85af677262	2026-09-07T12:04:34.3067155Z ##[endgroup]
GUT GDScript suite under Godot 4.3 headless (blocking)	Run actions/checkout@11d5960a326750d5838078e36cf38b85af677262	2026-09-07T12:04:34.3068494Z ##[group]Disabling automatic garbage collection
GUT GDScript suite under Godot 4.3 headless (blocking)	Run actions/checkout@11d5960a326750d5838078e36cf38b85af677262	2026-09-07T12:04:34.3072166Z [command]/usr/bin/git config --local gc.auto 0
GUT GDScript suite under Godot 4.3 headless (blocking)	Run actions/checkout@11d5960a326750d5838078e36cf38b85af677262	2026-09-07T12:04:34.3106992Z ##[endgroup]
GUT GDScript suite under Godot 4.3 headless (blocking)	Run actions/checkout@11d5960a326750d5838078e36cf38b85af677262	2026-09-07T12:04:34.3107778Z ##[group]Setting up auth
GUT GDScript suite under Godot 4.3 headless (blocking)	Run actions/checkout@11d5960a326750d5838078e36cf38b85af677262	2026-09-07T12:04:34.3115765Z [command]/usr/bin/git config --local --name-only --get-regexp core\.sshCommand
GUT GDScript suite under Godot 4.3 headless (blocking)	Run actions/checkout@11d5960a326750d5838078e36cf38b85af677262	2026-09-07T12:04:34.3148393Z [command]/usr/bin/git submodule foreach --recursive sh -c "git config --local --name-only --get-regexp 'core\.sshCommand' && git config --local --unset-all 'core.sshCommand' || :"
GUT GDScript suite under Godot 4.3 headless (blocking)	Run actions/checkout@11d5960a326750d5838078e36cf38b85af677262	2026-09-07T12:04:34.3516612Z [command]/usr/bin/git config --local --name-only --get-regexp http\.https\:\/\/github\.com\/\.extraheader
GUT GDScript suite under Godot 4.3 headless (blocking)	Run actions/checkout@11d5960a326750d5838078e36cf38b85af677262	2026-09-07T12:04:34.3556700Z [command]/usr/bin/git submodule foreach --recursive sh -c "git config --local --name-only --get-regexp 'http\.https\:\/\/github\.com\/\.extraheader' && git config --local --unset-all 'http.https://github.com/.extraheader' || :"
GUT GDScript suite under Godot 4.3 headless (blocking)	Run actions/checkout@11d5960a326750d5838078e36cf38b85af677262	2026-09-07T12:04:34.3803108Z [command]/usr/bin/git config --local --name-only --get-regexp ^includeIf\.gitdir:
GUT GDScript suite under Godot 4.3 headless (blocking)	Run actions/checkout@11d5960a326750d5838078e36cf38b85af677262	2026-09-07T12:04:34.3838654Z [command]/usr/bin/git submodule foreach --recursive git config --local --show-origin --name-only --get-regexp remote.origin.url
GUT GDScript suite under Godot 4.3 headless (blocking)	Run actions/checkout@11d5960a326750d5838078e36cf38b85af677262	2026-09-07T12:04:34.4071172Z [command]/usr/bin/git config --local http.https://github.com/.extraheader AUTHORIZATION: basic ***
GUT GDScript suite under Godot 4.3 headless (blocking)	Run actions/checkout@11d5960a326750d5838078e36cf38b85af677262	2026-09-07T12:04:34.4112465Z ##[endgroup]
GUT GDScript suite under Godot 4.3 headless (blocking)	Run actions/checkout@11d5960a326750d5838078e36cf38b85af677262	2026-09-07T12:04:34.4113957Z ##[group]Fetching the repository
GUT GDScript suite under Godot 4.3 headless (blocking)	Run actions/checkout@11d5960a326750d5838078e36cf38b85af677262	2026-09-07T12:04:34.4123824Z [command]/usr/bin/git -c protocol.version=2 fetch --no-tags --prune --no-recurse-submodules --depth=1 origin +81929f1f3c3688d08f0b2311ec19a7dbe158686f:refs/remotes/origin/main
GUT GDScript suite under Godot 4.3 headless (blocking)	Run actions/checkout@11d5960a326750d5838078e36cf38b85af677262	2026-09-07T12:04:37.1250865Z From https://github.com/DreamLab-AI/VisionClaw
GUT GDScript suite under Godot 4.3 headless (blocking)	Run actions/checkout@11d5960a326750d5838078e36cf38b85af677262	2026-09-07T12:04:37.1252509Z  * [new ref]         81929f1f3c3688d08f0b2311ec19a7dbe158686f -> origin/main
GUT GDScript suite under Godot 4.3 headless (blocking)	Run actions/checkout@11d5960a326750d5838078e36cf38b85af677262	2026-09-07T12:04:37.1287481Z ##[endgroup]
GUT GDScript suite under Godot 4.3 headless (blocking)	Run actions/checkout@11d5960a326750d5838078e36cf38b85af677262	2026-09-07T12:04:37.1289357Z ##[group]Determining the checkout info
GUT GDScript suite under Godot 4.3 headless (blocking)	Run actions/checkout@11d5960a326750d5838078e36cf38b85af677262	2026-09-07T12:04:37.1291587Z ##[endgroup]
GUT GDScript suite under Godot 4.3 headless (blocking)	Run actions/checkout@11d5960a326750d5838078e36cf38b85af677262	2026-09-07T12:04:37.1292920Z [command]/usr/bin/git sparse-checkout disable
GUT GDScript suite under Godot 4.3 headless (blocking)	Run actions/checkout@11d5960a326750d5838078e36cf38b85af677262	2026-09-07T12:04:37.1320633Z [command]/usr/bin/git config --local --unset-all extensions.worktreeConfig
GUT GDScript suite under Godot 4.3 headless (blocking)	Run actions/checkout@11d5960a326750d5838078e36cf38b85af677262	2026-09-07T12:04:37.1355531Z ##[group]Checking out the ref
GUT GDScript suite under Godot 4.3 headless (blocking)	Run actions/checkout@11d5960a326750d5838078e36cf38b85af677262	2026-09-07T12:04:37.1359275Z [command]/usr/bin/git checkout --progress --force -B main refs/remotes/origin/main
GUT GDScript suite under Godot 4.3 headless (blocking)	Run actions/checkout@11d5960a326750d5838078e36cf38b85af677262	2026-09-07T12:04:37.5749236Z Switched to a new branch 'main'
GUT GDScript suite under Godot 4.3 headless (blocking)	Run actions/checkout@11d5960a326750d5838078e36cf38b85af677262	2026-09-07T12:04:37.5755516Z branch 'main' set up to track 'origin/main'.
GUT GDScript suite under Godot 4.3 headless (blocking)	Run actions/checkout@11d5960a326750d5838078e36cf38b85af677262	2026-09-07T12:04:37.5779179Z ##[endgroup]
GUT GDScript suite under Godot 4.3 headless (blocking)	Run actions/checkout@11d5960a326750d5838078e36cf38b85af677262	2026-09-07T12:04:37.5828892Z [command]/usr/bin/git log -1 --format=%H
GUT GDScript suite under Godot 4.3 headless (blocking)	Run actions/checkout@11d5960a326750d5838078e36cf38b85af677262	2026-09-07T12:04:37.5860256Z 81929f1f3c3688d08f0b2311ec19a7dbe158686f
GUT GDScript suite under Godot 4.3 headless (blocking)	Install Rust toolchain	﻿2026-09-07T12:04:37.6585018Z ##[group]Run dtolnay/rust-toolchain@6bed0761d98439e5a578e2877258200ad565ba87
GUT GDScript suite under Godot 4.3 headless (blocking)	Install Rust toolchain	2026-09-07T12:04:37.6586709Z with:
GUT GDScript suite under Godot 4.3 headless (blocking)	Install Rust toolchain	2026-09-07T12:04:37.6587609Z   toolchain: stable
GUT GDScript suite under Godot 4.3 headless (blocking)	Install Rust toolchain	2026-09-07T12:04:37.6588566Z env:
GUT GDScript suite under Godot 4.3 headless (blocking)	Install Rust toolchain	2026-09-07T12:04:37.6589464Z   CARGO_TERM_COLOR: always
GUT GDScript suite under Godot 4.3 headless (blocking)	Install Rust toolchain	2026-09-07T12:04:37.6590510Z   RUST_BACKTRACE: 1
GUT GDScript suite under Godot 4.3 headless (blocking)	Install Rust toolchain	2026-09-07T12:04:37.6591745Z   GODOT_VERSION: 4.3-stable
GUT GDScript suite under Godot 4.3 headless (blocking)	Install Rust toolchain	2026-09-07T12:04:37.6592817Z   GUT_VERSION: 9.3.1
GUT GDScript suite under Godot 4.3 headless (blocking)	Install Rust toolchain	2026-09-07T12:04:37.6593781Z ##[endgroup]
GUT GDScript suite under Godot 4.3 headless (blocking)	Install Rust toolchain	2026-09-07T12:04:37.6683483Z ##[start-action display=Parse toolchain version;id=__dtolnay_rust-toolchain.parse]
GUT GDScript suite under Godot 4.3 headless (blocking)	Install Rust toolchain	2026-09-07T12:04:37.6760373Z ##[group]Run if [[ -z $toolchain ]]; then
GUT GDScript suite under Godot 4.3 headless (blocking)	Install Rust toolchain	2026-09-07T12:04:37.6761897Z ^[[36;1mif [[ -z $toolchain ]]; then^[[0m
GUT GDScript suite under Godot 4.3 headless (blocking)	Install Rust toolchain	2026-09-07T12:04:37.6763909Z ^[[36;1m  # GitHub does not enforce `required: true` inputs itself. https://github.com/actions/runner/issues/1070^[[0m
GUT GDScript suite under Godot 4.3 headless (blocking)	Install Rust toolchain	2026-09-07T12:04:37.6766055Z ^[[36;1m  echo "'toolchain' is a required input" >&2^[[0m
GUT GDScript suite under Godot 4.3 headless (blocking)	Install Rust toolchain	2026-09-07T12:04:37.6767296Z ^[[36;1m  exit 1^[[0m
GUT GDScript suite under Godot 4.3 headless (blocking)	Install Rust toolchain	2026-09-07T12:04:37.6768642Z ^[[36;1melif [[ $toolchain =~ ^stable' '[0-9]+' '(year|month|week|day)s?' 'ago$ ]]; then^[[0m
GUT GDScript suite under Godot 4.3 headless (blocking)	Install Rust toolchain	2026-09-07T12:04:37.6770368Z ^[[36;1m  if [[ Linux == macOS ]]; then^[[0m
GUT GDScript suite under Godot 4.3 headless (blocking)	Install Rust toolchain	2026-09-07T12:04:37.6772558Z ^[[36;1m    echo "toolchain=1.$((($(date -v-$(sed 's/stable \([0-9]*\) \(.\).*/\1\2/' <<< $toolchain) +%s)/60/60/24-16569)/7/6))" >> $GITHUB_OUTPUT^[[0m
GUT GDScript suite under Godot 4.3 headless (blocking)	Install Rust toolchain	2026-09-07T12:04:37.6774609Z ^[[36;1m  else^[[0m
GUT GDScript suite under Godot 4.3 headless (blocking)	Install Rust toolchain	2026-09-07T12:04:37.6776226Z ^[[36;1m    echo "toolchain=1.$((($(date --date "${toolchain#stable }" +%s)/60/60/24-16569)/7/6))" >> $GITHUB_OUTPUT^[[0m
GUT GDScript suite under Godot 4.3 headless (blocking)	Install Rust toolchain	2026-09-07T12:04:37.6778083Z ^[[36;1m  fi^[[0m
GUT GDScript suite under Godot 4.3 headless (blocking)	Install Rust toolchain	2026-09-07T12:04:37.6779316Z ^[[36;1melif [[ $toolchain =~ ^stable' 'minus' '[0-9]+' 'releases?$ ]]; then^[[0m
GUT GDScript suite under Godot 4.3 headless (blocking)	Install Rust toolchain	2026-09-07T12:04:37.6781536Z ^[[36;1m  echo "toolchain=1.$((($(date +%s)/60/60/24-16569)/7/6-${toolchain//[^0-9]/}))" >> $GITHUB_OUTPUT^[[0m
GUT GDScript suite under Godot 4.3 headless (blocking)	Install Rust toolchain	2026-09-07T12:04:37.6783396Z ^[[36;1melif [[ $toolchain =~ ^1\.[0-9]+$ ]]; then^[[0m
GUT GDScript suite under Godot 4.3 headless (blocking)	Install Rust toolchain	2026-09-07T12:04:37.6785487Z ^[[36;1m  echo "toolchain=1.$((i=${toolchain#1.}, c=($(date +%s)/60/60/24-16569)/7/6, i+9*i*(10*i<=c)+90*i*(100*i<=c)))" >> $GITHUB_OUTPUT^[[0m
GUT GDScript suite under Godot 4.3 headless (blocking)	Install Rust toolchain	2026-09-07T12:04:37.6787477Z ^[[36;1melse^[[0m
GUT GDScript suite under Godot 4.3 headless (blocking)	Install Rust toolchain	2026-09-07T12:04:37.6788515Z ^[[36;1m  echo "toolchain=$toolchain" >> $GITHUB_OUTPUT^[[0m
GUT GDScript suite under Godot 4.3 headless (blocking)	Install Rust toolchain	2026-09-07T12:04:37.6789771Z ^[[36;1mfi^[[0m
GUT GDScript suite under Godot 4.3 headless (blocking)	Install Rust toolchain	2026-09-07T12:04:37.6831946Z shell: /usr/bin/bash --noprofile --norc -e -o pipefail {0}
GUT GDScript suite under Godot 4.3 headless (blocking)	Install Rust toolchain	2026-09-07T12:04:37.6833346Z env:
GUT GDScript suite under Godot 4.3 headless (blocking)	Install Rust toolchain	2026-09-07T12:04:37.6834177Z   CARGO_TERM_COLOR: always
GUT GDScript suite under Godot 4.3 headless (blocking)	Install Rust toolchain	2026-09-07T12:04:37.6835149Z   RUST_BACKTRACE: 1
GUT GDScript suite under Godot 4.3 headless (blocking)	Install Rust toolchain	2026-09-07T12:04:37.6836042Z   GODOT_VERSION: 4.3-stable
GUT GDScript suite under Godot 4.3 headless (blocking)	Install Rust toolchain	2026-09-07T12:04:37.6837010Z   GUT_VERSION: 9.3.1
GUT GDScript suite under Godot 4.3 headless (blocking)	Install Rust toolchain	2026-09-07T12:04:37.6837913Z   toolchain: stable
GUT GDScript suite under Godot 4.3 headless (blocking)	Install Rust toolchain	2026-09-07T12:04:37.6838777Z ##[endgroup]
GUT GDScript suite under Godot 4.3 headless (blocking)	Install Rust toolchain	2026-09-07T12:04:37.6962025Z ##[end-action id=__dtolnay_rust-toolchain.parse;outcome=success;conclusion=success;duration_ms=27]
GUT GDScript suite under Godot 4.3 headless (blocking)	Install Rust toolchain	2026-09-07T12:04:37.6978773Z ##[start-action display=Construct rustup command line;id=__dtolnay_rust-toolchain.flags]
GUT GDScript suite under Godot 4.3 headless (blocking)	Install Rust toolchain	2026-09-07T12:04:37.7029411Z ##[group]Run echo "targets=$(for t in ${targets//,/ }; do echo -n ' --target' $t; done)" >> $GITHUB_OUTPUT
GUT GDScript suite under Godot 4.3 headless (blocking)	Install Rust toolchain	2026-09-07T12:04:37.7032115Z ^[[36;1mecho "targets=$(for t in ${targets//,/ }; do echo -n ' --target' $t; done)" >> $GITHUB_OUTPUT^[[0m
GUT GDScript suite under Godot 4.3 headless (blocking)	Install Rust toolchain	2026-09-07T12:04:37.7034556Z ^[[36;1mecho "components=$(for c in ${components//,/ }; do echo -n ' --component' $c; done)" >> $GITHUB_OUTPUT^[[0m
GUT GDScript suite under Godot 4.3 headless (blocking)	Install Rust toolchain	2026-09-07T12:04:37.7036478Z ^[[36;1mecho "downgrade=" >> $GITHUB_OUTPUT^[[0m
GUT GDScript suite under Godot 4.3 headless (blocking)	Install Rust toolchain	2026-09-07T12:04:37.7071131Z shell: /usr/bin/bash --noprofile --norc -e -o pipefail {0}
GUT GDScript suite under Godot 4.3 headless (blocking)	Install Rust toolchain	2026-09-07T12:04:37.7072721Z env:
GUT GDScript suite under Godot 4.3 headless (blocking)	Install Rust toolchain	2026-09-07T12:04:37.7073548Z   CARGO_TERM_COLOR: always
GUT GDScript suite under Godot 4.3 headless (blocking)	Install Rust toolchain	2026-09-07T12:04:37.7074511Z   RUST_BACKTRACE: 1
GUT GDScript suite under Godot 4.3 headless (blocking)	Install Rust toolchain	2026-09-07T12:04:37.7075580Z   GODOT_VERSION: 4.3-stable
GUT GDScript suite under Godot 4.3 headless (blocking)	Install Rust toolchain	2026-09-07T12:04:37.7076553Z   GUT_VERSION: 9.3.1
GUT GDScript suite under Godot 4.3 headless (blocking)	Install Rust toolchain	2026-09-07T12:04:37.7077432Z   targets: 
GUT GDScript suite under Godot 4.3 headless (blocking)	Install Rust toolchain	2026-09-07T12:04:37.7078241Z   components: 
GUT GDScript suite under Godot 4.3 headless (blocking)	Install Rust toolchain	2026-09-07T12:04:37.7079073Z ##[endgroup]
GUT GDScript suite under Godot 4.3 headless (blocking)	Install Rust toolchain	2026-09-07T12:04:37.7169830Z ##[end-action id=__dtolnay_rust-toolchain.flags;outcome=success;conclusion=success;duration_ms=18]
GUT GDScript suite under Godot 4.3 headless (blocking)	Install Rust toolchain	2026-09-07T12:04:37.7176723Z ##[start-action display=Set $CARGO_HOME;id=__dtolnay_rust-toolchain.__run]
GUT GDScript suite under Godot 4.3 headless (blocking)	Install Rust toolchain	2026-09-07T12:04:37.7217261Z ##[group]Run echo CARGO_HOME=${CARGO_HOME:-"$HOME/.cargo"} >> $GITHUB_ENV
GUT GDScript suite under Godot 4.3 headless (blocking)	Install Rust toolchain	2026-09-07T12:04:37.7219047Z ^[[36;1mecho CARGO_HOME=${CARGO_HOME:-"$HOME/.cargo"} >> $GITHUB_ENV^[[0m
GUT GDScript suite under Godot 4.3 headless (blocking)	Install Rust toolchain	2026-09-07T12:04:37.7254016Z shell: /usr/bin/bash --noprofile --norc -e -o pipefail {0}
GUT GDScript suite under Godot 4.3 headless (blocking)	Install Rust toolchain	2026-09-07T12:04:37.7255336Z env:
GUT GDScript suite under Godot 4.3 headless (blocking)	Install Rust toolchain	2026-09-07T12:04:37.7256148Z   CARGO_TERM_COLOR: always
GUT GDScript suite under Godot 4.3 headless (blocking)	Install Rust toolchain	2026-09-07T12:04:37.7257126Z   RUST_BACKTRACE: 1
GUT GDScript suite under Godot 4.3 headless (blocking)	Install Rust toolchain	2026-09-07T12:04:37.7258014Z   GODOT_VERSION: 4.3-stable
GUT GDScript suite under Godot 4.3 headless (blocking)	Install Rust toolchain	2026-09-07T12:04:37.7258975Z   GUT_VERSION: 9.3.1
GUT GDScript suite under Godot 4.3 headless (blocking)	Install Rust toolchain	2026-09-07T12:04:37.7259920Z ##[endgroup]
GUT GDScript suite under Godot 4.3 headless (blocking)	Install Rust toolchain	2026-09-07T12:04:37.7337662Z ##[end-action id=__dtolnay_rust-toolchain.__run;outcome=success;conclusion=success;duration_ms=15]
GUT GDScript suite under Godot 4.3 headless (blocking)	Install Rust toolchain	2026-09-07T12:04:37.7344451Z ##[start-action display=Install rustup if needed;id=__dtolnay_rust-toolchain.__run_2]
GUT GDScript suite under Godot 4.3 headless (blocking)	Install Rust toolchain	2026-09-07T12:04:37.7394128Z ##[group]Run if ! command -v rustup &>/dev/null; then
GUT GDScript suite under Godot 4.3 headless (blocking)	Install Rust toolchain	2026-09-07T12:04:37.7395583Z ^[[36;1mif ! command -v rustup &>/dev/null; then^[[0m
GUT GDScript suite under Godot 4.3 headless (blocking)	Install Rust toolchain	2026-09-07T12:04:37.7398294Z ^[[36;1m  curl --proto '=https' --tlsv1.2 --retry 10 --retry-connrefused --location --silent --show-error --fail https://sh.rustup.rs | sh -s -- --default-toolchain none -y^[[0m
GUT GDScript suite under Godot 4.3 headless (blocking)	Install Rust toolchain	2026-09-07T12:04:37.7400998Z ^[[36;1m  echo "$CARGO_HOME/bin" >> $GITHUB_PATH^[[0m
GUT GDScript suite under Godot 4.3 headless (blocking)	Install Rust toolchain	2026-09-07T12:04:37.7402441Z ^[[36;1mfi^[[0m
GUT GDScript suite under Godot 4.3 headless (blocking)	Install Rust toolchain	2026-09-07T12:04:37.7436821Z shell: /usr/bin/bash --noprofile --norc -e -o pipefail {0}
GUT GDScript suite under Godot 4.3 headless (blocking)	Install Rust toolchain	2026-09-07T12:04:37.7438124Z env:
GUT GDScript suite under Godot 4.3 headless (blocking)	Install Rust toolchain	2026-09-07T12:04:37.7438935Z   CARGO_TERM_COLOR: always
GUT GDScript suite under Godot 4.3 headless (blocking)	Install Rust toolchain	2026-09-07T12:04:37.7439911Z   RUST_BACKTRACE: 1
GUT GDScript suite under Godot 4.3 headless (blocking)	Install Rust toolchain	2026-09-07T12:04:37.7440806Z   GODOT_VERSION: 4.3-stable
GUT GDScript suite under Godot 4.3 headless (blocking)	Install Rust toolchain	2026-09-07T12:04:37.7442084Z   GUT_VERSION: 9.3.1
GUT GDScript suite under Godot 4.3 headless (blocking)	Install Rust toolchain	2026-09-07T12:04:37.7443029Z   CARGO_HOME: /home/runner/.cargo
GUT GDScript suite under Godot 4.3 headless (blocking)	Install Rust toolchain	2026-09-07T12:04:37.7444054Z ##[endgroup]
GUT GDScript suite under Godot 4.3 headless (blocking)	Install Rust toolchain	2026-09-07T12:04:37.7519431Z ##[end-action id=__dtolnay_rust-toolchain.__run_2;outcome=success;conclusion=success;duration_ms=17]
GUT GDScript suite under Godot 4.3 headless (blocking)	Install Rust toolchain	2026-09-07T12:04:37.7526257Z ##[start-action display=Install rustup if needed on windows;id=__dtolnay_rust-toolchain.__run_3]
GUT GDScript suite under Godot 4.3 headless (blocking)	Install Rust toolchain	2026-09-07T12:04:37.7540692Z ##[end-action id=__dtolnay_rust-toolchain.__run_3;outcome=skipped;conclusion=skipped;duration_ms=0]
GUT GDScript suite under Godot 4.3 headless (blocking)	Install Rust toolchain	2026-09-07T12:04:37.7549374Z ##[start-action display=rustup toolchain install stable;id=__dtolnay_rust-toolchain.__run_4]
GUT GDScript suite under Godot 4.3 headless (blocking)	Install Rust toolchain	2026-09-07T12:04:37.7589736Z ##[group]Run rustup toolchain install stable --profile minimal --no-self-update
GUT GDScript suite under Godot 4.3 headless (blocking)	Install Rust toolchain	2026-09-07T12:04:37.7591871Z ^[[36;1mrustup toolchain install stable --profile minimal --no-self-update^[[0m
GUT GDScript suite under Godot 4.3 headless (blocking)	Install Rust toolchain	2026-09-07T12:04:37.7626699Z shell: /usr/bin/bash --noprofile --norc -e -o pipefail {0}
GUT GDScript suite under Godot 4.3 headless (blocking)	Install Rust toolchain	2026-09-07T12:04:37.7627979Z env:
GUT GDScript suite under Godot 4.3 headless (blocking)	Install Rust toolchain	2026-09-07T12:04:37.7628761Z   CARGO_TERM_COLOR: always
GUT GDScript suite under Godot 4.3 headless (blocking)	Install Rust toolchain	2026-09-07T12:04:37.7629682Z   RUST_BACKTRACE: 1
GUT GDScript suite under Godot 4.3 headless (blocking)	Install Rust toolchain	2026-09-07T12:04:37.7630535Z   GODOT_VERSION: 4.3-stable
GUT GDScript suite under Godot 4.3 headless (blocking)	Install Rust toolchain	2026-09-07T12:04:37.7631603Z   GUT_VERSION: 9.3.1
GUT GDScript suite under Godot 4.3 headless (blocking)	Install Rust toolchain	2026-09-07T12:04:37.7632535Z   CARGO_HOME: /home/runner/.cargo
GUT GDScript suite under Godot 4.3 headless (blocking)	Install Rust toolchain	2026-09-07T12:04:37.7633565Z   RUSTUP_PERMIT_COPY_RENAME: 1
GUT GDScript suite under Godot 4.3 headless (blocking)	Install Rust toolchain	2026-09-07T12:04:37.7634525Z ##[endgroup]
GUT GDScript suite under Godot 4.3 headless (blocking)	Install Rust toolchain	2026-09-07T12:04:38.5299350Z info: syncing channel updates for stable-x86_64-unknown-linux-gnu
GUT GDScript suite under Godot 4.3 headless (blocking)	Install Rust toolchain	2026-09-07T12:04:38.7588535Z info: latest update on 2026-09-03 for version 1.98.1 (48a229cea 2026-09-01)
GUT GDScript suite under Godot 4.3 headless (blocking)	Install Rust toolchain	2026-09-07T12:04:38.7793869Z info: removing previous version of component clippy
GUT GDScript suite under Godot 4.3 headless (blocking)	Install Rust toolchain	2026-09-07T12:04:38.7809468Z info: removing previous version of component rustfmt
GUT GDScript suite under Godot 4.3 headless (blocking)	Install Rust toolchain	2026-09-07T12:04:38.7819741Z info: removing previous version of component cargo
GUT GDScript suite under Godot 4.3 headless (blocking)	Install Rust toolchain	2026-09-07T12:04:38.7869665Z info: removing previous version of component rust-std
GUT GDScript suite under Godot 4.3 headless (blocking)	Install Rust toolchain	2026-09-07T12:04:38.7917601Z info: removing previous version of component rustc
GUT GDScript suite under Godot 4.3 headless (blocking)	Install Rust toolchain	2026-09-07T12:04:38.7986374Z info: downloading 5 components
GUT GDScript suite under Godot 4.3 headless (blocking)	Install Rust toolchain	2026-09-07T12:04:46.9956009Z 
GUT GDScript suite under Godot 4.3 headless (blocking)	Install Rust toolchain	2026-09-07T12:04:47.0042094Z   stable-x86_64-unknown-linux-gnu updated - rustc 1.98.1 (48a229cea 2026-09-01) (from rustc 1.98.0 (88d9e12ae 2026-08-18))
GUT GDScript suite under Godot 4.3 headless (blocking)	Install Rust toolchain	2026-09-07T12:04:47.0042977Z 
GUT GDScript suite under Godot 4.3 headless (blocking)	Install Rust toolchain	2026-09-07T12:04:47.0133556Z ##[end-action id=__dtolnay_rust-toolchain.__run_4;outcome=success;conclusion=success;duration_ms=9258]
GUT GDScript suite under Godot 4.3 headless (blocking)	Install Rust toolchain	2026-09-07T12:04:47.0141608Z ##[start-action display=rustup default stable;id=__dtolnay_rust-toolchain.__run_5]
GUT GDScript suite under Godot 4.3 headless (blocking)	Install Rust toolchain	2026-09-07T12:04:47.0165832Z ##[group]Run rustup default stable
GUT GDScript suite under Godot 4.3 headless (blocking)	Install Rust toolchain	2026-09-07T12:04:47.0166142Z ^[[36;1mrustup default stable^[[0m
GUT GDScript suite under Godot 4.3 headless (blocking)	Install Rust toolchain	2026-09-07T12:04:47.0204376Z shell: /usr/bin/bash --noprofile --norc -e -o pipefail {0}
GUT GDScript suite under Godot 4.3 headless (blocking)	Install Rust toolchain	2026-09-07T12:04:47.0204755Z env:
GUT GDScript suite under Godot 4.3 headless (blocking)	Install Rust toolchain	2026-09-07T12:04:47.0204953Z   CARGO_TERM_COLOR: always
GUT GDScript suite under Godot 4.3 headless (blocking)	Install Rust toolchain	2026-09-07T12:04:47.0205191Z   RUST_BACKTRACE: 1
GUT GDScript suite under Godot 4.3 headless (blocking)	Install Rust toolchain	2026-09-07T12:04:47.0205402Z   GODOT_VERSION: 4.3-stable
GUT GDScript suite under Godot 4.3 headless (blocking)	Install Rust toolchain	2026-09-07T12:04:47.0205642Z   GUT_VERSION: 9.3.1
GUT GDScript suite under Godot 4.3 headless (blocking)	Install Rust toolchain	2026-09-07T12:04:47.0205879Z   CARGO_HOME: /home/runner/.cargo
GUT GDScript suite under Godot 4.3 headless (blocking)	Install Rust toolchain	2026-09-07T12:04:47.0206139Z ##[endgroup]
GUT GDScript suite under Godot 4.3 headless (blocking)	Install Rust toolchain	2026-09-07T12:04:47.0316601Z info: using existing install for stable-x86_64-unknown-linux-gnu
GUT GDScript suite under Godot 4.3 headless (blocking)	Install Rust toolchain	2026-09-07T12:04:47.1425180Z 
GUT GDScript suite under Godot 4.3 headless (blocking)	Install Rust toolchain	2026-09-07T12:04:47.1442351Z info: default toolchain set to stable-x86_64-unknown-linux-gnu
GUT GDScript suite under Godot 4.3 headless (blocking)	Install Rust toolchain	2026-09-07T12:04:47.1512066Z   stable-x86_64-unknown-linux-gnu unchanged - rustc 1.98.1 (48a229cea 2026-09-01)
GUT GDScript suite under Godot 4.3 headless (blocking)	Install Rust toolchain	2026-09-07T12:04:47.1512833Z 
GUT GDScript suite under Godot 4.3 headless (blocking)	Install Rust toolchain	2026-09-07T12:04:47.1536590Z ##[end-action id=__dtolnay_rust-toolchain.__run_5;outcome=success;conclusion=success;duration_ms=139]
GUT GDScript suite under Godot 4.3 headless (blocking)	Install Rust toolchain	2026-09-07T12:04:47.1539360Z ##[start-action display=Create cachekey;id=__dtolnay_rust-toolchain.rustc-version]
GUT GDScript suite under Godot 4.3 headless (blocking)	Install Rust toolchain	2026-09-07T12:04:47.1561723Z ##[group]Run DATE=$(rustc +stable --version --verbose | sed -ne 's/^commit-date: \(20[0-9][0-9]\)-\([01][0-9]\)-\([0-3][0-9]\)$/\1\2\3/p')
GUT GDScript suite under Godot 4.3 headless (blocking)	Install Rust toolchain	2026-09-07T12:04:47.1562601Z ^[[36;1mDATE=$(rustc +stable --version --verbose | sed -ne 's/^commit-date: \(20[0-9][0-9]\)-\([01][0-9]\)-\([0-3][0-9]\)$/\1\2\3/p')^[[0m
GUT GDScript suite under Godot 4.3 headless (blocking)	Install Rust toolchain	2026-09-07T12:04:47.1563265Z ^[[36;1mHASH=$(rustc +stable --version --verbose | sed -ne 's/^commit-hash: //p')^[[0m
GUT GDScript suite under Godot 4.3 headless (blocking)	Install Rust toolchain	2026-09-07T12:04:47.1563805Z ^[[36;1mecho "cachekey=$(echo $DATE$HASH | head -c12)" >> $GITHUB_OUTPUT^[[0m
GUT GDScript suite under Godot 4.3 headless (blocking)	Install Rust toolchain	2026-09-07T12:04:47.1601563Z shell: /usr/bin/bash --noprofile --norc -e -o pipefail {0}
GUT GDScript suite under Godot 4.3 headless (blocking)	Install Rust toolchain	2026-09-07T12:04:47.1601935Z env:
GUT GDScript suite under Godot 4.3 headless (blocking)	Install Rust toolchain	2026-09-07T12:04:47.1602135Z   CARGO_TERM_COLOR: always
GUT GDScript suite under Godot 4.3 headless (blocking)	Install Rust toolchain	2026-09-07T12:04:47.1602366Z   RUST_BACKTRACE: 1
GUT GDScript suite under Godot 4.3 headless (blocking)	Install Rust toolchain	2026-09-07T12:04:47.1602579Z   GODOT_VERSION: 4.3-stable
GUT GDScript suite under Godot 4.3 headless (blocking)	Install Rust toolchain	2026-09-07T12:04:47.1602820Z   GUT_VERSION: 9.3.1
GUT GDScript suite under Godot 4.3 headless (blocking)	Install Rust toolchain	2026-09-07T12:04:47.1603045Z   CARGO_HOME: /home/runner/.cargo
GUT GDScript suite under Godot 4.3 headless (blocking)	Install Rust toolchain	2026-09-07T12:04:47.1603294Z ##[endgroup]
GUT GDScript suite under Godot 4.3 headless (blocking)	Install Rust toolchain	2026-09-07T12:04:47.1964252Z ##[end-action id=__dtolnay_rust-toolchain.rustc-version;outcome=success;conclusion=success;duration_ms=42]
GUT GDScript suite under Godot 4.3 headless (blocking)	Install Rust toolchain	2026-09-07T12:04:47.1966995Z ##[start-action display=Disable incremental compilation;id=__dtolnay_rust-toolchain.__run_6]
GUT GDScript suite under Godot 4.3 headless (blocking)	Install Rust toolchain	2026-09-07T12:04:47.1988115Z ##[group]Run if [ -z "${CARGO_INCREMENTAL+set}" ]; then
GUT GDScript suite under Godot 4.3 headless (blocking)	Install Rust toolchain	2026-09-07T12:04:47.1988510Z ^[[36;1mif [ -z "${CARGO_INCREMENTAL+set}" ]; then^[[0m
GUT GDScript suite under Godot 4.3 headless (blocking)	Install Rust toolchain	2026-09-07T12:04:47.1988849Z ^[[36;1m  echo CARGO_INCREMENTAL=0 >> $GITHUB_ENV^[[0m
GUT GDScript suite under Godot 4.3 headless (blocking)	Install Rust toolchain	2026-09-07T12:04:47.1989131Z ^[[36;1mfi^[[0m
GUT GDScript suite under Godot 4.3 headless (blocking)	Install Rust toolchain	2026-09-07T12:04:47.2027204Z shell: /usr/bin/bash --noprofile --norc -e -o pipefail {0}
GUT GDScript suite under Godot 4.3 headless (blocking)	Install Rust toolchain	2026-09-07T12:04:47.2027551Z env:
GUT GDScript suite under Godot 4.3 headless (blocking)	Install Rust toolchain	2026-09-07T12:04:47.2027751Z   CARGO_TERM_COLOR: always
GUT GDScript suite under Godot 4.3 headless (blocking)	Install Rust toolchain	2026-09-07T12:04:47.2027988Z   RUST_BACKTRACE: 1
GUT GDScript suite under Godot 4.3 headless (blocking)	Install Rust toolchain	2026-09-07T12:04:47.2028198Z   GODOT_VERSION: 4.3-stable
GUT GDScript suite under Godot 4.3 headless (blocking)	Install Rust toolchain	2026-09-07T12:04:47.2028424Z   GUT_VERSION: 9.3.1
GUT GDScript suite under Godot 4.3 headless (blocking)	Install Rust toolchain	2026-09-07T12:04:47.2028657Z   CARGO_HOME: /home/runner/.cargo
GUT GDScript suite under Godot 4.3 headless (blocking)	Install Rust toolchain	2026-09-07T12:04:47.2028897Z ##[endgroup]
GUT GDScript suite under Godot 4.3 headless (blocking)	Install Rust toolchain	2026-09-07T12:04:47.2873123Z ##[end-action id=__dtolnay_rust-toolchain.__run_6;outcome=success;conclusion=success;duration_ms=90]
GUT GDScript suite under Godot 4.3 headless (blocking)	Install Rust toolchain	2026-09-07T12:04:47.2875359Z ##[start-action display=Enable colors in Cargo output;id=__dtolnay_rust-toolchain.__run_7]
GUT GDScript suite under Godot 4.3 headless (blocking)	Install Rust toolchain	2026-09-07T12:04:47.2900187Z ##[group]Run if [ -z "${CARGO_TERM_COLOR+set}" ]; then
GUT GDScript suite under Godot 4.3 headless (blocking)	Install Rust toolchain	2026-09-07T12:04:47.2900558Z ^[[36;1mif [ -z "${CARGO_TERM_COLOR+set}" ]; then^[[0m
GUT GDScript suite under Godot 4.3 headless (blocking)	Install Rust toolchain	2026-09-07T12:04:47.2900891Z ^[[36;1m  echo CARGO_TERM_COLOR=always >> $GITHUB_ENV^[[0m
GUT GDScript suite under Godot 4.3 headless (blocking)	Install Rust toolchain	2026-09-07T12:04:47.2901642Z ^[[36;1mfi^[[0m
GUT GDScript suite under Godot 4.3 headless (blocking)	Install Rust toolchain	2026-09-07T12:04:47.2936666Z shell: /usr/bin/bash --noprofile --norc -e -o pipefail {0}
GUT GDScript suite under Godot 4.3 headless (blocking)	Install Rust toolchain	2026-09-07T12:04:47.2937165Z env:
GUT GDScript suite under Godot 4.3 headless (blocking)	Install Rust toolchain	2026-09-07T12:04:47.2937460Z   CARGO_TERM_COLOR: always
GUT GDScript suite under Godot 4.3 headless (blocking)	Install Rust toolchain	2026-09-07T12:04:47.2937834Z   RUST_BACKTRACE: 1
GUT GDScript suite under Godot 4.3 headless (blocking)	Install Rust toolchain	2026-09-07T12:04:47.2938070Z   GODOT_VERSION: 4.3-stable
GUT GDScript suite under Godot 4.3 headless (blocking)	Install Rust toolchain	2026-09-07T12:04:47.2938314Z   GUT_VERSION: 9.3.1
GUT GDScript suite under Godot 4.3 headless (blocking)	Install Rust toolchain	2026-09-07T12:04:47.2938537Z   CARGO_HOME: /home/runner/.cargo
GUT GDScript suite under Godot 4.3 headless (blocking)	Install Rust toolchain	2026-09-07T12:04:47.2939009Z   CARGO_INCREMENTAL: 0
GUT GDScript suite under Godot 4.3 headless (blocking)	Install Rust toolchain	2026-09-07T12:04:47.2939227Z ##[endgroup]
GUT GDScript suite under Godot 4.3 headless (blocking)	Install Rust toolchain	2026-09-07T12:04:47.4907218Z ##[end-action id=__dtolnay_rust-toolchain.__run_7;outcome=success;conclusion=success;duration_ms=203]
GUT GDScript suite under Godot 4.3 headless (blocking)	Install Rust toolchain	2026-09-07T12:04:47.4909804Z ##[start-action display=Enable Cargo sparse registry;id=__dtolnay_rust-toolchain.__run_8]
GUT GDScript suite under Godot 4.3 headless (blocking)	Install Rust toolchain	2026-09-07T12:04:47.4926562Z ##[group]Run # implemented in 1.66, stabilized in 1.68, made default in 1.70
GUT GDScript suite under Godot 4.3 headless (blocking)	Install Rust toolchain	2026-09-07T12:04:47.4927101Z ^[[36;1m# implemented in 1.66, stabilized in 1.68, made default in 1.70^[[0m
GUT GDScript suite under Godot 4.3 headless (blocking)	Install Rust toolchain	2026-09-07T12:04:47.4927826Z ^[[36;1mif [ -z "${CARGO_REGISTRIES_CRATES_IO_PROTOCOL+set}" -o -f "/home/runner/work/_temp"/.implicit_cargo_registries_crates_io_protocol ]; then^[[0m
GUT GDScript suite under Godot 4.3 headless (blocking)	Install Rust toolchain	2026-09-07T12:04:47.4928559Z ^[[36;1m  if rustc +stable --version --verbose | grep -q '^release: 1\.6[89]\.'; then^[[0m
GUT GDScript suite under Godot 4.3 headless (blocking)	Install Rust toolchain	2026-09-07T12:04:47.4929126Z ^[[36;1m    touch "/home/runner/work/_temp"/.implicit_cargo_registries_crates_io_protocol || true^[[0m
GUT GDScript suite under Godot 4.3 headless (blocking)	Install Rust toolchain	2026-09-07T12:04:47.4929680Z ^[[36;1m    echo CARGO_REGISTRIES_CRATES_IO_PROTOCOL=sparse >> $GITHUB_ENV^[[0m
GUT GDScript suite under Godot 4.3 headless (blocking)	Install Rust toolchain	2026-09-07T12:04:47.4930187Z ^[[36;1m  elif rustc +stable --version --verbose | grep -q '^release: 1\.6[67]\.'; then^[[0m
GUT GDScript suite under Godot 4.3 headless (blocking)	Install Rust toolchain	2026-09-07T12:04:47.4930750Z ^[[36;1m    touch "/home/runner/work/_temp"/.implicit_cargo_registries_crates_io_protocol || true^[[0m
GUT GDScript suite under Godot 4.3 headless (blocking)	Install Rust toolchain	2026-09-07T12:04:47.4931450Z ^[[36;1m    echo CARGO_REGISTRIES_CRATES_IO_PROTOCOL=git >> $GITHUB_ENV^[[0m
GUT GDScript suite under Godot 4.3 headless (blocking)	Install Rust toolchain	2026-09-07T12:04:47.4931802Z ^[[36;1m  fi^[[0m
GUT GDScript suite under Godot 4.3 headless (blocking)	Install Rust toolchain	2026-09-07T12:04:47.4931987Z ^[[36;1mfi^[[0m
GUT GDScript suite under Godot 4.3 headless (blocking)	Install Rust toolchain	2026-09-07T12:04:47.4965188Z shell: /usr/bin/bash --noprofile --norc -e -o pipefail {0}
GUT GDScript suite under Godot 4.3 headless (blocking)	Install Rust toolchain	2026-09-07T12:04:47.4965543Z env:
GUT GDScript suite under Godot 4.3 headless (blocking)	Install Rust toolchain	2026-09-07T12:04:47.4965738Z   CARGO_TERM_COLOR: always
GUT GDScript suite under Godot 4.3 headless (blocking)	Install Rust toolchain	2026-09-07T12:04:47.4965973Z   RUST_BACKTRACE: 1
GUT GDScript suite under Godot 4.3 headless (blocking)	Install Rust toolchain	2026-09-07T12:04:47.4966179Z   GODOT_VERSION: 4.3-stable
GUT GDScript suite under Godot 4.3 headless (blocking)	Install Rust toolchain	2026-09-07T12:04:47.4966397Z   GUT_VERSION: 9.3.1
GUT GDScript suite under Godot 4.3 headless (blocking)	Install Rust toolchain	2026-09-07T12:04:47.4966620Z   CARGO_HOME: /home/runner/.cargo
GUT GDScript suite under Godot 4.3 headless (blocking)	Install Rust toolchain	2026-09-07T12:04:47.4966860Z   CARGO_INCREMENTAL: 0
GUT GDScript suite under Godot 4.3 headless (blocking)	Install Rust toolchain	2026-09-07T12:04:47.4967068Z ##[endgroup]
GUT GDScript suite under Godot 4.3 headless (blocking)	Install Rust toolchain	2026-09-07T12:04:47.5270498Z ##[end-action id=__dtolnay_rust-toolchain.__run_8;outcome=success;conclusion=success;duration_ms=35]
GUT GDScript suite under Godot 4.3 headless (blocking)	Install Rust toolchain	2026-09-07T12:04:47.5273989Z ##[start-action display=Work around spurious network errors in curl 8.0;id=__dtolnay_rust-toolchain.__run_9]
GUT GDScript suite under Godot 4.3 headless (blocking)	Install Rust toolchain	2026-09-07T12:04:47.5291141Z ##[group]Run # https://rust-lang.zulipchat.com/#narrow/stream/246057-t-cargo/topic/timeout.20investigation
GUT GDScript suite under Godot 4.3 headless (blocking)	Install Rust toolchain	2026-09-07T12:04:47.5292243Z ^[[36;1m# https://rust-lang.zulipchat.com/#narrow/stream/246057-t-cargo/topic/timeout.20investigation^[[0m
GUT GDScript suite under Godot 4.3 headless (blocking)	Install Rust toolchain	2026-09-07T12:04:47.5292881Z ^[[36;1mif rustc +stable --version --verbose | grep -q '^release: 1\.7[01]\.'; then^[[0m
GUT GDScript suite under Godot 4.3 headless (blocking)	Install Rust toolchain	2026-09-07T12:04:47.5293360Z ^[[36;1m  echo CARGO_HTTP_MULTIPLEXING=false >> $GITHUB_ENV^[[0m
GUT GDScript suite under Godot 4.3 headless (blocking)	Install Rust toolchain	2026-09-07T12:04:47.5293673Z ^[[36;1mfi^[[0m
GUT GDScript suite under Godot 4.3 headless (blocking)	Install Rust toolchain	2026-09-07T12:04:47.5329010Z shell: /usr/bin/bash --noprofile --norc -e -o pipefail {0}
GUT GDScript suite under Godot 4.3 headless (blocking)	Install Rust toolchain	2026-09-07T12:04:47.5329361Z env:
GUT GDScript suite under Godot 4.3 headless (blocking)	Install Rust toolchain	2026-09-07T12:04:47.5329569Z   CARGO_TERM_COLOR: always
GUT GDScript suite under Godot 4.3 headless (blocking)	Install Rust toolchain	2026-09-07T12:04:47.5329802Z   RUST_BACKTRACE: 1
GUT GDScript suite under Godot 4.3 headless (blocking)	Install Rust toolchain	2026-09-07T12:04:47.5330024Z   GODOT_VERSION: 4.3-stable
GUT GDScript suite under Godot 4.3 headless (blocking)	Install Rust toolchain	2026-09-07T12:04:47.5330263Z   GUT_VERSION: 9.3.1
GUT GDScript suite under Godot 4.3 headless (blocking)	Install Rust toolchain	2026-09-07T12:04:47.5330478Z   CARGO_HOME: /home/runner/.cargo
GUT GDScript suite under Godot 4.3 headless (blocking)	Install Rust toolchain	2026-09-07T12:04:47.5330723Z   CARGO_INCREMENTAL: 0
GUT GDScript suite under Godot 4.3 headless (blocking)	Install Rust toolchain	2026-09-07T12:04:47.5330934Z ##[endgroup]
GUT GDScript suite under Godot 4.3 headless (blocking)	Install Rust toolchain	2026-09-07T12:04:47.5507249Z ##[end-action id=__dtolnay_rust-toolchain.__run_9;outcome=success;conclusion=success;duration_ms=23]
GUT GDScript suite under Godot 4.3 headless (blocking)	Install Rust toolchain	2026-09-07T12:04:47.5510465Z ##[start-action display=rustc +stable --version --verbose;id=__dtolnay_rust-toolchain.__run_10]
GUT GDScript suite under Godot 4.3 headless (blocking)	Install Rust toolchain	2026-09-07T12:04:47.5525980Z ##[group]Run rustc +stable --version --verbose
GUT GDScript suite under Godot 4.3 headless (blocking)	Install Rust toolchain	2026-09-07T12:04:47.5526460Z ^[[36;1mrustc +stable --version --verbose^[[0m
GUT GDScript suite under Godot 4.3 headless (blocking)	Install Rust toolchain	2026-09-07T12:04:47.5558923Z shell: /usr/bin/bash --noprofile --norc -e -o pipefail {0}
GUT GDScript suite under Godot 4.3 headless (blocking)	Install Rust toolchain	2026-09-07T12:04:47.5559269Z env:
GUT GDScript suite under Godot 4.3 headless (blocking)	Install Rust toolchain	2026-09-07T12:04:47.5559464Z   CARGO_TERM_COLOR: always
GUT GDScript suite under Godot 4.3 headless (blocking)	Install Rust toolchain	2026-09-07T12:04:47.5559690Z   RUST_BACKTRACE: 1
GUT GDScript suite under Godot 4.3 headless (blocking)	Install Rust toolchain	2026-09-07T12:04:47.5559900Z   GODOT_VERSION: 4.3-stable
GUT GDScript suite under Godot 4.3 headless (blocking)	Install Rust toolchain	2026-09-07T12:04:47.5560125Z   GUT_VERSION: 9.3.1
GUT GDScript suite under Godot 4.3 headless (blocking)	Install Rust toolchain	2026-09-07T12:04:47.5560340Z   CARGO_HOME: /home/runner/.cargo
GUT GDScript suite under Godot 4.3 headless (blocking)	Install Rust toolchain	2026-09-07T12:04:47.5560762Z   CARGO_INCREMENTAL: 0
GUT GDScript suite under Godot 4.3 headless (blocking)	Install Rust toolchain	2026-09-07T12:04:47.5560973Z ##[endgroup]
GUT GDScript suite under Godot 4.3 headless (blocking)	Install Rust toolchain	2026-09-07T12:04:47.5720630Z rustc 1.98.1 (48a229cea 2026-09-01)
GUT GDScript suite under Godot 4.3 headless (blocking)	Install Rust toolchain	2026-09-07T12:04:47.5721492Z binary: rustc
GUT GDScript suite under Godot 4.3 headless (blocking)	Install Rust toolchain	2026-09-07T12:04:47.5722041Z commit-hash: 48a229ceaefd4985c50990b14116b6d856af0985
GUT GDScript suite under Godot 4.3 headless (blocking)	Install Rust toolchain	2026-09-07T12:04:47.5722520Z commit-date: 2026-09-01
GUT GDScript suite under Godot 4.3 headless (blocking)	Install Rust toolchain	2026-09-07T12:04:47.5722992Z host: x86_64-unknown-linux-gnu
GUT GDScript suite under Godot 4.3 headless (blocking)	Install Rust toolchain	2026-09-07T12:04:47.5723468Z release: 1.98.1
GUT GDScript suite under Godot 4.3 headless (blocking)	Install Rust toolchain	2026-09-07T12:04:47.5723989Z LLVM version: 22.1.8
GUT GDScript suite under Godot 4.3 headless (blocking)	Install Rust toolchain	2026-09-07T12:04:47.5736568Z ##[end-action id=__dtolnay_rust-toolchain.__run_10;outcome=success;conclusion=success;duration_ms=22]
GUT GDScript suite under Godot 4.3 headless (blocking)	Build gdextension cdylib (debug — path expected by .gdextension)	﻿2026-09-07T12:04:47.5782042Z ##[group]Run cargo build -p visionclaw-xr-gdext
GUT GDScript suite under Godot 4.3 headless (blocking)	Build gdextension cdylib (debug — path expected by .gdextension)	2026-09-07T12:04:47.5782473Z ^[[36;1mcargo build -p visionclaw-xr-gdext^[[0m
GUT GDScript suite under Godot 4.3 headless (blocking)	Build gdextension cdylib (debug — path expected by .gdextension)	2026-09-07T12:04:47.5815679Z shell: /usr/bin/bash -e {0}
GUT GDScript suite under Godot 4.3 headless (blocking)	Build gdextension cdylib (debug — path expected by .gdextension)	2026-09-07T12:04:47.5815932Z env:
GUT GDScript suite under Godot 4.3 headless (blocking)	Build gdextension cdylib (debug — path expected by .gdextension)	2026-09-07T12:04:47.5816123Z   CARGO_TERM_COLOR: always
GUT GDScript suite under Godot 4.3 headless (blocking)	Build gdextension cdylib (debug — path expected by .gdextension)	2026-09-07T12:04:47.5816352Z   RUST_BACKTRACE: 1
GUT GDScript suite under Godot 4.3 headless (blocking)	Build gdextension cdylib (debug — path expected by .gdextension)	2026-09-07T12:04:47.5816566Z   GODOT_VERSION: 4.3-stable
GUT GDScript suite under Godot 4.3 headless (blocking)	Build gdextension cdylib (debug — path expected by .gdextension)	2026-09-07T12:04:47.5816787Z   GUT_VERSION: 9.3.1
GUT GDScript suite under Godot 4.3 headless (blocking)	Build gdextension cdylib (debug — path expected by .gdextension)	2026-09-07T12:04:47.5817003Z   CARGO_HOME: /home/runner/.cargo
GUT GDScript suite under Godot 4.3 headless (blocking)	Build gdextension cdylib (debug — path expected by .gdextension)	2026-09-07T12:04:47.5817246Z   CARGO_INCREMENTAL: 0
GUT GDScript suite under Godot 4.3 headless (blocking)	Build gdextension cdylib (debug — path expected by .gdextension)	2026-09-07T12:04:47.5817453Z ##[endgroup]
GUT GDScript suite under Godot 4.3 headless (blocking)	Build gdextension cdylib (debug — path expected by .gdextension)	2026-09-07T12:04:47.8124568Z ^[[1m^[[92m    Updating^[[0m crates.io index
GUT GDScript suite under Godot 4.3 headless (blocking)	Build gdextension cdylib (debug — path expected by .gdextension)	2026-09-07T12:04:48.5137050Z ^[[1m^[[92m     Locking^[[0m 237 packages to latest compatible versions
GUT GDScript suite under Godot 4.3 headless (blocking)	Build gdextension cdylib (debug — path expected by .gdextension)	2026-09-07T12:04:48.5205163Z ^[[1m^[[92m      Adding^[[0m criterion v0.5.1 ^[[1m^[[33m(available: v0.8.2)^[[0m
GUT GDScript suite under Godot 4.3 headless (blocking)	Build gdextension cdylib (debug — path expected by .gdextension)	2026-09-07T12:04:48.5219032Z ^[[1m^[[92m      Adding^[[0m generic-array v0.14.7 ^[[1m^[[33m(available: v0.14.9)^[[0m
GUT GDScript suite under Godot 4.3 headless (blocking)	Build gdextension cdylib (debug — path expected by .gdextension)	2026-09-07T12:04:48.5285905Z ^[[1m^[[92m      Adding^[[0m godot v0.2.4 ^[[1m^[[33m(available: v0.5.5)^[[0m
GUT GDScript suite under Godot 4.3 headless (blocking)	Build gdextension cdylib (debug — path expected by .gdextension)	2026-09-07T12:04:48.5320181Z ^[[1m^[[92m      Adding^[[0m mockall v0.13.1 ^[[1m^[[33m(available: v0.15.0)^[[0m
GUT GDScript suite under Godot 4.3 headless (blocking)	Build gdextension cdylib (debug — path expected by .gdextension)	2026-09-07T12:04:48.5326596Z ^[[1m^[[92m      Adding^[[0m nalgebra v0.34.2 ^[[1m^[[33m(available: v0.35.0)^[[0m
GUT GDScript suite under Godot 4.3 headless (blocking)	Build gdextension cdylib (debug — path expected by .gdextension)	2026-09-07T12:04:48.5407629Z ^[[1m^[[92m      Adding^[[0m secp256k1 v0.29.1 ^[[1m^[[33m(available: v0.33.1)^[[0m
GUT GDScript suite under Godot 4.3 headless (blocking)	Build gdextension cdylib (debug — path expected by .gdextension)	2026-09-07T12:04:48.5428802Z ^[[1m^[[92m      Adding^[[0m sha2 v0.10.9 ^[[1m^[[33m(available: v0.11.0)^[[0m
GUT GDScript suite under Godot 4.3 headless (blocking)	Build gdextension cdylib (debug — path expected by .gdextension)	2026-09-07T12:04:48.5487172Z ^[[1m^[[92m      Adding^[[0m tokio-tungstenite v0.21.0 ^[[1m^[[33m(available: v0.30.0)^[[0m
GUT GDScript suite under Godot 4.3 headless (blocking)	Build gdextension cdylib (debug — path expected by .gdextension)	2026-09-07T12:04:48.5604514Z ^[[1m^[[92m Downloading^[[0m crates ...
GUT GDScript suite under Godot 4.3 headless (blocking)	Build gdextension cdylib (debug — path expected by .gdextension)	2026-09-07T12:04:48.7155973Z ^[[1m^[[92m  Downloaded^[[0m android_log-sys v0.2.0
GUT GDScript suite under Godot 4.3 headless (blocking)	Build gdextension cdylib (debug — path expected by .gdextension)	2026-09-07T12:04:48.7169399Z ^[[1m^[[92m  Downloaded^[[0m block-buffer v0.10.4
GUT GDScript suite under Godot 4.3 headless (blocking)	Build gdextension cdylib (debug — path expected by .gdextension)	2026-09-07T12:04:48.7207313Z ^[[1m^[[92m  Downloaded^[[0m approx v0.5.1
GUT GDScript suite under Godot 4.3 headless (blocking)	Build gdextension cdylib (debug — path expected by .gdextension)	2026-09-07T12:04:48.7232810Z ^[[1m^[[92m  Downloaded^[[0m autocfg v1.5.1
GUT GDScript suite under Godot 4.3 headless (blocking)	Build gdextension cdylib (debug — path expected by .gdextension)	2026-09-07T12:04:48.7255904Z ^[[1m^[[92m  Downloaded^[[0m bytemuck v1.25.2
GUT GDScript suite under Godot 4.3 headless (blocking)	Build gdextension cdylib (debug — path expected by .gdextension)	2026-09-07T12:04:48.7296265Z ^[[1m^[[92m  Downloaded^[[0m async-trait v0.1.92
GUT GDScript suite under Godot 4.3 headless (blocking)	Build gdextension cdylib (debug — path expected by .gdextension)	2026-09-07T12:04:48.7338134Z ^[[1m^[[92m  Downloaded^[[0m byteorder v1.5.0
GUT GDScript suite under Godot 4.3 headless (blocking)	Build gdextension cdylib (debug — path expected by .gdextension)	2026-09-07T12:04:48.7360265Z ^[[1m^[[92m  Downloaded^[[0m nanoserde v0.1.37
GUT GDScript suite under Godot 4.3 headless (blocking)	Build gdextension cdylib (debug — path expected by .gdextension)	2026-09-07T12:04:48.7385484Z ^[[1m^[[92m  Downloaded^[[0m aho-corasick v1.1.5
GUT GDScript suite under Godot 4.3 headless (blocking)	Build gdextension cdylib (debug — path expected by .gdextension)	2026-09-07T12:04:48.7452747Z ^[[1m^[[92m  Downloaded^[[0m godot-core v0.2.4
GUT GDScript suite under Godot 4.3 headless (blocking)	Build gdextension cdylib (debug — path expected by .gdextension)	2026-09-07T12:04:48.7583020Z ^[[1m^[[92m  Downloaded^[[0m regex v1.13.1
GUT GDScript suite under Godot 4.3 headless (blocking)	Build gdextension cdylib (debug — path expected by .gdextension)	2026-09-07T12:04:48.7653758Z ^[[1m^[[92m  Downloaded^[[0m sha1 v0.10.7
GUT GDScript suite under Godot 4.3 headless (blocking)	Build gdextension cdylib (debug — path expected by .gdextension)	2026-09-07T12:04:48.7676128Z ^[[1m^[[92m  Downloaded^[[0m icu_properties_data v2.3.0
GUT GDScript suite under Godot 4.3 headless (blocking)	Build gdextension cdylib (debug — path expected by .gdextension)	2026-09-07T12:04:48.7845863Z ^[[1m^[[92m  Downloaded^[[0m memchr v2.8.3
GUT GDScript suite under Godot 4.3 headless (blocking)	Build gdextension cdylib (debug — path expected by .gdextension)	2026-09-07T12:04:48.7947110Z ^[[1m^[[92m  Downloaded^[[0m thiserror v2.0.20
GUT GDScript suite under Godot 4.3 headless (blocking)	Build gdextension cdylib (debug — path expected by .gdextension)	2026-09-07T12:04:48.8113783Z ^[[1m^[[92m  Downloaded^[[0m signal-hook-registry v1.4.8
GUT GDScript suite under Godot 4.3 headless (blocking)	Build gdextension cdylib (debug — path expected by .gdextension)	2026-09-07T12:04:48.8130765Z ^[[1m^[[92m  Downloaded^[[0m icu_locale_core v2.3.0
GUT GDScript suite under Godot 4.3 headless (blocking)	Build gdextension cdylib (debug — path expected by .gdextension)	2026-09-07T12:04:48.8205551Z ^[[1m^[[92m  Downloaded^[[0m icu_properties v2.3.0
GUT GDScript suite under Godot 4.3 headless (blocking)	Build gdextension cdylib (debug — path expected by .gdextension)	2026-09-07T12:04:48.8238764Z ^[[1m^[[92m  Downloaded^[[0m log v0.4.34
GUT GDScript suite under Godot 4.3 headless (blocking)	Build gdextension cdylib (debug — path expected by .gdextension)	2026-09-07T12:04:48.8264792Z ^[[1m^[[92m  Downloaded^[[0m zerofrom v0.1.8
GUT GDScript suite under Godot 4.3 headless (blocking)	Build gdextension cdylib (debug — path expected by .gdextension)	2026-09-07T12:04:48.8275438Z ^[[1m^[[92m  Downloaded^[[0m utf8_iter v1.0.4
GUT GDScript suite under Godot 4.3 headless (blocking)	Build gdextension cdylib (debug — path expected by .gdextension)	2026-09-07T12:04:48.8287774Z ^[[1m^[[92m  Downloaded^[[0m heck v0.5.0
GUT GDScript suite under Godot 4.3 headless (blocking)	Build gdextension cdylib (debug — path expected by .gdextension)	2026-09-07T12:04:48.8301587Z ^[[1m^[[92m  Downloaded^[[0m idna_adapter v1.2.2
GUT GDScript suite under Godot 4.3 headless (blocking)	Build gdextension cdylib (debug — path expected by .gdextension)	2026-09-07T12:04:48.8310749Z ^[[1m^[[92m  Downloaded^[[0m yoke-derive v0.8.2
GUT GDScript suite under Godot 4.3 headless (blocking)	Build gdextension cdylib (debug — path expected by .gdextension)	2026-09-07T12:04:48.8322867Z ^[[1m^[[92m  Downloaded^[[0m httparse v1.10.1
GUT GDScript suite under Godot 4.3 headless (blocking)	Build gdextension cdylib (debug — path expected by .gdextension)	2026-09-07T12:04:48.8348472Z ^[[1m^[[92m  Downloaded^[[0m zerotrie v0.2.5
GUT GDScript suite under Godot 4.3 headless (blocking)	Build gdextension cdylib (debug — path expected by .gdextension)	2026-09-07T12:04:48.8388730Z ^[[1m^[[92m  Downloaded^[[0m godot-cell v0.2.4
GUT GDScript suite under Godot 4.3 headless (blocking)	Build gdextension cdylib (debug — path expected by .gdextension)	2026-09-07T12:04:48.8402362Z ^[[1m^[[92m  Downloaded^[[0m shlex v2.0.1
GUT GDScript suite under Godot 4.3 headless (blocking)	Build gdextension cdylib (debug — path expected by .gdextension)	2026-09-07T12:04:48.8415416Z ^[[1m^[[92m  Downloaded^[[0m crypto-common v0.1.7
GUT GDScript suite under Godot 4.3 headless (blocking)	Build gdextension cdylib (debug — path expected by .gdextension)	2026-09-07T12:04:48.8424928Z ^[[1m^[[92m  Downloaded^[[0m tokio-macros v2.7.2
GUT GDScript suite under Godot 4.3 headless (blocking)	Build gdextension cdylib (debug — path expected by .gdextension)	2026-09-07T12:04:48.8435550Z ^[[1m^[[92m  Downloaded^[[0m data-encoding v2.11.1
GUT GDScript suite under Godot 4.3 headless (blocking)	Build gdextension cdylib (debug — path expected by .gdextension)	2026-09-07T12:04:48.8445548Z ^[[1m^[[92m  Downloaded^[[0m sha2 v0.10.9
GUT GDScript suite under Godot 4.3 headless (blocking)	Build gdextension cdylib (debug — path expected by .gdextension)	2026-09-07T12:04:48.8471458Z ^[[1m^[[92m  Downloaded^[[0m tinystr v0.8.4
GUT GDScript suite under Godot 4.3 headless (blocking)	Build gdextension cdylib (debug — path expected by .gdextension)	2026-09-07T12:04:48.8492604Z ^[[1m^[[92m  Downloaded^[[0m itoa v1.0.18
GUT GDScript suite under Godot 4.3 headless (blocking)	Build gdextension cdylib (debug — path expected by .gdextension)	2026-09-07T12:04:48.8507164Z ^[[1m^[[92m  Downloaded^[[0m sharded-slab v0.1.7
GUT GDScript suite under Godot 4.3 headless (blocking)	Build gdextension cdylib (debug — path expected by .gdextension)	2026-09-07T12:04:48.8540991Z ^[[1m^[[92m  Downloaded^[[0m stable_deref_trait v1.2.1
GUT GDScript suite under Godot 4.3 headless (blocking)	Build gdextension cdylib (debug — path expected by .gdextension)	2026-09-07T12:04:48.8549828Z ^[[1m^[[92m  Downloaded^[[0m thread_local v1.1.10
GUT GDScript suite under Godot 4.3 headless (blocking)	Build gdextension cdylib (debug — path expected by .gdextension)	2026-09-07T12:04:48.8563896Z ^[[1m^[[92m  Downloaded^[[0m zerofrom-derive v0.1.7
GUT GDScript suite under Godot 4.3 headless (blocking)	Build gdextension cdylib (debug — path expected by .gdextension)	2026-09-07T12:04:48.8574468Z ^[[1m^[[92m  Downloaded^[[0m tracing-android v0.2.0
GUT GDScript suite under Godot 4.3 headless (blocking)	Build gdextension cdylib (debug — path expected by .gdextension)	2026-09-07T12:04:48.8584240Z ^[[1m^[[92m  Downloaded^[[0m version_check v0.9.5
GUT GDScript suite under Godot 4.3 headless (blocking)	Build gdextension cdylib (debug — path expected by .gdextension)	2026-09-07T12:04:48.8596866Z ^[[1m^[[92m  Downloaded^[[0m thiserror-impl v2.0.20
GUT GDScript suite under Godot 4.3 headless (blocking)	Build gdextension cdylib (debug — path expected by .gdextension)	2026-09-07T12:04:48.8611465Z ^[[1m^[[92m  Downloaded^[[0m tracing-log v0.2.0
GUT GDScript suite under Godot 4.3 headless (blocking)	Build gdextension cdylib (debug — path expected by .gdextension)	2026-09-07T12:04:48.8625205Z ^[[1m^[[92m  Downloaded^[[0m utf-8 v0.7.6
GUT GDScript suite under Godot 4.3 headless (blocking)	Build gdextension cdylib (debug — path expected by .gdextension)	2026-09-07T12:04:48.8637337Z ^[[1m^[[92m  Downloaded^[[0m icu_normalizer_data v2.3.0
GUT GDScript suite under Godot 4.3 headless (blocking)	Build gdextension cdylib (debug — path expected by .gdextension)	2026-09-07T12:04:48.8658273Z ^[[1m^[[92m  Downloaded^[[0m thiserror-impl v1.0.69
GUT GDScript suite under Godot 4.3 headless (blocking)	Build gdextension cdylib (debug — path expected by .gdextension)	2026-09-07T12:04:48.8671824Z ^[[1m^[[92m  Downloaded^[[0m tokio-tungstenite v0.21.0
GUT GDScript suite under Godot 4.3 headless (blocking)	Build gdextension cdylib (debug — path expected by .gdextension)	2026-09-07T12:04:48.8692422Z ^[[1m^[[92m  Downloaded^[[0m zerovec-derive v0.11.6
GUT GDScript suite under Godot 4.3 headless (blocking)	Build gdextension cdylib (debug — path expected by .gdextension)	2026-09-07T12:04:48.8709822Z ^[[1m^[[92m  Downloaded^[[0m smallvec v1.16.0
GUT GDScript suite under Godot 4.3 headless (blocking)	Build gdextension cdylib (debug — path expected by .gdextension)	2026-09-07T12:04:48.8723136Z ^[[1m^[[92m  Downloaded^[[0m thiserror v1.0.69
GUT GDScript suite under Godot 4.3 headless (blocking)	Build gdextension cdylib (debug — path expected by .gdextension)	2026-09-07T12:04:48.8781831Z ^[[1m^[[92m  Downloaded^[[0m writeable v0.6.4
GUT GDScript suite under Godot 4.3 headless (blocking)	Build gdextension cdylib (debug — path expected by .gdextension)	2026-09-07T12:04:48.8803009Z ^[[1m^[[92m  Downloaded^[[0m lazy_static v1.5.0
GUT GDScript suite under Godot 4.3 headless (blocking)	Build gdextension cdylib (debug — path expected by .gdextension)	2026-09-07T12:04:48.8820759Z ^[[1m^[[92m  Downloaded^[[0m cfg-if v1.0.4
GUT GDScript suite under Godot 4.3 headless (blocking)	Build gdextension cdylib (debug — path expected by .gdextension)	2026-09-07T12:04:48.8834324Z ^[[1m^[[92m  Downloaded^[[0m synstructure v0.13.2
GUT GDScript suite under Godot 4.3 headless (blocking)	Build gdextension cdylib (debug — path expected by .gdextension)	2026-09-07T12:04:48.8844392Z ^[[1m^[[92m  Downloaded^[[0m futures-core v0.3.34
GUT GDScript suite under Godot 4.3 headless (blocking)	Build gdextension cdylib (debug — path expected by .gdextension)	2026-09-07T12:04:48.8857972Z ^[[1m^[[92m  Downloaded^[[0m nanoserde-derive v0.1.22
GUT GDScript suite under Godot 4.3 headless (blocking)	Build gdextension cdylib (debug — path expected by .gdextension)	2026-09-07T12:04:48.8868975Z ^[[1m^[[92m  Downloaded^[[0m rand_chacha v0.3.1
GUT GDScript suite under Godot 4.3 headless (blocking)	Build gdextension cdylib (debug — path expected by .gdextension)	2026-09-07T12:04:48.8880315Z ^[[1m^[[92m  Downloaded^[[0m futures-sink v0.3.34
GUT GDScript suite under Godot 4.3 headless (blocking)	Build gdextension cdylib (debug — path expected by .gdextension)	2026-09-07T12:04:48.8889036Z ^[[1m^[[92m  Downloaded^[[0m potential_utf v0.1.6
GUT GDScript suite under Godot 4.3 headless (blocking)	Build gdextension cdylib (debug — path expected by .gdextension)	2026-09-07T12:04:48.8900043Z ^[[1m^[[92m  Downloaded^[[0m tracing-attributes v0.1.31
GUT GDScript suite under Godot 4.3 headless (blocking)	Build gdextension cdylib (debug — path expected by .gdextension)	2026-09-07T12:04:48.8926868Z ^[[1m^[[92m  Downloaded^[[0m tracing-subscriber v0.3.23
GUT GDScript suite under Godot 4.3 headless (blocking)	Build gdextension cdylib (debug — path expected by .gdextension)	2026-09-07T12:04:48.9014866Z ^[[1m^[[92m  Downloaded^[[0m serde_core v1.0.229
GUT GDScript suite under Godot 4.3 headless (blocking)	Build gdextension cdylib (debug — path expected by .gdextension)	2026-09-07T12:04:48.9042475Z ^[[1m^[[92m  Downloaded^[[0m yoke v0.8.3
GUT GDScript suite under Godot 4.3 headless (blocking)	Build gdextension cdylib (debug — path expected by .gdextension)	2026-09-07T12:04:48.9060406Z ^[[1m^[[92m  Downloaded^[[0m venial v0.6.1
GUT GDScript suite under Godot 4.3 headless (blocking)	Build gdextension cdylib (debug — path expected by .gdextension)	2026-09-07T12:04:48.9081201Z ^[[1m^[[92m  Downloaded^[[0m slab v0.4.12
GUT GDScript suite under Godot 4.3 headless (blocking)	Build gdextension cdylib (debug — path expected by .gdextension)	2026-09-07T12:04:48.9094237Z ^[[1m^[[92m  Downloaded^[[0m zmij v1.0.23
GUT GDScript suite under Godot 4.3 headless (blocking)	Build gdextension cdylib (debug — path expected by .gdextension)	2026-09-07T12:04:48.9112225Z ^[[1m^[[92m  Downloaded^[[0m tungstenite v0.21.0
GUT GDScript suite under Godot 4.3 headless (blocking)	Build gdextension cdylib (debug — path expected by .gdextension)	2026-09-07T12:04:48.9144792Z ^[[1m^[[92m  Downloaded^[[0m form_urlencoded v1.2.2
GUT GDScript suite under Godot 4.3 headless (blocking)	Build gdextension cdylib (debug — path expected by .gdextension)	2026-09-07T12:04:48.9152974Z ^[[1m^[[92m  Downloaded^[[0m futures-task v0.3.34
GUT GDScript suite under Godot 4.3 headless (blocking)	Build gdextension cdylib (debug — path expected by .gdextension)	2026-09-07T12:04:48.9165179Z ^[[1m^[[92m  Downloaded^[[0m unicode-ident v1.0.24
GUT GDScript suite under Godot 4.3 headless (blocking)	Build gdextension cdylib (debug — path expected by .gdextension)	2026-09-07T12:04:48.9193326Z ^[[1m^[[92m  Downloaded^[[0m serde_derive v1.0.229
GUT GDScript suite under Godot 4.3 headless (blocking)	Build gdextension cdylib (debug — path expected by .gdextension)	2026-09-07T12:04:48.9223942Z ^[[1m^[[92m  Downloaded^[[0m simba v0.9.1
GUT GDScript suite under Godot 4.3 headless (blocking)	Build gdextension cdylib (debug — path expected by .gdextension)	2026-09-07T12:04:48.9253528Z ^[[1m^[[92m  Downloaded^[[0m socket2 v0.6.5
GUT GDScript suite under Godot 4.3 headless (blocking)	Build gdextension cdylib (debug — path expected by .gdextension)	2026-09-07T12:04:48.9272025Z ^[[1m^[[92m  Downloaded^[[0m tracing-core v0.1.36
GUT GDScript suite under Godot 4.3 headless (blocking)	Build gdextension cdylib (debug — path expected by .gdextension)	2026-09-07T12:04:48.9298878Z ^[[1m^[[92m  Downloaded^[[0m typenum v1.20.1
GUT GDScript suite under Godot 4.3 headless (blocking)	Build gdextension cdylib (debug — path expected by .gdextension)	2026-09-07T12:04:48.9333619Z ^[[1m^[[92m  Downloaded^[[0m url v2.5.8
GUT GDScript suite under Godot 4.3 headless (blocking)	Build gdextension cdylib (debug — path expected by .gdextension)	2026-09-07T12:04:48.9358861Z ^[[1m^[[92m  Downloaded^[[0m wide v0.7.33
GUT GDScript suite under Godot 4.3 headless (blocking)	Build gdextension cdylib (debug — path expected by .gdextension)	2026-09-07T12:04:48.9407370Z ^[[1m^[[92m  Downloaded^[[0m zerocopy-derive v0.8.56
GUT GDScript suite under Godot 4.3 headless (blocking)	Build gdextension cdylib (debug — path expected by .gdextension)	2026-09-07T12:04:48.9502456Z ^[[1m^[[92m  Downloaded^[[0m zerovec v0.11.8
GUT GDScript suite under Godot 4.3 headless (blocking)	Build gdextension cdylib (debug — path expected by .gdextension)	2026-09-07T12:04:48.9562951Z ^[[1m^[[92m  Downloaded^[[0m glam v0.16.0
GUT GDScript suite under Godot 4.3 headless (blocking)	Build gdextension cdylib (debug — path expected by .gdextension)	2026-09-07T12:04:48.9647537Z ^[[1m^[[92m  Downloaded^[[0m hex v0.4.3
GUT GDScript suite under Godot 4.3 headless (blocking)	Build gdextension cdylib (debug — path expected by .gdextension)	2026-09-07T12:04:48.9663628Z ^[[1m^[[92m  Downloaded^[[0m serde_json v1.0.151
GUT GDScript suite under Godot 4.3 headless (blocking)	Build gdextension cdylib (debug — path expected by .gdextension)	2026-09-07T12:04:48.9737823Z ^[[1m^[[92m  Downloaded^[[0m digest v0.10.7
GUT GDScript suite under Godot 4.3 headless (blocking)	Build gdextension cdylib (debug — path expected by .gdextension)	2026-09-07T12:04:48.9756077Z ^[[1m^[[92m  Downloaded^[[0m displaydoc v0.2.7
GUT GDScript suite under Godot 4.3 headless (blocking)	Build gdextension cdylib (debug — path expected by .gdextension)	2026-09-07T12:04:48.9776934Z ^[[1m^[[92m  Downloaded^[[0m zerocopy v0.8.56
GUT GDScript suite under Godot 4.3 headless (blocking)	Build gdextension cdylib (debug — path expected by .gdextension)	2026-09-07T12:04:48.9999003Z ^[[1m^[[92m  Downloaded^[[0m find-msvc-tools v0.1.12
GUT GDScript suite under Godot 4.3 headless (blocking)	Build gdextension cdylib (debug — path expected by .gdextension)	2026-09-07T12:04:49.0015091Z ^[[1m^[[92m  Downloaded^[[0m godot v0.2.4
GUT GDScript suite under Godot 4.3 headless (blocking)	Build gdextension cdylib (debug — path expected by .gdextension)	2026-09-07T12:04:49.0024899Z ^[[1m^[[92m  Downloaded^[[0m regex-syntax v0.8.11
GUT GDScript suite under Godot 4.3 headless (blocking)	Build gdextension cdylib (debug — path expected by .gdextension)	2026-09-07T12:04:49.0091028Z ^[[1m^[[92m  Downloaded^[[0m syn v2.0.119
GUT GDScript suite under Godot 4.3 headless (blocking)	Build gdextension cdylib (debug — path expected by .gdextension)	2026-09-07T12:04:49.0197037Z ^[[1m^[[92m  Downloaded^[[0m syn v3.0.5
GUT GDScript suite under Godot 4.3 headless (blocking)	Build gdextension cdylib (debug — path expected by .gdextension)	2026-09-07T12:04:49.0303129Z ^[[1m^[[92m  Downloaded^[[0m percent-encoding v2.3.2
GUT GDScript suite under Godot 4.3 headless (blocking)	Build gdextension cdylib (debug — path expected by .gdextension)	2026-09-07T12:04:49.0311997Z ^[[1m^[[92m  Downloaded^[[0m cpufeatures v0.2.17
GUT GDScript suite under Godot 4.3 headless (blocking)	Build gdextension cdylib (debug — path expected by .gdextension)	2026-09-07T12:04:49.0325942Z ^[[1m^[[92m  Downloaded^[[0m futures-macro v0.3.34
GUT GDScript suite under Godot 4.3 headless (blocking)	Build gdextension cdylib (debug — path expected by .gdextension)	2026-09-07T12:04:49.0336551Z ^[[1m^[[92m  Downloaded^[[0m generic-array v0.14.7
GUT GDScript suite under Godot 4.3 headless (blocking)	Build gdextension cdylib (debug — path expected by .gdextension)	2026-09-07T12:04:49.0350463Z ^[[1m^[[92m  Downloaded^[[0m nalgebra-macros v0.3.0
GUT GDScript suite under Godot 4.3 headless (blocking)	Build gdextension cdylib (debug — path expected by .gdextension)	2026-09-07T12:04:49.0360226Z ^[[1m^[[92m  Downloaded^[[0m tracing v0.1.44
GUT GDScript suite under Godot 4.3 headless (blocking)	Build gdextension cdylib (debug — path expected by .gdextension)	2026-09-07T12:04:49.0517987Z ^[[1m^[[92m  Downloaded^[[0m paste v1.0.15
GUT GDScript suite under Godot 4.3 headless (blocking)	Build gdextension cdylib (debug — path expected by .gdextension)	2026-09-07T12:04:49.0550660Z ^[[1m^[[92m  Downloaded^[[0m rawpointer v0.2.1
GUT GDScript suite under Godot 4.3 headless (blocking)	Build gdextension cdylib (debug — path expected by .gdextension)	2026-09-07T12:04:49.0559432Z ^[[1m^[[92m  Downloaded^[[0m lock_api v0.4.14
GUT GDScript suite under Godot 4.3 headless (blocking)	Build gdextension cdylib (debug — path expected by .gdextension)	2026-09-07T12:04:49.0572215Z ^[[1m^[[92m  Downloaded^[[0m ppv-lite86 v0.2.21
GUT GDScript suite under Godot 4.3 headless (blocking)	Build gdextension cdylib (debug — path expected by .gdextension)	2026-09-07T12:04:49.0585220Z ^[[1m^[[92m  Downloaded^[[0m errno v0.3.14
GUT GDScript suite under Godot 4.3 headless (blocking)	Build gdextension cdylib (debug — path expected by .gdextension)	2026-09-07T12:04:49.0600633Z ^[[1m^[[92m  Downloaded^[[0m glam v0.18.0
GUT GDScript suite under Godot 4.3 headless (blocking)	Build gdextension cdylib (debug — path expected by .gdextension)	2026-09-07T12:04:49.0698126Z ^[[1m^[[92m  Downloaded^[[0m litemap v0.8.3
GUT GDScript suite under Godot 4.3 headless (blocking)	Build gdextension cdylib (debug — path expected by .gdextension)	2026-09-07T12:04:49.0721106Z ^[[1m^[[92m  Downloaded^[[0m nu-ansi-term v0.50.3
GUT GDScript suite under Godot 4.3 headless (blocking)	Build gdextension cdylib (debug — path expected by .gdextension)	2026-09-07T12:04:49.0745826Z ^[[1m^[[92m  Downloaded^[[0m scopeguard v1.2.0
GUT GDScript suite under Godot 4.3 headless (blocking)	Build gdextension cdylib (debug — path expected by .gdextension)	2026-09-07T12:04:49.0758035Z ^[[1m^[[92m  Downloaded^[[0m bytes v1.12.1
GUT GDScript suite under Godot 4.3 headless (blocking)	Build gdextension cdylib (debug — path expected by .gdextension)	2026-09-07T12:04:49.0793917Z ^[[1m^[[92m  Downloaded^[[0m num-integer v0.1.47
GUT GDScript suite under Godot 4.3 headless (blocking)	Build gdextension cdylib (debug — path expected by .gdextension)	2026-09-07T12:04:49.0809955Z ^[[1m^[[92m  Downloaded^[[0m rand_core v0.6.4
GUT GDScript suite under Godot 4.3 headless (blocking)	Build gdextension cdylib (debug — path expected by .gdextension)	2026-09-07T12:04:49.0823351Z ^[[1m^[[92m  Downloaded^[[0m num-rational v0.4.2
GUT GDScript suite under Godot 4.3 headless (blocking)	Build gdextension cdylib (debug — path expected by .gdextension)	2026-09-07T12:04:49.0835786Z ^[[1m^[[92m  Downloaded^[[0m pin-project-lite v0.2.17
GUT GDScript suite under Godot 4.3 headless (blocking)	Build gdextension cdylib (debug — path expected by .gdextension)	2026-09-07T12:04:49.0895577Z ^[[1m^[[92m  Downloaded^[[0m getrandom v0.2.17
GUT GDScript suite under Godot 4.3 headless (blocking)	Build gdextension cdylib (debug — path expected by .gdextension)	2026-09-07T12:04:49.0925220Z ^[[1m^[[92m  Downloaded^[[0m num-complex v0.4.6
GUT GDScript suite under Godot 4.3 headless (blocking)	Build gdextension cdylib (debug — path expected by .gdextension)	2026-09-07T12:04:49.0939726Z ^[[1m^[[92m  Downloaded^[[0m once_cell v1.21.4
GUT GDScript suite under Godot 4.3 headless (blocking)	Build gdextension cdylib (debug — path expected by .gdextension)	2026-09-07T12:04:49.0965363Z ^[[1m^[[92m  Downloaded^[[0m parking_lot v0.12.5
GUT GDScript suite under Godot 4.3 headless (blocking)	Build gdextension cdylib (debug — path expected by .gdextension)	2026-09-07T12:04:49.0990730Z ^[[1m^[[92m  Downloaded^[[0m parking_lot_core v0.9.12
GUT GDScript suite under Godot 4.3 headless (blocking)	Build gdextension cdylib (debug — path expected by .gdextension)	2026-09-07T12:04:49.1012192Z ^[[1m^[[92m  Downloaded^[[0m quote v1.0.47
GUT GDScript suite under Godot 4.3 headless (blocking)	Build gdextension cdylib (debug — path expected by .gdextension)	2026-09-07T12:04:49.1039568Z ^[[1m^[[92m  Downloaded^[[0m http v1.5.0
GUT GDScript suite under Godot 4.3 headless (blocking)	Build gdextension cdylib (debug — path expected by .gdextension)	2026-09-07T12:04:49.1076296Z ^[[1m^[[92m  Downloaded^[[0m icu_provider v2.3.1
GUT GDScript suite under Godot 4.3 headless (blocking)	Build gdextension cdylib (debug — path expected by .gdextension)	2026-09-07T12:04:49.1102859Z ^[[1m^[[92m  Downloaded^[[0m num-traits v0.2.19
GUT GDScript suite under Godot 4.3 headless (blocking)	Build gdextension cdylib (debug — path expected by .gdextension)	2026-09-07T12:04:49.1128878Z ^[[1m^[[92m  Downloaded^[[0m godot-ffi v0.2.4
GUT GDScript suite under Godot 4.3 headless (blocking)	Build gdextension cdylib (debug — path expected by .gdextension)	2026-09-07T12:04:49.1147016Z ^[[1m^[[92m  Downloaded^[[0m tokio v1.53.1
GUT GDScript suite under Godot 4.3 headless (blocking)	Build gdextension cdylib (debug — path expected by .gdextension)	2026-09-07T12:04:49.1610516Z ^[[1m^[[92m  Downloaded^[[0m cc v1.4.5
GUT GDScript suite under Godot 4.3 headless (blocking)	Build gdextension cdylib (debug — path expected by .gdextension)	2026-09-07T12:04:49.1641083Z ^[[1m^[[92m  Downloaded^[[0m matrixmultiply v0.3.11
GUT GDScript suite under Godot 4.3 headless (blocking)	Build gdextension cdylib (debug — path expected by .gdextension)	2026-09-07T12:04:49.1673770Z ^[[1m^[[92m  Downloaded^[[0m proc-macro2 v1.0.107
GUT GDScript suite under Godot 4.3 headless (blocking)	Build gdextension cdylib (debug — path expected by .gdextension)	2026-09-07T12:04:49.1703686Z ^[[1m^[[92m  Downloaded^[[0m safe_arch v0.7.4
GUT GDScript suite under Godot 4.3 headless (blocking)	Build gdextension cdylib (debug — path expected by .gdextension)	2026-09-07T12:04:49.1750291Z ^[[1m^[[92m  Downloaded^[[0m icu_collections v2.3.0
GUT GDScript suite under Godot 4.3 headless (blocking)	Build gdextension cdylib (debug — path expected by .gdextension)	2026-09-07T12:04:49.1814766Z ^[[1m^[[92m  Downloaded^[[0m rand v0.8.8
GUT GDScript suite under Godot 4.3 headless (blocking)	Build gdextension cdylib (debug — path expected by .gdextension)	2026-09-07T12:04:49.1848374Z ^[[1m^[[92m  Downloaded^[[0m godot-macros v0.2.4
GUT GDScript suite under Godot 4.3 headless (blocking)	Build gdextension cdylib (debug — path expected by .gdextension)	2026-09-07T12:04:49.1884176Z ^[[1m^[[92m  Downloaded^[[0m num-bigint v0.4.8
GUT GDScript suite under Godot 4.3 headless (blocking)	Build gdextension cdylib (debug — path expected by .gdextension)	2026-09-07T12:04:49.1932388Z ^[[1m^[[92m  Downloaded^[[0m serde v1.0.229
GUT GDScript suite under Godot 4.3 headless (blocking)	Build gdextension cdylib (debug — path expected by .gdextension)	2026-09-07T12:04:49.1967259Z ^[[1m^[[92m  Downloaded^[[0m glam v0.19.0
GUT GDScript suite under Godot 4.3 headless (blocking)	Build gdextension cdylib (debug — path expected by .gdextension)	2026-09-07T12:04:49.2065143Z ^[[1m^[[92m  Downloaded^[[0m mio v1.2.3
GUT GDScript suite under Godot 4.3 headless (blocking)	Build gdextension cdylib (debug — path expected by .gdextension)	2026-09-07T12:04:49.2127742Z ^[[1m^[[92m  Downloaded^[[0m glam v0.14.0
GUT GDScript suite under Godot 4.3 headless (blocking)	Build gdextension cdylib (debug — path expected by .gdextension)	2026-09-07T12:04:49.2206235Z ^[[1m^[[92m  Downloaded^[[0m secp256k1 v0.29.1
GUT GDScript suite under Godot 4.3 headless (blocking)	Build gdextension cdylib (debug — path expected by .gdextension)	2026-09-07T12:04:49.2252797Z ^[[1m^[[92m  Downloaded^[[0m glam v0.17.3
GUT GDScript suite under Godot 4.3 headless (blocking)	Build gdextension cdylib (debug — path expected by .gdextension)	2026-09-07T12:04:49.2339214Z ^[[1m^[[92m  Downloaded^[[0m godot-codegen v0.2.4
GUT GDScript suite under Godot 4.3 headless (blocking)	Build gdextension cdylib (debug — path expected by .gdextension)	2026-09-07T12:04:49.2386312Z ^[[1m^[[92m  Downloaded^[[0m idna v1.1.0
GUT GDScript suite under Godot 4.3 headless (blocking)	Build gdextension cdylib (debug — path expected by .gdextension)	2026-09-07T12:04:49.2421815Z ^[[1m^[[92m  Downloaded^[[0m glam v0.20.5
GUT GDScript suite under Godot 4.3 headless (blocking)	Build gdextension cdylib (debug — path expected by .gdextension)	2026-09-07T12:04:49.2519565Z ^[[1m^[[92m  Downloaded^[[0m glam v0.15.2
GUT GDScript suite under Godot 4.3 headless (blocking)	Build gdextension cdylib (debug — path expected by .gdextension)	2026-09-07T12:04:49.2603195Z ^[[1m^[[92m  Downloaded^[[0m futures-util v0.3.34
GUT GDScript suite under Godot 4.3 headless (blocking)	Build gdextension cdylib (debug — path expected by .gdextension)	2026-09-07T12:04:49.2739781Z ^[[1m^[[92m  Downloaded^[[0m glam v0.22.0
GUT GDScript suite under Godot 4.3 headless (blocking)	Build gdextension cdylib (debug — path expected by .gdextension)	2026-09-07T12:04:49.2882104Z ^[[1m^[[92m  Downloaded^[[0m glam v0.21.3
GUT GDScript suite under Godot 4.3 headless (blocking)	Build gdextension cdylib (debug — path expected by .gdextension)	2026-09-07T12:04:49.3019128Z ^[[1m^[[92m  Downloaded^[[0m glam v0.23.0
GUT GDScript suite under Godot 4.3 headless (blocking)	Build gdextension cdylib (debug — path expected by .gdextension)	2026-09-07T12:04:49.3159594Z ^[[1m^[[92m  Downloaded^[[0m glam v0.24.2
GUT GDScript suite under Godot 4.3 headless (blocking)	Build gdextension cdylib (debug — path expected by .gdextension)	2026-09-07T12:04:49.3316824Z ^[[1m^[[92m  Downloaded^[[0m glam v0.27.0
GUT GDScript suite under Godot 4.3 headless (blocking)	Build gdextension cdylib (debug — path expected by .gdextension)	2026-09-07T12:04:49.3497081Z ^[[1m^[[92m  Downloaded^[[0m glam v0.25.0
GUT GDScript suite under Godot 4.3 headless (blocking)	Build gdextension cdylib (debug — path expected by .gdextension)	2026-09-07T12:04:49.3673696Z ^[[1m^[[92m  Downloaded^[[0m nalgebra v0.34.2
GUT GDScript suite under Godot 4.3 headless (blocking)	Build gdextension cdylib (debug — path expected by .gdextension)	2026-09-07T12:04:49.3925648Z ^[[1m^[[92m  Downloaded^[[0m glam v0.28.0
GUT GDScript suite under Godot 4.3 headless (blocking)	Build gdextension cdylib (debug — path expected by .gdextension)	2026-09-07T12:04:49.4122031Z ^[[1m^[[92m  Downloaded^[[0m glam v0.29.3
GUT GDScript suite under Godot 4.3 headless (blocking)	Build gdextension cdylib (debug — path expected by .gdextension)	2026-09-07T12:04:49.4341546Z ^[[1m^[[92m  Downloaded^[[0m icu_normalizer v2.3.0
GUT GDScript suite under Godot 4.3 headless (blocking)	Build gdextension cdylib (debug — path expected by .gdextension)	2026-09-07T12:04:49.4435245Z ^[[1m^[[92m  Downloaded^[[0m regex-automata v0.4.18
GUT GDScript suite under Godot 4.3 headless (blocking)	Build gdextension cdylib (debug — path expected by .gdextension)	2026-09-07T12:04:49.4576623Z ^[[1m^[[92m  Downloaded^[[0m glam v0.31.1
GUT GDScript suite under Godot 4.3 headless (blocking)	Build gdextension cdylib (debug — path expected by .gdextension)	2026-09-07T12:04:49.4858406Z ^[[1m^[[92m  Downloaded^[[0m glam v0.30.10
GUT GDScript suite under Godot 4.3 headless (blocking)	Build gdextension cdylib (debug — path expected by .gdextension)	2026-09-07T12:04:49.5125152Z ^[[1m^[[92m  Downloaded^[[0m glam v0.32.1
GUT GDScript suite under Godot 4.3 headless (blocking)	Build gdextension cdylib (debug — path expected by .gdextension)	2026-09-07T12:04:49.5405634Z ^[[1m^[[92m  Downloaded^[[0m libc v0.2.189
GUT GDScript suite under Godot 4.3 headless (blocking)	Build gdextension cdylib (debug — path expected by .gdextension)	2026-09-07T12:04:49.5848564Z ^[[1m^[[92m  Downloaded^[[0m secp256k1-sys v0.10.1
GUT GDScript suite under Godot 4.3 headless (blocking)	Build gdextension cdylib (debug — path expected by .gdextension)	2026-09-07T12:04:49.6234556Z ^[[1m^[[92m  Downloaded^[[0m gdextension-api v0.2.2
GUT GDScript suite under Godot 4.3 headless (blocking)	Build gdextension cdylib (debug — path expected by .gdextension)	2026-09-07T12:04:49.7105902Z ^[[1m^[[92m  Downloaded^[[0m godot-bindings v0.2.4
GUT GDScript suite under Godot 4.3 headless (blocking)	Build gdextension cdylib (debug — path expected by .gdextension)	2026-09-07T12:04:49.7662883Z ^[[1m^[[92m   Compiling^[[0m proc-macro2 v1.0.107
GUT GDScript suite under Godot 4.3 headless (blocking)	Build gdextension cdylib (debug — path expected by .gdextension)	2026-09-07T12:04:49.7663847Z ^[[1m^[[92m   Compiling^[[0m quote v1.0.47
GUT GDScript suite under Godot 4.3 headless (blocking)	Build gdextension cdylib (debug — path expected by .gdextension)	2026-09-07T12:04:49.7664820Z ^[[1m^[[92m   Compiling^[[0m unicode-ident v1.0.24
GUT GDScript suite under Godot 4.3 headless (blocking)	Build gdextension cdylib (debug — path expected by .gdextension)	2026-09-07T12:04:49.7665842Z ^[[1m^[[92m   Compiling^[[0m godot-bindings v0.2.4
GUT GDScript suite under Godot 4.3 headless (blocking)	Build gdextension cdylib (debug — path expected by .gdextension)	2026-09-07T12:04:49.8257758Z ^[[1m^[[92m   Compiling^[[0m libc v0.2.189
GUT GDScript suite under Godot 4.3 headless (blocking)	Build gdextension cdylib (debug — path expected by .gdextension)	2026-09-07T12:04:49.9343353Z ^[[1m^[[92m   Compiling^[[0m stable_deref_trait v1.2.1
GUT GDScript suite under Godot 4.3 headless (blocking)	Build gdextension cdylib (debug — path expected by .gdextension)	2026-09-07T12:04:49.9542577Z ^[[1m^[[92m   Compiling^[[0m gdextension-api v0.2.2
GUT GDScript suite under Godot 4.3 headless (blocking)	Build gdextension cdylib (debug — path expected by .gdextension)	2026-09-07T12:04:49.9676976Z ^[[1m^[[92m   Compiling^[[0m autocfg v1.5.1
GUT GDScript suite under Godot 4.3 headless (blocking)	Build gdextension cdylib (debug — path expected by .gdextension)	2026-09-07T12:04:50.2712748Z ^[[1m^[[92m   Compiling^[[0m cfg-if v1.0.4
GUT GDScript suite under Godot 4.3 headless (blocking)	Build gdextension cdylib (debug — path expected by .gdextension)	2026-09-07T12:04:50.2973276Z ^[[1m^[[92m   Compiling^[[0m version_check v0.9.5
GUT GDScript suite under Godot 4.3 headless (blocking)	Build gdextension cdylib (debug — path expected by .gdextension)	2026-09-07T12:04:50.5263045Z ^[[1m^[[92m   Compiling^[[0m typenum v1.20.1
GUT GDScript suite under Godot 4.3 headless (blocking)	Build gdextension cdylib (debug — path expected by .gdextension)	2026-09-07T12:04:50.7112434Z ^[[1m^[[92m   Compiling^[[0m syn v2.0.119
GUT GDScript suite under Godot 4.3 headless (blocking)	Build gdextension cdylib (debug — path expected by .gdextension)	2026-09-07T12:04:50.9991968Z ^[[1m^[[92m   Compiling^[[0m syn v3.0.5
GUT GDScript suite under Godot 4.3 headless (blocking)	Build gdextension cdylib (debug — path expected by .gdextension)	2026-09-07T12:04:51.2302560Z ^[[1m^[[92m   Compiling^[[0m regex-syntax v0.8.11
GUT GDScript suite under Godot 4.3 headless (blocking)	Build gdextension cdylib (debug — path expected by .gdextension)	2026-09-07T12:04:51.3192675Z ^[[1m^[[92m   Compiling^[[0m godot-codegen v0.2.4
GUT GDScript suite under Godot 4.3 headless (blocking)	Build gdextension cdylib (debug — path expected by .gdextension)	2026-09-07T12:04:51.4072744Z ^[[1m^[[92m   Compiling^[[0m generic-array v0.14.7
GUT GDScript suite under Godot 4.3 headless (blocking)	Build gdextension cdylib (debug — path expected by .gdextension)	2026-09-07T12:04:51.4972762Z ^[[1m^[[92m   Compiling^[[0m num-traits v0.2.19
GUT GDScript suite under Godot 4.3 headless (blocking)	Build gdextension cdylib (debug — path expected by .gdextension)	2026-09-07T12:04:51.5992822Z ^[[1m^[[92m   Compiling^[[0m nanoserde-derive v0.1.22
GUT GDScript suite under Godot 4.3 headless (blocking)	Build gdextension cdylib (debug — path expected by .gdextension)	2026-09-07T12:04:52.4883273Z ^[[1m^[[92m   Compiling^[[0m writeable v0.6.4
GUT GDScript suite under Godot 4.3 headless (blocking)	Build gdextension cdylib (debug — path expected by .gdextension)	2026-09-07T12:04:52.6732998Z ^[[1m^[[92m   Compiling^[[0m regex-automata v0.4.18
GUT GDScript suite under Godot 4.3 headless (blocking)	Build gdextension cdylib (debug — path expected by .gdextension)	2026-09-07T12:04:53.4522457Z ^[[1m^[[92m   Compiling^[[0m litemap v0.8.3
GUT GDScript suite under Godot 4.3 headless (blocking)	Build gdextension cdylib (debug — path expected by .gdextension)	2026-09-07T12:04:53.7552597Z ^[[1m^[[92m   Compiling^[[0m nanoserde v0.1.37
GUT GDScript suite under Godot 4.3 headless (blocking)	Build gdextension cdylib (debug — path expected by .gdextension)	2026-09-07T12:04:54.3650113Z ^[[1m^[[92m   Compiling^[[0m synstructure v0.13.2
GUT GDScript suite under Godot 4.3 headless (blocking)	Build gdextension cdylib (debug — path expected by .gdextension)	2026-09-07T12:04:54.8642678Z ^[[1m^[[92m   Compiling^[[0m regex v1.13.1
GUT GDScript suite under Godot 4.3 headless (blocking)	Build gdextension cdylib (debug — path expected by .gdextension)	2026-09-07T12:04:54.9612665Z ^[[1m^[[92m   Compiling^[[0m smallvec v1.16.0
GUT GDScript suite under Godot 4.3 headless (blocking)	Build gdextension cdylib (debug — path expected by .gdextension)	2026-09-07T12:04:55.1073127Z ^[[1m^[[92m   Compiling^[[0m utf8_iter v1.0.4
GUT GDScript suite under Godot 4.3 headless (blocking)	Build gdextension cdylib (debug — path expected by .gdextension)	2026-09-07T12:04:55.1892474Z ^[[1m^[[92m   Compiling^[[0m heck v0.5.0
GUT GDScript suite under Godot 4.3 headless (blocking)	Build gdextension cdylib (debug — path expected by .gdextension)	2026-09-07T12:04:55.2232650Z ^[[1m^[[92m   Compiling^[[0m zerocopy v0.8.56
GUT GDScript suite under Godot 4.3 headless (blocking)	Build gdextension cdylib (debug — path expected by .gdextension)	2026-09-07T12:04:55.3358650Z ^[[1m^[[92m   Compiling^[[0m icu_normalizer_data v2.3.0
GUT GDScript suite under Godot 4.3 headless (blocking)	Build gdextension cdylib (debug — path expected by .gdextension)	2026-09-07T12:04:55.4412616Z ^[[1m^[[92m   Compiling^[[0m icu_properties_data v2.3.0
GUT GDScript suite under Godot 4.3 headless (blocking)	Build gdextension cdylib (debug — path expected by .gdextension)	2026-09-07T12:04:55.4602703Z ^[[1m^[[92m   Compiling^[[0m paste v1.0.15
GUT GDScript suite under Godot 4.3 headless (blocking)	Build gdextension cdylib (debug — path expected by .gdextension)	2026-09-07T12:04:56.0142711Z ^[[1m^[[92m   Compiling^[[0m zerofrom-derive v0.1.7
GUT GDScript suite under Godot 4.3 headless (blocking)	Build gdextension cdylib (debug — path expected by .gdextension)	2026-09-07T12:04:56.1062611Z ^[[1m^[[92m   Compiling^[[0m yoke-derive v0.8.2
GUT GDScript suite under Godot 4.3 headless (blocking)	Build gdextension cdylib (debug — path expected by .gdextension)	2026-09-07T12:04:56.1498563Z ^[[1m^[[92m   Compiling^[[0m zerovec-derive v0.11.6
GUT GDScript suite under Godot 4.3 headless (blocking)	Build gdextension cdylib (debug — path expected by .gdextension)	2026-09-07T12:04:57.1062732Z ^[[1m^[[92m   Compiling^[[0m displaydoc v0.2.7
GUT GDScript suite under Godot 4.3 headless (blocking)	Build gdextension cdylib (debug — path expected by .gdextension)	2026-09-07T12:04:57.1355985Z ^[[1m^[[92m   Compiling^[[0m zerofrom v0.1.8
GUT GDScript suite under Godot 4.3 headless (blocking)	Build gdextension cdylib (debug — path expected by .gdextension)	2026-09-07T12:04:57.2156955Z ^[[1m^[[92m   Compiling^[[0m yoke v0.8.3
GUT GDScript suite under Godot 4.3 headless (blocking)	Build gdextension cdylib (debug — path expected by .gdextension)	2026-09-07T12:04:57.3852441Z ^[[1m^[[92m   Compiling^[[0m zerovec v0.11.8
GUT GDScript suite under Godot 4.3 headless (blocking)	Build gdextension cdylib (debug — path expected by .gdextension)	2026-09-07T12:04:57.7042758Z ^[[1m^[[92m   Compiling^[[0m zerotrie v0.2.5
GUT GDScript suite under Godot 4.3 headless (blocking)	Build gdextension cdylib (debug — path expected by .gdextension)	2026-09-07T12:04:57.9272624Z ^[[1m^[[92m   Compiling^[[0m tinystr v0.8.4
GUT GDScript suite under Godot 4.3 headless (blocking)	Build gdextension cdylib (debug — path expected by .gdextension)	2026-09-07T12:04:57.9362674Z ^[[1m^[[92m   Compiling^[[0m potential_utf v0.1.6
GUT GDScript suite under Godot 4.3 headless (blocking)	Build gdextension cdylib (debug — path expected by .gdextension)	2026-09-07T12:04:58.0233300Z ^[[1m^[[92m   Compiling^[[0m icu_collections v2.3.0
GUT GDScript suite under Godot 4.3 headless (blocking)	Build gdextension cdylib (debug — path expected by .gdextension)	2026-09-07T12:04:58.0662692Z ^[[1m^[[92m   Compiling^[[0m icu_locale_core v2.3.0
GUT GDScript suite under Godot 4.3 headless (blocking)	Build gdextension cdylib (debug — path expected by .gdextension)	2026-09-07T12:04:58.5183371Z ^[[1m^[[92m   Compiling^[[0m getrandom v0.2.17
GUT GDScript suite under Godot 4.3 headless (blocking)	Build gdextension cdylib (debug — path expected by .gdextension)	2026-09-07T12:04:58.5303071Z ^[[1m^[[92m   Compiling^[[0m once_cell v1.21.4
GUT GDScript suite under Godot 4.3 headless (blocking)	Build gdextension cdylib (debug — path expected by .gdextension)	2026-09-07T12:04:58.6542723Z ^[[1m^[[92m   Compiling^[[0m pin-project-lite v0.2.17
GUT GDScript suite under Godot 4.3 headless (blocking)	Build gdextension cdylib (debug — path expected by .gdextension)	2026-09-07T12:04:58.6777807Z ^[[1m^[[92m   Compiling^[[0m tracing-core v0.1.36
GUT GDScript suite under Godot 4.3 headless (blocking)	Build gdextension cdylib (debug — path expected by .gdextension)	2026-09-07T12:04:58.7012586Z ^[[1m^[[92m   Compiling^[[0m rand_core v0.6.4
GUT GDScript suite under Godot 4.3 headless (blocking)	Build gdextension cdylib (debug — path expected by .gdextension)	2026-09-07T12:04:58.8573017Z ^[[1m^[[92m   Compiling^[[0m block-buffer v0.10.4
GUT GDScript suite under Godot 4.3 headless (blocking)	Build gdextension cdylib (debug — path expected by .gdextension)	2026-09-07T12:04:58.9263167Z ^[[1m^[[92m   Compiling^[[0m icu_provider v2.3.1
GUT GDScript suite under Godot 4.3 headless (blocking)	Build gdextension cdylib (debug — path expected by .gdextension)	2026-09-07T12:04:59.2043049Z ^[[1m^[[92m   Compiling^[[0m icu_normalizer v2.3.0
GUT GDScript suite under Godot 4.3 headless (blocking)	Build gdextension cdylib (debug — path expected by .gdextension)	2026-09-07T12:04:59.2232529Z ^[[1m^[[92m   Compiling^[[0m icu_properties v2.3.0
GUT GDScript suite under Godot 4.3 headless (blocking)	Build gdextension cdylib (debug — path expected by .gdextension)	2026-09-07T12:04:59.3105387Z ^[[1m^[[92m   Compiling^[[0m crypto-common v0.1.7
GUT GDScript suite under Godot 4.3 headless (blocking)	Build gdextension cdylib (debug — path expected by .gdextension)	2026-09-07T12:04:59.3693012Z ^[[1m^[[92m   Compiling^[[0m bytemuck v1.25.2
GUT GDScript suite under Godot 4.3 headless (blocking)	Build gdextension cdylib (debug — path expected by .gdextension)	2026-09-07T12:04:59.5192517Z ^[[1m^[[92m   Compiling^[[0m shlex v2.0.1
GUT GDScript suite under Godot 4.3 headless (blocking)	Build gdextension cdylib (debug — path expected by .gdextension)	2026-09-07T12:04:59.6333172Z ^[[1m^[[92m   Compiling^[[0m bytes v1.12.1
GUT GDScript suite under Godot 4.3 headless (blocking)	Build gdextension cdylib (debug — path expected by .gdextension)	2026-09-07T12:04:59.7871510Z ^[[1m^[[92m   Compiling^[[0m log v0.4.34
GUT GDScript suite under Godot 4.3 headless (blocking)	Build gdextension cdylib (debug — path expected by .gdextension)	2026-09-07T12:04:59.9355883Z ^[[1m^[[92m   Compiling^[[0m find-msvc-tools v0.1.12
GUT GDScript suite under Godot 4.3 headless (blocking)	Build gdextension cdylib (debug — path expected by .gdextension)	2026-09-07T12:05:00.1012733Z ^[[1m^[[92m   Compiling^[[0m serde_core v1.0.229
GUT GDScript suite under Godot 4.3 headless (blocking)	Build gdextension cdylib (debug — path expected by .gdextension)	2026-09-07T12:05:00.2832490Z ^[[1m^[[92m   Compiling^[[0m cc v1.4.5
GUT GDScript suite under Godot 4.3 headless (blocking)	Build gdextension cdylib (debug — path expected by .gdextension)	2026-09-07T12:05:00.2972463Z ^[[1m^[[92m   Compiling^[[0m safe_arch v0.7.4
GUT GDScript suite under Godot 4.3 headless (blocking)	Build gdextension cdylib (debug — path expected by .gdextension)	2026-09-07T12:05:00.6175512Z ^[[1m^[[92m   Compiling^[[0m idna_adapter v1.2.2
GUT GDScript suite under Godot 4.3 headless (blocking)	Build gdextension cdylib (debug — path expected by .gdextension)	2026-09-07T12:05:00.6242566Z ^[[1m^[[92m   Compiling^[[0m digest v0.10.7
GUT GDScript suite under Godot 4.3 headless (blocking)	Build gdextension cdylib (debug — path expected by .gdextension)	2026-09-07T12:05:00.6822794Z ^[[1m^[[92m   Compiling^[[0m godot-ffi v0.2.4
GUT GDScript suite under Godot 4.3 headless (blocking)	Build gdextension cdylib (debug — path expected by .gdextension)	2026-09-07T12:05:00.7632891Z ^[[1m^[[92m   Compiling^[[0m matrixmultiply v0.3.11
GUT GDScript suite under Godot 4.3 headless (blocking)	Build gdextension cdylib (debug — path expected by .gdextension)	2026-09-07T12:05:00.8437853Z ^[[1m^[[92m   Compiling^[[0m cpufeatures v0.2.17
GUT GDScript suite under Godot 4.3 headless (blocking)	Build gdextension cdylib (debug — path expected by .gdextension)	2026-09-07T12:05:00.8727458Z ^[[1m^[[92m   Compiling^[[0m thiserror v1.0.69
GUT GDScript suite under Godot 4.3 headless (blocking)	Build gdextension cdylib (debug — path expected by .gdextension)	2026-09-07T12:05:00.8792535Z ^[[1m^[[92m   Compiling^[[0m httparse v1.10.1
GUT GDScript suite under Godot 4.3 headless (blocking)	Build gdextension cdylib (debug — path expected by .gdextension)	2026-09-07T12:05:01.0411065Z ^[[1m^[[92m   Compiling^[[0m percent-encoding v2.3.2
GUT GDScript suite under Godot 4.3 headless (blocking)	Build gdextension cdylib (debug — path expected by .gdextension)	2026-09-07T12:05:01.0605634Z ^[[1m^[[92m   Compiling^[[0m itoa v1.0.18
GUT GDScript suite under Godot 4.3 headless (blocking)	Build gdextension cdylib (debug — path expected by .gdextension)	2026-09-07T12:05:01.1672651Z ^[[1m^[[92m   Compiling^[[0m form_urlencoded v1.2.2
GUT GDScript suite under Godot 4.3 headless (blocking)	Build gdextension cdylib (debug — path expected by .gdextension)	2026-09-07T12:05:01.2922815Z ^[[1m^[[92m   Compiling^[[0m idna v1.1.0
GUT GDScript suite under Godot 4.3 headless (blocking)	Build gdextension cdylib (debug — path expected by .gdextension)	2026-09-07T12:05:01.6463253Z ^[[1m^[[92m   Compiling^[[0m secp256k1-sys v0.10.1
GUT GDScript suite under Godot 4.3 headless (blocking)	Build gdextension cdylib (debug — path expected by .gdextension)	2026-09-07T12:05:01.7722854Z ^[[1m^[[92m   Compiling^[[0m wide v0.7.33
GUT GDScript suite under Godot 4.3 headless (blocking)	Build gdextension cdylib (debug — path expected by .gdextension)	2026-09-07T12:05:02.0512864Z ^[[1m^[[92m   Compiling^[[0m ppv-lite86 v0.2.21
GUT GDScript suite under Godot 4.3 headless (blocking)	Build gdextension cdylib (debug — path expected by .gdextension)	2026-09-07T12:05:02.3543102Z ^[[1m^[[92m   Compiling^[[0m rand_chacha v0.3.1
GUT GDScript suite under Godot 4.3 headless (blocking)	Build gdextension cdylib (debug — path expected by .gdextension)	2026-09-07T12:05:02.5472784Z ^[[1m^[[92m   Compiling^[[0m rand v0.8.8
GUT GDScript suite under Godot 4.3 headless (blocking)	Build gdextension cdylib (debug — path expected by .gdextension)	2026-09-07T12:05:02.7832556Z ^[[1m^[[92m   Compiling^[[0m godot-core v0.2.4
GUT GDScript suite under Godot 4.3 headless (blocking)	Build gdextension cdylib (debug — path expected by .gdextension)	2026-09-07T12:05:02.9522618Z ^[[1m^[[92m   Compiling^[[0m approx v0.5.1
GUT GDScript suite under Godot 4.3 headless (blocking)	Build gdextension cdylib (debug — path expected by .gdextension)	2026-09-07T12:05:03.0323179Z ^[[1m^[[92m   Compiling^[[0m num-complex v0.4.6
GUT GDScript suite under Godot 4.3 headless (blocking)	Build gdextension cdylib (debug — path expected by .gdextension)	2026-09-07T12:05:03.2122473Z ^[[1m^[[92m   Compiling^[[0m num-integer v0.1.47
GUT GDScript suite under Godot 4.3 headless (blocking)	Build gdextension cdylib (debug — path expected by .gdextension)	2026-09-07T12:05:03.2903056Z ^[[1m^[[92m   Compiling^[[0m tracing-attributes v0.1.31
GUT GDScript suite under Godot 4.3 headless (blocking)	Build gdextension cdylib (debug — path expected by .gdextension)	2026-09-07T12:05:03.4802747Z ^[[1m^[[92m   Compiling^[[0m thiserror-impl v1.0.69
GUT GDScript suite under Godot 4.3 headless (blocking)	Build gdextension cdylib (debug — path expected by .gdextension)	2026-09-07T12:05:03.5153232Z ^[[1m^[[92m   Compiling^[[0m godot-macros v0.2.4
GUT GDScript suite under Godot 4.3 headless (blocking)	Build gdextension cdylib (debug — path expected by .gdextension)	2026-09-07T12:05:03.6072991Z ^[[1m^[[92m   Compiling^[[0m rawpointer v0.2.1
GUT GDScript suite under Godot 4.3 headless (blocking)	Build gdextension cdylib (debug — path expected by .gdextension)	2026-09-07T12:05:03.6472746Z ^[[1m^[[92m   Compiling^[[0m lazy_static v1.5.0
GUT GDScript suite under Godot 4.3 headless (blocking)	Build gdextension cdylib (debug — path expected by .gdextension)	2026-09-07T12:05:03.6853107Z ^[[1m^[[92m   Compiling^[[0m serde v1.0.229
GUT GDScript suite under Godot 4.3 headless (blocking)	Build gdextension cdylib (debug — path expected by .gdextension)	2026-09-07T12:05:03.8582891Z ^[[1m^[[92m   Compiling^[[0m thiserror v2.0.20
GUT GDScript suite under Godot 4.3 headless (blocking)	Build gdextension cdylib (debug — path expected by .gdextension)	2026-09-07T12:05:04.0672627Z ^[[1m^[[92m   Compiling^[[0m zmij v1.0.23
GUT GDScript suite under Godot 4.3 headless (blocking)	Build gdextension cdylib (debug — path expected by .gdextension)	2026-09-07T12:05:04.2874735Z ^[[1m^[[92m   Compiling^[[0m sharded-slab v0.1.7
GUT GDScript suite under Godot 4.3 headless (blocking)	Build gdextension cdylib (debug — path expected by .gdextension)	2026-09-07T12:05:04.4373268Z ^[[1m^[[92m   Compiling^[[0m tracing v0.1.44
GUT GDScript suite under Godot 4.3 headless (blocking)	Build gdextension cdylib (debug — path expected by .gdextension)	2026-09-07T12:05:04.5373028Z ^[[1m^[[92m   Compiling^[[0m simba v0.9.1
GUT GDScript suite under Godot 4.3 headless (blocking)	Build gdextension cdylib (debug — path expected by .gdextension)	2026-09-07T12:05:04.6142670Z ^[[1m^[[92m   Compiling^[[0m num-rational v0.4.2
GUT GDScript suite under Godot 4.3 headless (blocking)	Build gdextension cdylib (debug — path expected by .gdextension)	2026-09-07T12:05:08.4722426Z ^[[1m^[[92m   Compiling^[[0m url v2.5.8
GUT GDScript suite under Godot 4.3 headless (blocking)	Build gdextension cdylib (debug — path expected by .gdextension)	2026-09-07T12:05:08.7832404Z ^[[1m^[[92m   Compiling^[[0m http v1.5.0
GUT GDScript suite under Godot 4.3 headless (blocking)	Build gdextension cdylib (debug — path expected by .gdextension)	2026-09-07T12:05:09.1834515Z ^[[1m^[[92m   Compiling^[[0m sha1 v0.10.7
GUT GDScript suite under Godot 4.3 headless (blocking)	Build gdextension cdylib (debug — path expected by .gdextension)	2026-09-07T12:05:09.3242236Z ^[[1m^[[92m   Compiling^[[0m tracing-log v0.2.0
GUT GDScript suite under Godot 4.3 headless (blocking)	Build gdextension cdylib (debug — path expected by .gdextension)	2026-09-07T12:05:09.4780402Z ^[[1m^[[92m   Compiling^[[0m tokio-macros v2.7.2
GUT GDScript suite under Godot 4.3 headless (blocking)	Build gdextension cdylib (debug — path expected by .gdextension)	2026-09-07T12:05:09.4932669Z ^[[1m^[[92m   Compiling^[[0m serde_derive v1.0.229
GUT GDScript suite under Godot 4.3 headless (blocking)	Build gdextension cdylib (debug — path expected by .gdextension)	2026-09-07T12:05:09.6372321Z ^[[1m^[[92m   Compiling^[[0m thiserror-impl v2.0.20
GUT GDScript suite under Godot 4.3 headless (blocking)	Build gdextension cdylib (debug — path expected by .gdextension)	2026-09-07T12:05:09.9304110Z ^[[1m^[[92m   Compiling^[[0m futures-macro v0.3.34
GUT GDScript suite under Godot 4.3 headless (blocking)	Build gdextension cdylib (debug — path expected by .gdextension)	2026-09-07T12:05:10.4746392Z ^[[1m^[[92m   Compiling^[[0m nalgebra-macros v0.3.0
GUT GDScript suite under Godot 4.3 headless (blocking)	Build gdextension cdylib (debug — path expected by .gdextension)	2026-09-07T12:05:10.5399105Z ^[[1m^[[92m   Compiling^[[0m mio v1.2.3
GUT GDScript suite under Godot 4.3 headless (blocking)	Build gdextension cdylib (debug — path expected by .gdextension)	2026-09-07T12:05:10.8084650Z ^[[1m^[[92m   Compiling^[[0m socket2 v0.6.5
GUT GDScript suite under Godot 4.3 headless (blocking)	Build gdextension cdylib (debug — path expected by .gdextension)	2026-09-07T12:05:10.9290216Z ^[[1m^[[92m   Compiling^[[0m venial v0.6.1
GUT GDScript suite under Godot 4.3 headless (blocking)	Build gdextension cdylib (debug — path expected by .gdextension)	2026-09-07T12:05:11.1761096Z ^[[1m^[[92m   Compiling^[[0m thread_local v1.1.10
GUT GDScript suite under Godot 4.3 headless (blocking)	Build gdextension cdylib (debug — path expected by .gdextension)	2026-09-07T12:05:11.2843167Z ^[[1m^[[92m   Compiling^[[0m glam v0.28.0
GUT GDScript suite under Godot 4.3 headless (blocking)	Build gdextension cdylib (debug — path expected by .gdextension)	2026-09-07T12:05:11.6977002Z ^[[1m^[[92m   Compiling^[[0m futures-core v0.3.34
GUT GDScript suite under Godot 4.3 headless (blocking)	Build gdextension cdylib (debug — path expected by .gdextension)	2026-09-07T12:05:11.7727687Z ^[[1m^[[92m   Compiling^[[0m slab v0.4.12
GUT GDScript suite under Godot 4.3 headless (blocking)	Build gdextension cdylib (debug — path expected by .gdextension)	2026-09-07T12:05:11.8538429Z ^[[1m^[[92m   Compiling^[[0m utf-8 v0.7.6
GUT GDScript suite under Godot 4.3 headless (blocking)	Build gdextension cdylib (debug — path expected by .gdextension)	2026-09-07T12:05:11.8882719Z ^[[1m^[[92m   Compiling^[[0m serde_json v1.0.151
GUT GDScript suite under Godot 4.3 headless (blocking)	Build gdextension cdylib (debug — path expected by .gdextension)	2026-09-07T12:05:11.9447070Z ^[[1m^[[92m   Compiling^[[0m data-encoding v2.11.1
GUT GDScript suite under Godot 4.3 headless (blocking)	Build gdextension cdylib (debug — path expected by .gdextension)	2026-09-07T12:05:11.9690123Z ^[[1m^[[92m   Compiling^[[0m byteorder v1.5.0
GUT GDScript suite under Godot 4.3 headless (blocking)	Build gdextension cdylib (debug — path expected by .gdextension)	2026-09-07T12:05:12.1426091Z ^[[1m^[[92m   Compiling^[[0m nu-ansi-term v0.50.3
GUT GDScript suite under Godot 4.3 headless (blocking)	Build gdextension cdylib (debug — path expected by .gdextension)	2026-09-07T12:05:12.3954198Z ^[[1m^[[92m   Compiling^[[0m futures-sink v0.3.34
GUT GDScript suite under Godot 4.3 headless (blocking)	Build gdextension cdylib (debug — path expected by .gdextension)	2026-09-07T12:05:12.4308864Z ^[[1m^[[92m   Compiling^[[0m futures-task v0.3.34
GUT GDScript suite under Godot 4.3 headless (blocking)	Build gdextension cdylib (debug — path expected by .gdextension)	2026-09-07T12:05:12.5304110Z ^[[1m^[[92m   Compiling^[[0m godot-cell v0.2.4
GUT GDScript suite under Godot 4.3 headless (blocking)	Build gdextension cdylib (debug — path expected by .gdextension)	2026-09-07T12:05:12.7122682Z ^[[1m^[[92m   Compiling^[[0m futures-util v0.3.34
GUT GDScript suite under Godot 4.3 headless (blocking)	Build gdextension cdylib (debug — path expected by .gdextension)	2026-09-07T12:05:12.7593143Z ^[[1m^[[92m   Compiling^[[0m tracing-subscriber v0.3.23
GUT GDScript suite under Godot 4.3 headless (blocking)	Build gdextension cdylib (debug — path expected by .gdextension)	2026-09-07T12:05:13.9315924Z ^[[1m^[[92m   Compiling^[[0m tungstenite v0.21.0
GUT GDScript suite under Godot 4.3 headless (blocking)	Build gdextension cdylib (debug — path expected by .gdextension)	2026-09-07T12:05:14.8132880Z ^[[1m^[[92m   Compiling^[[0m tokio v1.53.1
GUT GDScript suite under Godot 4.3 headless (blocking)	Build gdextension cdylib (debug — path expected by .gdextension)	2026-09-07T12:05:14.9212956Z ^[[1m^[[92m   Compiling^[[0m nalgebra v0.34.2
GUT GDScript suite under Godot 4.3 headless (blocking)	Build gdextension cdylib (debug — path expected by .gdextension)	2026-09-07T12:05:17.0694772Z ^[[1m^[[92m   Compiling^[[0m memchr v2.8.3
GUT GDScript suite under Godot 4.3 headless (blocking)	Build gdextension cdylib (debug — path expected by .gdextension)	2026-09-07T12:05:17.7762880Z ^[[1m^[[92m   Compiling^[[0m android_log-sys v0.2.0
GUT GDScript suite under Godot 4.3 headless (blocking)	Build gdextension cdylib (debug — path expected by .gdextension)	2026-09-07T12:05:17.8172654Z ^[[1m^[[92m   Compiling^[[0m tracing-android v0.2.0
GUT GDScript suite under Godot 4.3 headless (blocking)	Build gdextension cdylib (debug — path expected by .gdextension)	2026-09-07T12:05:19.2332508Z ^[[1m^[[92m   Compiling^[[0m tokio-tungstenite v0.21.0
GUT GDScript suite under Godot 4.3 headless (blocking)	Build gdextension cdylib (debug — path expected by .gdextension)	2026-09-07T12:05:19.4532934Z ^[[1m^[[92m   Compiling^[[0m secp256k1 v0.29.1
GUT GDScript suite under Godot 4.3 headless (blocking)	Build gdextension cdylib (debug — path expected by .gdextension)	2026-09-07T12:05:19.8382515Z ^[[1m^[[92m   Compiling^[[0m sha2 v0.10.9
GUT GDScript suite under Godot 4.3 headless (blocking)	Build gdextension cdylib (debug — path expected by .gdextension)	2026-09-07T12:05:20.1822754Z ^[[1m^[[92m   Compiling^[[0m async-trait v0.1.92
GUT GDScript suite under Godot 4.3 headless (blocking)	Build gdextension cdylib (debug — path expected by .gdextension)	2026-09-07T12:05:20.4543218Z ^[[1m^[[92m   Compiling^[[0m hex v0.4.3
GUT GDScript suite under Godot 4.3 headless (blocking)	Build gdextension cdylib (debug — path expected by .gdextension)	2026-09-07T12:05:20.7350065Z ^[[1m^[[92m   Compiling^[[0m visionclaw-xr-presence v0.2.1 (/home/runner/work/VisionClaw/VisionClaw/crates/visionclaw-xr-presence)
GUT GDScript suite under Godot 4.3 headless (blocking)	Build gdextension cdylib (debug — path expected by .gdextension)	2026-09-07T12:05:33.5522646Z ^[[1m^[[92m   Compiling^[[0m godot v0.2.4
GUT GDScript suite under Godot 4.3 headless (blocking)	Build gdextension cdylib (debug — path expected by .gdextension)	2026-09-07T12:05:41.9780712Z ^[[1m^[[92m   Compiling^[[0m visionclaw-xr-gdext v0.2.1 (/home/runner/work/VisionClaw/VisionClaw/xr-client/rust)
GUT GDScript suite under Godot 4.3 headless (blocking)	Build gdextension cdylib (debug — path expected by .gdextension)	2026-09-07T12:05:45.4769909Z ^[[1m^[[92m    Finished^[[0m `dev` profile [unoptimized + debuginfo] target(s) in 57.88s
GUT GDScript suite under Godot 4.3 headless (blocking)	Install Godot 4.3-stable headless	﻿2026-09-07T12:05:45.5325083Z ##[group]Run curl -fsSL -o /tmp/godot.zip \
GUT GDScript suite under Godot 4.3 headless (blocking)	Install Godot 4.3-stable headless	2026-09-07T12:05:45.5325470Z ^[[36;1mcurl -fsSL -o /tmp/godot.zip \^[[0m
GUT GDScript suite under Godot 4.3 headless (blocking)	Install Godot 4.3-stable headless	2026-09-07T12:05:45.5326054Z ^[[36;1m  "https://github.com/godotengine/godot/releases/download/${GODOT_VERSION}/Godot_v${GODOT_VERSION}_linux.x86_64.zip"^[[0m
GUT GDScript suite under Godot 4.3 headless (blocking)	Install Godot 4.3-stable headless	2026-09-07T12:05:45.5326893Z ^[[36;1munzip -q /tmp/godot.zip -d /tmp/godot^[[0m
GUT GDScript suite under Godot 4.3 headless (blocking)	Install Godot 4.3-stable headless	2026-09-07T12:05:45.5327317Z ^[[36;1msudo mv /tmp/godot/Godot_v${GODOT_VERSION}_linux.x86_64 /usr/local/bin/godot^[[0m
GUT GDScript suite under Godot 4.3 headless (blocking)	Install Godot 4.3-stable headless	2026-09-07T12:05:45.5327720Z ^[[36;1mgodot --version^[[0m
GUT GDScript suite under Godot 4.3 headless (blocking)	Install Godot 4.3-stable headless	2026-09-07T12:05:45.5363148Z shell: /usr/bin/bash -e {0}
GUT GDScript suite under Godot 4.3 headless (blocking)	Install Godot 4.3-stable headless	2026-09-07T12:05:45.5363399Z env:
GUT GDScript suite under Godot 4.3 headless (blocking)	Install Godot 4.3-stable headless	2026-09-07T12:05:45.5363592Z   CARGO_TERM_COLOR: always
GUT GDScript suite under Godot 4.3 headless (blocking)	Install Godot 4.3-stable headless	2026-09-07T12:05:45.5363829Z   RUST_BACKTRACE: 1
GUT GDScript suite under Godot 4.3 headless (blocking)	Install Godot 4.3-stable headless	2026-09-07T12:05:45.5364037Z   GODOT_VERSION: 4.3-stable
GUT GDScript suite under Godot 4.3 headless (blocking)	Install Godot 4.3-stable headless	2026-09-07T12:05:45.5364261Z   GUT_VERSION: 9.3.1
GUT GDScript suite under Godot 4.3 headless (blocking)	Install Godot 4.3-stable headless	2026-09-07T12:05:45.5364479Z   CARGO_HOME: /home/runner/.cargo
GUT GDScript suite under Godot 4.3 headless (blocking)	Install Godot 4.3-stable headless	2026-09-07T12:05:45.5364723Z   CARGO_INCREMENTAL: 0
GUT GDScript suite under Godot 4.3 headless (blocking)	Install Godot 4.3-stable headless	2026-09-07T12:05:45.5364928Z ##[endgroup]
GUT GDScript suite under Godot 4.3 headless (blocking)	Install Godot 4.3-stable headless	2026-09-07T12:05:46.6483822Z 4.3.stable.official.77dcf97d8
GUT GDScript suite under Godot 4.3 headless (blocking)	Vendor GUT 9.3.1 (not committed upstream)	﻿2026-09-07T12:05:46.6545613Z ##[group]Run # NB: GUT tags are v-prefixed except 9.3.1, which is tagged bare.
GUT GDScript suite under Godot 4.3 headless (blocking)	Vendor GUT 9.3.1 (not committed upstream)	2026-09-07T12:05:46.6546200Z ^[[36;1m# NB: GUT tags are v-prefixed except 9.3.1, which is tagged bare.^[[0m
GUT GDScript suite under Godot 4.3 headless (blocking)	Vendor GUT 9.3.1 (not committed upstream)	2026-09-07T12:05:46.6546761Z ^[[36;1mgit clone --depth 1 --branch "${GUT_VERSION}" https://github.com/bitwes/Gut /tmp/gut^[[0m
GUT GDScript suite under Godot 4.3 headless (blocking)	Vendor GUT 9.3.1 (not committed upstream)	2026-09-07T12:05:46.6547303Z ^[[36;1mrm -rf addons/gut && cp -r /tmp/gut/addons/gut addons/gut^[[0m
GUT GDScript suite under Godot 4.3 headless (blocking)	Vendor GUT 9.3.1 (not committed upstream)	2026-09-07T12:05:46.6582638Z shell: /usr/bin/bash -e {0}
GUT GDScript suite under Godot 4.3 headless (blocking)	Vendor GUT 9.3.1 (not committed upstream)	2026-09-07T12:05:46.6582891Z env:
GUT GDScript suite under Godot 4.3 headless (blocking)	Vendor GUT 9.3.1 (not committed upstream)	2026-09-07T12:05:46.6583087Z   CARGO_TERM_COLOR: always
GUT GDScript suite under Godot 4.3 headless (blocking)	Vendor GUT 9.3.1 (not committed upstream)	2026-09-07T12:05:46.6583327Z   RUST_BACKTRACE: 1
GUT GDScript suite under Godot 4.3 headless (blocking)	Vendor GUT 9.3.1 (not committed upstream)	2026-09-07T12:05:46.6583541Z   GODOT_VERSION: 4.3-stable
GUT GDScript suite under Godot 4.3 headless (blocking)	Vendor GUT 9.3.1 (not committed upstream)	2026-09-07T12:05:46.6583770Z   GUT_VERSION: 9.3.1
GUT GDScript suite under Godot 4.3 headless (blocking)	Vendor GUT 9.3.1 (not committed upstream)	2026-09-07T12:05:46.6583988Z   CARGO_HOME: /home/runner/.cargo
GUT GDScript suite under Godot 4.3 headless (blocking)	Vendor GUT 9.3.1 (not committed upstream)	2026-09-07T12:05:46.6584229Z   CARGO_INCREMENTAL: 0
GUT GDScript suite under Godot 4.3 headless (blocking)	Vendor GUT 9.3.1 (not committed upstream)	2026-09-07T12:05:46.6584440Z ##[endgroup]
GUT GDScript suite under Godot 4.3 headless (blocking)	Vendor GUT 9.3.1 (not committed upstream)	2026-09-07T12:05:46.6647288Z Cloning into '/tmp/gut'...
GUT GDScript suite under Godot 4.3 headless (blocking)	Vendor GUT 9.3.1 (not committed upstream)	2026-09-07T12:05:47.0449013Z Note: switching to '52e6d7a1fae2ce92ba78de3126df2b868d56bfbd'.
GUT GDScript suite under Godot 4.3 headless (blocking)	Vendor GUT 9.3.1 (not committed upstream)	2026-09-07T12:05:47.0449552Z 
GUT GDScript suite under Godot 4.3 headless (blocking)	Vendor GUT 9.3.1 (not committed upstream)	2026-09-07T12:05:47.0449791Z You are in 'detached HEAD' state. You can look around, make experimental
GUT GDScript suite under Godot 4.3 headless (blocking)	Vendor GUT 9.3.1 (not committed upstream)	2026-09-07T12:05:47.0450280Z changes and commit them, and you can discard any commits you make in this
GUT GDScript suite under Godot 4.3 headless (blocking)	Vendor GUT 9.3.1 (not committed upstream)	2026-09-07T12:05:47.0450766Z state without impacting any branches by switching back to a branch.
GUT GDScript suite under Godot 4.3 headless (blocking)	Vendor GUT 9.3.1 (not committed upstream)	2026-09-07T12:05:47.0451043Z 
GUT GDScript suite under Godot 4.3 headless (blocking)	Vendor GUT 9.3.1 (not committed upstream)	2026-09-07T12:05:47.0451434Z If you want to create a new branch to retain commits you create, you may
GUT GDScript suite under Godot 4.3 headless (blocking)	Vendor GUT 9.3.1 (not committed upstream)	2026-09-07T12:05:47.0451911Z do so (now or later) by using -c with the switch command. Example:
GUT GDScript suite under Godot 4.3 headless (blocking)	Vendor GUT 9.3.1 (not committed upstream)	2026-09-07T12:05:47.0452165Z 
GUT GDScript suite under Godot 4.3 headless (blocking)	Vendor GUT 9.3.1 (not committed upstream)	2026-09-07T12:05:47.0452272Z   git switch -c <new-branch-name>
GUT GDScript suite under Godot 4.3 headless (blocking)	Vendor GUT 9.3.1 (not committed upstream)	2026-09-07T12:05:47.0452435Z 
GUT GDScript suite under Godot 4.3 headless (blocking)	Vendor GUT 9.3.1 (not committed upstream)	2026-09-07T12:05:47.0452534Z Or undo this operation with:
GUT GDScript suite under Godot 4.3 headless (blocking)	Vendor GUT 9.3.1 (not committed upstream)	2026-09-07T12:05:47.0452692Z 
GUT GDScript suite under Godot 4.3 headless (blocking)	Vendor GUT 9.3.1 (not committed upstream)	2026-09-07T12:05:47.0452779Z   git switch -
GUT GDScript suite under Godot 4.3 headless (blocking)	Vendor GUT 9.3.1 (not committed upstream)	2026-09-07T12:05:47.0452894Z 
GUT GDScript suite under Godot 4.3 headless (blocking)	Vendor GUT 9.3.1 (not committed upstream)	2026-09-07T12:05:47.0453103Z Turn off this advice by setting config variable advice.detachedHead to false
GUT GDScript suite under Godot 4.3 headless (blocking)	Vendor GUT 9.3.1 (not committed upstream)	2026-09-07T12:05:47.0453410Z 
GUT GDScript suite under Godot 4.3 headless (blocking)	Run GUT unit suite (canonical close-out invocation)	﻿2026-09-07T12:05:47.1156898Z ##[group]Run mkdir -p tests/report
GUT GDScript suite under Godot 4.3 headless (blocking)	Run GUT unit suite (canonical close-out invocation)	2026-09-07T12:05:47.1157279Z ^[[36;1mmkdir -p tests/report^[[0m
GUT GDScript suite under Godot 4.3 headless (blocking)	Run GUT unit suite (canonical close-out invocation)	2026-09-07T12:05:47.1157737Z ^[[36;1mgodot --headless --path . -s addons/gut/gut_cmdln.gd -gconfig=res://.gutconfig.json^[[0m
GUT GDScript suite under Godot 4.3 headless (blocking)	Run GUT unit suite (canonical close-out invocation)	2026-09-07T12:05:47.1193640Z shell: /usr/bin/bash -e {0}
GUT GDScript suite under Godot 4.3 headless (blocking)	Run GUT unit suite (canonical close-out invocation)	2026-09-07T12:05:47.1193907Z env:
GUT GDScript suite under Godot 4.3 headless (blocking)	Run GUT unit suite (canonical close-out invocation)	2026-09-07T12:05:47.1194101Z   CARGO_TERM_COLOR: always
GUT GDScript suite under Godot 4.3 headless (blocking)	Run GUT unit suite (canonical close-out invocation)	2026-09-07T12:05:47.1194338Z   RUST_BACKTRACE: 1
GUT GDScript suite under Godot 4.3 headless (blocking)	Run GUT unit suite (canonical close-out invocation)	2026-09-07T12:05:47.1194548Z   GODOT_VERSION: 4.3-stable
GUT GDScript suite under Godot 4.3 headless (blocking)	Run GUT unit suite (canonical close-out invocation)	2026-09-07T12:05:47.1194770Z   GUT_VERSION: 9.3.1
GUT GDScript suite under Godot 4.3 headless (blocking)	Run GUT unit suite (canonical close-out invocation)	2026-09-07T12:05:47.1194989Z   CARGO_HOME: /home/runner/.cargo
GUT GDScript suite under Godot 4.3 headless (blocking)	Run GUT unit suite (canonical close-out invocation)	2026-09-07T12:05:47.1195233Z   CARGO_INCREMENTAL: 0
GUT GDScript suite under Godot 4.3 headless (blocking)	Run GUT unit suite (canonical close-out invocation)	2026-09-07T12:05:47.1195447Z ##[endgroup]
GUT GDScript suite under Godot 4.3 headless (blocking)	Run GUT unit suite (canonical close-out invocation)	2026-09-07T12:05:47.1417425Z Godot Engine v4.3.stable.official.77dcf97d8 - https://godotengine.org
GUT GDScript suite under Godot 4.3 headless (blocking)	Run GUT unit suite (canonical close-out invocation)	2026-09-07T12:05:47.1430455Z TextServer: Added interface "Dummy"
GUT GDScript suite under Godot 4.3 headless (blocking)	Run GUT unit suite (canonical close-out invocation)	2026-09-07T12:05:47.1521448Z Error [GENERAL | xrEnumerateInstanceExtensionProperties | OpenXR-Loader] : RuntimeManifestFile::FindManifestFiles - failed to determine active runtime file path for this environment
GUT GDScript suite under Godot 4.3 headless (blocking)	Run GUT unit suite (canonical close-out invocation)	2026-09-07T12:05:47.1522897Z Error [GENERAL | xrEnumerateInstanceExtensionProperties | OpenXR-Loader] : RuntimeInterface::LoadRuntimes - unknown error
GUT GDScript suite under Godot 4.3 headless (blocking)	Run GUT unit suite (canonical close-out invocation)	2026-09-07T12:05:47.1523952Z Error [GENERAL | xrEnumerateInstanceExtensionProperties | OpenXR-Loader] : RuntimeInterface::LoadRuntimes - failed to load a runtime
GUT GDScript suite under Godot 4.3 headless (blocking)	Run GUT unit suite (canonical close-out invocation)	2026-09-07T12:05:47.1525339Z Error [GENERAL | xrEnumerateInstanceExtensionProperties | OpenXR-Loader] : Failed to find default runtime with RuntimeInterface::LoadRuntime()
GUT GDScript suite under Godot 4.3 headless (blocking)	Run GUT unit suite (canonical close-out invocation)	2026-09-07T12:05:47.1526356Z Error [GENERAL | xrEnumerateInstanceExtensionProperties | OpenXR-Loader] : Failed querying extension properties
GUT GDScript suite under Godot 4.3 headless (blocking)	Run GUT unit suite (canonical close-out invocation)	2026-09-07T12:05:47.1527064Z ERROR: OpenXR: Failed to enumerate number of extension properties
GUT GDScript suite under Godot 4.3 headless (blocking)	Run GUT unit suite (canonical close-out invocation)	2026-09-07T12:05:47.1527552Z    at: load_supported_extensions (modules/openxr/openxr_api.cpp:357)
GUT GDScript suite under Godot 4.3 headless (blocking)	Run GUT unit suite (canonical close-out invocation)	2026-09-07T12:05:47.1527990Z WARNING: OpenXR was requested but failed to start.
GUT GDScript suite under Godot 4.3 headless (blocking)	Run GUT unit suite (canonical close-out invocation)	2026-09-07T12:05:47.1528341Z Please check if your HMD is connected.
GUT GDScript suite under Godot 4.3 headless (blocking)	Run GUT unit suite (canonical close-out invocation)	2026-09-07T12:05:47.1528648Z Godot will start in normal mode.
GUT GDScript suite under Godot 4.3 headless (blocking)	Run GUT unit suite (canonical close-out invocation)	2026-09-07T12:05:47.1528831Z 
GUT GDScript suite under Godot 4.3 headless (blocking)	Run GUT unit suite (canonical close-out invocation)	2026-09-07T12:05:47.1529037Z      at: initialize_openxr_module (modules/openxr/register_types.cpp:151)
GUT GDScript suite under Godot 4.3 headless (blocking)	Run GUT unit suite (canonical close-out invocation)	2026-09-07T12:05:47.1529544Z TextServer: Added interface "ICU / HarfBuzz / Graphite (Built-in)"
GUT GDScript suite under Godot 4.3 headless (blocking)	Run GUT unit suite (canonical close-out invocation)	2026-09-07T12:05:47.1591573Z JoypadLinux: udev enabled and loaded successfully.
GUT GDScript suite under Godot 4.3 headless (blocking)	Run GUT unit suite (canonical close-out invocation)	2026-09-07T12:05:47.1592715Z Requested V-Sync mode: Disabled
GUT GDScript suite under Godot 4.3 headless (blocking)	Run GUT unit suite (canonical close-out invocation)	2026-09-07T12:05:47.1604325Z Using "default" pen tablet driver...
GUT GDScript suite under Godot 4.3 headless (blocking)	Run GUT unit suite (canonical close-out invocation)	2026-09-07T12:05:47.1604774Z 
GUT GDScript suite under Godot 4.3 headless (blocking)	Run GUT unit suite (canonical close-out invocation)	2026-09-07T12:05:47.1606961Z TextServer: Primary interface set to: "ICU / HarfBuzz / Graphite (Built-in)".
GUT GDScript suite under Godot 4.3 headless (blocking)	Run GUT unit suite (canonical close-out invocation)	2026-09-07T12:05:47.2379233Z CORE API HASH: 966092234
GUT GDScript suite under Godot 4.3 headless (blocking)	Run GUT unit suite (canonical close-out invocation)	2026-09-07T12:05:47.2385513Z EDITOR API HASH: 444927587
GUT GDScript suite under Godot 4.3 headless (blocking)	Run GUT unit suite (canonical close-out invocation)	2026-09-07T12:05:47.2565951Z ERROR: Cannot open file 'res://.godot/imported/AnonymousPro-Regular.ttf-856c843fd6f89964d2ca8d8ff1724f13.fontdata'.
GUT GDScript suite under Godot 4.3 headless (blocking)	Run GUT unit suite (canonical close-out invocation)	2026-09-07T12:05:47.2567283Z    at: load (core/io/resource_format_binary.cpp:1214)
GUT GDScript suite under Godot 4.3 headless (blocking)	Run GUT unit suite (canonical close-out invocation)	2026-09-07T12:05:47.2569006Z ERROR: Failed loading resource: res://.godot/imported/AnonymousPro-Regular.ttf-856c843fd6f89964d2ca8d8ff1724f13.fontdata. Make sure resources have been imported by opening the project in the editor at least once.
GUT GDScript suite under Godot 4.3 headless (blocking)	Run GUT unit suite (canonical close-out invocation)	2026-09-07T12:05:47.2570228Z    at: _load (core/io/resource_loader.cpp:283)
GUT GDScript suite under Godot 4.3 headless (blocking)	Run GUT unit suite (canonical close-out invocation)	2026-09-07T12:05:47.2571554Z ERROR: Failed loading resource: res://addons/gut/fonts/AnonymousPro-Regular.ttf. Make sure resources have been imported by opening the project in the editor at least once.
GUT GDScript suite under Godot 4.3 headless (blocking)	Run GUT unit suite (canonical close-out invocation)	2026-09-07T12:05:47.2572535Z    at: _load (core/io/resource_loader.cpp:283)
GUT GDScript suite under Godot 4.3 headless (blocking)	Run GUT unit suite (canonical close-out invocation)	2026-09-07T12:05:47.2573450Z ERROR: res://addons/gut/gui/GutSceneTheme.tres:6 - Parse Error: [ext_resource] referenced non-existent resource at: res://addons/gut/fonts/AnonymousPro-Regular.ttf
GUT GDScript suite under Godot 4.3 headless (blocking)	Run GUT unit suite (canonical close-out invocation)	2026-09-07T12:05:47.2574460Z    at: _parse_ext_resource (scene/resources/resource_format_text.cpp:159)
GUT GDScript suite under Godot 4.3 headless (blocking)	Run GUT unit suite (canonical close-out invocation)	2026-09-07T12:05:47.2575457Z ERROR: res://addons/gut/gui/GutSceneTheme.tres:6 - Parse Error: [ext_resource] referenced non-existent resource at: res://addons/gut/fonts/AnonymousPro-Regular.ttf
GUT GDScript suite under Godot 4.3 headless (blocking)	Run GUT unit suite (canonical close-out invocation)	2026-09-07T12:05:47.2576749Z    at: load (scene/resources/resource_format_text.cpp:717)
GUT GDScript suite under Godot 4.3 headless (blocking)	Run GUT unit suite (canonical close-out invocation)	2026-09-07T12:05:47.2577575Z ERROR: Failed loading resource: res://addons/gut/gui/GutSceneTheme.tres. Make sure resources have been imported by opening the project in the editor at least once.
GUT GDScript suite under Godot 4.3 headless (blocking)	Run GUT unit suite (canonical close-out invocation)	2026-09-07T12:05:47.2578371Z    at: _load (core/io/resource_loader.cpp:283)
GUT GDScript suite under Godot 4.3 headless (blocking)	Run GUT unit suite (canonical close-out invocation)	2026-09-07T12:05:47.2603954Z ERROR: Cannot open file 'res://.godot/imported/CourierPrime-Regular.ttf-3babe7e4a7a588dfc9a84c14b4f1fe23.fontdata'.
GUT GDScript suite under Godot 4.3 headless (blocking)	Run GUT unit suite (canonical close-out invocation)	2026-09-07T12:05:47.2605144Z    at: load (core/io/resource_format_binary.cpp:1214)
GUT GDScript suite under Godot 4.3 headless (blocking)	Run GUT unit suite (canonical close-out invocation)	2026-09-07T12:05:47.2606324Z ERROR: Failed loading resource: res://.godot/imported/CourierPrime-Regular.ttf-3babe7e4a7a588dfc9a84c14b4f1fe23.fontdata. Make sure resources have been imported by opening the project in the editor at least once.
GUT GDScript suite under Godot 4.3 headless (blocking)	Run GUT unit suite (canonical close-out invocation)	2026-09-07T12:05:47.2607289Z    at: _load (core/io/resource_loader.cpp:283)
GUT GDScript suite under Godot 4.3 headless (blocking)	Run GUT unit suite (canonical close-out invocation)	2026-09-07T12:05:47.2608064Z ERROR: Failed loading resource: res://addons/gut/fonts/CourierPrime-Regular.ttf. Make sure resources have been imported by opening the project in the editor at least once.
GUT GDScript suite under Godot 4.3 headless (blocking)	Run GUT unit suite (canonical close-out invocation)	2026-09-07T12:05:47.2608872Z    at: _load (core/io/resource_loader.cpp:283)
GUT GDScript suite under Godot 4.3 headless (blocking)	Run GUT unit suite (canonical close-out invocation)	2026-09-07T12:05:47.2627316Z ERROR: res://addons/gut/gui/NormalGui.tscn:12 - Parse Error: [ext_resource] referenced non-existent resource at: res://addons/gut/gui/GutSceneTheme.tres
GUT GDScript suite under Godot 4.3 headless (blocking)	Run GUT unit suite (canonical close-out invocation)	2026-09-07T12:05:47.2628643Z    at: _parse_ext_resource (scene/resources/resource_format_text.cpp:159)
GUT GDScript suite under Godot 4.3 headless (blocking)	Run GUT unit suite (canonical close-out invocation)	2026-09-07T12:05:47.2631013Z ERROR: res://addons/gut/gui/NormalGui.tscn:140 - Parse Error: [ext_resource] referenced non-existent resource at: res://addons/gut/fonts/CourierPrime-Regular.ttf
GUT GDScript suite under Godot 4.3 headless (blocking)	Run GUT unit suite (canonical close-out invocation)	2026-09-07T12:05:47.2632647Z    at: _parse_ext_resource (scene/resources/resource_format_text.cpp:159)
GUT GDScript suite under Godot 4.3 headless (blocking)	Run GUT unit suite (canonical close-out invocation)	2026-09-07T12:05:47.2633649Z ERROR: res://addons/gut/gui/NormalGui.tscn:156 - Parse Error: [ext_resource] referenced non-existent resource at: res://addons/gut/fonts/CourierPrime-Regular.ttf
GUT GDScript suite under Godot 4.3 headless (blocking)	Run GUT unit suite (canonical close-out invocation)	2026-09-07T12:05:47.2634605Z    at: _parse_ext_resource (scene/resources/resource_format_text.cpp:159)
GUT GDScript suite under Godot 4.3 headless (blocking)	Run GUT unit suite (canonical close-out invocation)	2026-09-07T12:05:47.2636179Z ERROR: Cannot open file 'res://.godot/imported/AnonymousPro-Regular.ttf-856c843fd6f89964d2ca8d8ff1724f13.fontdata'.
GUT GDScript suite under Godot 4.3 headless (blocking)	Run GUT unit suite (canonical close-out invocation)	2026-09-07T12:05:47.2637183Z    at: load (core/io/resource_format_binary.cpp:1214)
GUT GDScript suite under Godot 4.3 headless (blocking)	Run GUT unit suite (canonical close-out invocation)	2026-09-07T12:05:47.2638724Z ERROR: Failed loading resource: res://.godot/imported/AnonymousPro-Regular.ttf-856c843fd6f89964d2ca8d8ff1724f13.fontdata. Make sure resources have been imported by opening the project in the editor at least once.
GUT GDScript suite under Godot 4.3 headless (blocking)	Run GUT unit suite (canonical close-out invocation)	2026-09-07T12:05:47.2640115Z    at: _load (core/io/resource_loader.cpp:283)
GUT GDScript suite under Godot 4.3 headless (blocking)	Run GUT unit suite (canonical close-out invocation)	2026-09-07T12:05:47.2641431Z ERROR: Failed loading resource: res://addons/gut/fonts/AnonymousPro-Regular.ttf. Make sure resources have been imported by opening the project in the editor at least once.
GUT GDScript suite under Godot 4.3 headless (blocking)	Run GUT unit suite (canonical close-out invocation)	2026-09-07T12:05:47.2642562Z    at: _load (core/io/resource_loader.cpp:283)
GUT GDScript suite under Godot 4.3 headless (blocking)	Run GUT unit suite (canonical close-out invocation)	2026-09-07T12:05:47.2643312Z ERROR: res://addons/gut/gui/GutSceneTheme.tres:6 - Parse Error: [ext_resource] referenced non-existent resource at: res://addons/gut/fonts/AnonymousPro-Regular.ttf
GUT GDScript suite under Godot 4.3 headless (blocking)	Run GUT unit suite (canonical close-out invocation)	2026-09-07T12:05:47.2644441Z    at: _parse_ext_resource (scene/resources/resource_format_text.cpp:159)
GUT GDScript suite under Godot 4.3 headless (blocking)	Run GUT unit suite (canonical close-out invocation)	2026-09-07T12:05:47.2645697Z ERROR: res://addons/gut/gui/GutSceneTheme.tres:6 - Parse Error: [ext_resource] referenced non-existent resource at: res://addons/gut/fonts/AnonymousPro-Regular.ttf
GUT GDScript suite under Godot 4.3 headless (blocking)	Run GUT unit suite (canonical close-out invocation)	2026-09-07T12:05:47.2646487Z    at: load (scene/resources/resource_format_text.cpp:717)
GUT GDScript suite under Godot 4.3 headless (blocking)	Run GUT unit suite (canonical close-out invocation)	2026-09-07T12:05:47.2647225Z ERROR: Failed loading resource: res://addons/gut/gui/GutSceneTheme.tres. Make sure resources have been imported by opening the project in the editor at least once.
GUT GDScript suite under Godot 4.3 headless (blocking)	Run GUT unit suite (canonical close-out invocation)	2026-09-07T12:05:47.2647915Z    at: _load (core/io/resource_loader.cpp:283)
GUT GDScript suite under Godot 4.3 headless (blocking)	Run GUT unit suite (canonical close-out invocation)	2026-09-07T12:05:47.2648483Z ERROR: Cannot open file 'res://.godot/imported/CourierPrime-Regular.ttf-3babe7e4a7a588dfc9a84c14b4f1fe23.fontdata'.
GUT GDScript suite under Godot 4.3 headless (blocking)	Run GUT unit suite (canonical close-out invocation)	2026-09-07T12:05:47.2649064Z    at: load (core/io/resource_format_binary.cpp:1214)
GUT GDScript suite under Godot 4.3 headless (blocking)	Run GUT unit suite (canonical close-out invocation)	2026-09-07T12:05:47.2649984Z ERROR: Failed loading resource: res://.godot/imported/CourierPrime-Regular.ttf-3babe7e4a7a588dfc9a84c14b4f1fe23.fontdata. Make sure resources have been imported by opening the project in the editor at least once.
GUT GDScript suite under Godot 4.3 headless (blocking)	Run GUT unit suite (canonical close-out invocation)	2026-09-07T12:05:47.2651080Z    at: _load (core/io/resource_loader.cpp:283)
GUT GDScript suite under Godot 4.3 headless (blocking)	Run GUT unit suite (canonical close-out invocation)	2026-09-07T12:05:47.2652091Z ERROR: Failed loading resource: res://addons/gut/fonts/CourierPrime-Regular.ttf. Make sure resources have been imported by opening the project in the editor at least once.
GUT GDScript suite under Godot 4.3 headless (blocking)	Run GUT unit suite (canonical close-out invocation)	2026-09-07T12:05:47.2652831Z    at: _load (core/io/resource_loader.cpp:283)
GUT GDScript suite under Godot 4.3 headless (blocking)	Run GUT unit suite (canonical close-out invocation)	2026-09-07T12:05:47.2653468Z ERROR: res://addons/gut/gui/MinGui.tscn:13 - Parse Error: [ext_resource] referenced non-existent resource at: res://addons/gut/gui/GutSceneTheme.tres
GUT GDScript suite under Godot 4.3 headless (blocking)	Run GUT unit suite (canonical close-out invocation)	2026-09-07T12:05:47.2654180Z    at: _parse_ext_resource (scene/resources/resource_format_text.cpp:159)
GUT GDScript suite under Godot 4.3 headless (blocking)	Run GUT unit suite (canonical close-out invocation)	2026-09-07T12:05:47.2654925Z ERROR: res://addons/gut/gui/MinGui.tscn:106 - Parse Error: [ext_resource] referenced non-existent resource at: res://addons/gut/fonts/CourierPrime-Regular.ttf
GUT GDScript suite under Godot 4.3 headless (blocking)	Run GUT unit suite (canonical close-out invocation)	2026-09-07T12:05:47.2655667Z    at: _parse_ext_resource (scene/resources/resource_format_text.cpp:159)
GUT GDScript suite under Godot 4.3 headless (blocking)	Run GUT unit suite (canonical close-out invocation)	2026-09-07T12:05:47.2656417Z ERROR: res://addons/gut/gui/MinGui.tscn:123 - Parse Error: [ext_resource] referenced non-existent resource at: res://addons/gut/fonts/CourierPrime-Regular.ttf
GUT GDScript suite under Godot 4.3 headless (blocking)	Run GUT unit suite (canonical close-out invocation)	2026-09-07T12:05:47.2657161Z    at: _parse_ext_resource (scene/resources/resource_format_text.cpp:159)
GUT GDScript suite under Godot 4.3 headless (blocking)	Run GUT unit suite (canonical close-out invocation)	2026-09-07T12:05:47.2685525Z SCRIPT ERROR: Parse Error: Identifier "GutUtils" not declared in the current scope.
GUT GDScript suite under Godot 4.3 headless (blocking)	Run GUT unit suite (canonical close-out invocation)	2026-09-07T12:05:47.2686655Z           at: GDScript::reload (res://addons/gut/version_numbers.gd:52)
GUT GDScript suite under Godot 4.3 headless (blocking)	Run GUT unit suite (canonical close-out invocation)	2026-09-07T12:05:47.2687724Z ERROR: Failed to load script "res://addons/gut/version_numbers.gd" with error "Parse error".
GUT GDScript suite under Godot 4.3 headless (blocking)	Run GUT unit suite (canonical close-out invocation)	2026-09-07T12:05:47.2688663Z    at: load (modules/gdscript/gdscript.cpp:2936)
GUT GDScript suite under Godot 4.3 headless (blocking)	Run GUT unit suite (canonical close-out invocation)	2026-09-07T12:05:47.2689183Z SCRIPT ERROR: Invalid call. Nonexistent function 'new' in base 'GDScript'.
GUT GDScript suite under Godot 4.3 headless (blocking)	Run GUT unit suite (canonical close-out invocation)	2026-09-07T12:05:47.2689719Z           at: @static_initializer (res://addons/gut/utils.gd:159)
GUT GDScript suite under Godot 4.3 headless (blocking)	Run GUT unit suite (canonical close-out invocation)	2026-09-07T12:05:47.2794904Z SCRIPT ERROR: Parse Error: Identifier "GutUtils" not declared in the current scope.
GUT GDScript suite under Godot 4.3 headless (blocking)	Run GUT unit suite (canonical close-out invocation)	2026-09-07T12:05:47.2795946Z           at: GDScript::reload (res://addons/gut/comparator.gd:1)
GUT GDScript suite under Godot 4.3 headless (blocking)	Run GUT unit suite (canonical close-out invocation)	2026-09-07T12:05:47.2796768Z SCRIPT ERROR: Parse Error: Identifier "GutUtils" not declared in the current scope.
GUT GDScript suite under Godot 4.3 headless (blocking)	Run GUT unit suite (canonical close-out invocation)	2026-09-07T12:05:47.2797660Z           at: GDScript::reload (res://addons/gut/comparator.gd:103)
GUT GDScript suite under Godot 4.3 headless (blocking)	Run GUT unit suite (canonical close-out invocation)	2026-09-07T12:05:47.2798282Z SCRIPT ERROR: Parse Error: Identifier "GutUtils" not declared in the current scope.
GUT GDScript suite under Godot 4.3 headless (blocking)	Run GUT unit suite (canonical close-out invocation)	2026-09-07T12:05:47.2798760Z           at: GDScript::reload (res://addons/gut/comparator.gd:24)
GUT GDScript suite under Godot 4.3 headless (blocking)	Run GUT unit suite (canonical close-out invocation)	2026-09-07T12:05:47.2799216Z SCRIPT ERROR: Parse Error: Identifier "GutUtils" not declared in the current scope.
GUT GDScript suite under Godot 4.3 headless (blocking)	Run GUT unit suite (canonical close-out invocation)	2026-09-07T12:05:47.2799679Z           at: GDScript::reload (res://addons/gut/comparator.gd:27)
GUT GDScript suite under Godot 4.3 headless (blocking)	Run GUT unit suite (canonical close-out invocation)	2026-09-07T12:05:47.2800130Z SCRIPT ERROR: Parse Error: Identifier "GutUtils" not declared in the current scope.
GUT GDScript suite under Godot 4.3 headless (blocking)	Run GUT unit suite (canonical close-out invocation)	2026-09-07T12:05:47.2800721Z           at: GDScript::reload (res://addons/gut/comparator.gd:41)
GUT GDScript suite under Godot 4.3 headless (blocking)	Run GUT unit suite (canonical close-out invocation)	2026-09-07T12:05:47.2801480Z SCRIPT ERROR: Parse Error: Identifier "GutUtils" not declared in the current scope.
GUT GDScript suite under Godot 4.3 headless (blocking)	Run GUT unit suite (canonical close-out invocation)	2026-09-07T12:05:47.2802020Z           at: GDScript::reload (res://addons/gut/comparator.gd:53)
GUT GDScript suite under Godot 4.3 headless (blocking)	Run GUT unit suite (canonical close-out invocation)	2026-09-07T12:05:47.2802477Z SCRIPT ERROR: Parse Error: Identifier "GutUtils" not declared in the current scope.
GUT GDScript suite under Godot 4.3 headless (blocking)	Run GUT unit suite (canonical close-out invocation)	2026-09-07T12:05:47.2802939Z           at: GDScript::reload (res://addons/gut/comparator.gd:57)
GUT GDScript suite under Godot 4.3 headless (blocking)	Run GUT unit suite (canonical close-out invocation)	2026-09-07T12:05:47.2803386Z SCRIPT ERROR: Parse Error: Identifier "GutUtils" not declared in the current scope.
GUT GDScript suite under Godot 4.3 headless (blocking)	Run GUT unit suite (canonical close-out invocation)	2026-09-07T12:05:47.2803838Z           at: GDScript::reload (res://addons/gut/comparator.gd:57)
GUT GDScript suite under Godot 4.3 headless (blocking)	Run GUT unit suite (canonical close-out invocation)	2026-09-07T12:05:47.2804278Z SCRIPT ERROR: Parse Error: Identifier "GutUtils" not declared in the current scope.
GUT GDScript suite under Godot 4.3 headless (blocking)	Run GUT unit suite (canonical close-out invocation)	2026-09-07T12:05:47.2804729Z           at: GDScript::reload (res://addons/gut/comparator.gd:74)
GUT GDScript suite under Godot 4.3 headless (blocking)	Run GUT unit suite (canonical close-out invocation)	2026-09-07T12:05:47.2805170Z SCRIPT ERROR: Parse Error: Identifier "GutUtils" not declared in the current scope.
GUT GDScript suite under Godot 4.3 headless (blocking)	Run GUT unit suite (canonical close-out invocation)	2026-09-07T12:05:47.2805632Z           at: GDScript::reload (res://addons/gut/comparator.gd:76)
GUT GDScript suite under Godot 4.3 headless (blocking)	Run GUT unit suite (canonical close-out invocation)	2026-09-07T12:05:47.2806078Z SCRIPT ERROR: Parse Error: Identifier "GutUtils" not declared in the current scope.
GUT GDScript suite under Godot 4.3 headless (blocking)	Run GUT unit suite (canonical close-out invocation)	2026-09-07T12:05:47.2806725Z           at: GDScript::reload (res://addons/gut/comparator.gd:76)
GUT GDScript suite under Godot 4.3 headless (blocking)	Run GUT unit suite (canonical close-out invocation)	2026-09-07T12:05:47.2807170Z SCRIPT ERROR: Parse Error: Identifier "GutUtils" not declared in the current scope.
GUT GDScript suite under Godot 4.3 headless (blocking)	Run GUT unit suite (canonical close-out invocation)	2026-09-07T12:05:47.2807619Z           at: GDScript::reload (res://addons/gut/comparator.gd:88)
GUT GDScript suite under Godot 4.3 headless (blocking)	Run GUT unit suite (canonical close-out invocation)	2026-09-07T12:05:47.2808063Z SCRIPT ERROR: Parse Error: Identifier "GutUtils" not declared in the current scope.
GUT GDScript suite under Godot 4.3 headless (blocking)	Run GUT unit suite (canonical close-out invocation)	2026-09-07T12:05:47.2808510Z           at: GDScript::reload (res://addons/gut/comparator.gd:90)
GUT GDScript suite under Godot 4.3 headless (blocking)	Run GUT unit suite (canonical close-out invocation)	2026-09-07T12:05:47.2808952Z SCRIPT ERROR: Parse Error: Identifier "GutUtils" not declared in the current scope.
GUT GDScript suite under Godot 4.3 headless (blocking)	Run GUT unit suite (canonical close-out invocation)	2026-09-07T12:05:47.2809398Z           at: GDScript::reload (res://addons/gut/comparator.gd:90)
GUT GDScript suite under Godot 4.3 headless (blocking)	Run GUT unit suite (canonical close-out invocation)	2026-09-07T12:05:47.2809845Z SCRIPT ERROR: Parse Error: Identifier "GutUtils" not declared in the current scope.
GUT GDScript suite under Godot 4.3 headless (blocking)	Run GUT unit suite (canonical close-out invocation)	2026-09-07T12:05:47.2810304Z           at: GDScript::reload (res://addons/gut/comparator.gd:105)
GUT GDScript suite under Godot 4.3 headless (blocking)	Run GUT unit suite (canonical close-out invocation)	2026-09-07T12:05:47.2810751Z SCRIPT ERROR: Parse Error: Identifier "GutUtils" not declared in the current scope.
GUT GDScript suite under Godot 4.3 headless (blocking)	Run GUT unit suite (canonical close-out invocation)	2026-09-07T12:05:47.2811342Z           at: GDScript::reload (res://addons/gut/comparator.gd:107)
GUT GDScript suite under Godot 4.3 headless (blocking)	Run GUT unit suite (canonical close-out invocation)	2026-09-07T12:05:47.2811813Z ERROR: Failed to load script "res://addons/gut/comparator.gd" with error "Parse error".
GUT GDScript suite under Godot 4.3 headless (blocking)	Run GUT unit suite (canonical close-out invocation)	2026-09-07T12:05:47.2812534Z    at: load (modules/gdscript/gdscript.cpp:2936)
GUT GDScript suite under Godot 4.3 headless (blocking)	Run GUT unit suite (canonical close-out invocation)	2026-09-07T12:05:47.2832853Z SCRIPT ERROR: Parse Error: Identifier "GutUtils" not declared in the current scope.
GUT GDScript suite under Godot 4.3 headless (blocking)	Run GUT unit suite (canonical close-out invocation)	2026-09-07T12:05:47.2833688Z           at: GDScript::reload (res://addons/gut/collected_test.gd:85)
GUT GDScript suite under Godot 4.3 headless (blocking)	Run GUT unit suite (canonical close-out invocation)	2026-09-07T12:05:47.2834462Z SCRIPT ERROR: Parse Error: Identifier "GutUtils" not declared in the current scope.
GUT GDScript suite under Godot 4.3 headless (blocking)	Run GUT unit suite (canonical close-out invocation)	2026-09-07T12:05:47.2834944Z           at: GDScript::reload (res://addons/gut/collected_test.gd:88)
GUT GDScript suite under Godot 4.3 headless (blocking)	Run GUT unit suite (canonical close-out invocation)	2026-09-07T12:05:47.2835405Z SCRIPT ERROR: Parse Error: Identifier "GutUtils" not declared in the current scope.
GUT GDScript suite under Godot 4.3 headless (blocking)	Run GUT unit suite (canonical close-out invocation)	2026-09-07T12:05:47.2835883Z           at: GDScript::reload (res://addons/gut/collected_test.gd:90)
GUT GDScript suite under Godot 4.3 headless (blocking)	Run GUT unit suite (canonical close-out invocation)	2026-09-07T12:05:47.2836342Z SCRIPT ERROR: Parse Error: Identifier "GutUtils" not declared in the current scope.
GUT GDScript suite under Godot 4.3 headless (blocking)	Run GUT unit suite (canonical close-out invocation)	2026-09-07T12:05:47.2836819Z           at: GDScript::reload (res://addons/gut/collected_test.gd:92)
GUT GDScript suite under Godot 4.3 headless (blocking)	Run GUT unit suite (canonical close-out invocation)	2026-09-07T12:05:47.2837272Z SCRIPT ERROR: Parse Error: Identifier "GutUtils" not declared in the current scope.
GUT GDScript suite under Godot 4.3 headless (blocking)	Run GUT unit suite (canonical close-out invocation)	2026-09-07T12:05:47.2837740Z           at: GDScript::reload (res://addons/gut/collected_test.gd:94)
GUT GDScript suite under Godot 4.3 headless (blocking)	Run GUT unit suite (canonical close-out invocation)	2026-09-07T12:05:47.2838199Z SCRIPT ERROR: Parse Error: Identifier "GutUtils" not declared in the current scope.
GUT GDScript suite under Godot 4.3 headless (blocking)	Run GUT unit suite (canonical close-out invocation)	2026-09-07T12:05:47.2838668Z           at: GDScript::reload (res://addons/gut/collected_test.gd:96)
GUT GDScript suite under Godot 4.3 headless (blocking)	Run GUT unit suite (canonical close-out invocation)	2026-09-07T12:05:47.2839153Z ERROR: Failed to load script "res://addons/gut/collected_test.gd" with error "Parse error".
GUT GDScript suite under Godot 4.3 headless (blocking)	Run GUT unit suite (canonical close-out invocation)	2026-09-07T12:05:47.2839611Z    at: load (modules/gdscript/gdscript.cpp:2936)
GUT GDScript suite under Godot 4.3 headless (blocking)	Run GUT unit suite (canonical close-out invocation)	2026-09-07T12:05:47.2878079Z SCRIPT ERROR: Parse Error: Identifier "GutUtils" not declared in the current scope.
GUT GDScript suite under Godot 4.3 headless (blocking)	Run GUT unit suite (canonical close-out invocation)	2026-09-07T12:05:47.2879109Z           at: GDScript::reload (res://addons/gut/collected_script.gd:9)
GUT GDScript suite under Godot 4.3 headless (blocking)	Run GUT unit suite (canonical close-out invocation)	2026-09-07T12:05:47.2879930Z SCRIPT ERROR: Parse Error: Identifier "GutUtils" not declared in the current scope.
GUT GDScript suite under Godot 4.3 headless (blocking)	Run GUT unit suite (canonical close-out invocation)	2026-09-07T12:05:47.2880541Z           at: GDScript::reload (res://addons/gut/collected_script.gd:125)
GUT GDScript suite under Godot 4.3 headless (blocking)	Run GUT unit suite (canonical close-out invocation)	2026-09-07T12:05:47.2881171Z ERROR: Failed to load script "res://addons/gut/collected_script.gd" with error "Parse error".
GUT GDScript suite under Godot 4.3 headless (blocking)	Run GUT unit suite (canonical close-out invocation)	2026-09-07T12:05:47.2882147Z    at: load (modules/gdscript/gdscript.cpp:2936)
GUT GDScript suite under Godot 4.3 headless (blocking)	Run GUT unit suite (canonical close-out invocation)	2026-09-07T12:05:47.2939131Z SCRIPT ERROR: Parse Error: Identifier "GutUtils" not declared in the current scope.
GUT GDScript suite under Godot 4.3 headless (blocking)	Run GUT unit suite (canonical close-out invocation)	2026-09-07T12:05:47.2940170Z           at: GDScript::reload (res://addons/gut/diff_formatter.gd:1)
GUT GDScript suite under Godot 4.3 headless (blocking)	Run GUT unit suite (canonical close-out invocation)	2026-09-07T12:05:47.2940799Z ERROR: Failed to load script "res://addons/gut/diff_formatter.gd" with error "Parse error".
GUT GDScript suite under Godot 4.3 headless (blocking)	Run GUT unit suite (canonical close-out invocation)	2026-09-07T12:05:47.2941673Z    at: load (modules/gdscript/gdscript.cpp:2936)
GUT GDScript suite under Godot 4.3 headless (blocking)	Run GUT unit suite (canonical close-out invocation)	2026-09-07T12:05:47.2985983Z SCRIPT ERROR: Parse Error: Identifier "GutUtils" not declared in the current scope.
GUT GDScript suite under Godot 4.3 headless (blocking)	Run GUT unit suite (canonical close-out invocation)	2026-09-07T12:05:47.2986977Z           at: GDScript::reload (res://addons/gut/diff_tool.gd:8)
GUT GDScript suite under Godot 4.3 headless (blocking)	Run GUT unit suite (canonical close-out invocation)	2026-09-07T12:05:47.2988127Z SCRIPT ERROR: Parse Error: Identifier "GutUtils" not declared in the current scope.
GUT GDScript suite under Godot 4.3 headless (blocking)	Run GUT unit suite (canonical close-out invocation)	2026-09-07T12:05:47.2988706Z           at: GDScript::reload (res://addons/gut/diff_tool.gd:9)
GUT GDScript suite under Godot 4.3 headless (blocking)	Run GUT unit suite (canonical close-out invocation)	2026-09-07T12:05:47.2989250Z SCRIPT ERROR: Parse Error: Identifier "GutUtils" not declared in the current scope.
GUT GDScript suite under Godot 4.3 headless (blocking)	Run GUT unit suite (canonical close-out invocation)	2026-09-07T12:05:47.2989818Z           at: GDScript::reload (res://addons/gut/diff_tool.gd:71)
GUT GDScript suite under Godot 4.3 headless (blocking)	Run GUT unit suite (canonical close-out invocation)	2026-09-07T12:05:47.2990368Z SCRIPT ERROR: Parse Error: Identifier "GutUtils" not declared in the current scope.
GUT GDScript suite under Godot 4.3 headless (blocking)	Run GUT unit suite (canonical close-out invocation)	2026-09-07T12:05:47.2990968Z           at: GDScript::reload (res://addons/gut/diff_tool.gd:82)
GUT GDScript suite under Godot 4.3 headless (blocking)	Run GUT unit suite (canonical close-out invocation)	2026-09-07T12:05:47.2991826Z SCRIPT ERROR: Parse Error: Identifier "GutUtils" not declared in the current scope.
GUT GDScript suite under Godot 4.3 headless (blocking)	Run GUT unit suite (canonical close-out invocation)	2026-09-07T12:05:47.2992387Z           at: GDScript::reload (res://addons/gut/diff_tool.gd:85)
GUT GDScript suite under Godot 4.3 headless (blocking)	Run GUT unit suite (canonical close-out invocation)	2026-09-07T12:05:47.2992948Z ERROR: Failed to load script "res://addons/gut/diff_tool.gd" with error "Parse error".
GUT GDScript suite under Godot 4.3 headless (blocking)	Run GUT unit suite (canonical close-out invocation)	2026-09-07T12:05:47.2993487Z    at: load (modules/gdscript/gdscript.cpp:2936)
GUT GDScript suite under Godot 4.3 headless (blocking)	Run GUT unit suite (canonical close-out invocation)	2026-09-07T12:05:47.3086254Z SCRIPT ERROR: Parse Error: Identifier "GutUtils" not declared in the current scope.
GUT GDScript suite under Godot 4.3 headless (blocking)	Run GUT unit suite (canonical close-out invocation)	2026-09-07T12:05:47.3087369Z           at: GDScript::reload (res://addons/gut/doubler.gd:43)
GUT GDScript suite under Godot 4.3 headless (blocking)	Run GUT unit suite (canonical close-out invocation)	2026-09-07T12:05:47.3088398Z SCRIPT ERROR: Parse Error: Identifier "GutUtils" not declared in the current scope.
GUT GDScript suite under Godot 4.3 headless (blocking)	Run GUT unit suite (canonical close-out invocation)	2026-09-07T12:05:47.3089716Z           at: GDScript::reload (res://addons/gut/doubler.gd:44)
GUT GDScript suite under Godot 4.3 headless (blocking)	Run GUT unit suite (canonical close-out invocation)	2026-09-07T12:05:47.3090714Z SCRIPT ERROR: Parse Error: Identifier "GutUtils" not declared in the current scope.
GUT GDScript suite under Godot 4.3 headless (blocking)	Run GUT unit suite (canonical close-out invocation)	2026-09-07T12:05:47.3091791Z           at: GDScript::reload (res://addons/gut/doubler.gd:47)
GUT GDScript suite under Godot 4.3 headless (blocking)	Run GUT unit suite (canonical close-out invocation)	2026-09-07T12:05:47.3092463Z SCRIPT ERROR: Parse Error: Identifier "GutUtils" not declared in the current scope.
GUT GDScript suite under Godot 4.3 headless (blocking)	Run GUT unit suite (canonical close-out invocation)	2026-09-07T12:05:47.3093138Z           at: GDScript::reload (res://addons/gut/doubler.gd:52)
GUT GDScript suite under Godot 4.3 headless (blocking)	Run GUT unit suite (canonical close-out invocation)	2026-09-07T12:05:47.3093795Z SCRIPT ERROR: Parse Error: Identifier "GutUtils" not declared in the current scope.
GUT GDScript suite under Godot 4.3 headless (blocking)	Run GUT unit suite (canonical close-out invocation)	2026-09-07T12:05:47.3094469Z           at: GDScript::reload (res://addons/gut/doubler.gd:58)
GUT GDScript suite under Godot 4.3 headless (blocking)	Run GUT unit suite (canonical close-out invocation)	2026-09-07T12:05:47.3095128Z SCRIPT ERROR: Parse Error: Identifier "GutUtils" not declared in the current scope.
GUT GDScript suite under Godot 4.3 headless (blocking)	Run GUT unit suite (canonical close-out invocation)	2026-09-07T12:05:47.3095795Z           at: GDScript::reload (res://addons/gut/doubler.gd:87)
GUT GDScript suite under Godot 4.3 headless (blocking)	Run GUT unit suite (canonical close-out invocation)	2026-09-07T12:05:47.3096459Z SCRIPT ERROR: Parse Error: Identifier "GutUtils" not declared in the current scope.
GUT GDScript suite under Godot 4.3 headless (blocking)	Run GUT unit suite (canonical close-out invocation)	2026-09-07T12:05:47.3097100Z           at: GDScript::reload (res://addons/gut/doubler.gd:91)
GUT GDScript suite under Godot 4.3 headless (blocking)	Run GUT unit suite (canonical close-out invocation)	2026-09-07T12:05:47.3097630Z SCRIPT ERROR: Parse Error: Identifier "GutUtils" not declared in the current scope.
GUT GDScript suite under Godot 4.3 headless (blocking)	Run GUT unit suite (canonical close-out invocation)	2026-09-07T12:05:47.3098171Z           at: GDScript::reload (res://addons/gut/doubler.gd:98)
GUT GDScript suite under Godot 4.3 headless (blocking)	Run GUT unit suite (canonical close-out invocation)	2026-09-07T12:05:47.3098704Z SCRIPT ERROR: Parse Error: Identifier "GutUtils" not declared in the current scope.
GUT GDScript suite under Godot 4.3 headless (blocking)	Run GUT unit suite (canonical close-out invocation)	2026-09-07T12:05:47.3099251Z           at: GDScript::reload (res://addons/gut/doubler.gd:81)
GUT GDScript suite under Godot 4.3 headless (blocking)	Run GUT unit suite (canonical close-out invocation)	2026-09-07T12:05:47.3099777Z SCRIPT ERROR: Parse Error: Identifier "GutUtils" not declared in the current scope.
GUT GDScript suite under Godot 4.3 headless (blocking)	Run GUT unit suite (canonical close-out invocation)	2026-09-07T12:05:47.3100315Z           at: GDScript::reload (res://addons/gut/doubler.gd:99)
GUT GDScript suite under Godot 4.3 headless (blocking)	Run GUT unit suite (canonical close-out invocation)	2026-09-07T12:05:47.3100846Z SCRIPT ERROR: Parse Error: Identifier "GutUtils" not declared in the current scope.
GUT GDScript suite under Godot 4.3 headless (blocking)	Run GUT unit suite (canonical close-out invocation)	2026-09-07T12:05:47.3101519Z           at: GDScript::reload (res://addons/gut/doubler.gd:114)
GUT GDScript suite under Godot 4.3 headless (blocking)	Run GUT unit suite (canonical close-out invocation)	2026-09-07T12:05:47.3102055Z SCRIPT ERROR: Parse Error: Identifier "GutUtils" not declared in the current scope.
GUT GDScript suite under Godot 4.3 headless (blocking)	Run GUT unit suite (canonical close-out invocation)	2026-09-07T12:05:47.3102603Z           at: GDScript::reload (res://addons/gut/doubler.gd:146)
GUT GDScript suite under Godot 4.3 headless (blocking)	Run GUT unit suite (canonical close-out invocation)	2026-09-07T12:05:47.3103388Z SCRIPT ERROR: Parse Error: Identifier "GutUtils" not declared in the current scope.
GUT GDScript suite under Godot 4.3 headless (blocking)	Run GUT unit suite (canonical close-out invocation)	2026-09-07T12:05:47.3103949Z           at: GDScript::reload (res://addons/gut/doubler.gd:173)
GUT GDScript suite under Godot 4.3 headless (blocking)	Run GUT unit suite (canonical close-out invocation)	2026-09-07T12:05:47.3104489Z SCRIPT ERROR: Parse Error: Identifier "GutUtils" not declared in the current scope.
GUT GDScript suite under Godot 4.3 headless (blocking)	Run GUT unit suite (canonical close-out invocation)	2026-09-07T12:05:47.3105044Z           at: GDScript::reload (res://addons/gut/doubler.gd:195)
GUT GDScript suite under Godot 4.3 headless (blocking)	Run GUT unit suite (canonical close-out invocation)	2026-09-07T12:05:47.3105589Z SCRIPT ERROR: Parse Error: Identifier "GutUtils" not declared in the current scope.
GUT GDScript suite under Godot 4.3 headless (blocking)	Run GUT unit suite (canonical close-out invocation)	2026-09-07T12:05:47.3106133Z           at: GDScript::reload (res://addons/gut/doubler.gd:210)
GUT GDScript suite under Godot 4.3 headless (blocking)	Run GUT unit suite (canonical close-out invocation)	2026-09-07T12:05:47.3106818Z SCRIPT ERROR: Parse Error: Identifier "GutUtils" not declared in the current scope.
GUT GDScript suite under Godot 4.3 headless (blocking)	Run GUT unit suite (canonical close-out invocation)	2026-09-07T12:05:47.3107372Z           at: GDScript::reload (res://addons/gut/doubler.gd:230)
GUT GDScript suite under Godot 4.3 headless (blocking)	Run GUT unit suite (canonical close-out invocation)	2026-09-07T12:05:47.3107863Z SCRIPT ERROR: Parse Error: Identifier "GutUtils" not declared in the current scope.
GUT GDScript suite under Godot 4.3 headless (blocking)	Run GUT unit suite (canonical close-out invocation)	2026-09-07T12:05:47.3108308Z           at: GDScript::reload (res://addons/gut/doubler.gd:262)
GUT GDScript suite under Godot 4.3 headless (blocking)	Run GUT unit suite (canonical close-out invocation)	2026-09-07T12:05:47.3108740Z SCRIPT ERROR: Parse Error: Identifier "GutUtils" not declared in the current scope.
GUT GDScript suite under Godot 4.3 headless (blocking)	Run GUT unit suite (canonical close-out invocation)	2026-09-07T12:05:47.3109179Z           at: GDScript::reload (res://addons/gut/doubler.gd:307)
GUT GDScript suite under Godot 4.3 headless (blocking)	Run GUT unit suite (canonical close-out invocation)	2026-09-07T12:05:47.3109614Z SCRIPT ERROR: Parse Error: Identifier "GutUtils" not declared in the current scope.
GUT GDScript suite under Godot 4.3 headless (blocking)	Run GUT unit suite (canonical close-out invocation)	2026-09-07T12:05:47.3110053Z           at: GDScript::reload (res://addons/gut/doubler.gd:310)
GUT GDScript suite under Godot 4.3 headless (blocking)	Run GUT unit suite (canonical close-out invocation)	2026-09-07T12:05:47.3110492Z ERROR: Failed to load script "res://addons/gut/doubler.gd" with error "Parse error".
GUT GDScript suite under Godot 4.3 headless (blocking)	Run GUT unit suite (canonical close-out invocation)	2026-09-07T12:05:47.3110924Z    at: load (modules/gdscript/gdscript.cpp:2936)
GUT GDScript suite under Godot 4.3 headless (blocking)	Run GUT unit suite (canonical close-out invocation)	2026-09-07T12:05:47.3265348Z SCRIPT ERROR: Parse Error: Identifier "GutUtils" not declared in the current scope.
GUT GDScript suite under Godot 4.3 headless (blocking)	Run GUT unit suite (canonical close-out invocation)	2026-09-07T12:05:47.3266256Z           at: GDScript::reload (res://addons/gut/gut.gd:84)
GUT GDScript suite under Godot 4.3 headless (blocking)	Run GUT unit suite (canonical close-out invocation)	2026-09-07T12:05:47.3267052Z SCRIPT ERROR: Parse Error: Identifier "GutUtils" not declared in the current scope.
GUT GDScript suite under Godot 4.3 headless (blocking)	Run GUT unit suite (canonical close-out invocation)	2026-09-07T12:05:47.3268119Z           at: GDScript::reload (res://addons/gut/gut.gd:154)
GUT GDScript suite under Godot 4.3 headless (blocking)	Run GUT unit suite (canonical close-out invocation)	2026-09-07T12:05:47.3268951Z SCRIPT ERROR: Parse Error: Identifier "GutUtils" not declared in the current scope.
GUT GDScript suite under Godot 4.3 headless (blocking)	Run GUT unit suite (canonical close-out invocation)	2026-09-07T12:05:47.3269768Z           at: GDScript::reload (res://addons/gut/gut.gd:179)
GUT GDScript suite under Godot 4.3 headless (blocking)	Run GUT unit suite (canonical close-out invocation)	2026-09-07T12:05:47.3270571Z SCRIPT ERROR: Parse Error: Identifier "GutUtils" not declared in the current scope.
GUT GDScript suite under Godot 4.3 headless (blocking)	Run GUT unit suite (canonical close-out invocation)	2026-09-07T12:05:47.3271631Z           at: GDScript::reload (res://addons/gut/gut.gd:187)
GUT GDScript suite under Godot 4.3 headless (blocking)	Run GUT unit suite (canonical close-out invocation)	2026-09-07T12:05:47.3272429Z SCRIPT ERROR: Parse Error: Identifier "GutUtils" not declared in the current scope.
GUT GDScript suite under Godot 4.3 headless (blocking)	Run GUT unit suite (canonical close-out invocation)	2026-09-07T12:05:47.3273218Z           at: GDScript::reload (res://addons/gut/gut.gd:191)
GUT GDScript suite under Godot 4.3 headless (blocking)	Run GUT unit suite (canonical close-out invocation)	2026-09-07T12:05:47.3273988Z SCRIPT ERROR: Parse Error: Identifier "GutUtils" not declared in the current scope.
GUT GDScript suite under Godot 4.3 headless (blocking)	Run GUT unit suite (canonical close-out invocation)	2026-09-07T12:05:47.3274761Z           at: GDScript::reload (res://addons/gut/gut.gd:195)
GUT GDScript suite under Godot 4.3 headless (blocking)	Run GUT unit suite (canonical close-out invocation)	2026-09-07T12:05:47.3275515Z SCRIPT ERROR: Parse Error: Identifier "GutUtils" not declared in the current scope.
GUT GDScript suite under Godot 4.3 headless (blocking)	Run GUT unit suite (canonical close-out invocation)	2026-09-07T12:05:47.3289035Z           at: GDScript::reload (res://addons/gut/gut.gd:199)
GUT GDScript suite under Godot 4.3 headless (blocking)	Run GUT unit suite (canonical close-out invocation)	2026-09-07T12:05:47.3289918Z SCRIPT ERROR: Parse Error: Identifier "GutUtils" not declared in the current scope.
GUT GDScript suite under Godot 4.3 headless (blocking)	Run GUT unit suite (canonical close-out invocation)	2026-09-07T12:05:47.3290776Z           at: GDScript::reload (res://addons/gut/gut.gd:203)
GUT GDScript suite under Godot 4.3 headless (blocking)	Run GUT unit suite (canonical close-out invocation)	2026-09-07T12:05:47.3292004Z SCRIPT ERROR: Parse Error: Identifier "GutUtils" not declared in the current scope.
GUT GDScript suite under Godot 4.3 headless (blocking)	Run GUT unit suite (canonical close-out invocation)	2026-09-07T12:05:47.3292850Z           at: GDScript::reload (res://addons/gut/gut.gd:223)
GUT GDScript suite under Godot 4.3 headless (blocking)	Run GUT unit suite (canonical close-out invocation)	2026-09-07T12:05:47.3293666Z SCRIPT ERROR: Parse Error: Could not resolve class "res://addons/gut/gut_to_move.gd".
GUT GDScript suite under Godot 4.3 headless (blocking)	Run GUT unit suite (canonical close-out invocation)	2026-09-07T12:05:47.3294777Z           at: GDScript::reload (res://addons/gut/gut.gd:2)
GUT GDScript suite under Godot 4.3 headless (blocking)	Run GUT unit suite (canonical close-out invocation)	2026-09-07T12:05:47.3295575Z SCRIPT ERROR: Parse Error: Identifier "GutUtils" not declared in the current scope.
GUT GDScript suite under Godot 4.3 headless (blocking)	Run GUT unit suite (canonical close-out invocation)	2026-09-07T12:05:47.3296396Z           at: GDScript::reload (res://addons/gut/gut.gd:89)
GUT GDScript suite under Godot 4.3 headless (blocking)	Run GUT unit suite (canonical close-out invocation)	2026-09-07T12:05:47.3297173Z SCRIPT ERROR: Parse Error: Identifier "GutUtils" not declared in the current scope.
GUT GDScript suite under Godot 4.3 headless (blocking)	Run GUT unit suite (canonical close-out invocation)	2026-09-07T12:05:47.3298006Z           at: GDScript::reload (res://addons/gut/gut.gd:185)
GUT GDScript suite under Godot 4.3 headless (blocking)	Run GUT unit suite (canonical close-out invocation)	2026-09-07T12:05:47.3298786Z SCRIPT ERROR: Parse Error: Identifier "GutUtils" not declared in the current scope.
GUT GDScript suite under Godot 4.3 headless (blocking)	Run GUT unit suite (canonical close-out invocation)	2026-09-07T12:05:47.3299588Z           at: GDScript::reload (res://addons/gut/gut.gd:311)
GUT GDScript suite under Godot 4.3 headless (blocking)	Run GUT unit suite (canonical close-out invocation)	2026-09-07T12:05:47.3300423Z SCRIPT ERROR: Parse Error: Identifier "GutUtils" not declared in the current scope.
GUT GDScript suite under Godot 4.3 headless (blocking)	Run GUT unit suite (canonical close-out invocation)	2026-09-07T12:05:47.3301469Z           at: GDScript::reload (res://addons/gut/gut.gd:385)
GUT GDScript suite under Godot 4.3 headless (blocking)	Run GUT unit suite (canonical close-out invocation)	2026-09-07T12:05:47.3302274Z SCRIPT ERROR: Parse Error: Could not find type "GutHookScript" in the current scope.
GUT GDScript suite under Godot 4.3 headless (blocking)	Run GUT unit suite (canonical close-out invocation)	2026-09-07T12:05:47.3303125Z           at: GDScript::reload (res://addons/gut/gut.gd:401)
GUT GDScript suite under Godot 4.3 headless (blocking)	Run GUT unit suite (canonical close-out invocation)	2026-09-07T12:05:47.3304274Z SCRIPT ERROR: Parse Error: Identifier "GutUtils" not declared in the current scope.
GUT GDScript suite under Godot 4.3 headless (blocking)	Run GUT unit suite (canonical close-out invocation)	2026-09-07T12:05:47.3305371Z           at: GDScript::reload (res://addons/gut/gut.gd:466)
GUT GDScript suite under Godot 4.3 headless (blocking)	Run GUT unit suite (canonical close-out invocation)	2026-09-07T12:05:47.3306204Z SCRIPT ERROR: Parse Error: Identifier "GutUtils" not declared in the current scope.
GUT GDScript suite under Godot 4.3 headless (blocking)	Run GUT unit suite (canonical close-out invocation)	2026-09-07T12:05:47.3307070Z           at: GDScript::reload (res://addons/gut/gut.gd:617)
GUT GDScript suite under Godot 4.3 headless (blocking)	Run GUT unit suite (canonical close-out invocation)	2026-09-07T12:05:47.3307901Z SCRIPT ERROR: Parse Error: Identifier "GutUtils" not declared in the current scope.
GUT GDScript suite under Godot 4.3 headless (blocking)	Run GUT unit suite (canonical close-out invocation)	2026-09-07T12:05:47.3308740Z           at: GDScript::reload (res://addons/gut/gut.gd:642)
GUT GDScript suite under Godot 4.3 headless (blocking)	Run GUT unit suite (canonical close-out invocation)	2026-09-07T12:05:47.3309540Z SCRIPT ERROR: Parse Error: Identifier "GutUtils" not declared in the current scope.
GUT GDScript suite under Godot 4.3 headless (blocking)	Run GUT unit suite (canonical close-out invocation)	2026-09-07T12:05:47.3310365Z           at: GDScript::reload (res://addons/gut/gut.gd:967)
GUT GDScript suite under Godot 4.3 headless (blocking)	Run GUT unit suite (canonical close-out invocation)	2026-09-07T12:05:47.3311184Z SCRIPT ERROR: Parse Error: Identifier "GutUtils" not declared in the current scope.
GUT GDScript suite under Godot 4.3 headless (blocking)	Run GUT unit suite (canonical close-out invocation)	2026-09-07T12:05:47.3312292Z           at: GDScript::reload (res://addons/gut/gut.gd:1164)
GUT GDScript suite under Godot 4.3 headless (blocking)	Run GUT unit suite (canonical close-out invocation)	2026-09-07T12:05:47.3313100Z ERROR: Failed to load script "res://addons/gut/gut.gd" with error "Parse error".
GUT GDScript suite under Godot 4.3 headless (blocking)	Run GUT unit suite (canonical close-out invocation)	2026-09-07T12:05:47.3313895Z    at: load (modules/gdscript/gdscript.cpp:2936)
GUT GDScript suite under Godot 4.3 headless (blocking)	Run GUT unit suite (canonical close-out invocation)	2026-09-07T12:05:47.3316388Z SCRIPT ERROR: Parse Error: Identifier "GutUtils" not declared in the current scope.
GUT GDScript suite under Godot 4.3 headless (blocking)	Run GUT unit suite (canonical close-out invocation)	2026-09-07T12:05:47.3317581Z           at: GDScript::reload (res://addons/gut/gut_config.gd:125)
GUT GDScript suite under Godot 4.3 headless (blocking)	Run GUT unit suite (canonical close-out invocation)	2026-09-07T12:05:47.3318457Z SCRIPT ERROR: Parse Error: Identifier "GutUtils" not declared in the current scope.
GUT GDScript suite under Godot 4.3 headless (blocking)	Run GUT unit suite (canonical close-out invocation)	2026-09-07T12:05:47.3319333Z           at: GDScript::reload (res://addons/gut/gut_config.gd:126)
GUT GDScript suite under Godot 4.3 headless (blocking)	Run GUT unit suite (canonical close-out invocation)	2026-09-07T12:05:47.3320176Z SCRIPT ERROR: Parse Error: Identifier "GutUtils" not declared in the current scope.
GUT GDScript suite under Godot 4.3 headless (blocking)	Run GUT unit suite (canonical close-out invocation)	2026-09-07T12:05:47.3321034Z           at: GDScript::reload (res://addons/gut/gut_config.gd:124)
GUT GDScript suite under Godot 4.3 headless (blocking)	Run GUT unit suite (canonical close-out invocation)	2026-09-07T12:05:47.3322204Z ERROR: Failed to load script "res://addons/gut/gut_config.gd" with error "Parse error".
GUT GDScript suite under Godot 4.3 headless (blocking)	Run GUT unit suite (canonical close-out invocation)	2026-09-07T12:05:47.3323021Z    at: load (modules/gdscript/gdscript.cpp:2936)
GUT GDScript suite under Godot 4.3 headless (blocking)	Run GUT unit suite (canonical close-out invocation)	2026-09-07T12:05:47.3500983Z SCRIPT ERROR: Parse Error: Identifier "GutUtils" not declared in the current scope.
GUT GDScript suite under Godot 4.3 headless (blocking)	Run GUT unit suite (canonical close-out invocation)	2026-09-07T12:05:47.3502204Z           at: GDScript::reload (res://addons/gut/input_sender.gd:156)
GUT GDScript suite under Godot 4.3 headless (blocking)	Run GUT unit suite (canonical close-out invocation)	2026-09-07T12:05:47.3503117Z SCRIPT ERROR: Parse Error: Identifier "GutUtils" not declared in the current scope.
GUT GDScript suite under Godot 4.3 headless (blocking)	Run GUT unit suite (canonical close-out invocation)	2026-09-07T12:05:47.3504054Z           at: GDScript::reload (res://addons/gut/input_sender.gd:282)
GUT GDScript suite under Godot 4.3 headless (blocking)	Run GUT unit suite (canonical close-out invocation)	2026-09-07T12:05:47.3504929Z SCRIPT ERROR: Parse Error: Identifier "GutUtils" not declared in the current scope.
GUT GDScript suite under Godot 4.3 headless (blocking)	Run GUT unit suite (canonical close-out invocation)	2026-09-07T12:05:47.3505815Z           at: GDScript::reload (res://addons/gut/input_sender.gd:283)
GUT GDScript suite under Godot 4.3 headless (blocking)	Run GUT unit suite (canonical close-out invocation)	2026-09-07T12:05:47.3512366Z ERROR: Failed to load script "res://addons/gut/input_sender.gd" with error "Parse error".
GUT GDScript suite under Godot 4.3 headless (blocking)	Run GUT unit suite (canonical close-out invocation)	2026-09-07T12:05:47.3532109Z    at: load (modules/gdscript/gdscript.cpp:2936)
GUT GDScript suite under Godot 4.3 headless (blocking)	Run GUT unit suite (canonical close-out invocation)	2026-09-07T12:05:47.3539322Z SCRIPT ERROR: Parse Error: Identifier "GutUtils" not declared in the current scope.
GUT GDScript suite under Godot 4.3 headless (blocking)	Run GUT unit suite (canonical close-out invocation)	2026-09-07T12:05:47.3540215Z           at: GDScript::reload (res://addons/gut/junit_xml_export.gd:5)
GUT GDScript suite under Godot 4.3 headless (blocking)	Run GUT unit suite (canonical close-out invocation)	2026-09-07T12:05:47.3540973Z SCRIPT ERROR: Parse Error: Identifier "GutUtils" not declared in the current scope.
GUT GDScript suite under Godot 4.3 headless (blocking)	Run GUT unit suite (canonical close-out invocation)	2026-09-07T12:05:47.3541808Z           at: GDScript::reload (res://addons/gut/junit_xml_export.gd:106)
GUT GDScript suite under Godot 4.3 headless (blocking)	Run GUT unit suite (canonical close-out invocation)	2026-09-07T12:05:47.3542302Z SCRIPT ERROR: Parse Error: Identifier "GutUtils" not declared in the current scope.
GUT GDScript suite under Godot 4.3 headless (blocking)	Run GUT unit suite (canonical close-out invocation)	2026-09-07T12:05:47.3542800Z           at: GDScript::reload (res://addons/gut/junit_xml_export.gd:109)
GUT GDScript suite under Godot 4.3 headless (blocking)	Run GUT unit suite (canonical close-out invocation)	2026-09-07T12:05:47.3543334Z ERROR: Failed to load script "res://addons/gut/junit_xml_export.gd" with error "Parse error".
GUT GDScript suite under Godot 4.3 headless (blocking)	Run GUT unit suite (canonical close-out invocation)	2026-09-07T12:05:47.3543802Z    at: load (modules/gdscript/gdscript.cpp:2936)
GUT GDScript suite under Godot 4.3 headless (blocking)	Run GUT unit suite (canonical close-out invocation)	2026-09-07T12:05:47.3634547Z SCRIPT ERROR: Parse Error: Identifier "GutUtils" not declared in the current scope.
GUT GDScript suite under Godot 4.3 headless (blocking)	Run GUT unit suite (canonical close-out invocation)	2026-09-07T12:05:47.3635553Z           at: GDScript::reload (res://addons/gut/logger.gd:94)
GUT GDScript suite under Godot 4.3 headless (blocking)	Run GUT unit suite (canonical close-out invocation)	2026-09-07T12:05:47.3636395Z SCRIPT ERROR: Parse Error: Identifier "GutUtils" not declared in the current scope.
GUT GDScript suite under Godot 4.3 headless (blocking)	Run GUT unit suite (canonical close-out invocation)	2026-09-07T12:05:47.3637249Z           at: GDScript::reload (res://addons/gut/logger.gd:95)
GUT GDScript suite under Godot 4.3 headless (blocking)	Run GUT unit suite (canonical close-out invocation)	2026-09-07T12:05:47.3638334Z SCRIPT ERROR: Parse Error: Identifier "GutUtils" not declared in the current scope.
GUT GDScript suite under Godot 4.3 headless (blocking)	Run GUT unit suite (canonical close-out invocation)	2026-09-07T12:05:47.3639201Z           at: GDScript::reload (res://addons/gut/logger.gd:276)
GUT GDScript suite under Godot 4.3 headless (blocking)	Run GUT unit suite (canonical close-out invocation)	2026-09-07T12:05:47.3640063Z ERROR: Failed to load script "res://addons/gut/logger.gd" with error "Parse error".
GUT GDScript suite under Godot 4.3 headless (blocking)	Run GUT unit suite (canonical close-out invocation)	2026-09-07T12:05:47.3640881Z    at: load (modules/gdscript/gdscript.cpp:2936)
GUT GDScript suite under Godot 4.3 headless (blocking)	Run GUT unit suite (canonical close-out invocation)	2026-09-07T12:05:47.3685977Z SCRIPT ERROR: Parse Error: Identifier "GutUtils" not declared in the current scope.
GUT GDScript suite under Godot 4.3 headless (blocking)	Run GUT unit suite (canonical close-out invocation)	2026-09-07T12:05:47.3686794Z           at: GDScript::reload (res://addons/gut/method_maker.gd:29)
GUT GDScript suite under Godot 4.3 headless (blocking)	Run GUT unit suite (canonical close-out invocation)	2026-09-07T12:05:47.3687591Z SCRIPT ERROR: Parse Error: Identifier "GutUtils" not declared in the current scope.
GUT GDScript suite under Godot 4.3 headless (blocking)	Run GUT unit suite (canonical close-out invocation)	2026-09-07T12:05:47.3688275Z           at: GDScript::reload (res://addons/gut/method_maker.gd:109)
GUT GDScript suite under Godot 4.3 headless (blocking)	Run GUT unit suite (canonical close-out invocation)	2026-09-07T12:05:47.3688771Z SCRIPT ERROR: Parse Error: Identifier "GutUtils" not declared in the current scope.
GUT GDScript suite under Godot 4.3 headless (blocking)	Run GUT unit suite (canonical close-out invocation)	2026-09-07T12:05:47.3689257Z           at: GDScript::reload (res://addons/gut/method_maker.gd:110)
GUT GDScript suite under Godot 4.3 headless (blocking)	Run GUT unit suite (canonical close-out invocation)	2026-09-07T12:05:47.3689732Z SCRIPT ERROR: Parse Error: Identifier "GutUtils" not declared in the current scope.
GUT GDScript suite under Godot 4.3 headless (blocking)	Run GUT unit suite (canonical close-out invocation)	2026-09-07T12:05:47.3690203Z           at: GDScript::reload (res://addons/gut/method_maker.gd:130)
GUT GDScript suite under Godot 4.3 headless (blocking)	Run GUT unit suite (canonical close-out invocation)	2026-09-07T12:05:47.3690688Z ERROR: Failed to load script "res://addons/gut/method_maker.gd" with error "Parse error".
GUT GDScript suite under Godot 4.3 headless (blocking)	Run GUT unit suite (canonical close-out invocation)	2026-09-07T12:05:47.3691666Z    at: load (modules/gdscript/gdscript.cpp:2936)
GUT GDScript suite under Godot 4.3 headless (blocking)	Run GUT unit suite (canonical close-out invocation)	2026-09-07T12:05:47.3794798Z SCRIPT ERROR: Parse Error: Identifier "GutUtils" not declared in the current scope.
GUT GDScript suite under Godot 4.3 headless (blocking)	Run GUT unit suite (canonical close-out invocation)	2026-09-07T12:05:47.3795828Z           at: GDScript::reload (res://addons/gut/parameter_handler.gd:7)
GUT GDScript suite under Godot 4.3 headless (blocking)	Run GUT unit suite (canonical close-out invocation)	2026-09-07T12:05:47.3796507Z ERROR: Failed to load script "res://addons/gut/parameter_handler.gd" with error "Parse error".
GUT GDScript suite under Godot 4.3 headless (blocking)	Run GUT unit suite (canonical close-out invocation)	2026-09-07T12:05:47.3797230Z    at: load (modules/gdscript/gdscript.cpp:2936)
GUT GDScript suite under Godot 4.3 headless (blocking)	Run GUT unit suite (canonical close-out invocation)	2026-09-07T12:05:47.3873125Z SCRIPT ERROR: Parse Error: Identifier "GutUtils" not declared in the current scope.
GUT GDScript suite under Godot 4.3 headless (blocking)	Run GUT unit suite (canonical close-out invocation)	2026-09-07T12:05:47.3874354Z           at: GDScript::reload (res://addons/gut/result_exporter.gd:13)
GUT GDScript suite under Godot 4.3 headless (blocking)	Run GUT unit suite (canonical close-out invocation)	2026-09-07T12:05:47.3875466Z SCRIPT ERROR: Parse Error: Identifier "GutUtils" not declared in the current scope.
GUT GDScript suite under Godot 4.3 headless (blocking)	Run GUT unit suite (canonical close-out invocation)	2026-09-07T12:05:47.3876445Z           at: GDScript::reload (res://addons/gut/result_exporter.gd:92)
GUT GDScript suite under Godot 4.3 headless (blocking)	Run GUT unit suite (canonical close-out invocation)	2026-09-07T12:05:47.3877122Z SCRIPT ERROR: Parse Error: Identifier "GutUtils" not declared in the current scope.
GUT GDScript suite under Godot 4.3 headless (blocking)	Run GUT unit suite (canonical close-out invocation)	2026-09-07T12:05:47.3877786Z           at: GDScript::reload (res://addons/gut/result_exporter.gd:95)
GUT GDScript suite under Godot 4.3 headless (blocking)	Run GUT unit suite (canonical close-out invocation)	2026-09-07T12:05:47.3878439Z SCRIPT ERROR: Parse Error: Identifier "GutUtils" not declared in the current scope.
GUT GDScript suite under Godot 4.3 headless (blocking)	Run GUT unit suite (canonical close-out invocation)	2026-09-07T12:05:47.3879011Z           at: GDScript::reload (res://addons/gut/result_exporter.gd:105)
GUT GDScript suite under Godot 4.3 headless (blocking)	Run GUT unit suite (canonical close-out invocation)	2026-09-07T12:05:47.3879550Z SCRIPT ERROR: Parse Error: Identifier "GutUtils" not declared in the current scope.
GUT GDScript suite under Godot 4.3 headless (blocking)	Run GUT unit suite (canonical close-out invocation)	2026-09-07T12:05:47.3880088Z           at: GDScript::reload (res://addons/gut/result_exporter.gd:108)
GUT GDScript suite under Godot 4.3 headless (blocking)	Run GUT unit suite (canonical close-out invocation)	2026-09-07T12:05:47.3880667Z ERROR: Failed to load script "res://addons/gut/result_exporter.gd" with error "Parse error".
GUT GDScript suite under Godot 4.3 headless (blocking)	Run GUT unit suite (canonical close-out invocation)	2026-09-07T12:05:47.3881475Z    at: load (modules/gdscript/gdscript.cpp:2936)
GUT GDScript suite under Godot 4.3 headless (blocking)	Run GUT unit suite (canonical close-out invocation)	2026-09-07T12:05:47.3935966Z SCRIPT ERROR: Parse Error: Identifier "GutUtils" not declared in the current scope.
GUT GDScript suite under Godot 4.3 headless (blocking)	Run GUT unit suite (canonical close-out invocation)	2026-09-07T12:05:47.3937073Z           at: GDScript::reload (res://addons/gut/script_parser.gd:280)
GUT GDScript suite under Godot 4.3 headless (blocking)	Run GUT unit suite (canonical close-out invocation)	2026-09-07T12:05:47.3938090Z SCRIPT ERROR: Parse Error: Identifier "GutUtils" not declared in the current scope.
GUT GDScript suite under Godot 4.3 headless (blocking)	Run GUT unit suite (canonical close-out invocation)	2026-09-07T12:05:47.3938795Z           at: GDScript::reload (res://addons/gut/script_parser.gd:310)
GUT GDScript suite under Godot 4.3 headless (blocking)	Run GUT unit suite (canonical close-out invocation)	2026-09-07T12:05:47.3939393Z SCRIPT ERROR: Parse Error: Identifier "GutUtils" not declared in the current scope.
GUT GDScript suite under Godot 4.3 headless (blocking)	Run GUT unit suite (canonical close-out invocation)	2026-09-07T12:05:47.3940005Z           at: GDScript::reload (res://addons/gut/script_parser.gd:108)
GUT GDScript suite under Godot 4.3 headless (blocking)	Run GUT unit suite (canonical close-out invocation)	2026-09-07T12:05:47.3940605Z SCRIPT ERROR: Parse Error: Identifier "GutUtils" not declared in the current scope.
GUT GDScript suite under Godot 4.3 headless (blocking)	Run GUT unit suite (canonical close-out invocation)	2026-09-07T12:05:47.3941460Z           at: GDScript::reload (res://addons/gut/script_parser.gd:134)
GUT GDScript suite under Godot 4.3 headless (blocking)	Run GUT unit suite (canonical close-out invocation)	2026-09-07T12:05:47.3942087Z SCRIPT ERROR: Parse Error: Identifier "GutUtils" not declared in the current scope.
GUT GDScript suite under Godot 4.3 headless (blocking)	Run GUT unit suite (canonical close-out invocation)	2026-09-07T12:05:47.3942909Z           at: GDScript::reload (res://addons/gut/script_parser.gd:141)
GUT GDScript suite under Godot 4.3 headless (blocking)	Run GUT unit suite (canonical close-out invocation)	2026-09-07T12:05:47.3943527Z ERROR: Failed to load script "res://addons/gut/script_parser.gd" with error "Parse error".
GUT GDScript suite under Godot 4.3 headless (blocking)	Run GUT unit suite (canonical close-out invocation)	2026-09-07T12:05:47.3944095Z    at: load (modules/gdscript/gdscript.cpp:2936)
GUT GDScript suite under Godot 4.3 headless (blocking)	Run GUT unit suite (canonical close-out invocation)	2026-09-07T12:05:47.3985830Z SCRIPT ERROR: Parse Error: Identifier "GutUtils" not declared in the current scope.
GUT GDScript suite under Godot 4.3 headless (blocking)	Run GUT unit suite (canonical close-out invocation)	2026-09-07T12:05:47.3986872Z           at: GDScript::reload (res://addons/gut/signal_watcher.gd:55)
GUT GDScript suite under Godot 4.3 headless (blocking)	Run GUT unit suite (canonical close-out invocation)	2026-09-07T12:05:47.3987749Z SCRIPT ERROR: Parse Error: Identifier "GutUtils" not declared in the current scope.
GUT GDScript suite under Godot 4.3 headless (blocking)	Run GUT unit suite (canonical close-out invocation)	2026-09-07T12:05:47.3988362Z           at: GDScript::reload (res://addons/gut/signal_watcher.gd:133)
GUT GDScript suite under Godot 4.3 headless (blocking)	Run GUT unit suite (canonical close-out invocation)	2026-09-07T12:05:47.3988942Z SCRIPT ERROR: Parse Error: Identifier "GutUtils" not declared in the current scope.
GUT GDScript suite under Godot 4.3 headless (blocking)	Run GUT unit suite (canonical close-out invocation)	2026-09-07T12:05:47.3989441Z           at: GDScript::reload (res://addons/gut/signal_watcher.gd:172)
GUT GDScript suite under Godot 4.3 headless (blocking)	Run GUT unit suite (canonical close-out invocation)	2026-09-07T12:05:47.3989931Z SCRIPT ERROR: Parse Error: Identifier "GutUtils" not declared in the current scope.
GUT GDScript suite under Godot 4.3 headless (blocking)	Run GUT unit suite (canonical close-out invocation)	2026-09-07T12:05:47.3990437Z           at: GDScript::reload (res://addons/gut/signal_watcher.gd:210)
GUT GDScript suite under Godot 4.3 headless (blocking)	Run GUT unit suite (canonical close-out invocation)	2026-09-07T12:05:47.3990948Z ERROR: Failed to load script "res://addons/gut/signal_watcher.gd" with error "Parse error".
GUT GDScript suite under Godot 4.3 headless (blocking)	Run GUT unit suite (canonical close-out invocation)	2026-09-07T12:05:47.3991866Z    at: load (modules/gdscript/gdscript.cpp:2936)
GUT GDScript suite under Godot 4.3 headless (blocking)	Run GUT unit suite (canonical close-out invocation)	2026-09-07T12:05:47.4024629Z SCRIPT ERROR: Parse Error: Identifier "GutUtils" not declared in the current scope.
GUT GDScript suite under Godot 4.3 headless (blocking)	Run GUT unit suite (canonical close-out invocation)	2026-09-07T12:05:47.4025454Z           at: GDScript::reload (res://addons/gut/spy.gd:12)
GUT GDScript suite under Godot 4.3 headless (blocking)	Run GUT unit suite (canonical close-out invocation)	2026-09-07T12:05:47.4026075Z SCRIPT ERROR: Parse Error: Identifier "GutUtils" not declared in the current scope.
GUT GDScript suite under Godot 4.3 headless (blocking)	Run GUT unit suite (canonical close-out invocation)	2026-09-07T12:05:47.4026754Z           at: GDScript::reload (res://addons/gut/spy.gd:13)
GUT GDScript suite under Godot 4.3 headless (blocking)	Run GUT unit suite (canonical close-out invocation)	2026-09-07T12:05:47.4027598Z ERROR: Failed to load script "res://addons/gut/spy.gd" with error "Parse error".
GUT GDScript suite under Godot 4.3 headless (blocking)	Run GUT unit suite (canonical close-out invocation)	2026-09-07T12:05:47.4028379Z    at: load (modules/gdscript/gdscript.cpp:2936)
GUT GDScript suite under Godot 4.3 headless (blocking)	Run GUT unit suite (canonical close-out invocation)	2026-09-07T12:05:47.4072416Z SCRIPT ERROR: Parse Error: Identifier "GutUtils" not declared in the current scope.
GUT GDScript suite under Godot 4.3 headless (blocking)	Run GUT unit suite (canonical close-out invocation)	2026-09-07T12:05:47.4073011Z           at: GDScript::reload (res://addons/gut/strutils.gd:71)
GUT GDScript suite under Godot 4.3 headless (blocking)	Run GUT unit suite (canonical close-out invocation)	2026-09-07T12:05:47.4073506Z SCRIPT ERROR: Parse Error: Identifier "GutUtils" not declared in the current scope.
GUT GDScript suite under Godot 4.3 headless (blocking)	Run GUT unit suite (canonical close-out invocation)	2026-09-07T12:05:47.4074233Z           at: GDScript::reload (res://addons/gut/strutils.gd:75)
GUT GDScript suite under Godot 4.3 headless (blocking)	Run GUT unit suite (canonical close-out invocation)	2026-09-07T12:05:47.4074736Z SCRIPT ERROR: Parse Error: Identifier "GutUtils" not declared in the current scope.
GUT GDScript suite under Godot 4.3 headless (blocking)	Run GUT unit suite (canonical close-out invocation)	2026-09-07T12:05:47.4075212Z           at: GDScript::reload (res://addons/gut/strutils.gd:85)
GUT GDScript suite under Godot 4.3 headless (blocking)	Run GUT unit suite (canonical close-out invocation)	2026-09-07T12:05:47.4075664Z SCRIPT ERROR: Parse Error: Identifier "GutUtils" not declared in the current scope.
GUT GDScript suite under Godot 4.3 headless (blocking)	Run GUT unit suite (canonical close-out invocation)	2026-09-07T12:05:47.4076142Z           at: GDScript::reload (res://addons/gut/strutils.gd:119)
GUT GDScript suite under Godot 4.3 headless (blocking)	Run GUT unit suite (canonical close-out invocation)	2026-09-07T12:05:47.4076609Z SCRIPT ERROR: Parse Error: Identifier "GutUtils" not declared in the current scope.
GUT GDScript suite under Godot 4.3 headless (blocking)	Run GUT unit suite (canonical close-out invocation)	2026-09-07T12:05:47.4077077Z           at: GDScript::reload (res://addons/gut/strutils.gd:120)
GUT GDScript suite under Godot 4.3 headless (blocking)	Run GUT unit suite (canonical close-out invocation)	2026-09-07T12:05:47.4077527Z SCRIPT ERROR: Parse Error: Identifier "GutUtils" not declared in the current scope.
GUT GDScript suite under Godot 4.3 headless (blocking)	Run GUT unit suite (canonical close-out invocation)	2026-09-07T12:05:47.4077980Z           at: GDScript::reload (res://addons/gut/strutils.gd:121)
GUT GDScript suite under Godot 4.3 headless (blocking)	Run GUT unit suite (canonical close-out invocation)	2026-09-07T12:05:47.4078433Z ERROR: Failed to load script "res://addons/gut/strutils.gd" with error "Parse error".
GUT GDScript suite under Godot 4.3 headless (blocking)	Run GUT unit suite (canonical close-out invocation)	2026-09-07T12:05:47.4078873Z    at: load (modules/gdscript/gdscript.cpp:2936)
GUT GDScript suite under Godot 4.3 headless (blocking)	Run GUT unit suite (canonical close-out invocation)	2026-09-07T12:05:47.4122191Z SCRIPT ERROR: Parse Error: Identifier "GutUtils" not declared in the current scope.
GUT GDScript suite under Godot 4.3 headless (blocking)	Run GUT unit suite (canonical close-out invocation)	2026-09-07T12:05:47.4123086Z           at: GDScript::reload (res://addons/gut/stubber.gd:15)
GUT GDScript suite under Godot 4.3 headless (blocking)	Run GUT unit suite (canonical close-out invocation)	2026-09-07T12:05:47.4124083Z SCRIPT ERROR: Parse Error: Identifier "GutUtils" not declared in the current scope.
GUT GDScript suite under Godot 4.3 headless (blocking)	Run GUT unit suite (canonical close-out invocation)	2026-09-07T12:05:47.4124996Z           at: GDScript::reload (res://addons/gut/stubber.gd:16)
GUT GDScript suite under Godot 4.3 headless (blocking)	Run GUT unit suite (canonical close-out invocation)	2026-09-07T12:05:47.4125775Z SCRIPT ERROR: Parse Error: Identifier "GutUtils" not declared in the current scope.
GUT GDScript suite under Godot 4.3 headless (blocking)	Run GUT unit suite (canonical close-out invocation)	2026-09-07T12:05:47.4126557Z           at: GDScript::reload (res://addons/gut/stubber.gd:35)
GUT GDScript suite under Godot 4.3 headless (blocking)	Run GUT unit suite (canonical close-out invocation)	2026-09-07T12:05:47.4127318Z SCRIPT ERROR: Parse Error: Identifier "GutUtils" not declared in the current scope.
GUT GDScript suite under Godot 4.3 headless (blocking)	Run GUT unit suite (canonical close-out invocation)	2026-09-07T12:05:47.4128383Z           at: GDScript::reload (res://addons/gut/stubber.gd:48)
GUT GDScript suite under Godot 4.3 headless (blocking)	Run GUT unit suite (canonical close-out invocation)	2026-09-07T12:05:47.4129140Z SCRIPT ERROR: Parse Error: Identifier "GutUtils" not declared in the current scope.
GUT GDScript suite under Godot 4.3 headless (blocking)	Run GUT unit suite (canonical close-out invocation)	2026-09-07T12:05:47.4129927Z           at: GDScript::reload (res://addons/gut/stubber.gd:234)
GUT GDScript suite under Godot 4.3 headless (blocking)	Run GUT unit suite (canonical close-out invocation)	2026-09-07T12:05:47.4130691Z ERROR: Failed to load script "res://addons/gut/stubber.gd" with error "Parse error".
GUT GDScript suite under Godot 4.3 headless (blocking)	Run GUT unit suite (canonical close-out invocation)	2026-09-07T12:05:47.4131665Z    at: load (modules/gdscript/gdscript.cpp:2936)
GUT GDScript suite under Godot 4.3 headless (blocking)	Run GUT unit suite (canonical close-out invocation)	2026-09-07T12:05:47.4166693Z SCRIPT ERROR: Parse Error: Identifier "GutUtils" not declared in the current scope.
GUT GDScript suite under Godot 4.3 headless (blocking)	Run GUT unit suite (canonical close-out invocation)	2026-09-07T12:05:47.4167611Z           at: GDScript::reload (res://addons/gut/stub_params.gd:2)
GUT GDScript suite under Godot 4.3 headless (blocking)	Run GUT unit suite (canonical close-out invocation)	2026-09-07T12:05:47.4168435Z SCRIPT ERROR: Parse Error: Identifier "GutUtils" not declared in the current scope.
GUT GDScript suite under Godot 4.3 headless (blocking)	Run GUT unit suite (canonical close-out invocation)	2026-09-07T12:05:47.4169262Z           at: GDScript::reload (res://addons/gut/stub_params.gd:53)
GUT GDScript suite under Godot 4.3 headless (blocking)	Run GUT unit suite (canonical close-out invocation)	2026-09-07T12:05:47.4170082Z ERROR: Failed to load script "res://addons/gut/stub_params.gd" with error "Parse error".
GUT GDScript suite under Godot 4.3 headless (blocking)	Run GUT unit suite (canonical close-out invocation)	2026-09-07T12:05:47.4170877Z    at: load (modules/gdscript/gdscript.cpp:2936)
GUT GDScript suite under Godot 4.3 headless (blocking)	Run GUT unit suite (canonical close-out invocation)	2026-09-07T12:05:47.4217417Z SCRIPT ERROR: Parse Error: Identifier "GutUtils" not declared in the current scope.
GUT GDScript suite under Godot 4.3 headless (blocking)	Run GUT unit suite (canonical close-out invocation)	2026-09-07T12:05:47.4218322Z           at: GDScript::reload (res://addons/gut/summary.gd:24)
GUT GDScript suite under Godot 4.3 headless (blocking)	Run GUT unit suite (canonical close-out invocation)	2026-09-07T12:05:47.4219385Z SCRIPT ERROR: Parse Error: Identifier "GutUtils" not declared in the current scope.
GUT GDScript suite under Godot 4.3 headless (blocking)	Run GUT unit suite (canonical close-out invocation)	2026-09-07T12:05:47.4220197Z           at: GDScript::reload (res://addons/gut/summary.gd:26)
GUT GDScript suite under Godot 4.3 headless (blocking)	Run GUT unit suite (canonical close-out invocation)	2026-09-07T12:05:47.4220965Z SCRIPT ERROR: Parse Error: Identifier "GutUtils" not declared in the current scope.
GUT GDScript suite under Godot 4.3 headless (blocking)	Run GUT unit suite (canonical close-out invocation)	2026-09-07T12:05:47.4221969Z           at: GDScript::reload (res://addons/gut/summary.gd:28)
GUT GDScript suite under Godot 4.3 headless (blocking)	Run GUT unit suite (canonical close-out invocation)	2026-09-07T12:05:47.4222750Z ERROR: Failed to load script "res://addons/gut/summary.gd" with error "Parse error".
GUT GDScript suite under Godot 4.3 headless (blocking)	Run GUT unit suite (canonical close-out invocation)	2026-09-07T12:05:47.4223482Z    at: load (modules/gdscript/gdscript.cpp:2936)
GUT GDScript suite under Godot 4.3 headless (blocking)	Run GUT unit suite (canonical close-out invocation)	2026-09-07T12:05:47.4471568Z SCRIPT ERROR: Parse Error: Identifier "GutUtils" not declared in the current scope.
GUT GDScript suite under Godot 4.3 headless (blocking)	Run GUT unit suite (canonical close-out invocation)	2026-09-07T12:05:47.4472569Z           at: GDScript::reload (res://addons/gut/test.gd:5)
GUT GDScript suite under Godot 4.3 headless (blocking)	Run GUT unit suite (canonical close-out invocation)	2026-09-07T12:05:47.4473369Z SCRIPT ERROR: Parse Error: Could not find type "GutMain" in the current scope.
GUT GDScript suite under Godot 4.3 headless (blocking)	Run GUT unit suite (canonical close-out invocation)	2026-09-07T12:05:47.4474147Z           at: GDScript::reload (res://addons/gut/test.gd:10)
GUT GDScript suite under Godot 4.3 headless (blocking)	Run GUT unit suite (canonical close-out invocation)	2026-09-07T12:05:47.4474913Z SCRIPT ERROR: Parse Error: Identifier "GutUtils" not declared in the current scope.
GUT GDScript suite under Godot 4.3 headless (blocking)	Run GUT unit suite (canonical close-out invocation)	2026-09-07T12:05:47.4475634Z           at: GDScript::reload (res://addons/gut/test.gd:33)
GUT GDScript suite under Godot 4.3 headless (blocking)	Run GUT unit suite (canonical close-out invocation)	2026-09-07T12:05:47.4476139Z SCRIPT ERROR: Parse Error: Identifier "GutUtils" not declared in the current scope.
GUT GDScript suite under Godot 4.3 headless (blocking)	Run GUT unit suite (canonical close-out invocation)	2026-09-07T12:05:47.4476597Z           at: GDScript::reload (res://addons/gut/test.gd:35)
GUT GDScript suite under Godot 4.3 headless (blocking)	Run GUT unit suite (canonical close-out invocation)	2026-09-07T12:05:47.4477042Z SCRIPT ERROR: Parse Error: Identifier "GutUtils" not declared in the current scope.
GUT GDScript suite under Godot 4.3 headless (blocking)	Run GUT unit suite (canonical close-out invocation)	2026-09-07T12:05:47.4477495Z           at: GDScript::reload (res://addons/gut/test.gd:36)
GUT GDScript suite under Godot 4.3 headless (blocking)	Run GUT unit suite (canonical close-out invocation)	2026-09-07T12:05:47.4477929Z SCRIPT ERROR: Parse Error: Identifier "GutUtils" not declared in the current scope.
GUT GDScript suite under Godot 4.3 headless (blocking)	Run GUT unit suite (canonical close-out invocation)	2026-09-07T12:05:47.4478423Z           at: GDScript::reload (res://addons/gut/test.gd:41)
GUT GDScript suite under Godot 4.3 headless (blocking)	Run GUT unit suite (canonical close-out invocation)	2026-09-07T12:05:47.4478881Z SCRIPT ERROR: Parse Error: Identifier "GutUtils" not declared in the current scope.
GUT GDScript suite under Godot 4.3 headless (blocking)	Run GUT unit suite (canonical close-out invocation)	2026-09-07T12:05:47.4479332Z           at: GDScript::reload (res://addons/gut/test.gd:43)
GUT GDScript suite under Godot 4.3 headless (blocking)	Run GUT unit suite (canonical close-out invocation)	2026-09-07T12:05:47.4479818Z SCRIPT ERROR: Parse Error: Identifier "GutUtils" not declared in the current scope.
GUT GDScript suite under Godot 4.3 headless (blocking)	Run GUT unit suite (canonical close-out invocation)	2026-09-07T12:05:47.4480258Z           at: GDScript::reload (res://addons/gut/test.gd:45)
GUT GDScript suite under Godot 4.3 headless (blocking)	Run GUT unit suite (canonical close-out invocation)	2026-09-07T12:05:47.4480684Z SCRIPT ERROR: Parse Error: Identifier "GutUtils" not declared in the current scope.
GUT GDScript suite under Godot 4.3 headless (blocking)	Run GUT unit suite (canonical close-out invocation)	2026-09-07T12:05:47.4481115Z           at: GDScript::reload (res://addons/gut/test.gd:48)
GUT GDScript suite under Godot 4.3 headless (blocking)	Run GUT unit suite (canonical close-out invocation)	2026-09-07T12:05:47.4482027Z SCRIPT ERROR: Parse Error: Identifier "GutUtils" not declared in the current scope.
GUT GDScript suite under Godot 4.3 headless (blocking)	Run GUT unit suite (canonical close-out invocation)	2026-09-07T12:05:47.4482714Z           at: GDScript::reload (res://addons/gut/test.gd:58)
GUT GDScript suite under Godot 4.3 headless (blocking)	Run GUT unit suite (canonical close-out invocation)	2026-09-07T12:05:47.4483140Z SCRIPT ERROR: Parse Error: Identifier "GutUtils" not declared in the current scope.
GUT GDScript suite under Godot 4.3 headless (blocking)	Run GUT unit suite (canonical close-out invocation)	2026-09-07T12:05:47.4483801Z           at: GDScript::reload (res://addons/gut/test.gd:200)
GUT GDScript suite under Godot 4.3 headless (blocking)	Run GUT unit suite (canonical close-out invocation)	2026-09-07T12:05:47.4484229Z SCRIPT ERROR: Parse Error: Identifier "GutUtils" not declared in the current scope.
GUT GDScript suite under Godot 4.3 headless (blocking)	Run GUT unit suite (canonical close-out invocation)	2026-09-07T12:05:47.4484666Z           at: GDScript::reload (res://addons/gut/test.gd:769)
GUT GDScript suite under Godot 4.3 headless (blocking)	Run GUT unit suite (canonical close-out invocation)	2026-09-07T12:05:47.4485097Z SCRIPT ERROR: Parse Error: Identifier "GutUtils" not declared in the current scope.
GUT GDScript suite under Godot 4.3 headless (blocking)	Run GUT unit suite (canonical close-out invocation)	2026-09-07T12:05:47.4485535Z           at: GDScript::reload (res://addons/gut/test.gd:799)
GUT GDScript suite under Godot 4.3 headless (blocking)	Run GUT unit suite (canonical close-out invocation)	2026-09-07T12:05:47.4485958Z SCRIPT ERROR: Parse Error: Identifier "GutUtils" not declared in the current scope.
GUT GDScript suite under Godot 4.3 headless (blocking)	Run GUT unit suite (canonical close-out invocation)	2026-09-07T12:05:47.4486395Z           at: GDScript::reload (res://addons/gut/test.gd:799)
GUT GDScript suite under Godot 4.3 headless (blocking)	Run GUT unit suite (canonical close-out invocation)	2026-09-07T12:05:47.4486821Z SCRIPT ERROR: Parse Error: Identifier "GutUtils" not declared in the current scope.
GUT GDScript suite under Godot 4.3 headless (blocking)	Run GUT unit suite (canonical close-out invocation)	2026-09-07T12:05:47.4487260Z           at: GDScript::reload (res://addons/gut/test.gd:1100)
GUT GDScript suite under Godot 4.3 headless (blocking)	Run GUT unit suite (canonical close-out invocation)	2026-09-07T12:05:47.4487693Z SCRIPT ERROR: Parse Error: Identifier "GutUtils" not declared in the current scope.
GUT GDScript suite under Godot 4.3 headless (blocking)	Run GUT unit suite (canonical close-out invocation)	2026-09-07T12:05:47.4488127Z           at: GDScript::reload (res://addons/gut/test.gd:1296)
GUT GDScript suite under Godot 4.3 headless (blocking)	Run GUT unit suite (canonical close-out invocation)	2026-09-07T12:05:47.4488582Z SCRIPT ERROR: Parse Error: Identifier "GutUtils" not declared in the current scope.
GUT GDScript suite under Godot 4.3 headless (blocking)	Run GUT unit suite (canonical close-out invocation)	2026-09-07T12:05:47.4489034Z           at: GDScript::reload (res://addons/gut/test.gd:1305)
GUT GDScript suite under Godot 4.3 headless (blocking)	Run GUT unit suite (canonical close-out invocation)	2026-09-07T12:05:47.4489593Z SCRIPT ERROR: Parse Error: Identifier "GutUtils" not declared in the current scope.
GUT GDScript suite under Godot 4.3 headless (blocking)	Run GUT unit suite (canonical close-out invocation)	2026-09-07T12:05:47.4490048Z           at: GDScript::reload (res://addons/gut/test.gd:1332)
GUT GDScript suite under Godot 4.3 headless (blocking)	Run GUT unit suite (canonical close-out invocation)	2026-09-07T12:05:47.4490476Z SCRIPT ERROR: Parse Error: Identifier "GutUtils" not declared in the current scope.
GUT GDScript suite under Godot 4.3 headless (blocking)	Run GUT unit suite (canonical close-out invocation)	2026-09-07T12:05:47.4490916Z           at: GDScript::reload (res://addons/gut/test.gd:1400)
GUT GDScript suite under Godot 4.3 headless (blocking)	Run GUT unit suite (canonical close-out invocation)	2026-09-07T12:05:47.4491617Z SCRIPT ERROR: Parse Error: Identifier "GutUtils" not declared in the current scope.
GUT GDScript suite under Godot 4.3 headless (blocking)	Run GUT unit suite (canonical close-out invocation)	2026-09-07T12:05:47.4492072Z           at: GDScript::reload (res://addons/gut/test.gd:1415)
GUT GDScript suite under Godot 4.3 headless (blocking)	Run GUT unit suite (canonical close-out invocation)	2026-09-07T12:05:47.4492507Z SCRIPT ERROR: Parse Error: Identifier "GutUtils" not declared in the current scope.
GUT GDScript suite under Godot 4.3 headless (blocking)	Run GUT unit suite (canonical close-out invocation)	2026-09-07T12:05:47.4492960Z           at: GDScript::reload (res://addons/gut/test.gd:1438)
GUT GDScript suite under Godot 4.3 headless (blocking)	Run GUT unit suite (canonical close-out invocation)	2026-09-07T12:05:47.4493396Z SCRIPT ERROR: Parse Error: Identifier "GutUtils" not declared in the current scope.
GUT GDScript suite under Godot 4.3 headless (blocking)	Run GUT unit suite (canonical close-out invocation)	2026-09-07T12:05:47.4493849Z           at: GDScript::reload (res://addons/gut/test.gd:1442)
GUT GDScript suite under Godot 4.3 headless (blocking)	Run GUT unit suite (canonical close-out invocation)	2026-09-07T12:05:47.4494295Z SCRIPT ERROR: Parse Error: Identifier "GutUtils" not declared in the current scope.
GUT GDScript suite under Godot 4.3 headless (blocking)	Run GUT unit suite (canonical close-out invocation)	2026-09-07T12:05:47.4494750Z           at: GDScript::reload (res://addons/gut/test.gd:1448)
GUT GDScript suite under Godot 4.3 headless (blocking)	Run GUT unit suite (canonical close-out invocation)	2026-09-07T12:05:47.4495181Z SCRIPT ERROR: Parse Error: Identifier "GutUtils" not declared in the current scope.
GUT GDScript suite under Godot 4.3 headless (blocking)	Run GUT unit suite (canonical close-out invocation)	2026-09-07T12:05:47.4495620Z           at: GDScript::reload (res://addons/gut/test.gd:1450)
GUT GDScript suite under Godot 4.3 headless (blocking)	Run GUT unit suite (canonical close-out invocation)	2026-09-07T12:05:47.4496047Z SCRIPT ERROR: Parse Error: Identifier "GutUtils" not declared in the current scope.
GUT GDScript suite under Godot 4.3 headless (blocking)	Run GUT unit suite (canonical close-out invocation)	2026-09-07T12:05:47.4496488Z           at: GDScript::reload (res://addons/gut/test.gd:1512)
GUT GDScript suite under Godot 4.3 headless (blocking)	Run GUT unit suite (canonical close-out invocation)	2026-09-07T12:05:47.4496935Z SCRIPT ERROR: Parse Error: Identifier "GutUtils" not declared in the current scope.
GUT GDScript suite under Godot 4.3 headless (blocking)	Run GUT unit suite (canonical close-out invocation)	2026-09-07T12:05:47.4497380Z           at: GDScript::reload (res://addons/gut/test.gd:1545)
GUT GDScript suite under Godot 4.3 headless (blocking)	Run GUT unit suite (canonical close-out invocation)	2026-09-07T12:05:47.4497806Z SCRIPT ERROR: Parse Error: Identifier "GutUtils" not declared in the current scope.
GUT GDScript suite under Godot 4.3 headless (blocking)	Run GUT unit suite (canonical close-out invocation)	2026-09-07T12:05:47.4498242Z           at: GDScript::reload (res://addons/gut/test.gd:1694)
GUT GDScript suite under Godot 4.3 headless (blocking)	Run GUT unit suite (canonical close-out invocation)	2026-09-07T12:05:47.4498671Z SCRIPT ERROR: Parse Error: Identifier "GutUtils" not declared in the current scope.
GUT GDScript suite under Godot 4.3 headless (blocking)	Run GUT unit suite (canonical close-out invocation)	2026-09-07T12:05:47.4499111Z           at: GDScript::reload (res://addons/gut/test.gd:1696)
GUT GDScript suite under Godot 4.3 headless (blocking)	Run GUT unit suite (canonical close-out invocation)	2026-09-07T12:05:47.4499551Z SCRIPT ERROR: Parse Error: Identifier "GutUtils" not declared in the current scope.
GUT GDScript suite under Godot 4.3 headless (blocking)	Run GUT unit suite (canonical close-out invocation)	2026-09-07T12:05:47.4499994Z           at: GDScript::reload (res://addons/gut/test.gd:1711)
GUT GDScript suite under Godot 4.3 headless (blocking)	Run GUT unit suite (canonical close-out invocation)	2026-09-07T12:05:47.4500415Z SCRIPT ERROR: Parse Error: Identifier "GutUtils" not declared in the current scope.
GUT GDScript suite under Godot 4.3 headless (blocking)	Run GUT unit suite (canonical close-out invocation)	2026-09-07T12:05:47.4500852Z           at: GDScript::reload (res://addons/gut/test.gd:1713)
GUT GDScript suite under Godot 4.3 headless (blocking)	Run GUT unit suite (canonical close-out invocation)	2026-09-07T12:05:47.4501498Z ERROR: Failed to load script "res://addons/gut/test.gd" with error "Parse error".
GUT GDScript suite under Godot 4.3 headless (blocking)	Run GUT unit suite (canonical close-out invocation)	2026-09-07T12:05:47.4502089Z    at: load (modules/gdscript/gdscript.cpp:2936)
GUT GDScript suite under Godot 4.3 headless (blocking)	Run GUT unit suite (canonical close-out invocation)	2026-09-07T12:05:47.4536901Z SCRIPT ERROR: Parse Error: Identifier "GutUtils" not declared in the current scope.
GUT GDScript suite under Godot 4.3 headless (blocking)	Run GUT unit suite (canonical close-out invocation)	2026-09-07T12:05:47.4537756Z           at: GDScript::reload (res://addons/gut/test_collector.gd:8)
GUT GDScript suite under Godot 4.3 headless (blocking)	Run GUT unit suite (canonical close-out invocation)	2026-09-07T12:05:47.4538416Z SCRIPT ERROR: Parse Error: Identifier "GutUtils" not declared in the current scope.
GUT GDScript suite under Godot 4.3 headless (blocking)	Run GUT unit suite (canonical close-out invocation)	2026-09-07T12:05:47.4539221Z           at: GDScript::reload (res://addons/gut/test_collector.gd:9)
GUT GDScript suite under Godot 4.3 headless (blocking)	Run GUT unit suite (canonical close-out invocation)	2026-09-07T12:05:47.4539684Z SCRIPT ERROR: Parse Error: Identifier "GutUtils" not declared in the current scope.
GUT GDScript suite under Godot 4.3 headless (blocking)	Run GUT unit suite (canonical close-out invocation)	2026-09-07T12:05:47.4540157Z           at: GDScript::reload (res://addons/gut/test_collector.gd:14)
GUT GDScript suite under Godot 4.3 headless (blocking)	Run GUT unit suite (canonical close-out invocation)	2026-09-07T12:05:47.4540613Z SCRIPT ERROR: Parse Error: Identifier "GutUtils" not declared in the current scope.
GUT GDScript suite under Godot 4.3 headless (blocking)	Run GUT unit suite (canonical close-out invocation)	2026-09-07T12:05:47.4541076Z           at: GDScript::reload (res://addons/gut/test_collector.gd:55)
GUT GDScript suite under Godot 4.3 headless (blocking)	Run GUT unit suite (canonical close-out invocation)	2026-09-07T12:05:47.4541789Z SCRIPT ERROR: Parse Error: Identifier "GutUtils" not declared in the current scope.
GUT GDScript suite under Godot 4.3 headless (blocking)	Run GUT unit suite (canonical close-out invocation)	2026-09-07T12:05:47.4542255Z           at: GDScript::reload (res://addons/gut/test_collector.gd:77)
GUT GDScript suite under Godot 4.3 headless (blocking)	Run GUT unit suite (canonical close-out invocation)	2026-09-07T12:05:47.4542711Z SCRIPT ERROR: Parse Error: Identifier "GutUtils" not declared in the current scope.
GUT GDScript suite under Godot 4.3 headless (blocking)	Run GUT unit suite (canonical close-out invocation)	2026-09-07T12:05:47.4543165Z           at: GDScript::reload (res://addons/gut/test_collector.gd:75)
GUT GDScript suite under Godot 4.3 headless (blocking)	Run GUT unit suite (canonical close-out invocation)	2026-09-07T12:05:47.4543779Z SCRIPT ERROR: Parse Error: Identifier "GutUtils" not declared in the current scope.
GUT GDScript suite under Godot 4.3 headless (blocking)	Run GUT unit suite (canonical close-out invocation)	2026-09-07T12:05:47.4544245Z           at: GDScript::reload (res://addons/gut/test_collector.gd:180)
GUT GDScript suite under Godot 4.3 headless (blocking)	Run GUT unit suite (canonical close-out invocation)	2026-09-07T12:05:47.4544740Z ERROR: Failed to load script "res://addons/gut/test_collector.gd" with error "Parse error".
GUT GDScript suite under Godot 4.3 headless (blocking)	Run GUT unit suite (canonical close-out invocation)	2026-09-07T12:05:47.4545197Z    at: load (modules/gdscript/gdscript.cpp:2936)
GUT GDScript suite under Godot 4.3 headless (blocking)	Run GUT unit suite (canonical close-out invocation)	2026-09-07T12:05:47.4604775Z Loaded system CA certificates
GUT GDScript suite under Godot 4.3 headless (blocking)	Run GUT unit suite (canonical close-out invocation)	2026-09-07T12:05:47.4645001Z SCRIPT ERROR: Parse Error: Identifier "GutUtils" not declared in the current scope.
GUT GDScript suite under Godot 4.3 headless (blocking)	Run GUT unit suite (canonical close-out invocation)	2026-09-07T12:05:47.4646043Z           at: GDScript::reload (res://addons/gut/cli/gut_cli.gd:253)
GUT GDScript suite under Godot 4.3 headless (blocking)	Run GUT unit suite (canonical close-out invocation)	2026-09-07T12:05:47.4647040Z ERROR: Failed to load script "res://addons/gut/cli/gut_cli.gd" with error "Parse error".
GUT GDScript suite under Godot 4.3 headless (blocking)	Run GUT unit suite (canonical close-out invocation)	2026-09-07T12:05:47.4647784Z    at: load (modules/gdscript/gdscript.cpp:2936)
GUT GDScript suite under Godot 4.3 headless (blocking)	Run GUT unit suite (canonical close-out invocation)	2026-09-07T12:05:47.4648302Z SCRIPT ERROR: Invalid call. Nonexistent function 'new' in base 'GDScript'.
GUT GDScript suite under Godot 4.3 headless (blocking)	Run GUT unit suite (canonical close-out invocation)	2026-09-07T12:05:47.4648847Z           at: _init (res://addons/gut/gut_cmdln.gd:29)
GUT GDScript suite under Godot 4.3 headless (blocking)	Run GUT unit suite (canonical close-out invocation)	2026-09-07T12:05:51.1358004Z Project FPS: 145 (6.89 mspf)
GUT GDScript suite under Godot 4.3 headless (blocking)	Run GUT unit suite (canonical close-out invocation)	2026-09-07T12:05:52.1362703Z Project FPS: 145 (6.89 mspf)
GUT GDScript suite under Godot 4.3 headless (blocking)	Run GUT unit suite (canonical close-out invocation)	2026-09-07T12:05:53.1368046Z Project FPS: 145 (6.89 mspf)
GUT GDScript suite under Godot 4.3 headless (blocking)	Run GUT unit suite (canonical close-out invocation)	2026-09-07T12:05:54.1373011Z Project FPS: 145 (6.89 mspf)
GUT GDScript suite under Godot 4.3 headless (blocking)	Run GUT unit suite (canonical close-out invocation)	2026-09-07T12:05:55.1378512Z Project FPS: 145 (6.89 mspf)
GUT GDScript suite under Godot 4.3 headless (blocking)	Run GUT unit suite (canonical close-out invocation)	2026-09-07T12:05:56.1383685Z Project FPS: 145 (6.89 mspf)
GUT GDScript suite under Godot 4.3 headless (blocking)	Run GUT unit suite (canonical close-out invocation)	2026-09-07T12:05:57.1388858Z Project FPS: 145 (6.89 mspf)
GUT GDScript suite under Godot 4.3 headless (blocking)	Run GUT unit suite (canonical close-out invocation)	2026-09-07T12:05:58.1325085Z Project FPS: 144 (6.94 mspf)
GUT GDScript suite under Godot 4.3 headless (blocking)	Run GUT unit suite (canonical close-out invocation)	2026-09-07T12:05:59.1330274Z Project FPS: 145 (6.89 mspf)
GUT GDScript suite under Godot 4.3 headless (blocking)	Run GUT unit suite (canonical close-out invocation)	2026-09-07T12:06:00.1335571Z Project FPS: 145 (6.89 mspf)
GUT GDScript suite under Godot 4.3 headless (blocking)	Run GUT unit suite (canonical close-out invocation)	2026-09-07T12:06:01.1341274Z Project FPS: 145 (6.89 mspf)
GUT GDScript suite under Godot 4.3 headless (blocking)	Run GUT unit suite (canonical close-out invocation)	2026-09-07T12:06:02.1346018Z Project FPS: 145 (6.89 mspf)
GUT GDScript suite under Godot 4.3 headless (blocking)	Run GUT unit suite (canonical close-out invocation)	2026-09-07T12:06:03.1350983Z Project FPS: 145 (6.89 mspf)
GUT GDScript suite under Godot 4.3 headless (blocking)	Run GUT unit suite (canonical close-out invocation)	2026-09-07T12:06:04.1356237Z Project FPS: 145 (6.89 mspf)
GUT GDScript suite under Godot 4.3 headless (blocking)	Run GUT unit suite (canonical close-out invocation)	2026-09-07T12:06:05.1361452Z Project FPS: 145 (6.89 mspf)
GUT GDScript suite under Godot 4.3 headless (blocking)	Run GUT unit suite (canonical close-out invocation)	2026-09-07T12:06:06.1366820Z Project FPS: 145 (6.89 mspf)
GUT GDScript suite under Godot 4.3 headless (blocking)	Run GUT unit suite (canonical close-out invocation)	2026-09-07T12:06:07.1372120Z Project FPS: 145 (6.89 mspf)
GUT GDScript suite under Godot 4.3 headless (blocking)	Run GUT unit suite (canonical close-out invocation)	2026-09-07T12:06:08.1377179Z Project FPS: 145 (6.89 mspf)
GUT GDScript suite under Godot 4.3 headless (blocking)	Run GUT unit suite (canonical close-out invocation)	2026-09-07T12:06:09.1382664Z Project FPS: 145 (6.89 mspf)
GUT GDScript suite under Godot 4.3 headless (blocking)	Run GUT unit suite (canonical close-out invocation)	2026-09-07T12:06:10.1387800Z Project FPS: 145 (6.89 mspf)
GUT GDScript suite under Godot 4.3 headless (blocking)	Run GUT unit suite (canonical close-out invocation)	2026-09-07T12:06:11.1392831Z Project FPS: 145 (6.89 mspf)
GUT GDScript suite under Godot 4.3 headless (blocking)	Run GUT unit suite (canonical close-out invocation)	2026-09-07T12:06:12.1329264Z Project FPS: 144 (6.94 mspf)
GUT GDScript suite under Godot 4.3 headless (blocking)	Run GUT unit suite (canonical close-out invocation)	2026-09-07T12:06:13.1334329Z Project FPS: 145 (6.89 mspf)
GUT GDScript suite under Godot 4.3 headless (blocking)	Run GUT unit suite (canonical close-out invocation)	2026-09-07T12:06:14.1339528Z Project FPS: 145 (6.89 mspf)
GUT GDScript suite under Godot 4.3 headless (blocking)	Run GUT unit suite (canonical close-out invocation)	2026-09-07T12:06:15.1344782Z Project FPS: 145 (6.89 mspf)
GUT GDScript suite under Godot 4.3 headless (blocking)	Run GUT unit suite (canonical close-out invocation)	2026-09-07T12:06:16.1350287Z Project FPS: 145 (6.89 mspf)
GUT GDScript suite under Godot 4.3 headless (blocking)	Run GUT unit suite (canonical close-out invocation)	2026-09-07T12:06:17.1355213Z Project FPS: 145 (6.89 mspf)
GUT GDScript suite under Godot 4.3 headless (blocking)	Run GUT unit suite (canonical close-out invocation)	2026-09-07T12:06:18.1360440Z Project FPS: 145 (6.89 mspf)
GUT GDScript suite under Godot 4.3 headless (blocking)	Run GUT unit suite (canonical close-out invocation)	2026-09-07T12:06:19.1365671Z Project FPS: 145 (6.89 mspf)
GUT GDScript suite under Godot 4.3 headless (blocking)	Run GUT unit suite (canonical close-out invocation)	2026-09-07T12:06:20.1370735Z Project FPS: 145 (6.89 mspf)
GUT GDScript suite under Godot 4.3 headless (blocking)	Run GUT unit suite (canonical close-out invocation)	2026-09-07T12:06:21.1375581Z Project FPS: 145 (6.89 mspf)
GUT GDScript suite under Godot 4.3 headless (blocking)	Run GUT unit suite (canonical close-out invocation)	2026-09-07T12:06:22.1381051Z Project FPS: 145 (6.89 mspf)
GUT GDScript suite under Godot 4.3 headless (blocking)	Run GUT unit suite (canonical close-out invocation)	2026-09-07T12:06:23.1386210Z Project FPS: 145 (6.89 mspf)
GUT GDScript suite under Godot 4.3 headless (blocking)	Run GUT unit suite (canonical close-out invocation)	2026-09-07T12:06:24.1391387Z Project FPS: 145 (6.89 mspf)
GUT GDScript suite under Godot 4.3 headless (blocking)	Run GUT unit suite (canonical close-out invocation)	2026-09-07T12:06:25.1396878Z Project FPS: 145 (6.89 mspf)
GUT GDScript suite under Godot 4.3 headless (blocking)	Run GUT unit suite (canonical close-out invocation)	2026-09-07T12:06:26.1333036Z Project FPS: 144 (6.94 mspf)
GUT GDScript suite under Godot 4.3 headless (blocking)	Run GUT unit suite (canonical close-out invocation)	2026-09-07T12:06:27.1338206Z Project FPS: 145 (6.89 mspf)
GUT GDScript suite under Godot 4.3 headless (blocking)	Run GUT unit suite (canonical close-out invocation)	2026-09-07T12:06:28.1343610Z Project FPS: 145 (6.89 mspf)
GUT GDScript suite under Godot 4.3 headless (blocking)	Run GUT unit suite (canonical close-out invocation)	2026-09-07T12:06:29.1348729Z Project FPS: 145 (6.89 mspf)
GUT GDScript suite under Godot 4.3 headless (blocking)	Run GUT unit suite (canonical close-out invocation)	2026-09-07T12:06:30.1353732Z Project FPS: 145 (6.89 mspf)
GUT GDScript suite under Godot 4.3 headless (blocking)	Run GUT unit suite (canonical close-out invocation)	2026-09-07T12:06:31.1359080Z Project FPS: 145 (6.89 mspf)
GUT GDScript suite under Godot 4.3 headless (blocking)	Run GUT unit suite (canonical close-out invocation)	2026-09-07T12:06:32.1364200Z Project FPS: 145 (6.89 mspf)
GUT GDScript suite under Godot 4.3 headless (blocking)	Run GUT unit suite (canonical close-out invocation)	2026-09-07T12:06:33.1368808Z Project FPS: 145 (6.89 mspf)
GUT GDScript suite under Godot 4.3 headless (blocking)	Run GUT unit suite (canonical close-out invocation)	2026-09-07T12:06:34.1374542Z Project FPS: 145 (6.89 mspf)
GUT GDScript suite under Godot 4.3 headless (blocking)	Run GUT unit suite (canonical close-out invocation)	2026-09-07T12:06:35.1379802Z Project FPS: 145 (6.89 mspf)
GUT GDScript suite under Godot 4.3 headless (blocking)	Run GUT unit suite (canonical close-out invocation)	2026-09-07T12:06:36.1384931Z Project FPS: 145 (6.89 mspf)
GUT GDScript suite under Godot 4.3 headless (blocking)	Run GUT unit suite (canonical close-out invocation)	2026-09-07T12:06:37.1389835Z Project FPS: 145 (6.89 mspf)
GUT GDScript suite under Godot 4.3 headless (blocking)	Run GUT unit suite (canonical close-out invocation)	2026-09-07T12:06:38.1395489Z Project FPS: 145 (6.89 mspf)
GUT GDScript suite under Godot 4.3 headless (blocking)	Run GUT unit suite (canonical close-out invocation)	2026-09-07T12:06:39.1400646Z Project FPS: 145 (6.89 mspf)
GUT GDScript suite under Godot 4.3 headless (blocking)	Run GUT unit suite (canonical close-out invocation)	2026-09-07T12:06:40.1336713Z Project FPS: 144 (6.94 mspf)
GUT GDScript suite under Godot 4.3 headless (blocking)	Run GUT unit suite (canonical close-out invocation)	2026-09-07T12:06:41.1341994Z Project FPS: 145 (6.89 mspf)
GUT GDScript suite under Godot 4.3 headless (blocking)	Run GUT unit suite (canonical close-out invocation)	2026-09-07T12:06:42.1347186Z Project FPS: 145 (6.89 mspf)
GUT GDScript suite under Godot 4.3 headless (blocking)	Run GUT unit suite (canonical close-out invocation)	2026-09-07T12:06:43.1352496Z Project FPS: 145 (6.89 mspf)
GUT GDScript suite under Godot 4.3 headless (blocking)	Run GUT unit suite (canonical close-out invocation)	2026-09-07T12:06:44.1357776Z Project FPS: 145 (6.89 mspf)
GUT GDScript suite under Godot 4.3 headless (blocking)	Run GUT unit suite (canonical close-out invocation)	2026-09-07T12:06:45.1362974Z Project FPS: 145 (6.89 mspf)
GUT GDScript suite under Godot 4.3 headless (blocking)	Run GUT unit suite (canonical close-out invocation)	2026-09-07T12:06:46.1368115Z Project FPS: 145 (6.89 mspf)
GUT GDScript suite under Godot 4.3 headless (blocking)	Run GUT unit suite (canonical close-out invocation)	2026-09-07T12:06:47.1373421Z Project FPS: 145 (6.89 mspf)
GUT GDScript suite under Godot 4.3 headless (blocking)	Run GUT unit suite (canonical close-out invocation)	2026-09-07T12:06:48.1378584Z Project FPS: 145 (6.89 mspf)
GUT GDScript suite under Godot 4.3 headless (blocking)	Run GUT unit suite (canonical close-out invocation)	2026-09-07T12:06:49.1383757Z Project FPS: 145 (6.89 mspf)
GUT GDScript suite under Godot 4.3 headless (blocking)	Run GUT unit suite (canonical close-out invocation)	2026-09-07T12:06:50.1388960Z Project FPS: 145 (6.89 mspf)
GUT GDScript suite under Godot 4.3 headless (blocking)	Run GUT unit suite (canonical close-out invocation)	2026-09-07T12:06:51.1394213Z Project FPS: 145 (6.89 mspf)
GUT GDScript suite under Godot 4.3 headless (blocking)	Run GUT unit suite (canonical close-out invocation)	2026-09-07T12:06:52.1399399Z Project FPS: 145 (6.89 mspf)
GUT GDScript suite under Godot 4.3 headless (blocking)	Run GUT unit suite (canonical close-out invocation)	2026-09-07T12:06:53.1404547Z Project FPS: 145 (6.89 mspf)
GUT GDScript suite under Godot 4.3 headless (blocking)	Run GUT unit suite (canonical close-out invocation)	2026-09-07T12:06:54.1340248Z Project FPS: 144 (6.94 mspf)
GUT GDScript suite under Godot 4.3 headless (blocking)	Run GUT unit suite (canonical close-out invocation)	2026-09-07T12:06:55.1345921Z Project FPS: 145 (6.89 mspf)
GUT GDScript suite under Godot 4.3 headless (blocking)	Run GUT unit suite (canonical close-out invocation)	2026-09-07T12:06:56.1350923Z Project FPS: 145 (6.89 mspf)
GUT GDScript suite under Godot 4.3 headless (blocking)	Run GUT unit suite (canonical close-out invocation)	2026-09-07T12:06:57.1356015Z Project FPS: 145 (6.89 mspf)
GUT GDScript suite under Godot 4.3 headless (blocking)	Run GUT unit suite (canonical close-out invocation)	2026-09-07T12:06:58.1361152Z Project FPS: 145 (6.89 mspf)
GUT GDScript suite under Godot 4.3 headless (blocking)	Run GUT unit suite (canonical close-out invocation)	2026-09-07T12:06:59.1366444Z Project FPS: 145 (6.89 mspf)
GUT GDScript suite under Godot 4.3 headless (blocking)	Run GUT unit suite (canonical close-out invocation)	2026-09-07T12:07:00.1371635Z Project FPS: 145 (6.89 mspf)
GUT GDScript suite under Godot 4.3 headless (blocking)	Run GUT unit suite (canonical close-out invocation)	2026-09-07T12:07:01.1376852Z Project FPS: 145 (6.89 mspf)
GUT GDScript suite under Godot 4.3 headless (blocking)	Run GUT unit suite (canonical close-out invocation)	2026-09-07T12:07:02.1381970Z Project FPS: 145 (6.89 mspf)
GUT GDScript suite under Godot 4.3 headless (blocking)	Run GUT unit suite (canonical close-out invocation)	2026-09-07T12:07:03.1387779Z Project FPS: 145 (6.89 mspf)
GUT GDScript suite under Godot 4.3 headless (blocking)	Run GUT unit suite (canonical close-out invocation)	2026-09-07T12:07:04.1392552Z Project FPS: 145 (6.89 mspf)
GUT GDScript suite under Godot 4.3 headless (blocking)	Run GUT unit suite (canonical close-out invocation)	2026-09-07T12:07:05.1397797Z Project FPS: 145 (6.89 mspf)
GUT GDScript suite under Godot 4.3 headless (blocking)	Run GUT unit suite (canonical close-out invocation)	2026-09-07T12:07:06.1402722Z Project FPS: 145 (6.89 mspf)
GUT GDScript suite under Godot 4.3 headless (blocking)	Run GUT unit suite (canonical close-out invocation)	2026-09-07T12:07:07.1339339Z Project FPS: 144 (6.94 mspf)
GUT GDScript suite under Godot 4.3 headless (blocking)	Run GUT unit suite (canonical close-out invocation)	2026-09-07T12:07:08.1344679Z Project FPS: 145 (6.89 mspf)
GUT GDScript suite under Godot 4.3 headless (blocking)	Run GUT unit suite (canonical close-out invocation)	2026-09-07T12:07:09.1350006Z Project FPS: 145 (6.89 mspf)
GUT GDScript suite under Godot 4.3 headless (blocking)	Run GUT unit suite (canonical close-out invocation)	2026-09-07T12:07:10.1355123Z Project FPS: 145 (6.89 mspf)
GUT GDScript suite under Godot 4.3 headless (blocking)	Run GUT unit suite (canonical close-out invocation)	2026-09-07T12:07:11.1360185Z Project FPS: 145 (6.89 mspf)
GUT GDScript suite under Godot 4.3 headless (blocking)	Run GUT unit suite (canonical close-out invocation)	2026-09-07T12:07:12.1365558Z Project FPS: 145 (6.89 mspf)
GUT GDScript suite under Godot 4.3 headless (blocking)	Run GUT unit suite (canonical close-out invocation)	2026-09-07T12:07:13.1370778Z Project FPS: 145 (6.89 mspf)
GUT GDScript suite under Godot 4.3 headless (blocking)	Run GUT unit suite (canonical close-out invocation)	2026-09-07T12:07:14.1375641Z Project FPS: 145 (6.89 mspf)
GUT GDScript suite under Godot 4.3 headless (blocking)	Run GUT unit suite (canonical close-out invocation)	2026-09-07T12:07:15.1381087Z Project FPS: 145 (6.89 mspf)
GUT GDScript suite under Godot 4.3 headless (blocking)	Run GUT unit suite (canonical close-out invocation)	2026-09-07T12:07:16.1386255Z Project FPS: 145 (6.89 mspf)
GUT GDScript suite under Godot 4.3 headless (blocking)	Run GUT unit suite (canonical close-out invocation)	2026-09-07T12:07:17.1391443Z Project FPS: 145 (6.89 mspf)
GUT GDScript suite under Godot 4.3 headless (blocking)	Run GUT unit suite (canonical close-out invocation)	2026-09-07T12:07:18.1396678Z Project FPS: 145 (6.89 mspf)
GUT GDScript suite under Godot 4.3 headless (blocking)	Run GUT unit suite (canonical close-out invocation)	2026-09-07T12:07:19.1401884Z Project FPS: 145 (6.89 mspf)
GUT GDScript suite under Godot 4.3 headless (blocking)	Run GUT unit suite (canonical close-out invocation)	2026-09-07T12:07:20.1407156Z Project FPS: 145 (6.89 mspf)
GUT GDScript suite under Godot 4.3 headless (blocking)	Run GUT unit suite (canonical close-out invocation)	2026-09-07T12:07:21.1343345Z Project FPS: 144 (6.94 mspf)
GUT GDScript suite under Godot 4.3 headless (blocking)	Run GUT unit suite (canonical close-out invocation)	2026-09-07T12:07:22.1348673Z Project FPS: 145 (6.89 mspf)
GUT GDScript suite under Godot 4.3 headless (blocking)	Run GUT unit suite (canonical close-out invocation)	2026-09-07T12:07:23.1353767Z Project FPS: 145 (6.89 mspf)
GUT GDScript suite under Godot 4.3 headless (blocking)	Run GUT unit suite (canonical close-out invocation)	2026-09-07T12:07:24.1358975Z Project FPS: 145 (6.89 mspf)
GUT GDScript suite under Godot 4.3 headless (blocking)	Run GUT unit suite (canonical close-out invocation)	2026-09-07T12:07:25.1364045Z Project FPS: 145 (6.89 mspf)
GUT GDScript suite under Godot 4.3 headless (blocking)	Run GUT unit suite (canonical close-out invocation)	2026-09-07T12:07:26.1369329Z Project FPS: 145 (6.89 mspf)
GUT GDScript suite under Godot 4.3 headless (blocking)	Run GUT unit suite (canonical close-out invocation)	2026-09-07T12:07:27.1374970Z Project FPS: 145 (6.89 mspf)
GUT GDScript suite under Godot 4.3 headless (blocking)	Run GUT unit suite (canonical close-out invocation)	2026-09-07T12:07:28.1379407Z Project FPS: 145 (6.89 mspf)
GUT GDScript suite under Godot 4.3 headless (blocking)	Run GUT unit suite (canonical close-out invocation)	2026-09-07T12:07:29.1384959Z Project FPS: 145 (6.89 mspf)
GUT GDScript suite under Godot 4.3 headless (blocking)	Run GUT unit suite (canonical close-out invocation)	2026-09-07T12:07:30.1390191Z Project FPS: 145 (6.89 mspf)
GUT GDScript suite under Godot 4.3 headless (blocking)	Run GUT unit suite (canonical close-out invocation)	2026-09-07T12:07:31.1395190Z Project FPS: 145 (6.89 mspf)
GUT GDScript suite under Godot 4.3 headless (blocking)	Run GUT unit suite (canonical close-out invocation)	2026-09-07T12:07:32.1400530Z Project FPS: 145 (6.89 mspf)
GUT GDScript suite under Godot 4.3 headless (blocking)	Run GUT unit suite (canonical close-out invocation)	2026-09-07T12:07:33.1405477Z Project FPS: 145 (6.89 mspf)
GUT GDScript suite under Godot 4.3 headless (blocking)	Run GUT unit suite (canonical close-out invocation)	2026-09-07T12:07:34.1411022Z Project FPS: 145 (6.89 mspf)
GUT GDScript suite under Godot 4.3 headless (blocking)	Run GUT unit suite (canonical close-out invocation)	2026-09-07T12:07:35.1347067Z Project FPS: 144 (6.94 mspf)
GUT GDScript suite under Godot 4.3 headless (blocking)	Run GUT unit suite (canonical close-out invocation)	2026-09-07T12:07:36.1352224Z Project FPS: 145 (6.89 mspf)
GUT GDScript suite under Godot 4.3 headless (blocking)	Run GUT unit suite (canonical close-out invocation)	2026-09-07T12:07:37.1357593Z Project FPS: 145 (6.89 mspf)
GUT GDScript suite under Godot 4.3 headless (blocking)	Run GUT unit suite (canonical close-out invocation)	2026-09-07T12:07:38.1362782Z Project FPS: 145 (6.89 mspf)
GUT GDScript suite under Godot 4.3 headless (blocking)	Run GUT unit suite (canonical close-out invocation)	2026-09-07T12:07:39.1368052Z Project FPS: 145 (6.89 mspf)
GUT GDScript suite under Godot 4.3 headless (blocking)	Run GUT unit suite (canonical close-out invocation)	2026-09-07T12:07:40.1373031Z Project FPS: 145 (6.89 mspf)
GUT GDScript suite under Godot 4.3 headless (blocking)	Run GUT unit suite (canonical close-out invocation)	2026-09-07T12:07:41.1378434Z Project FPS: 145 (6.89 mspf)
GUT GDScript suite under Godot 4.3 headless (blocking)	Run GUT unit suite (canonical close-out invocation)	2026-09-07T12:07:42.1383721Z Project FPS: 145 (6.89 mspf)
GUT GDScript suite under Godot 4.3 headless (blocking)	Run GUT unit suite (canonical close-out invocation)	2026-09-07T12:07:43.1388304Z Project FPS: 145 (6.89 mspf)
GUT GDScript suite under Godot 4.3 headless (blocking)	Run GUT unit suite (canonical close-out invocation)	2026-09-07T12:07:44.1392721Z Project FPS: 145 (6.89 mspf)
GUT GDScript suite under Godot 4.3 headless (blocking)	Run GUT unit suite (canonical close-out invocation)	2026-09-07T12:07:45.1398777Z Project FPS: 145 (6.89 mspf)
GUT GDScript suite under Godot 4.3 headless (blocking)	Run GUT unit suite (canonical close-out invocation)	2026-09-07T12:07:46.1403645Z Project FPS: 145 (6.89 mspf)
GUT GDScript suite under Godot 4.3 headless (blocking)	Run GUT unit suite (canonical close-out invocation)	2026-09-07T12:07:47.1408598Z Project FPS: 145 (6.89 mspf)
GUT GDScript suite under Godot 4.3 headless (blocking)	Run GUT unit suite (canonical close-out invocation)	2026-09-07T12:07:48.1414057Z Project FPS: 145 (6.89 mspf)
GUT GDScript suite under Godot 4.3 headless (blocking)	Run GUT unit suite (canonical close-out invocation)	2026-09-07T12:07:49.1349913Z Project FPS: 144 (6.94 mspf)
GUT GDScript suite under Godot 4.3 headless (blocking)	Run GUT unit suite (canonical close-out invocation)	2026-09-07T12:07:50.1355440Z Project FPS: 145 (6.89 mspf)
GUT GDScript suite under Godot 4.3 headless (blocking)	Run GUT unit suite (canonical close-out invocation)	2026-09-07T12:07:51.1360013Z Project FPS: 145 (6.89 mspf)
GUT GDScript suite under Godot 4.3 headless (blocking)	Run GUT unit suite (canonical close-out invocation)	2026-09-07T12:07:52.1364669Z Project FPS: 145 (6.89 mspf)
GUT GDScript suite under Godot 4.3 headless (blocking)	Run GUT unit suite (canonical close-out invocation)	2026-09-07T12:07:53.1370628Z Project FPS: 145 (6.89 mspf)
GUT GDScript suite under Godot 4.3 headless (blocking)	Run GUT unit suite (canonical close-out invocation)	2026-09-07T12:07:54.1375374Z Project FPS: 145 (6.89 mspf)
GUT GDScript suite under Godot 4.3 headless (blocking)	Run GUT unit suite (canonical close-out invocation)	2026-09-07T12:07:55.1380675Z Project FPS: 145 (6.89 mspf)
GUT GDScript suite under Godot 4.3 headless (blocking)	Run GUT unit suite (canonical close-out invocation)	2026-09-07T12:07:56.1386067Z Project FPS: 145 (6.89 mspf)
GUT GDScript suite under Godot 4.3 headless (blocking)	Run GUT unit suite (canonical close-out invocation)	2026-09-07T12:07:57.1391543Z Project FPS: 145 (6.89 mspf)
GUT GDScript suite under Godot 4.3 headless (blocking)	Run GUT unit suite (canonical close-out invocation)	2026-09-07T12:07:58.1395217Z Project FPS: 145 (6.89 mspf)
GUT GDScript suite under Godot 4.3 headless (blocking)	Run GUT unit suite (canonical close-out invocation)	2026-09-07T12:07:59.1401059Z Project FPS: 145 (6.89 mspf)
GUT GDScript suite under Godot 4.3 headless (blocking)	Run GUT unit suite (canonical close-out invocation)	2026-09-07T12:08:00.1406846Z Project FPS: 145 (6.89 mspf)
GUT GDScript suite under Godot 4.3 headless (blocking)	Run GUT unit suite (canonical close-out invocation)	2026-09-07T12:08:01.1411872Z Project FPS: 145 (6.89 mspf)
GUT GDScript suite under Godot 4.3 headless (blocking)	Run GUT unit suite (canonical close-out invocation)	2026-09-07T12:08:02.1416985Z Project FPS: 145 (6.89 mspf)
GUT GDScript suite under Godot 4.3 headless (blocking)	Run GUT unit suite (canonical close-out invocation)	2026-09-07T12:08:03.1353121Z Project FPS: 144 (6.94 mspf)
GUT GDScript suite under Godot 4.3 headless (blocking)	Run GUT unit suite (canonical close-out invocation)	2026-09-07T12:08:04.1358140Z Project FPS: 145 (6.89 mspf)
GUT GDScript suite under Godot 4.3 headless (blocking)	Run GUT unit suite (canonical close-out invocation)	2026-09-07T12:08:05.1363560Z Project FPS: 145 (6.89 mspf)
GUT GDScript suite under Godot 4.3 headless (blocking)	Run GUT unit suite (canonical close-out invocation)	2026-09-07T12:08:06.1368732Z Project FPS: 145 (6.89 mspf)
GUT GDScript suite under Godot 4.3 headless (blocking)	Run GUT unit suite (canonical close-out invocation)	2026-09-07T12:08:07.1373359Z Project FPS: 145 (6.89 mspf)
GUT GDScript suite under Godot 4.3 headless (blocking)	Run GUT unit suite (canonical close-out invocation)	2026-09-07T12:08:08.1378465Z Project FPS: 145 (6.89 mspf)
GUT GDScript suite under Godot 4.3 headless (blocking)	Run GUT unit suite (canonical close-out invocation)	2026-09-07T12:08:09.1383743Z Project FPS: 145 (6.89 mspf)
GUT GDScript suite under Godot 4.3 headless (blocking)	Run GUT unit suite (canonical close-out invocation)	2026-09-07T12:08:10.1389028Z Project FPS: 145 (6.89 mspf)
GUT GDScript suite under Godot 4.3 headless (blocking)	Run GUT unit suite (canonical close-out invocation)	2026-09-07T12:08:11.1394531Z Project FPS: 145 (6.89 mspf)
GUT GDScript suite under Godot 4.3 headless (blocking)	Run GUT unit suite (canonical close-out invocation)	2026-09-07T12:08:12.1399091Z Project FPS: 145 (6.89 mspf)
GUT GDScript suite under Godot 4.3 headless (blocking)	Run GUT unit suite (canonical close-out invocation)	2026-09-07T12:08:13.1404445Z Project FPS: 145 (6.89 mspf)
GUT GDScript suite under Godot 4.3 headless (blocking)	Run GUT unit suite (canonical close-out invocation)	2026-09-07T12:08:14.1409100Z Project FPS: 145 (6.89 mspf)
GUT GDScript suite under Godot 4.3 headless (blocking)	Run GUT unit suite (canonical close-out invocation)	2026-09-07T12:08:15.1414767Z Project FPS: 145 (6.89 mspf)
GUT GDScript suite under Godot 4.3 headless (blocking)	Run GUT unit suite (canonical close-out invocation)	2026-09-07T12:08:16.1351125Z Project FPS: 144 (6.94 mspf)
GUT GDScript suite under Godot 4.3 headless (blocking)	Run GUT unit suite (canonical close-out invocation)	2026-09-07T12:08:17.1356419Z Project FPS: 145 (6.89 mspf)
GUT GDScript suite under Godot 4.3 headless (blocking)	Run GUT unit suite (canonical close-out invocation)	2026-09-07T12:08:18.1360863Z Project FPS: 145 (6.89 mspf)
GUT GDScript suite under Godot 4.3 headless (blocking)	Run GUT unit suite (canonical close-out invocation)	2026-09-07T12:08:19.1366545Z Project FPS: 145 (6.89 mspf)
GUT GDScript suite under Godot 4.3 headless (blocking)	Run GUT unit suite (canonical close-out invocation)	2026-09-07T12:08:20.1371805Z Project FPS: 145 (6.89 mspf)
GUT GDScript suite under Godot 4.3 headless (blocking)	Run GUT unit suite (canonical close-out invocation)	2026-09-07T12:08:21.1376931Z Project FPS: 145 (6.89 mspf)
GUT GDScript suite under Godot 4.3 headless (blocking)	Run GUT unit suite (canonical close-out invocation)	2026-09-07T12:08:22.1382120Z Project FPS: 145 (6.89 mspf)
GUT GDScript suite under Godot 4.3 headless (blocking)	Run GUT unit suite (canonical close-out invocation)	2026-09-07T12:08:23.1387356Z Project FPS: 145 (6.89 mspf)
GUT GDScript suite under Godot 4.3 headless (blocking)	Run GUT unit suite (canonical close-out invocation)	2026-09-07T12:08:24.1392278Z Project FPS: 145 (6.89 mspf)
GUT GDScript suite under Godot 4.3 headless (blocking)	Run GUT unit suite (canonical close-out invocation)	2026-09-07T12:08:25.1397590Z Project FPS: 145 (6.89 mspf)
GUT GDScript suite under Godot 4.3 headless (blocking)	Run GUT unit suite (canonical close-out invocation)	2026-09-07T12:08:26.1402940Z Project FPS: 145 (6.89 mspf)
GUT GDScript suite under Godot 4.3 headless (blocking)	Run GUT unit suite (canonical close-out invocation)	2026-09-07T12:08:27.1407819Z Project FPS: 145 (6.89 mspf)
GUT GDScript suite under Godot 4.3 headless (blocking)	Run GUT unit suite (canonical close-out invocation)	2026-09-07T12:08:28.1413277Z Project FPS: 145 (6.89 mspf)
GUT GDScript suite under Godot 4.3 headless (blocking)	Run GUT unit suite (canonical close-out invocation)	2026-09-07T12:08:29.1418272Z Project FPS: 145 (6.89 mspf)
GUT GDScript suite under Godot 4.3 headless (blocking)	Run GUT unit suite (canonical close-out invocation)	2026-09-07T12:08:30.1354499Z Project FPS: 144 (6.94 mspf)
GUT GDScript suite under Godot 4.3 headless (blocking)	Run GUT unit suite (canonical close-out invocation)	2026-09-07T12:08:31.1359629Z Project FPS: 145 (6.89 mspf)
GUT GDScript suite under Godot 4.3 headless (blocking)	Run GUT unit suite (canonical close-out invocation)	2026-09-07T12:08:32.1364807Z Project FPS: 145 (6.89 mspf)
GUT GDScript suite under Godot 4.3 headless (blocking)	Run GUT unit suite (canonical close-out invocation)	2026-09-07T12:08:33.1369342Z Project FPS: 145 (6.89 mspf)
GUT GDScript suite under Godot 4.3 headless (blocking)	Run GUT unit suite (canonical close-out invocation)	2026-09-07T12:08:34.1374940Z Project FPS: 145 (6.89 mspf)
GUT GDScript suite under Godot 4.3 headless (blocking)	Run GUT unit suite (canonical close-out invocation)	2026-09-07T12:08:35.1380069Z Project FPS: 145 (6.89 mspf)
GUT GDScript suite under Godot 4.3 headless (blocking)	Run GUT unit suite (canonical close-out invocation)	2026-09-07T12:08:36.1385415Z Project FPS: 145 (6.89 mspf)
GUT GDScript suite under Godot 4.3 headless (blocking)	Run GUT unit suite (canonical close-out invocation)	2026-09-07T12:08:37.1390457Z Project FPS: 145 (6.89 mspf)
GUT GDScript suite under Godot 4.3 headless (blocking)	Run GUT unit suite (canonical close-out invocation)	2026-09-07T12:08:38.1395663Z Project FPS: 145 (6.89 mspf)
GUT GDScript suite under Godot 4.3 headless (blocking)	Run GUT unit suite (canonical close-out invocation)	2026-09-07T12:08:39.1400865Z Project FPS: 145 (6.89 mspf)
GUT GDScript suite under Godot 4.3 headless (blocking)	Run GUT unit suite (canonical close-out invocation)	2026-09-07T12:08:40.1405998Z Project FPS: 145 (6.89 mspf)
GUT GDScript suite under Godot 4.3 headless (blocking)	Run GUT unit suite (canonical close-out invocation)	2026-09-07T12:08:41.1410790Z Project FPS: 145 (6.89 mspf)
GUT GDScript suite under Godot 4.3 headless (blocking)	Run GUT unit suite (canonical close-out invocation)	2026-09-07T12:08:42.1416194Z Project FPS: 145 (6.89 mspf)
GUT GDScript suite under Godot 4.3 headless (blocking)	Run GUT unit suite (canonical close-out invocation)	2026-09-07T12:08:43.1421695Z Project FPS: 145 (6.89 mspf)
GUT GDScript suite under Godot 4.3 headless (blocking)	Run GUT unit suite (canonical close-out invocation)	2026-09-07T12:08:44.1357698Z Project FPS: 144 (6.94 mspf)
GUT GDScript suite under Godot 4.3 headless (blocking)	Run GUT unit suite (canonical close-out invocation)	2026-09-07T12:08:45.1362682Z Project FPS: 145 (6.89 mspf)
GUT GDScript suite under Godot 4.3 headless (blocking)	Run GUT unit suite (canonical close-out invocation)	2026-09-07T12:08:46.1367993Z Project FPS: 145 (6.89 mspf)
GUT GDScript suite under Godot 4.3 headless (blocking)	Run GUT unit suite (canonical close-out invocation)	2026-09-07T12:08:47.1372837Z Project FPS: 145 (6.89 mspf)
GUT GDScript suite under Godot 4.3 headless (blocking)	Run GUT unit suite (canonical close-out invocation)	2026-09-07T12:08:48.1377985Z Project FPS: 145 (6.89 mspf)
GUT GDScript suite under Godot 4.3 headless (blocking)	Run GUT unit suite (canonical close-out invocation)	2026-09-07T12:08:49.1383377Z Project FPS: 145 (6.89 mspf)
GUT GDScript suite under Godot 4.3 headless (blocking)	Run GUT unit suite (canonical close-out invocation)	2026-09-07T12:08:50.1388563Z Project FPS: 145 (6.89 mspf)
GUT GDScript suite under Godot 4.3 headless (blocking)	Run GUT unit suite (canonical close-out invocation)	2026-09-07T12:08:51.1394078Z Project FPS: 145 (6.89 mspf)
GUT GDScript suite under Godot 4.3 headless (blocking)	Run GUT unit suite (canonical close-out invocation)	2026-09-07T12:08:52.1398990Z Project FPS: 145 (6.89 mspf)
GUT GDScript suite under Godot 4.3 headless (blocking)	Run GUT unit suite (canonical close-out invocation)	2026-09-07T12:08:53.1403756Z Project FPS: 145 (6.89 mspf)
GUT GDScript suite under Godot 4.3 headless (blocking)	Run GUT unit suite (canonical close-out invocation)	2026-09-07T12:08:54.1408515Z Project FPS: 145 (6.89 mspf)
GUT GDScript suite under Godot 4.3 headless (blocking)	Run GUT unit suite (canonical close-out invocation)	2026-09-07T12:08:55.1414253Z Project FPS: 145 (6.89 mspf)
GUT GDScript suite under Godot 4.3 headless (blocking)	Run GUT unit suite (canonical close-out invocation)	2026-09-07T12:08:56.1419409Z Project FPS: 145 (6.89 mspf)
GUT GDScript suite under Godot 4.3 headless (blocking)	Run GUT unit suite (canonical close-out invocation)	2026-09-07T12:08:57.1424603Z Project FPS: 145 (6.89 mspf)
GUT GDScript suite under Godot 4.3 headless (blocking)	Run GUT unit suite (canonical close-out invocation)	2026-09-07T12:08:58.1361062Z Project FPS: 144 (6.94 mspf)
GUT GDScript suite under Godot 4.3 headless (blocking)	Run GUT unit suite (canonical close-out invocation)	2026-09-07T12:08:59.1366430Z Project FPS: 145 (6.89 mspf)
GUT GDScript suite under Godot 4.3 headless (blocking)	Run GUT unit suite (canonical close-out invocation)	2026-09-07T12:09:00.1371490Z Project FPS: 145 (6.89 mspf)
GUT GDScript suite under Godot 4.3 headless (blocking)	Run GUT unit suite (canonical close-out invocation)	2026-09-07T12:09:01.1376033Z Project FPS: 145 (6.89 mspf)
GUT GDScript suite under Godot 4.3 headless (blocking)	Run GUT unit suite (canonical close-out invocation)	2026-09-07T12:09:02.1381359Z Project FPS: 145 (6.89 mspf)
GUT GDScript suite under Godot 4.3 headless (blocking)	Run GUT unit suite (canonical close-out invocation)	2026-09-07T12:09:03.1386705Z Project FPS: 145 (6.89 mspf)
GUT GDScript suite under Godot 4.3 headless (blocking)	Run GUT unit suite (canonical close-out invocation)	2026-09-07T12:09:04.1391184Z Project FPS: 145 (6.89 mspf)
GUT GDScript suite under Godot 4.3 headless (blocking)	Run GUT unit suite (canonical close-out invocation)	2026-09-07T12:09:05.1397440Z Project FPS: 145 (6.89 mspf)
GUT GDScript suite under Godot 4.3 headless (blocking)	Run GUT unit suite (canonical close-out invocation)	2026-09-07T12:09:06.1402111Z Project FPS: 145 (6.89 mspf)
GUT GDScript suite under Godot 4.3 headless (blocking)	Run GUT unit suite (canonical close-out invocation)	2026-09-07T12:09:07.1407113Z Project FPS: 145 (6.89 mspf)
GUT GDScript suite under Godot 4.3 headless (blocking)	Run GUT unit suite (canonical close-out invocation)	2026-09-07T12:09:08.1412335Z Project FPS: 145 (6.89 mspf)
GUT GDScript suite under Godot 4.3 headless (blocking)	Run GUT unit suite (canonical close-out invocation)	2026-09-07T12:09:09.1417831Z Project FPS: 145 (6.89 mspf)
GUT GDScript suite under Godot 4.3 headless (blocking)	Run GUT unit suite (canonical close-out invocation)	2026-09-07T12:09:10.1423185Z Project FPS: 145 (6.89 mspf)
GUT GDScript suite under Godot 4.3 headless (blocking)	Run GUT unit suite (canonical close-out invocation)	2026-09-07T12:09:11.1435755Z Project FPS: 145 (6.89 mspf)
GUT GDScript suite under Godot 4.3 headless (blocking)	Run GUT unit suite (canonical close-out invocation)	2026-09-07T12:09:12.1364475Z Project FPS: 144 (6.94 mspf)
GUT GDScript suite under Godot 4.3 headless (blocking)	Run GUT unit suite (canonical close-out invocation)	2026-09-07T12:09:13.1369167Z Project FPS: 145 (6.89 mspf)
GUT GDScript suite under Godot 4.3 headless (blocking)	Run GUT unit suite (canonical close-out invocation)	2026-09-07T12:09:14.1373737Z Project FPS: 145 (6.89 mspf)
GUT GDScript suite under Godot 4.3 headless (blocking)	Run GUT unit suite (canonical close-out invocation)	2026-09-07T12:09:15.1379938Z Project FPS: 145 (6.89 mspf)
GUT GDScript suite under Godot 4.3 headless (blocking)	Run GUT unit suite (canonical close-out invocation)	2026-09-07T12:09:16.1384486Z Project FPS: 145 (6.89 mspf)
GUT GDScript suite under Godot 4.3 headless (blocking)	Run GUT unit suite (canonical close-out invocation)	2026-09-07T12:09:17.1389824Z Project FPS: 145 (6.89 mspf)
GUT GDScript suite under Godot 4.3 headless (blocking)	Run GUT unit suite (canonical close-out invocation)	2026-09-07T12:09:18.1394908Z Project FPS: 145 (6.89 mspf)
GUT GDScript suite under Godot 4.3 headless (blocking)	Run GUT unit suite (canonical close-out invocation)	2026-09-07T12:09:19.1400454Z Project FPS: 145 (6.89 mspf)
GUT GDScript suite under Godot 4.3 headless (blocking)	Run GUT unit suite (canonical close-out invocation)	2026-09-07T12:09:20.1405662Z Project FPS: 145 (6.89 mspf)
GUT GDScript suite under Godot 4.3 headless (blocking)	Run GUT unit suite (canonical close-out invocation)	2026-09-07T12:09:21.1410434Z Project FPS: 145 (6.89 mspf)
GUT GDScript suite under Godot 4.3 headless (blocking)	Run GUT unit suite (canonical close-out invocation)	2026-09-07T12:09:22.1416422Z Project FPS: 145 (6.89 mspf)
GUT GDScript suite under Godot 4.3 headless (blocking)	Run GUT unit suite (canonical close-out invocation)	2026-09-07T12:09:23.1421037Z Project FPS: 145 (6.89 mspf)
GUT GDScript suite under Godot 4.3 headless (blocking)	Run GUT unit suite (canonical close-out invocation)	2026-09-07T12:09:24.1426240Z Project FPS: 145 (6.89 mspf)
GUT GDScript suite under Godot 4.3 headless (blocking)	Run GUT unit suite (canonical close-out invocation)	2026-09-07T12:09:25.1362461Z Project FPS: 144 (6.94 mspf)
GUT GDScript suite under Godot 4.3 headless (blocking)	Run GUT unit suite (canonical close-out invocation)	2026-09-07T12:09:26.1368029Z Project FPS: 145 (6.89 mspf)
GUT GDScript suite under Godot 4.3 headless (blocking)	Run GUT unit suite (canonical close-out invocation)	2026-09-07T12:09:27.1374097Z Project FPS: 145 (6.89 mspf)
GUT GDScript suite under Godot 4.3 headless (blocking)	Run GUT unit suite (canonical close-out invocation)	2026-09-07T12:09:28.1378478Z Project FPS: 145 (6.89 mspf)
GUT GDScript suite under Godot 4.3 headless (blocking)	Run GUT unit suite (canonical close-out invocation)	2026-09-07T12:09:29.1383590Z Project FPS: 145 (6.89 mspf)
GUT GDScript suite under Godot 4.3 headless (blocking)	Run GUT unit suite (canonical close-out invocation)	2026-09-07T12:09:30.1388655Z Project FPS: 145 (6.89 mspf)
GUT GDScript suite under Godot 4.3 headless (blocking)	Run GUT unit suite (canonical close-out invocation)	2026-09-07T12:09:31.1394194Z Project FPS: 145 (6.89 mspf)
GUT GDScript suite under Godot 4.3 headless (blocking)	Run GUT unit suite (canonical close-out invocation)	2026-09-07T12:09:32.1399130Z Project FPS: 145 (6.89 mspf)
GUT GDScript suite under Godot 4.3 headless (blocking)	Run GUT unit suite (canonical close-out invocation)	2026-09-07T12:09:33.1404066Z Project FPS: 145 (6.89 mspf)
GUT GDScript suite under Godot 4.3 headless (blocking)	Run GUT unit suite (canonical close-out invocation)	2026-09-07T12:09:34.1408863Z Project FPS: 145 (6.89 mspf)
GUT GDScript suite under Godot 4.3 headless (blocking)	Run GUT unit suite (canonical close-out invocation)	2026-09-07T12:09:35.1414618Z Project FPS: 145 (6.89 mspf)
GUT GDScript suite under Godot 4.3 headless (blocking)	Run GUT unit suite (canonical close-out invocation)	2026-09-07T12:09:36.1419078Z Project FPS: 145 (6.89 mspf)
GUT GDScript suite under Godot 4.3 headless (blocking)	Run GUT unit suite (canonical close-out invocation)	2026-09-07T12:09:37.1425215Z Project FPS: 145 (6.89 mspf)
GUT GDScript suite under Godot 4.3 headless (blocking)	Run GUT unit suite (canonical close-out invocation)	2026-09-07T12:09:38.1429393Z Project FPS: 145 (6.89 mspf)
GUT GDScript suite under Godot 4.3 headless (blocking)	Run GUT unit suite (canonical close-out invocation)	2026-09-07T12:09:39.1365849Z Project FPS: 144 (6.94 mspf)
GUT GDScript suite under Godot 4.3 headless (blocking)	Run GUT unit suite (canonical close-out invocation)	2026-09-07T12:09:40.1371131Z Project FPS: 145 (6.89 mspf)
GUT GDScript suite under Godot 4.3 headless (blocking)	Run GUT unit suite (canonical close-out invocation)	2026-09-07T12:09:41.1376825Z Project FPS: 145 (6.89 mspf)
GUT GDScript suite under Godot 4.3 headless (blocking)	Run GUT unit suite (canonical close-out invocation)	2026-09-07T12:09:42.1381954Z Project FPS: 145 (6.89 mspf)
GUT GDScript suite under Godot 4.3 headless (blocking)	Run GUT unit suite (canonical close-out invocation)	2026-09-07T12:09:43.1386756Z Project FPS: 145 (6.89 mspf)
GUT GDScript suite under Godot 4.3 headless (blocking)	Run GUT unit suite (canonical close-out invocation)	2026-09-07T12:09:44.1391106Z Project FPS: 145 (6.89 mspf)
GUT GDScript suite under Godot 4.3 headless (blocking)	Run GUT unit suite (canonical close-out invocation)	2026-09-07T12:09:45.1397611Z Project FPS: 145 (6.89 mspf)
GUT GDScript suite under Godot 4.3 headless (blocking)	Run GUT unit suite (canonical close-out invocation)	2026-09-07T12:09:46.1402640Z Project FPS: 145 (6.89 mspf)
GUT GDScript suite under Godot 4.3 headless (blocking)	Run GUT unit suite (canonical close-out invocation)	2026-09-07T12:09:47.1407928Z Project FPS: 145 (6.89 mspf)
GUT GDScript suite under Godot 4.3 headless (blocking)	Run GUT unit suite (canonical close-out invocation)	2026-09-07T12:09:48.1412478Z Project FPS: 145 (6.89 mspf)
GUT GDScript suite under Godot 4.3 headless (blocking)	Run GUT unit suite (canonical close-out invocation)	2026-09-07T12:09:49.1418463Z Project FPS: 145 (6.89 mspf)
GUT GDScript suite under Godot 4.3 headless (blocking)	Run GUT unit suite (canonical close-out invocation)	2026-09-07T12:09:50.1423214Z Project FPS: 145 (6.89 mspf)
GUT GDScript suite under Godot 4.3 headless (blocking)	Run GUT unit suite (canonical close-out invocation)	2026-09-07T12:09:51.1427803Z Project FPS: 145 (6.89 mspf)
GUT GDScript suite under Godot 4.3 headless (blocking)	Run GUT unit suite (canonical close-out invocation)	2026-09-07T12:09:52.1433836Z Project FPS: 145 (6.89 mspf)
GUT GDScript suite under Godot 4.3 headless (blocking)	Run GUT unit suite (canonical close-out invocation)	2026-09-07T12:09:53.1369562Z Project FPS: 144 (6.94 mspf)
GUT GDScript suite under Godot 4.3 headless (blocking)	Run GUT unit suite (canonical close-out invocation)	2026-09-07T12:09:54.1375062Z Project FPS: 145 (6.89 mspf)
GUT GDScript suite under Godot 4.3 headless (blocking)	Run GUT unit suite (canonical close-out invocation)	2026-09-07T12:09:55.1380186Z Project FPS: 145 (6.89 mspf)
GUT GDScript suite under Godot 4.3 headless (blocking)	Run GUT unit suite (canonical close-out invocation)	2026-09-07T12:09:56.1385552Z Project FPS: 145 (6.89 mspf)
GUT GDScript suite under Godot 4.3 headless (blocking)	Run GUT unit suite (canonical close-out invocation)	2026-09-07T12:09:57.1390349Z Project FPS: 145 (6.89 mspf)
GUT GDScript suite under Godot 4.3 headless (blocking)	Run GUT unit suite (canonical close-out invocation)	2026-09-07T12:09:58.1395224Z Project FPS: 145 (6.89 mspf)
GUT GDScript suite under Godot 4.3 headless (blocking)	Run GUT unit suite (canonical close-out invocation)	2026-09-07T12:09:59.1401116Z Project FPS: 145 (6.89 mspf)
GUT GDScript suite under Godot 4.3 headless (blocking)	Run GUT unit suite (canonical close-out invocation)	2026-09-07T12:10:00.1406495Z Project FPS: 145 (6.89 mspf)
GUT GDScript suite under Godot 4.3 headless (blocking)	Run GUT unit suite (canonical close-out invocation)	2026-09-07T12:10:01.1410879Z Project FPS: 145 (6.89 mspf)
GUT GDScript suite under Godot 4.3 headless (blocking)	Run GUT unit suite (canonical close-out invocation)	2026-09-07T12:10:02.1416074Z Project FPS: 145 (6.89 mspf)
GUT GDScript suite under Godot 4.3 headless (blocking)	Run GUT unit suite (canonical close-out invocation)	2026-09-07T12:10:03.1421659Z Project FPS: 145 (6.89 mspf)
GUT GDScript suite under Godot 4.3 headless (blocking)	Run GUT unit suite (canonical close-out invocation)	2026-09-07T12:10:04.1426469Z Project FPS: 145 (6.89 mspf)
GUT GDScript suite under Godot 4.3 headless (blocking)	Run GUT unit suite (canonical close-out invocation)	2026-09-07T12:10:05.1431931Z Project FPS: 145 (6.89 mspf)
GUT GDScript suite under Godot 4.3 headless (blocking)	Run GUT unit suite (canonical close-out invocation)	2026-09-07T12:10:06.1437071Z Project FPS: 145 (6.89 mspf)
GUT GDScript suite under Godot 4.3 headless (blocking)	Run GUT unit suite (canonical close-out invocation)	2026-09-07T12:10:07.1373303Z Project FPS: 144 (6.94 mspf)
GUT GDScript suite under Godot 4.3 headless (blocking)	Run GUT unit suite (canonical close-out invocation)	2026-09-07T12:10:08.1378512Z Project FPS: 145 (6.89 mspf)
GUT GDScript suite under Godot 4.3 headless (blocking)	Run GUT unit suite (canonical close-out invocation)	2026-09-07T12:10:09.1382852Z Project FPS: 145 (6.89 mspf)
GUT GDScript suite under Godot 4.3 headless (blocking)	Run GUT unit suite (canonical close-out invocation)	2026-09-07T12:10:10.1388894Z Project FPS: 145 (6.89 mspf)
GUT GDScript suite under Godot 4.3 headless (blocking)	Run GUT unit suite (canonical close-out invocation)	2026-09-07T12:10:11.1394097Z Project FPS: 145 (6.89 mspf)
GUT GDScript suite under Godot 4.3 headless (blocking)	Run GUT unit suite (canonical close-out invocation)	2026-09-07T12:10:12.1399277Z Project FPS: 145 (6.89 mspf)
GUT GDScript suite under Godot 4.3 headless (blocking)	Run GUT unit suite (canonical close-out invocation)	2026-09-07T12:10:13.1404585Z Project FPS: 145 (6.89 mspf)
GUT GDScript suite under Godot 4.3 headless (blocking)	Run GUT unit suite (canonical close-out invocation)	2026-09-07T12:10:14.1409717Z Project FPS: 145 (6.89 mspf)
GUT GDScript suite under Godot 4.3 headless (blocking)	Run GUT unit suite (canonical close-out invocation)	2026-09-07T12:10:15.1414989Z Project FPS: 145 (6.89 mspf)
GUT GDScript suite under Godot 4.3 headless (blocking)	Run GUT unit suite (canonical close-out invocation)	2026-09-07T12:10:16.1420125Z Project FPS: 145 (6.89 mspf)
GUT GDScript suite under Godot 4.3 headless (blocking)	Run GUT unit suite (canonical close-out invocation)	2026-09-07T12:10:17.1425260Z Project FPS: 145 (6.89 mspf)
GUT GDScript suite under Godot 4.3 headless (blocking)	Run GUT unit suite (canonical close-out invocation)	2026-09-07T12:10:18.1430522Z Project FPS: 145 (6.89 mspf)
GUT GDScript suite under Godot 4.3 headless (blocking)	Run GUT unit suite (canonical close-out invocation)	2026-09-07T12:10:19.1435657Z Project FPS: 145 (6.89 mspf)
GUT GDScript suite under Godot 4.3 headless (blocking)	Run GUT unit suite (canonical close-out invocation)	2026-09-07T12:10:20.1440934Z Project FPS: 145 (6.89 mspf)
GUT GDScript suite under Godot 4.3 headless (blocking)	Run GUT unit suite (canonical close-out invocation)	2026-09-07T12:10:21.1377153Z Project FPS: 144 (6.94 mspf)
GUT GDScript suite under Godot 4.3 headless (blocking)	Run GUT unit suite (canonical close-out invocation)	2026-09-07T12:10:22.1382276Z Project FPS: 145 (6.89 mspf)
GUT GDScript suite under Godot 4.3 headless (blocking)	Run GUT unit suite (canonical close-out invocation)	2026-09-07T12:10:23.1387470Z Project FPS: 145 (6.89 mspf)
GUT GDScript suite under Godot 4.3 headless (blocking)	Run GUT unit suite (canonical close-out invocation)	2026-09-07T12:10:24.1391643Z Project FPS: 145 (6.89 mspf)
GUT GDScript suite under Godot 4.3 headless (blocking)	Run GUT unit suite (canonical close-out invocation)	2026-09-07T12:10:25.1397867Z Project FPS: 145 (6.89 mspf)
GUT GDScript suite under Godot 4.3 headless (blocking)	Run GUT unit suite (canonical close-out invocation)	2026-09-07T12:10:26.1402944Z Project FPS: 145 (6.89 mspf)
GUT GDScript suite under Godot 4.3 headless (blocking)	Run GUT unit suite (canonical close-out invocation)	2026-09-07T12:10:27.1408273Z Project FPS: 145 (6.89 mspf)
GUT GDScript suite under Godot 4.3 headless (blocking)	Run GUT unit suite (canonical close-out invocation)	2026-09-07T12:10:28.1413262Z Project FPS: 145 (6.89 mspf)
GUT GDScript suite under Godot 4.3 headless (blocking)	Run GUT unit suite (canonical close-out invocation)	2026-09-07T12:10:29.1418429Z Project FPS: 145 (6.89 mspf)
GUT GDScript suite under Godot 4.3 headless (blocking)	Run GUT unit suite (canonical close-out invocation)	2026-09-07T12:10:30.1423483Z Project FPS: 145 (6.89 mspf)
GUT GDScript suite under Godot 4.3 headless (blocking)	Run GUT unit suite (canonical close-out invocation)	2026-09-07T12:10:31.1428673Z Project FPS: 145 (6.89 mspf)
GUT GDScript suite under Godot 4.3 headless (blocking)	Run GUT unit suite (canonical close-out invocation)	2026-09-07T12:10:32.1433816Z Project FPS: 145 (6.89 mspf)
GUT GDScript suite under Godot 4.3 headless (blocking)	Run GUT unit suite (canonical close-out invocation)	2026-09-07T12:10:33.1438914Z Project FPS: 145 (6.89 mspf)
GUT GDScript suite under Godot 4.3 headless (blocking)	Run GUT unit suite (canonical close-out invocation)	2026-09-07T12:10:34.1374519Z Project FPS: 144 (6.94 mspf)
GUT GDScript suite under Godot 4.3 headless (blocking)	Run GUT unit suite (canonical close-out invocation)	2026-09-07T12:10:35.1380286Z Project FPS: 145 (6.89 mspf)
GUT GDScript suite under Godot 4.3 headless (blocking)	Run GUT unit suite (canonical close-out invocation)	2026-09-07T12:10:36.1385487Z Project FPS: 145 (6.89 mspf)
GUT GDScript suite under Godot 4.3 headless (blocking)	Run GUT unit suite (canonical close-out invocation)	2026-09-07T12:10:37.1390646Z Project FPS: 145 (6.89 mspf)
GUT GDScript suite under Godot 4.3 headless (blocking)	Run GUT unit suite (canonical close-out invocation)	2026-09-07T12:10:38.1395887Z Project FPS: 145 (6.89 mspf)
GUT GDScript suite under Godot 4.3 headless (blocking)	Run GUT unit suite (canonical close-out invocation)	2026-09-07T12:10:39.1401021Z Project FPS: 145 (6.89 mspf)
GUT GDScript suite under Godot 4.3 headless (blocking)	Run GUT unit suite (canonical close-out invocation)	2026-09-07T12:10:40.1406217Z Project FPS: 145 (6.89 mspf)
GUT GDScript suite under Godot 4.3 headless (blocking)	Run GUT unit suite (canonical close-out invocation)	2026-09-07T12:10:41.1411493Z Project FPS: 145 (6.89 mspf)
GUT GDScript suite under Godot 4.3 headless (blocking)	Run GUT unit suite (canonical close-out invocation)	2026-09-07T12:10:42.1416624Z Project FPS: 145 (6.89 mspf)
GUT GDScript suite under Godot 4.3 headless (blocking)	Run GUT unit suite (canonical close-out invocation)	2026-09-07T12:10:43.1421819Z Project FPS: 145 (6.89 mspf)
GUT GDScript suite under Godot 4.3 headless (blocking)	Run GUT unit suite (canonical close-out invocation)	2026-09-07T12:10:44.1426895Z Project FPS: 145 (6.89 mspf)
GUT GDScript suite under Godot 4.3 headless (blocking)	Run GUT unit suite (canonical close-out invocation)	2026-09-07T12:10:45.1432179Z Project FPS: 145 (6.89 mspf)
GUT GDScript suite under Godot 4.3 headless (blocking)	Run GUT unit suite (canonical close-out invocation)	2026-09-07T12:10:46.1437353Z Project FPS: 145 (6.89 mspf)
GUT GDScript suite under Godot 4.3 headless (blocking)	Run GUT unit suite (canonical close-out invocation)	2026-09-07T12:10:47.1442355Z Project FPS: 145 (6.89 mspf)
GUT GDScript suite under Godot 4.3 headless (blocking)	Run GUT unit suite (canonical close-out invocation)	2026-09-07T12:10:48.1378384Z Project FPS: 144 (6.94 mspf)
GUT GDScript suite under Godot 4.3 headless (blocking)	Run GUT unit suite (canonical close-out invocation)	2026-09-07T12:10:49.1383967Z Project FPS: 145 (6.89 mspf)
GUT GDScript suite under Godot 4.3 headless (blocking)	Run GUT unit suite (canonical close-out invocation)	2026-09-07T12:10:50.1388800Z Project FPS: 145 (6.89 mspf)
GUT GDScript suite under Godot 4.3 headless (blocking)	Run GUT unit suite (canonical close-out invocation)	2026-09-07T12:10:51.1394008Z Project FPS: 145 (6.89 mspf)
GUT GDScript suite under Godot 4.3 headless (blocking)	Run GUT unit suite (canonical close-out invocation)	2026-09-07T12:10:52.1399374Z Project FPS: 145 (6.89 mspf)
GUT GDScript suite under Godot 4.3 headless (blocking)	Run GUT unit suite (canonical close-out invocation)	2026-09-07T12:10:53.1404894Z Project FPS: 145 (6.89 mspf)
GUT GDScript suite under Godot 4.3 headless (blocking)	Run GUT unit suite (canonical close-out invocation)	2026-09-07T12:10:54.1408587Z Project FPS: 145 (6.89 mspf)
GUT GDScript suite under Godot 4.3 headless (blocking)	Run GUT unit suite (canonical close-out invocation)	2026-09-07T12:10:55.1414573Z Project FPS: 145 (6.89 mspf)
GUT GDScript suite under Godot 4.3 headless (blocking)	Run GUT unit suite (canonical close-out invocation)	2026-09-07T12:10:56.1420295Z Project FPS: 145 (6.89 mspf)
GUT GDScript suite under Godot 4.3 headless (blocking)	Run GUT unit suite (canonical close-out invocation)	2026-09-07T12:10:57.1425145Z Project FPS: 145 (6.89 mspf)
GUT GDScript suite under Godot 4.3 headless (blocking)	Run GUT unit suite (canonical close-out invocation)	2026-09-07T12:10:58.1430170Z Project FPS: 145 (6.89 mspf)
GUT GDScript suite under Godot 4.3 headless (blocking)	Run GUT unit suite (canonical close-out invocation)	2026-09-07T12:10:59.1435809Z Project FPS: 145 (6.89 mspf)
GUT GDScript suite under Godot 4.3 headless (blocking)	Run GUT unit suite (canonical close-out invocation)	2026-09-07T12:11:00.1441000Z Project FPS: 145 (6.89 mspf)
GUT GDScript suite under Godot 4.3 headless (blocking)	Run GUT unit suite (canonical close-out invocation)	2026-09-07T12:11:01.1445838Z Project FPS: 145 (6.89 mspf)
GUT GDScript suite under Godot 4.3 headless (blocking)	Run GUT unit suite (canonical close-out invocation)	2026-09-07T12:11:02.1382177Z Project FPS: 144 (6.94 mspf)
GUT GDScript suite under Godot 4.3 headless (blocking)	Run GUT unit suite (canonical close-out invocation)	2026-09-07T12:11:03.1387231Z Project FPS: 145 (6.89 mspf)
GUT GDScript suite under Godot 4.3 headless (blocking)	Run GUT unit suite (canonical close-out invocation)	2026-09-07T12:11:04.1392476Z Project FPS: 145 (6.89 mspf)
GUT GDScript suite under Godot 4.3 headless (blocking)	Run GUT unit suite (canonical close-out invocation)	2026-09-07T12:11:05.1397374Z Project FPS: 145 (6.89 mspf)
GUT GDScript suite under Godot 4.3 headless (blocking)	Run GUT unit suite (canonical close-out invocation)	2026-09-07T12:11:06.1402734Z Project FPS: 145 (6.89 mspf)
GUT GDScript suite under Godot 4.3 headless (blocking)	Run GUT unit suite (canonical close-out invocation)	2026-09-07T12:11:07.1408163Z Project FPS: 145 (6.89 mspf)
GUT GDScript suite under Godot 4.3 headless (blocking)	Run GUT unit suite (canonical close-out invocation)	2026-09-07T12:11:08.1413526Z Project FPS: 145 (6.89 mspf)
GUT GDScript suite under Godot 4.3 headless (blocking)	Run GUT unit suite (canonical close-out invocation)	2026-09-07T12:11:09.1418657Z Project FPS: 145 (6.89 mspf)
GUT GDScript suite under Godot 4.3 headless (blocking)	Run GUT unit suite (canonical close-out invocation)	2026-09-07T12:11:10.1423681Z Project FPS: 145 (6.89 mspf)
GUT GDScript suite under Godot 4.3 headless (blocking)	Run GUT unit suite (canonical close-out invocation)	2026-09-07T12:11:11.1429054Z Project FPS: 145 (6.89 mspf)
GUT GDScript suite under Godot 4.3 headless (blocking)	Run GUT unit suite (canonical close-out invocation)	2026-09-07T12:11:12.1434297Z Project FPS: 145 (6.89 mspf)
GUT GDScript suite under Godot 4.3 headless (blocking)	Run GUT unit suite (canonical close-out invocation)	2026-09-07T12:11:13.1439323Z Project FPS: 145 (6.89 mspf)
GUT GDScript suite under Godot 4.3 headless (blocking)	Run GUT unit suite (canonical close-out invocation)	2026-09-07T12:11:14.1444045Z Project FPS: 145 (6.89 mspf)
GUT GDScript suite under Godot 4.3 headless (blocking)	Run GUT unit suite (canonical close-out invocation)	2026-09-07T12:11:15.1449359Z Project FPS: 145 (6.89 mspf)
GUT GDScript suite under Godot 4.3 headless (blocking)	Run GUT unit suite (canonical close-out invocation)	2026-09-07T12:11:16.1385838Z Project FPS: 144 (6.94 mspf)
GUT GDScript suite under Godot 4.3 headless (blocking)	Run GUT unit suite (canonical close-out invocation)	2026-09-07T12:11:17.1391188Z Project FPS: 145 (6.89 mspf)
GUT GDScript suite under Godot 4.3 headless (blocking)	Run GUT unit suite (canonical close-out invocation)	2026-09-07T12:11:18.1396323Z Project FPS: 145 (6.89 mspf)
GUT GDScript suite under Godot 4.3 headless (blocking)	Run GUT unit suite (canonical close-out invocation)	2026-09-07T12:11:19.1401375Z Project FPS: 145 (6.89 mspf)
GUT GDScript suite under Godot 4.3 headless (blocking)	Run GUT unit suite (canonical close-out invocation)	2026-09-07T12:11:20.1406565Z Project FPS: 145 (6.89 mspf)
GUT GDScript suite under Godot 4.3 headless (blocking)	Run GUT unit suite (canonical close-out invocation)	2026-09-07T12:11:21.1412024Z Project FPS: 145 (6.89 mspf)
GUT GDScript suite under Godot 4.3 headless (blocking)	Run GUT unit suite (canonical close-out invocation)	2026-09-07T12:11:22.1417099Z Project FPS: 145 (6.89 mspf)
GUT GDScript suite under Godot 4.3 headless (blocking)	Run GUT unit suite (canonical close-out invocation)	2026-09-07T12:11:23.1422270Z Project FPS: 145 (6.89 mspf)
GUT GDScript suite under Godot 4.3 headless (blocking)	Run GUT unit suite (canonical close-out invocation)	2026-09-07T12:11:24.1427549Z Project FPS: 145 (6.89 mspf)
GUT GDScript suite under Godot 4.3 headless (blocking)	Run GUT unit suite (canonical close-out invocation)	2026-09-07T12:11:25.1432735Z Project FPS: 145 (6.89 mspf)
GUT GDScript suite under Godot 4.3 headless (blocking)	Run GUT unit suite (canonical close-out invocation)	2026-09-07T12:11:26.1437904Z Project FPS: 145 (6.89 mspf)
GUT GDScript suite under Godot 4.3 headless (blocking)	Run GUT unit suite (canonical close-out invocation)	2026-09-07T12:11:27.1443027Z Project FPS: 145 (6.89 mspf)
GUT GDScript suite under Godot 4.3 headless (blocking)	Run GUT unit suite (canonical close-out invocation)	2026-09-07T12:11:28.1447958Z Project FPS: 145 (6.89 mspf)
GUT GDScript suite under Godot 4.3 headless (blocking)	Run GUT unit suite (canonical close-out invocation)	2026-09-07T12:11:29.1453190Z Project FPS: 145 (6.89 mspf)
GUT GDScript suite under Godot 4.3 headless (blocking)	Run GUT unit suite (canonical close-out invocation)	2026-09-07T12:11:30.1389373Z Project FPS: 144 (6.94 mspf)
GUT GDScript suite under Godot 4.3 headless (blocking)	Run GUT unit suite (canonical close-out invocation)	2026-09-07T12:11:31.1394809Z Project FPS: 145 (6.89 mspf)
GUT GDScript suite under Godot 4.3 headless (blocking)	Run GUT unit suite (canonical close-out invocation)	2026-09-07T12:11:32.1400020Z Project FPS: 145 (6.89 mspf)
GUT GDScript suite under Godot 4.3 headless (blocking)	Run GUT unit suite (canonical close-out invocation)	2026-09-07T12:11:33.1405089Z Project FPS: 145 (6.89 mspf)
GUT GDScript suite under Godot 4.3 headless (blocking)	Run GUT unit suite (canonical close-out invocation)	2026-09-07T12:11:34.1409728Z Project FPS: 145 (6.89 mspf)
GUT GDScript suite under Godot 4.3 headless (blocking)	Run GUT unit suite (canonical close-out invocation)	2026-09-07T12:11:35.1415628Z Project FPS: 145 (6.89 mspf)
GUT GDScript suite under Godot 4.3 headless (blocking)	Run GUT unit suite (canonical close-out invocation)	2026-09-07T12:11:36.1420832Z Project FPS: 145 (6.89 mspf)
GUT GDScript suite under Godot 4.3 headless (blocking)	Run GUT unit suite (canonical close-out invocation)	2026-09-07T12:11:37.1425964Z Project FPS: 145 (6.89 mspf)
GUT GDScript suite under Godot 4.3 headless (blocking)	Run GUT unit suite (canonical close-out invocation)	2026-09-07T12:11:38.1431361Z Project FPS: 145 (6.89 mspf)
GUT GDScript suite under Godot 4.3 headless (blocking)	Run GUT unit suite (canonical close-out invocation)	2026-09-07T12:11:39.1436444Z Project FPS: 145 (6.89 mspf)
GUT GDScript suite under Godot 4.3 headless (blocking)	Run GUT unit suite (canonical close-out invocation)	2026-09-07T12:11:40.1441535Z Project FPS: 145 (6.89 mspf)
GUT GDScript suite under Godot 4.3 headless (blocking)	Run GUT unit suite (canonical close-out invocation)	2026-09-07T12:11:41.1446694Z Project FPS: 145 (6.89 mspf)
GUT GDScript suite under Godot 4.3 headless (blocking)	Run GUT unit suite (canonical close-out invocation)	2026-09-07T12:11:42.1451966Z Project FPS: 145 (6.89 mspf)
GUT GDScript suite under Godot 4.3 headless (blocking)	Run GUT unit suite (canonical close-out invocation)	2026-09-07T12:11:43.1388012Z Project FPS: 144 (6.94 mspf)
GUT GDScript suite under Godot 4.3 headless (blocking)	Run GUT unit suite (canonical close-out invocation)	2026-09-07T12:11:44.1393173Z Project FPS: 145 (6.89 mspf)
GUT GDScript suite under Godot 4.3 headless (blocking)	Run GUT unit suite (canonical close-out invocation)	2026-09-07T12:11:45.1398560Z Project FPS: 145 (6.89 mspf)
GUT GDScript suite under Godot 4.3 headless (blocking)	Run GUT unit suite (canonical close-out invocation)	2026-09-07T12:11:46.1403866Z Project FPS: 145 (6.89 mspf)
GUT GDScript suite under Godot 4.3 headless (blocking)	Run GUT unit suite (canonical close-out invocation)	2026-09-07T12:11:47.1409007Z Project FPS: 145 (6.89 mspf)
GUT GDScript suite under Godot 4.3 headless (blocking)	Run GUT unit suite (canonical close-out invocation)	2026-09-07T12:11:48.1414243Z Project FPS: 145 (6.89 mspf)
GUT GDScript suite under Godot 4.3 headless (blocking)	Run GUT unit suite (canonical close-out invocation)	2026-09-07T12:11:49.1419370Z Project FPS: 145 (6.89 mspf)
GUT GDScript suite under Godot 4.3 headless (blocking)	Run GUT unit suite (canonical close-out invocation)	2026-09-07T12:11:50.1424458Z Project FPS: 145 (6.89 mspf)
GUT GDScript suite under Godot 4.3 headless (blocking)	Run GUT unit suite (canonical close-out invocation)	2026-09-07T12:11:51.1429650Z Project FPS: 145 (6.89 mspf)
GUT GDScript suite under Godot 4.3 headless (blocking)	Run GUT unit suite (canonical close-out invocation)	2026-09-07T12:11:52.1434554Z Project FPS: 145 (6.89 mspf)
GUT GDScript suite under Godot 4.3 headless (blocking)	Run GUT unit suite (canonical close-out invocation)	2026-09-07T12:11:53.1439955Z Project FPS: 145 (6.89 mspf)
GUT GDScript suite under Godot 4.3 headless (blocking)	Run GUT unit suite (canonical close-out invocation)	2026-09-07T12:11:54.1445160Z Project FPS: 145 (6.89 mspf)
GUT GDScript suite under Godot 4.3 headless (blocking)	Run GUT unit suite (canonical close-out invocation)	2026-09-07T12:11:55.1450229Z Project FPS: 145 (6.89 mspf)
GUT GDScript suite under Godot 4.3 headless (blocking)	Run GUT unit suite (canonical close-out invocation)	2026-09-07T12:11:56.1455355Z Project FPS: 145 (6.89 mspf)
GUT GDScript suite under Godot 4.3 headless (blocking)	Run GUT unit suite (canonical close-out invocation)	2026-09-07T12:11:57.1391810Z Project FPS: 144 (6.94 mspf)
GUT GDScript suite under Godot 4.3 headless (blocking)	Run GUT unit suite (canonical close-out invocation)	2026-09-07T12:11:58.1396969Z Project FPS: 145 (6.89 mspf)
GUT GDScript suite under Godot 4.3 headless (blocking)	Run GUT unit suite (canonical close-out invocation)	2026-09-07T12:11:59.1402117Z Project FPS: 145 (6.89 mspf)
GUT GDScript suite under Godot 4.3 headless (blocking)	Run GUT unit suite (canonical close-out invocation)	2026-09-07T12:12:00.1406865Z Project FPS: 145 (6.89 mspf)
GUT GDScript suite under Godot 4.3 headless (blocking)	Run GUT unit suite (canonical close-out invocation)	2026-09-07T12:12:01.1412611Z Project FPS: 145 (6.89 mspf)
GUT GDScript suite under Godot 4.3 headless (blocking)	Run GUT unit suite (canonical close-out invocation)	2026-09-07T12:12:02.1417807Z Project FPS: 145 (6.89 mspf)
GUT GDScript suite under Godot 4.3 headless (blocking)	Run GUT unit suite (canonical close-out invocation)	2026-09-07T12:12:03.1422231Z Project FPS: 145 (6.89 mspf)
GUT GDScript suite under Godot 4.3 headless (blocking)	Run GUT unit suite (canonical close-out invocation)	2026-09-07T12:12:04.1428364Z Project FPS: 145 (6.89 mspf)
GUT GDScript suite under Godot 4.3 headless (blocking)	Run GUT unit suite (canonical close-out invocation)	2026-09-07T12:12:05.1433360Z Project FPS: 145 (6.89 mspf)
GUT GDScript suite under Godot 4.3 headless (blocking)	Run GUT unit suite (canonical close-out invocation)	2026-09-07T12:12:06.1438361Z Project FPS: 145 (6.89 mspf)
GUT GDScript suite under Godot 4.3 headless (blocking)	Run GUT unit suite (canonical close-out invocation)	2026-09-07T12:12:07.1443479Z Project FPS: 145 (6.89 mspf)
GUT GDScript suite under Godot 4.3 headless (blocking)	Run GUT unit suite (canonical close-out invocation)	2026-09-07T12:12:08.1448647Z Project FPS: 145 (6.89 mspf)
GUT GDScript suite under Godot 4.3 headless (blocking)	Run GUT unit suite (canonical close-out invocation)	2026-09-07T12:12:09.1453708Z Project FPS: 145 (6.89 mspf)
GUT GDScript suite under Godot 4.3 headless (blocking)	Run GUT unit suite (canonical close-out invocation)	2026-09-07T12:12:10.1459443Z Project FPS: 145 (6.89 mspf)
GUT GDScript suite under Godot 4.3 headless (blocking)	Run GUT unit suite (canonical close-out invocation)	2026-09-07T12:12:11.1395535Z Project FPS: 144 (6.94 mspf)
GUT GDScript suite under Godot 4.3 headless (blocking)	Run GUT unit suite (canonical close-out invocation)	2026-09-07T12:12:12.1400676Z Project FPS: 145 (6.89 mspf)
GUT GDScript suite under Godot 4.3 headless (blocking)	Run GUT unit suite (canonical close-out invocation)	2026-09-07T12:12:13.1405794Z Project FPS: 145 (6.89 mspf)
GUT GDScript suite under Godot 4.3 headless (blocking)	Run GUT unit suite (canonical close-out invocation)	2026-09-07T12:12:14.1410587Z Project FPS: 145 (6.89 mspf)
GUT GDScript suite under Godot 4.3 headless (blocking)	Run GUT unit suite (canonical close-out invocation)	2026-09-07T12:12:15.1416038Z Project FPS: 145 (6.89 mspf)
GUT GDScript suite under Godot 4.3 headless (blocking)	Run GUT unit suite (canonical close-out invocation)	2026-09-07T12:12:16.1421166Z Project FPS: 145 (6.89 mspf)
GUT GDScript suite under Godot 4.3 headless (blocking)	Run GUT unit suite (canonical close-out invocation)	2026-09-07T12:12:17.1426429Z Project FPS: 145 (6.89 mspf)
GUT GDScript suite under Godot 4.3 headless (blocking)	Run GUT unit suite (canonical close-out invocation)	2026-09-07T12:12:18.1431614Z Project FPS: 145 (6.89 mspf)
GUT GDScript suite under Godot 4.3 headless (blocking)	Run GUT unit suite (canonical close-out invocation)	2026-09-07T12:12:19.1436554Z Project FPS: 145 (6.89 mspf)
GUT GDScript suite under Godot 4.3 headless (blocking)	Run GUT unit suite (canonical close-out invocation)	2026-09-07T12:12:20.1442026Z Project FPS: 145 (6.89 mspf)
GUT GDScript suite under Godot 4.3 headless (blocking)	Run GUT unit suite (canonical close-out invocation)	2026-09-07T12:12:21.1447469Z Project FPS: 145 (6.89 mspf)
GUT GDScript suite under Godot 4.3 headless (blocking)	Run GUT unit suite (canonical close-out invocation)	2026-09-07T12:12:22.1452299Z Project FPS: 145 (6.89 mspf)
GUT GDScript suite under Godot 4.3 headless (blocking)	Run GUT unit suite (canonical close-out invocation)	2026-09-07T12:12:23.1457879Z Project FPS: 145 (6.89 mspf)
GUT GDScript suite under Godot 4.3 headless (blocking)	Run GUT unit suite (canonical close-out invocation)	2026-09-07T12:12:24.1462531Z Project FPS: 145 (6.89 mspf)
GUT GDScript suite under Godot 4.3 headless (blocking)	Run GUT unit suite (canonical close-out invocation)	2026-09-07T12:12:25.1399414Z Project FPS: 144 (6.94 mspf)
GUT GDScript suite under Godot 4.3 headless (blocking)	Run GUT unit suite (canonical close-out invocation)	2026-09-07T12:12:26.1404593Z Project FPS: 145 (6.89 mspf)
GUT GDScript suite under Godot 4.3 headless (blocking)	Run GUT unit suite (canonical close-out invocation)	2026-09-07T12:12:27.1409720Z Project FPS: 145 (6.89 mspf)
GUT GDScript suite under Godot 4.3 headless (blocking)	Run GUT unit suite (canonical close-out invocation)	2026-09-07T12:12:28.1415018Z Project FPS: 145 (6.89 mspf)
GUT GDScript suite under Godot 4.3 headless (blocking)	Run GUT unit suite (canonical close-out invocation)	2026-09-07T12:12:29.1419884Z Project FPS: 145 (6.89 mspf)
GUT GDScript suite under Godot 4.3 headless (blocking)	Run GUT unit suite (canonical close-out invocation)	2026-09-07T12:12:30.1425442Z Project FPS: 145 (6.89 mspf)
GUT GDScript suite under Godot 4.3 headless (blocking)	Run GUT unit suite (canonical close-out invocation)	2026-09-07T12:12:31.1430576Z Project FPS: 145 (6.89 mspf)
GUT GDScript suite under Godot 4.3 headless (blocking)	Run GUT unit suite (canonical close-out invocation)	2026-09-07T12:12:32.1435339Z Project FPS: 145 (6.89 mspf)
GUT GDScript suite under Godot 4.3 headless (blocking)	Run GUT unit suite (canonical close-out invocation)	2026-09-07T12:12:33.1440909Z Project FPS: 145 (6.89 mspf)
GUT GDScript suite under Godot 4.3 headless (blocking)	Run GUT unit suite (canonical close-out invocation)	2026-09-07T12:12:34.1445959Z Project FPS: 145 (6.89 mspf)
GUT GDScript suite under Godot 4.3 headless (blocking)	Run GUT unit suite (canonical close-out invocation)	2026-09-07T12:12:35.1451343Z Project FPS: 145 (6.89 mspf)
GUT GDScript suite under Godot 4.3 headless (blocking)	Run GUT unit suite (canonical close-out invocation)	2026-09-07T12:12:36.1456474Z Project FPS: 145 (6.89 mspf)
GUT GDScript suite under Godot 4.3 headless (blocking)	Run GUT unit suite (canonical close-out invocation)	2026-09-07T12:12:37.1461773Z Project FPS: 145 (6.89 mspf)
GUT GDScript suite under Godot 4.3 headless (blocking)	Run GUT unit suite (canonical close-out invocation)	2026-09-07T12:12:38.1466774Z Project FPS: 145 (6.89 mspf)
GUT GDScript suite under Godot 4.3 headless (blocking)	Run GUT unit suite (canonical close-out invocation)	2026-09-07T12:12:39.1402765Z Project FPS: 144 (6.94 mspf)
GUT GDScript suite under Godot 4.3 headless (blocking)	Run GUT unit suite (canonical close-out invocation)	2026-09-07T12:12:40.1407964Z Project FPS: 145 (6.89 mspf)
GUT GDScript suite under Godot 4.3 headless (blocking)	Run GUT unit suite (canonical close-out invocation)	2026-09-07T12:12:41.1413201Z Project FPS: 145 (6.89 mspf)
GUT GDScript suite under Godot 4.3 headless (blocking)	Run GUT unit suite (canonical close-out invocation)	2026-09-07T12:12:42.1418424Z Project FPS: 145 (6.89 mspf)
GUT GDScript suite under Godot 4.3 headless (blocking)	Run GUT unit suite (canonical close-out invocation)	2026-09-07T12:12:43.1423365Z Project FPS: 145 (6.89 mspf)
GUT GDScript suite under Godot 4.3 headless (blocking)	Run GUT unit suite (canonical close-out invocation)	2026-09-07T12:12:44.1428788Z Project FPS: 145 (6.89 mspf)
GUT GDScript suite under Godot 4.3 headless (blocking)	Run GUT unit suite (canonical close-out invocation)	2026-09-07T12:12:45.1433971Z Project FPS: 145 (6.89 mspf)
GUT GDScript suite under Godot 4.3 headless (blocking)	Run GUT unit suite (canonical close-out invocation)	2026-09-07T12:12:46.1439247Z Project FPS: 145 (6.89 mspf)
GUT GDScript suite under Godot 4.3 headless (blocking)	Run GUT unit suite (canonical close-out invocation)	2026-09-07T12:12:47.1445189Z Project FPS: 145 (6.89 mspf)
GUT GDScript suite under Godot 4.3 headless (blocking)	Run GUT unit suite (canonical close-out invocation)	2026-09-07T12:12:48.1449846Z Project FPS: 145 (6.89 mspf)
GUT GDScript suite under Godot 4.3 headless (blocking)	Run GUT unit suite (canonical close-out invocation)	2026-09-07T12:12:49.1455061Z Project FPS: 145 (6.89 mspf)
GUT GDScript suite under Godot 4.3 headless (blocking)	Run GUT unit suite (canonical close-out invocation)	2026-09-07T12:12:50.1460139Z Project FPS: 145 (6.89 mspf)
GUT GDScript suite under Godot 4.3 headless (blocking)	Run GUT unit suite (canonical close-out invocation)	2026-09-07T12:12:51.1465266Z Project FPS: 145 (6.89 mspf)
GUT GDScript suite under Godot 4.3 headless (blocking)	Run GUT unit suite (canonical close-out invocation)	2026-09-07T12:12:52.1401466Z Project FPS: 144 (6.94 mspf)
GUT GDScript suite under Godot 4.3 headless (blocking)	Run GUT unit suite (canonical close-out invocation)	2026-09-07T12:12:53.1406397Z Project FPS: 145 (6.89 mspf)
GUT GDScript suite under Godot 4.3 headless (blocking)	Run GUT unit suite (canonical close-out invocation)	2026-09-07T12:12:54.1411258Z Project FPS: 145 (6.89 mspf)
GUT GDScript suite under Godot 4.3 headless (blocking)	Run GUT unit suite (canonical close-out invocation)	2026-09-07T12:12:55.1416905Z Project FPS: 145 (6.89 mspf)
GUT GDScript suite under Godot 4.3 headless (blocking)	Run GUT unit suite (canonical close-out invocation)	2026-09-07T12:12:56.1422365Z Project FPS: 145 (6.89 mspf)
GUT GDScript suite under Godot 4.3 headless (blocking)	Run GUT unit suite (canonical close-out invocation)	2026-09-07T12:12:57.1427528Z Project FPS: 145 (6.89 mspf)
GUT GDScript suite under Godot 4.3 headless (blocking)	Run GUT unit suite (canonical close-out invocation)	2026-09-07T12:12:58.1432188Z Project FPS: 145 (6.89 mspf)
GUT GDScript suite under Godot 4.3 headless (blocking)	Run GUT unit suite (canonical close-out invocation)	2026-09-07T12:12:59.1437587Z Project FPS: 145 (6.89 mspf)
GUT GDScript suite under Godot 4.3 headless (blocking)	Run GUT unit suite (canonical close-out invocation)	2026-09-07T12:13:00.1442997Z Project FPS: 145 (6.89 mspf)
GUT GDScript suite under Godot 4.3 headless (blocking)	Run GUT unit suite (canonical close-out invocation)	2026-09-07T12:13:01.1448088Z Project FPS: 145 (6.89 mspf)
GUT GDScript suite under Godot 4.3 headless (blocking)	Run GUT unit suite (canonical close-out invocation)	2026-09-07T12:13:02.1452878Z Project FPS: 145 (6.89 mspf)
GUT GDScript suite under Godot 4.3 headless (blocking)	Run GUT unit suite (canonical close-out invocation)	2026-09-07T12:13:03.1458440Z Project FPS: 145 (6.89 mspf)
GUT GDScript suite under Godot 4.3 headless (blocking)	Run GUT unit suite (canonical close-out invocation)	2026-09-07T12:13:04.1463657Z Project FPS: 145 (6.89 mspf)
GUT GDScript suite under Godot 4.3 headless (blocking)	Run GUT unit suite (canonical close-out invocation)	2026-09-07T12:13:05.1468967Z Project FPS: 145 (6.89 mspf)
GUT GDScript suite under Godot 4.3 headless (blocking)	Run GUT unit suite (canonical close-out invocation)	2026-09-07T12:13:06.1405009Z Project FPS: 144 (6.94 mspf)
GUT GDScript suite under Godot 4.3 headless (blocking)	Run GUT unit suite (canonical close-out invocation)	2026-09-07T12:13:07.1410153Z Project FPS: 145 (6.89 mspf)
GUT GDScript suite under Godot 4.3 headless (blocking)	Run GUT unit suite (canonical close-out invocation)	2026-09-07T12:13:08.1415528Z Project FPS: 145 (6.89 mspf)
GUT GDScript suite under Godot 4.3 headless (blocking)	Run GUT unit suite (canonical close-out invocation)	2026-09-07T12:13:09.1420323Z Project FPS: 145 (6.89 mspf)
GUT GDScript suite under Godot 4.3 headless (blocking)	Run GUT unit suite (canonical close-out invocation)	2026-09-07T12:13:10.1425856Z Project FPS: 145 (6.89 mspf)
GUT GDScript suite under Godot 4.3 headless (blocking)	Run GUT unit suite (canonical close-out invocation)	2026-09-07T12:13:11.1431316Z Project FPS: 145 (6.89 mspf)
GUT GDScript suite under Godot 4.3 headless (blocking)	Run GUT unit suite (canonical close-out invocation)	2026-09-07T12:13:12.1436485Z Project FPS: 145 (6.89 mspf)
GUT GDScript suite under Godot 4.3 headless (blocking)	Run GUT unit suite (canonical close-out invocation)	2026-09-07T12:13:13.1441533Z Project FPS: 145 (6.89 mspf)
GUT GDScript suite under Godot 4.3 headless (blocking)	Run GUT unit suite (canonical close-out invocation)	2026-09-07T12:13:14.1446808Z Project FPS: 145 (6.89 mspf)
GUT GDScript suite under Godot 4.3 headless (blocking)	Run GUT unit suite (canonical close-out invocation)	2026-09-07T12:13:15.1452012Z Project FPS: 145 (6.89 mspf)
GUT GDScript suite under Godot 4.3 headless (blocking)	Run GUT unit suite (canonical close-out invocation)	2026-09-07T12:13:16.1456845Z Project FPS: 145 (6.89 mspf)
GUT GDScript suite under Godot 4.3 headless (blocking)	Run GUT unit suite (canonical close-out invocation)	2026-09-07T12:13:17.1461748Z Project FPS: 145 (6.89 mspf)
GUT GDScript suite under Godot 4.3 headless (blocking)	Run GUT unit suite (canonical close-out invocation)	2026-09-07T12:13:18.1467594Z Project FPS: 145 (6.89 mspf)
GUT GDScript suite under Godot 4.3 headless (blocking)	Run GUT unit suite (canonical close-out invocation)	2026-09-07T12:13:19.1472683Z Project FPS: 145 (6.89 mspf)
GUT GDScript suite under Godot 4.3 headless (blocking)	Run GUT unit suite (canonical close-out invocation)	2026-09-07T12:13:20.1409003Z Project FPS: 144 (6.94 mspf)
GUT GDScript suite under Godot 4.3 headless (blocking)	Run GUT unit suite (canonical close-out invocation)	2026-09-07T12:13:21.1414166Z Project FPS: 145 (6.89 mspf)
GUT GDScript suite under Godot 4.3 headless (blocking)	Run GUT unit suite (canonical close-out invocation)	2026-09-07T12:13:22.1419407Z Project FPS: 145 (6.89 mspf)
GUT GDScript suite under Godot 4.3 headless (blocking)	Run GUT unit suite (canonical close-out invocation)	2026-09-07T12:13:23.1424635Z Project FPS: 145 (6.89 mspf)
GUT GDScript suite under Godot 4.3 headless (blocking)	Run GUT unit suite (canonical close-out invocation)	2026-09-07T12:13:24.1429256Z Project FPS: 145 (6.89 mspf)
GUT GDScript suite under Godot 4.3 headless (blocking)	Run GUT unit suite (canonical close-out invocation)	2026-09-07T12:13:25.1434849Z Project FPS: 145 (6.89 mspf)
GUT GDScript suite under Godot 4.3 headless (blocking)	Run GUT unit suite (canonical close-out invocation)	2026-09-07T12:13:26.1439983Z Project FPS: 145 (6.89 mspf)
GUT GDScript suite under Godot 4.3 headless (blocking)	Run GUT unit suite (canonical close-out invocation)	2026-09-07T12:13:27.1444948Z Project FPS: 145 (6.89 mspf)
GUT GDScript suite under Godot 4.3 headless (blocking)	Run GUT unit suite (canonical close-out invocation)	2026-09-07T12:13:28.1450432Z Project FPS: 145 (6.89 mspf)
GUT GDScript suite under Godot 4.3 headless (blocking)	Run GUT unit suite (canonical close-out invocation)	2026-09-07T12:13:29.1455596Z Project FPS: 145 (6.89 mspf)
GUT GDScript suite under Godot 4.3 headless (blocking)	Run GUT unit suite (canonical close-out invocation)	2026-09-07T12:13:30.1460665Z Project FPS: 145 (6.89 mspf)
GUT GDScript suite under Godot 4.3 headless (blocking)	Run GUT unit suite (canonical close-out invocation)	2026-09-07T12:13:31.1466104Z Project FPS: 145 (6.89 mspf)
GUT GDScript suite under Godot 4.3 headless (blocking)	Run GUT unit suite (canonical close-out invocation)	2026-09-07T12:13:32.1471046Z Project FPS: 145 (6.89 mspf)
GUT GDScript suite under Godot 4.3 headless (blocking)	Run GUT unit suite (canonical close-out invocation)	2026-09-07T12:13:33.1476303Z Project FPS: 145 (6.89 mspf)
GUT GDScript suite under Godot 4.3 headless (blocking)	Run GUT unit suite (canonical close-out invocation)	2026-09-07T12:13:34.1412055Z Project FPS: 144 (6.94 mspf)
GUT GDScript suite under Godot 4.3 headless (blocking)	Run GUT unit suite (canonical close-out invocation)	2026-09-07T12:13:35.1417804Z Project FPS: 145 (6.89 mspf)
GUT GDScript suite under Godot 4.3 headless (blocking)	Run GUT unit suite (canonical close-out invocation)	2026-09-07T12:13:36.1422865Z Project FPS: 145 (6.89 mspf)
GUT GDScript suite under Godot 4.3 headless (blocking)	Run GUT unit suite (canonical close-out invocation)	2026-09-07T12:13:37.1428214Z Project FPS: 145 (6.89 mspf)
GUT GDScript suite under Godot 4.3 headless (blocking)	Run GUT unit suite (canonical close-out invocation)	2026-09-07T12:13:38.1432956Z Project FPS: 145 (6.89 mspf)
GUT GDScript suite under Godot 4.3 headless (blocking)	Run GUT unit suite (canonical close-out invocation)	2026-09-07T12:13:39.1438431Z Project FPS: 145 (6.89 mspf)
GUT GDScript suite under Godot 4.3 headless (blocking)	Run GUT unit suite (canonical close-out invocation)	2026-09-07T12:13:40.1443685Z Project FPS: 145 (6.89 mspf)
GUT GDScript suite under Godot 4.3 headless (blocking)	Run GUT unit suite (canonical close-out invocation)	2026-09-07T12:13:41.1449017Z Project FPS: 145 (6.89 mspf)
GUT GDScript suite under Godot 4.3 headless (blocking)	Run GUT unit suite (canonical close-out invocation)	2026-09-07T12:13:42.1453988Z Project FPS: 145 (6.89 mspf)
GUT GDScript suite under Godot 4.3 headless (blocking)	Run GUT unit suite (canonical close-out invocation)	2026-09-07T12:13:43.1458243Z Project FPS: 145 (6.89 mspf)
GUT GDScript suite under Godot 4.3 headless (blocking)	Run GUT unit suite (canonical close-out invocation)	2026-09-07T12:13:44.1464309Z Project FPS: 145 (6.89 mspf)
GUT GDScript suite under Godot 4.3 headless (blocking)	Run GUT unit suite (canonical close-out invocation)	2026-09-07T12:13:45.1469549Z Project FPS: 145 (6.89 mspf)
GUT GDScript suite under Godot 4.3 headless (blocking)	Run GUT unit suite (canonical close-out invocation)	2026-09-07T12:13:46.1474819Z Project FPS: 145 (6.89 mspf)
GUT GDScript suite under Godot 4.3 headless (blocking)	Run GUT unit suite (canonical close-out invocation)	2026-09-07T12:13:47.1480353Z Project FPS: 145 (6.89 mspf)
GUT GDScript suite under Godot 4.3 headless (blocking)	Run GUT unit suite (canonical close-out invocation)	2026-09-07T12:13:48.1415781Z Project FPS: 144 (6.94 mspf)
GUT GDScript suite under Godot 4.3 headless (blocking)	Run GUT unit suite (canonical close-out invocation)	2026-09-07T12:13:49.1421500Z Project FPS: 145 (6.89 mspf)
GUT GDScript suite under Godot 4.3 headless (blocking)	Run GUT unit suite (canonical close-out invocation)	2026-09-07T12:13:50.1426605Z Project FPS: 145 (6.89 mspf)
GUT GDScript suite under Godot 4.3 headless (blocking)	Run GUT unit suite (canonical close-out invocation)	2026-09-07T12:13:51.1431424Z Project FPS: 145 (6.89 mspf)
GUT GDScript suite under Godot 4.3 headless (blocking)	Run GUT unit suite (canonical close-out invocation)	2026-09-07T12:13:52.1437043Z Project FPS: 145 (6.89 mspf)
GUT GDScript suite under Godot 4.3 headless (blocking)	Run GUT unit suite (canonical close-out invocation)	2026-09-07T12:13:53.1441857Z Project FPS: 145 (6.89 mspf)
GUT GDScript suite under Godot 4.3 headless (blocking)	Run GUT unit suite (canonical close-out invocation)	2026-09-07T12:13:54.1446607Z Project FPS: 145 (6.89 mspf)
GUT GDScript suite under Godot 4.3 headless (blocking)	Run GUT unit suite (canonical close-out invocation)	2026-09-07T12:13:55.1452773Z Project FPS: 145 (6.89 mspf)
GUT GDScript suite under Godot 4.3 headless (blocking)	Run GUT unit suite (canonical close-out invocation)	2026-09-07T12:13:56.1457971Z Project FPS: 145 (6.89 mspf)
GUT GDScript suite under Godot 4.3 headless (blocking)	Run GUT unit suite (canonical close-out invocation)	2026-09-07T12:13:57.1462605Z Project FPS: 145 (6.89 mspf)
GUT GDScript suite under Godot 4.3 headless (blocking)	Run GUT unit suite (canonical close-out invocation)	2026-09-07T12:13:58.1468467Z Project FPS: 145 (6.89 mspf)
GUT GDScript suite under Godot 4.3 headless (blocking)	Run GUT unit suite (canonical close-out invocation)	2026-09-07T12:13:59.1473664Z Project FPS: 145 (6.89 mspf)
GUT GDScript suite under Godot 4.3 headless (blocking)	Run GUT unit suite (canonical close-out invocation)	2026-09-07T12:14:00.1478754Z Project FPS: 145 (6.89 mspf)
GUT GDScript suite under Godot 4.3 headless (blocking)	Run GUT unit suite (canonical close-out invocation)	2026-09-07T12:14:01.1414865Z Project FPS: 144 (6.94 mspf)
GUT GDScript suite under Godot 4.3 headless (blocking)	Run GUT unit suite (canonical close-out invocation)	2026-09-07T12:14:02.1420128Z Project FPS: 145 (6.89 mspf)
GUT GDScript suite under Godot 4.3 headless (blocking)	Run GUT unit suite (canonical close-out invocation)	2026-09-07T12:14:03.1425177Z Project FPS: 145 (6.89 mspf)
GUT GDScript suite under Godot 4.3 headless (blocking)	Run GUT unit suite (canonical close-out invocation)	2026-09-07T12:14:04.1430382Z Project FPS: 145 (6.89 mspf)
GUT GDScript suite under Godot 4.3 headless (blocking)	Run GUT unit suite (canonical close-out invocation)	2026-09-07T12:14:05.1435780Z Project FPS: 145 (6.89 mspf)
GUT GDScript suite under Godot 4.3 headless (blocking)	Run GUT unit suite (canonical close-out invocation)	2026-09-07T12:14:06.1440922Z Project FPS: 145 (6.89 mspf)
GUT GDScript suite under Godot 4.3 headless (blocking)	Run GUT unit suite (canonical close-out invocation)	2026-09-07T12:14:07.1446010Z Project FPS: 145 (6.89 mspf)
GUT GDScript suite under Godot 4.3 headless (blocking)	Run GUT unit suite (canonical close-out invocation)	2026-09-07T12:14:08.1451232Z Project FPS: 145 (6.89 mspf)
GUT GDScript suite under Godot 4.3 headless (blocking)	Run GUT unit suite (canonical close-out invocation)	2026-09-07T12:14:09.1456497Z Project FPS: 145 (6.89 mspf)
GUT GDScript suite under Godot 4.3 headless (blocking)	Run GUT unit suite (canonical close-out invocation)	2026-09-07T12:14:10.1461599Z Project FPS: 145 (6.89 mspf)
GUT GDScript suite under Godot 4.3 headless (blocking)	Run GUT unit suite (canonical close-out invocation)	2026-09-07T12:14:11.1466756Z Project FPS: 145 (6.89 mspf)
GUT GDScript suite under Godot 4.3 headless (blocking)	Run GUT unit suite (canonical close-out invocation)	2026-09-07T12:14:12.1472064Z Project FPS: 145 (6.89 mspf)
GUT GDScript suite under Godot 4.3 headless (blocking)	Run GUT unit suite (canonical close-out invocation)	2026-09-07T12:14:13.1477237Z Project FPS: 145 (6.89 mspf)
GUT GDScript suite under Godot 4.3 headless (blocking)	Run GUT unit suite (canonical close-out invocation)	2026-09-07T12:14:14.1482072Z Project FPS: 145 (6.89 mspf)
GUT GDScript suite under Godot 4.3 headless (blocking)	Run GUT unit suite (canonical close-out invocation)	2026-09-07T12:14:15.1418348Z Project FPS: 144 (6.94 mspf)
GUT GDScript suite under Godot 4.3 headless (blocking)	Run GUT unit suite (canonical close-out invocation)	2026-09-07T12:14:16.1423637Z Project FPS: 145 (6.89 mspf)
GUT GDScript suite under Godot 4.3 headless (blocking)	Run GUT unit suite (canonical close-out invocation)	2026-09-07T12:14:17.1428803Z Project FPS: 145 (6.89 mspf)
GUT GDScript suite under Godot 4.3 headless (blocking)	Run GUT unit suite (canonical close-out invocation)	2026-09-07T12:14:18.1434001Z Project FPS: 145 (6.89 mspf)
GUT GDScript suite under Godot 4.3 headless (blocking)	Run GUT unit suite (canonical close-out invocation)	2026-09-07T12:14:19.1439148Z Project FPS: 145 (6.89 mspf)
GUT GDScript suite under Godot 4.3 headless (blocking)	Run GUT unit suite (canonical close-out invocation)	2026-09-07T12:14:20.1444423Z Project FPS: 145 (6.89 mspf)
GUT GDScript suite under Godot 4.3 headless (blocking)	Run GUT unit suite (canonical close-out invocation)	2026-09-07T12:14:21.1449789Z Project FPS: 145 (6.89 mspf)
GUT GDScript suite under Godot 4.3 headless (blocking)	Run GUT unit suite (canonical close-out invocation)	2026-09-07T12:14:22.1455007Z Project FPS: 145 (6.89 mspf)
GUT GDScript suite under Godot 4.3 headless (blocking)	Run GUT unit suite (canonical close-out invocation)	2026-09-07T12:14:23.1460669Z Project FPS: 145 (6.89 mspf)
GUT GDScript suite under Godot 4.3 headless (blocking)	Run GUT unit suite (canonical close-out invocation)	2026-09-07T12:14:24.1465407Z Project FPS: 145 (6.89 mspf)
GUT GDScript suite under Godot 4.3 headless (blocking)	Run GUT unit suite (canonical close-out invocation)	2026-09-07T12:14:25.1470105Z Project FPS: 145 (6.89 mspf)
GUT GDScript suite under Godot 4.3 headless (blocking)	Run GUT unit suite (canonical close-out invocation)	2026-09-07T12:14:26.1475873Z Project FPS: 145 (6.89 mspf)
GUT GDScript suite under Godot 4.3 headless (blocking)	Run GUT unit suite (canonical close-out invocation)	2026-09-07T12:14:27.1480998Z Project FPS: 145 (6.89 mspf)
GUT GDScript suite under Godot 4.3 headless (blocking)	Run GUT unit suite (canonical close-out invocation)	2026-09-07T12:14:28.1486082Z Project FPS: 145 (6.89 mspf)
GUT GDScript suite under Godot 4.3 headless (blocking)	Run GUT unit suite (canonical close-out invocation)	2026-09-07T12:14:29.1422362Z Project FPS: 144 (6.94 mspf)
GUT GDScript suite under Godot 4.3 headless (blocking)	Run GUT unit suite (canonical close-out invocation)	2026-09-07T12:14:30.1427391Z Project FPS: 145 (6.89 mspf)
GUT GDScript suite under Godot 4.3 headless (blocking)	Run GUT unit suite (canonical close-out invocation)	2026-09-07T12:14:31.1432710Z Project FPS: 145 (6.89 mspf)
GUT GDScript suite under Godot 4.3 headless (blocking)	Run GUT unit suite (canonical close-out invocation)	2026-09-07T12:14:32.1437784Z Project FPS: 145 (6.89 mspf)
GUT GDScript suite under Godot 4.3 headless (blocking)	Run GUT unit suite (canonical close-out invocation)	2026-09-07T12:14:33.1443077Z Project FPS: 145 (6.89 mspf)
GUT GDScript suite under Godot 4.3 headless (blocking)	Run GUT unit suite (canonical close-out invocation)	2026-09-07T12:14:34.1447826Z Project FPS: 145 (6.89 mspf)
GUT GDScript suite under Godot 4.3 headless (blocking)	Run GUT unit suite (canonical close-out invocation)	2026-09-07T12:14:35.1453629Z Project FPS: 145 (6.89 mspf)
GUT GDScript suite under Godot 4.3 headless (blocking)	Run GUT unit suite (canonical close-out invocation)	2026-09-07T12:14:36.1458909Z Project FPS: 145 (6.89 mspf)
GUT GDScript suite under Godot 4.3 headless (blocking)	Run GUT unit suite (canonical close-out invocation)	2026-09-07T12:14:37.1463926Z Project FPS: 145 (6.89 mspf)
GUT GDScript suite under Godot 4.3 headless (blocking)	Run GUT unit suite (canonical close-out invocation)	2026-09-07T12:14:38.1469195Z Project FPS: 145 (6.89 mspf)
GUT GDScript suite under Godot 4.3 headless (blocking)	Run GUT unit suite (canonical close-out invocation)	2026-09-07T12:14:39.1474397Z Project FPS: 145 (6.89 mspf)
GUT GDScript suite under Godot 4.3 headless (blocking)	Run GUT unit suite (canonical close-out invocation)	2026-09-07T12:14:40.1479611Z Project FPS: 145 (6.89 mspf)
GUT GDScript suite under Godot 4.3 headless (blocking)	Run GUT unit suite (canonical close-out invocation)	2026-09-07T12:14:41.1484872Z Project FPS: 145 (6.89 mspf)
GUT GDScript suite under Godot 4.3 headless (blocking)	Run GUT unit suite (canonical close-out invocation)	2026-09-07T12:14:42.1490006Z Project FPS: 145 (6.89 mspf)
GUT GDScript suite under Godot 4.3 headless (blocking)	Run GUT unit suite (canonical close-out invocation)	2026-09-07T12:14:43.1426054Z Project FPS: 144 (6.94 mspf)
GUT GDScript suite under Godot 4.3 headless (blocking)	Run GUT unit suite (canonical close-out invocation)	2026-09-07T12:14:44.1430930Z Project FPS: 145 (6.89 mspf)
GUT GDScript suite under Godot 4.3 headless (blocking)	Run GUT unit suite (canonical close-out invocation)	2026-09-07T12:14:45.1436900Z Project FPS: 145 (6.89 mspf)
GUT GDScript suite under Godot 4.3 headless (blocking)	Run GUT unit suite (canonical close-out invocation)	2026-09-07T12:14:46.1442063Z Project FPS: 145 (6.89 mspf)
GUT GDScript suite under Godot 4.3 headless (blocking)	Run GUT unit suite (canonical close-out invocation)	2026-09-07T12:14:47.1446536Z Project FPS: 145 (6.89 mspf)
GUT GDScript suite under Godot 4.3 headless (blocking)	Run GUT unit suite (canonical close-out invocation)	2026-09-07T12:14:48.1451851Z Project FPS: 145 (6.89 mspf)
GUT GDScript suite under Godot 4.3 headless (blocking)	Run GUT unit suite (canonical close-out invocation)	2026-09-07T12:14:49.1457187Z Project FPS: 145 (6.89 mspf)
GUT GDScript suite under Godot 4.3 headless (blocking)	Run GUT unit suite (canonical close-out invocation)	2026-09-07T12:14:50.1462162Z Project FPS: 145 (6.89 mspf)
GUT GDScript suite under Godot 4.3 headless (blocking)	Run GUT unit suite (canonical close-out invocation)	2026-09-07T12:14:51.1467544Z Project FPS: 145 (6.89 mspf)
GUT GDScript suite under Godot 4.3 headless (blocking)	Run GUT unit suite (canonical close-out invocation)	2026-09-07T12:14:52.1472804Z Project FPS: 145 (6.89 mspf)
GUT GDScript suite under Godot 4.3 headless (blocking)	Run GUT unit suite (canonical close-out invocation)	2026-09-07T12:14:53.1477958Z Project FPS: 145 (6.89 mspf)
GUT GDScript suite under Godot 4.3 headless (blocking)	Run GUT unit suite (canonical close-out invocation)	2026-09-07T12:14:54.1483435Z Project FPS: 145 (6.89 mspf)
GUT GDScript suite under Godot 4.3 headless (blocking)	Run GUT unit suite (canonical close-out invocation)	2026-09-07T12:14:55.1488171Z Project FPS: 145 (6.89 mspf)
GUT GDScript suite under Godot 4.3 headless (blocking)	Run GUT unit suite (canonical close-out invocation)	2026-09-07T12:14:56.1493585Z Project FPS: 145 (6.89 mspf)
GUT GDScript suite under Godot 4.3 headless (blocking)	Run GUT unit suite (canonical close-out invocation)	2026-09-07T12:14:57.1429944Z Project FPS: 144 (6.94 mspf)
GUT GDScript suite under Godot 4.3 headless (blocking)	Run GUT unit suite (canonical close-out invocation)	2026-09-07T12:14:58.1435249Z Project FPS: 145 (6.89 mspf)
GUT GDScript suite under Godot 4.3 headless (blocking)	Run GUT unit suite (canonical close-out invocation)	2026-09-07T12:14:59.1440420Z Project FPS: 145 (6.89 mspf)
GUT GDScript suite under Godot 4.3 headless (blocking)	Run GUT unit suite (canonical close-out invocation)	2026-09-07T12:15:00.1445602Z Project FPS: 145 (6.89 mspf)
GUT GDScript suite under Godot 4.3 headless (blocking)	Run GUT unit suite (canonical close-out invocation)	2026-09-07T12:15:01.1450181Z Project FPS: 145 (6.89 mspf)
GUT GDScript suite under Godot 4.3 headless (blocking)	Run GUT unit suite (canonical close-out invocation)	2026-09-07T12:15:02.1455343Z Project FPS: 145 (6.89 mspf)
GUT GDScript suite under Godot 4.3 headless (blocking)	Run GUT unit suite (canonical close-out invocation)	2026-09-07T12:15:03.1460320Z Project FPS: 145 (6.89 mspf)
GUT GDScript suite under Godot 4.3 headless (blocking)	Run GUT unit suite (canonical close-out invocation)	2026-09-07T12:15:04.1465231Z Project FPS: 145 (6.89 mspf)
GUT GDScript suite under Godot 4.3 headless (blocking)	Run GUT unit suite (canonical close-out invocation)	2026-09-07T12:15:05.1471618Z Project FPS: 145 (6.89 mspf)
GUT GDScript suite under Godot 4.3 headless (blocking)	Run GUT unit suite (canonical close-out invocation)	2026-09-07T12:15:06.1476724Z Project FPS: 145 (6.89 mspf)
GUT GDScript suite under Godot 4.3 headless (blocking)	Run GUT unit suite (canonical close-out invocation)	2026-09-07T12:15:07.1481943Z Project FPS: 145 (6.89 mspf)
GUT GDScript suite under Godot 4.3 headless (blocking)	Run GUT unit suite (canonical close-out invocation)	2026-09-07T12:15:08.1486054Z Project FPS: 145 (6.89 mspf)
GUT GDScript suite under Godot 4.3 headless (blocking)	Run GUT unit suite (canonical close-out invocation)	2026-09-07T12:15:09.1492308Z Project FPS: 145 (6.89 mspf)
GUT GDScript suite under Godot 4.3 headless (blocking)	Run GUT unit suite (canonical close-out invocation)	2026-09-07T12:15:10.1428459Z Project FPS: 144 (6.94 mspf)
GUT GDScript suite under Godot 4.3 headless (blocking)	Run GUT unit suite (canonical close-out invocation)	2026-09-07T12:15:11.1433829Z Project FPS: 145 (6.89 mspf)
GUT GDScript suite under Godot 4.3 headless (blocking)	Run GUT unit suite (canonical close-out invocation)	2026-09-07T12:15:12.1438864Z Project FPS: 145 (6.89 mspf)
GUT GDScript suite under Godot 4.3 headless (blocking)	Run GUT unit suite (canonical close-out invocation)	2026-09-07T12:15:13.1443974Z Project FPS: 145 (6.89 mspf)
GUT GDScript suite under Godot 4.3 headless (blocking)	Run GUT unit suite (canonical close-out invocation)	2026-09-07T12:15:14.1448755Z Project FPS: 145 (6.89 mspf)
GUT GDScript suite under Godot 4.3 headless (blocking)	Run GUT unit suite (canonical close-out invocation)	2026-09-07T12:15:15.1454171Z Project FPS: 145 (6.89 mspf)
GUT GDScript suite under Godot 4.3 headless (blocking)	Run GUT unit suite (canonical close-out invocation)	2026-09-07T12:15:16.1459677Z Project FPS: 145 (6.89 mspf)
GUT GDScript suite under Godot 4.3 headless (blocking)	Run GUT unit suite (canonical close-out invocation)	2026-09-07T12:15:17.1464869Z Project FPS: 145 (6.89 mspf)
GUT GDScript suite under Godot 4.3 headless (blocking)	Run GUT unit suite (canonical close-out invocation)	2026-09-07T12:15:18.1470268Z Project FPS: 145 (6.89 mspf)
GUT GDScript suite under Godot 4.3 headless (blocking)	Run GUT unit suite (canonical close-out invocation)	2026-09-07T12:15:19.1475489Z Project FPS: 145 (6.89 mspf)
GUT GDScript suite under Godot 4.3 headless (blocking)	Run GUT unit suite (canonical close-out invocation)	2026-09-07T12:15:20.1480660Z Project FPS: 145 (6.89 mspf)
GUT GDScript suite under Godot 4.3 headless (blocking)	Run GUT unit suite (canonical close-out invocation)	2026-09-07T12:15:21.1486058Z Project FPS: 145 (6.89 mspf)
GUT GDScript suite under Godot 4.3 headless (blocking)	Run GUT unit suite (canonical close-out invocation)	2026-09-07T12:15:22.1491072Z Project FPS: 145 (6.89 mspf)
GUT GDScript suite under Godot 4.3 headless (blocking)	Run GUT unit suite (canonical close-out invocation)	2026-09-07T12:15:23.1496557Z Project FPS: 145 (6.89 mspf)
GUT GDScript suite under Godot 4.3 headless (blocking)	Run GUT unit suite (canonical close-out invocation)	2026-09-07T12:15:24.1432238Z Project FPS: 144 (6.94 mspf)
GUT GDScript suite under Godot 4.3 headless (blocking)	Run GUT unit suite (canonical close-out invocation)	2026-09-07T12:15:25.1437628Z Project FPS: 145 (6.89 mspf)
GUT GDScript suite under Godot 4.3 headless (blocking)	Run GUT unit suite (canonical close-out invocation)	2026-09-07T12:15:26.1442788Z Project FPS: 145 (6.89 mspf)
GUT GDScript suite under Godot 4.3 headless (blocking)	Run GUT unit suite (canonical close-out invocation)	2026-09-07T12:15:27.1447624Z Project FPS: 145 (6.89 mspf)
GUT GDScript suite under Godot 4.3 headless (blocking)	Run GUT unit suite (canonical close-out invocation)	2026-09-07T12:15:28.1453791Z Project FPS: 145 (6.89 mspf)
GUT GDScript suite under Godot 4.3 headless (blocking)	Run GUT unit suite (canonical close-out invocation)	2026-09-07T12:15:29.1458246Z Project FPS: 145 (6.89 mspf)
GUT GDScript suite under Godot 4.3 headless (blocking)	Run GUT unit suite (canonical close-out invocation)	2026-09-07T12:15:30.1463423Z Project FPS: 145 (6.89 mspf)
GUT GDScript suite under Godot 4.3 headless (blocking)	Run GUT unit suite (canonical close-out invocation)	2026-09-07T12:15:31.1467940Z Project FPS: 145 (6.89 mspf)
GUT GDScript suite under Godot 4.3 headless (blocking)	Run GUT unit suite (canonical close-out invocation)	2026-09-07T12:15:32.1473951Z Project FPS: 145 (6.89 mspf)
GUT GDScript suite under Godot 4.3 headless (blocking)	Run GUT unit suite (canonical close-out invocation)	2026-09-07T12:15:33.1479293Z Project FPS: 145 (6.89 mspf)
GUT GDScript suite under Godot 4.3 headless (blocking)	Run GUT unit suite (canonical close-out invocation)	2026-09-07T12:15:34.1484467Z Project FPS: 145 (6.89 mspf)
GUT GDScript suite under Godot 4.3 headless (blocking)	Run GUT unit suite (canonical close-out invocation)	2026-09-07T12:15:35.1489252Z Project FPS: 145 (6.89 mspf)
GUT GDScript suite under Godot 4.3 headless (blocking)	Run GUT unit suite (canonical close-out invocation)	2026-09-07T12:15:36.1494350Z Project FPS: 145 (6.89 mspf)
GUT GDScript suite under Godot 4.3 headless (blocking)	Run GUT unit suite (canonical close-out invocation)	2026-09-07T12:15:37.1499912Z Project FPS: 145 (6.89 mspf)
GUT GDScript suite under Godot 4.3 headless (blocking)	Run GUT unit suite (canonical close-out invocation)	2026-09-07T12:15:38.1436169Z Project FPS: 144 (6.94 mspf)
GUT GDScript suite under Godot 4.3 headless (blocking)	Run GUT unit suite (canonical close-out invocation)	2026-09-07T12:15:39.1441401Z Project FPS: 145 (6.89 mspf)
GUT GDScript suite under Godot 4.3 headless (blocking)	Run GUT unit suite (canonical close-out invocation)	2026-09-07T12:15:40.1446756Z Project FPS: 145 (6.89 mspf)
GUT GDScript suite under Godot 4.3 headless (blocking)	Run GUT unit suite (canonical close-out invocation)	2026-09-07T12:15:41.1451788Z Project FPS: 145 (6.89 mspf)
GUT GDScript suite under Godot 4.3 headless (blocking)	Run GUT unit suite (canonical close-out invocation)	2026-09-07T12:15:42.1457076Z Project FPS: 145 (6.89 mspf)
GUT GDScript suite under Godot 4.3 headless (blocking)	Run GUT unit suite (canonical close-out invocation)	2026-09-07T12:15:43.1462012Z Project FPS: 145 (6.89 mspf)
GUT GDScript suite under Godot 4.3 headless (blocking)	Run GUT unit suite (canonical close-out invocation)	2026-09-07T12:15:44.1466935Z Project FPS: 145 (6.89 mspf)
GUT GDScript suite under Godot 4.3 headless (blocking)	Run GUT unit suite (canonical close-out invocation)	2026-09-07T12:15:45.1472218Z Project FPS: 145 (6.89 mspf)
GUT GDScript suite under Godot 4.3 headless (blocking)	Run GUT unit suite (canonical close-out invocation)	2026-09-07T12:15:46.1477767Z Project FPS: 145 (6.89 mspf)
GUT GDScript suite under Godot 4.3 headless (blocking)	Run GUT unit suite (canonical close-out invocation)	2026-09-07T12:15:47.1482715Z Project FPS: 145 (6.89 mspf)
GUT GDScript suite under Godot 4.3 headless (blocking)	Run GUT unit suite (canonical close-out invocation)	2026-09-07T12:15:48.1487769Z Project FPS: 145 (6.89 mspf)
GUT GDScript suite under Godot 4.3 headless (blocking)	Run GUT unit suite (canonical close-out invocation)	2026-09-07T12:15:49.1492907Z Project FPS: 145 (6.89 mspf)
GUT GDScript suite under Godot 4.3 headless (blocking)	Run GUT unit suite (canonical close-out invocation)	2026-09-07T12:15:50.1498127Z Project FPS: 145 (6.89 mspf)
GUT GDScript suite under Godot 4.3 headless (blocking)	Run GUT unit suite (canonical close-out invocation)	2026-09-07T12:15:51.1503690Z Project FPS: 145 (6.89 mspf)
GUT GDScript suite under Godot 4.3 headless (blocking)	Run GUT unit suite (canonical close-out invocation)	2026-09-07T12:15:52.1439935Z Project FPS: 144 (6.94 mspf)
GUT GDScript suite under Godot 4.3 headless (blocking)	Run GUT unit suite (canonical close-out invocation)	2026-09-07T12:15:53.1445174Z Project FPS: 145 (6.89 mspf)
GUT GDScript suite under Godot 4.3 headless (blocking)	Run GUT unit suite (canonical close-out invocation)	2026-09-07T12:15:54.1450235Z Project FPS: 145 (6.89 mspf)
GUT GDScript suite under Godot 4.3 headless (blocking)	Run GUT unit suite (canonical close-out invocation)	2026-09-07T12:15:55.1455071Z Project FPS: 145 (6.89 mspf)
GUT GDScript suite under Godot 4.3 headless (blocking)	Run GUT unit suite (canonical close-out invocation)	2026-09-07T12:15:56.1460790Z Project FPS: 145 (6.89 mspf)
GUT GDScript suite under Godot 4.3 headless (blocking)	Run GUT unit suite (canonical close-out invocation)	2026-09-07T12:15:57.1465765Z Project FPS: 145 (6.89 mspf)
GUT GDScript suite under Godot 4.3 headless (blocking)	Run GUT unit suite (canonical close-out invocation)	2026-09-07T12:15:58.1470915Z Project FPS: 145 (6.89 mspf)
GUT GDScript suite under Godot 4.3 headless (blocking)	Run GUT unit suite (canonical close-out invocation)	2026-09-07T12:15:59.1475655Z Project FPS: 145 (6.89 mspf)
GUT GDScript suite under Godot 4.3 headless (blocking)	Run GUT unit suite (canonical close-out invocation)	2026-09-07T12:16:00.1481077Z Project FPS: 145 (6.89 mspf)
GUT GDScript suite under Godot 4.3 headless (blocking)	Run GUT unit suite (canonical close-out invocation)	2026-09-07T12:16:01.1486377Z Project FPS: 145 (6.89 mspf)
GUT GDScript suite under Godot 4.3 headless (blocking)	Run GUT unit suite (canonical close-out invocation)	2026-09-07T12:16:02.1491238Z Project FPS: 145 (6.89 mspf)
GUT GDScript suite under Godot 4.3 headless (blocking)	Run GUT unit suite (canonical close-out invocation)	2026-09-07T12:16:03.1496821Z Project FPS: 145 (6.89 mspf)
GUT GDScript suite under Godot 4.3 headless (blocking)	Run GUT unit suite (canonical close-out invocation)	2026-09-07T12:16:04.1502379Z Project FPS: 145 (6.89 mspf)
GUT GDScript suite under Godot 4.3 headless (blocking)	Run GUT unit suite (canonical close-out invocation)	2026-09-07T12:16:05.1507333Z Project FPS: 145 (6.89 mspf)
GUT GDScript suite under Godot 4.3 headless (blocking)	Run GUT unit suite (canonical close-out invocation)	2026-09-07T12:16:06.1443833Z Project FPS: 144 (6.94 mspf)
GUT GDScript suite under Godot 4.3 headless (blocking)	Run GUT unit suite (canonical close-out invocation)	2026-09-07T12:16:07.1448664Z Project FPS: 145 (6.89 mspf)
GUT GDScript suite under Godot 4.3 headless (blocking)	Run GUT unit suite (canonical close-out invocation)	2026-09-07T12:16:08.1454072Z Project FPS: 145 (6.89 mspf)
GUT GDScript suite under Godot 4.3 headless (blocking)	Run GUT unit suite (canonical close-out invocation)	2026-09-07T12:16:09.1459596Z Project FPS: 145 (6.89 mspf)
GUT GDScript suite under Godot 4.3 headless (blocking)	Run GUT unit suite (canonical close-out invocation)	2026-09-07T12:16:10.1464616Z Project FPS: 145 (6.89 mspf)
GUT GDScript suite under Godot 4.3 headless (blocking)	Run GUT unit suite (canonical close-out invocation)	2026-09-07T12:16:11.1469950Z Project FPS: 145 (6.89 mspf)
GUT GDScript suite under Godot 4.3 headless (blocking)	Run GUT unit suite (canonical close-out invocation)	2026-09-07T12:16:12.1475096Z Project FPS: 145 (6.89 mspf)
GUT GDScript suite under Godot 4.3 headless (blocking)	Run GUT unit suite (canonical close-out invocation)	2026-09-07T12:16:13.1480134Z Project FPS: 145 (6.89 mspf)
GUT GDScript suite under Godot 4.3 headless (blocking)	Run GUT unit suite (canonical close-out invocation)	2026-09-07T12:16:14.1485310Z Project FPS: 145 (6.89 mspf)
GUT GDScript suite under Godot 4.3 headless (blocking)	Run GUT unit suite (canonical close-out invocation)	2026-09-07T12:16:15.1490167Z Project FPS: 145 (6.89 mspf)
GUT GDScript suite under Godot 4.3 headless (blocking)	Run GUT unit suite (canonical close-out invocation)	2026-09-07T12:16:16.1495736Z Project FPS: 145 (6.89 mspf)
GUT GDScript suite under Godot 4.3 headless (blocking)	Run GUT unit suite (canonical close-out invocation)	2026-09-07T12:16:17.1500631Z Project FPS: 145 (6.89 mspf)
GUT GDScript suite under Godot 4.3 headless (blocking)	Run GUT unit suite (canonical close-out invocation)	2026-09-07T12:16:18.1506084Z Project FPS: 145 (6.89 mspf)
GUT GDScript suite under Godot 4.3 headless (blocking)	Run GUT unit suite (canonical close-out invocation)	2026-09-07T12:16:19.1442289Z Project FPS: 144 (6.94 mspf)
GUT GDScript suite under Godot 4.3 headless (blocking)	Run GUT unit suite (canonical close-out invocation)	2026-09-07T12:16:20.1446808Z Project FPS: 145 (6.89 mspf)
GUT GDScript suite under Godot 4.3 headless (blocking)	Run GUT unit suite (canonical close-out invocation)	2026-09-07T12:16:21.1452416Z Project FPS: 145 (6.89 mspf)
GUT GDScript suite under Godot 4.3 headless (blocking)	Run GUT unit suite (canonical close-out invocation)	2026-09-07T12:16:22.1457506Z Project FPS: 145 (6.89 mspf)
GUT GDScript suite under Godot 4.3 headless (blocking)	Run GUT unit suite (canonical close-out invocation)	2026-09-07T12:16:23.1463390Z Project FPS: 145 (6.89 mspf)
GUT GDScript suite under Godot 4.3 headless (blocking)	Run GUT unit suite (canonical close-out invocation)	2026-09-07T12:16:24.1467562Z Project FPS: 145 (6.89 mspf)
GUT GDScript suite under Godot 4.3 headless (blocking)	Run GUT unit suite (canonical close-out invocation)	2026-09-07T12:16:25.1473312Z Project FPS: 145 (6.89 mspf)
GUT GDScript suite under Godot 4.3 headless (blocking)	Run GUT unit suite (canonical close-out invocation)	2026-09-07T12:16:26.1478488Z Project FPS: 145 (6.89 mspf)
GUT GDScript suite under Godot 4.3 headless (blocking)	Run GUT unit suite (canonical close-out invocation)	2026-09-07T12:16:27.1484031Z Project FPS: 145 (6.89 mspf)
GUT GDScript suite under Godot 4.3 headless (blocking)	Run GUT unit suite (canonical close-out invocation)	2026-09-07T12:16:28.1489298Z Project FPS: 145 (6.89 mspf)
GUT GDScript suite under Godot 4.3 headless (blocking)	Run GUT unit suite (canonical close-out invocation)	2026-09-07T12:16:29.1494423Z Project FPS: 145 (6.89 mspf)
GUT GDScript suite under Godot 4.3 headless (blocking)	Run GUT unit suite (canonical close-out invocation)	2026-09-07T12:16:30.1499560Z Project FPS: 145 (6.89 mspf)
GUT GDScript suite under Godot 4.3 headless (blocking)	Run GUT unit suite (canonical close-out invocation)	2026-09-07T12:16:31.1504554Z Project FPS: 145 (6.89 mspf)
GUT GDScript suite under Godot 4.3 headless (blocking)	Run GUT unit suite (canonical close-out invocation)	2026-09-07T12:16:32.1509972Z Project FPS: 145 (6.89 mspf)
GUT GDScript suite under Godot 4.3 headless (blocking)	Run GUT unit suite (canonical close-out invocation)	2026-09-07T12:16:33.1446255Z Project FPS: 144 (6.94 mspf)
GUT GDScript suite under Godot 4.3 headless (blocking)	Run GUT unit suite (canonical close-out invocation)	2026-09-07T12:16:34.1451411Z Project FPS: 145 (6.89 mspf)
GUT GDScript suite under Godot 4.3 headless (blocking)	Run GUT unit suite (canonical close-out invocation)	2026-09-07T12:16:35.1456123Z Project FPS: 145 (6.89 mspf)
GUT GDScript suite under Godot 4.3 headless (blocking)	Run GUT unit suite (canonical close-out invocation)	2026-09-07T12:16:36.1462175Z Project FPS: 145 (6.89 mspf)
GUT GDScript suite under Godot 4.3 headless (blocking)	Run GUT unit suite (canonical close-out invocation)	2026-09-07T12:16:37.1466401Z Project FPS: 145 (6.89 mspf)
GUT GDScript suite under Godot 4.3 headless (blocking)	Run GUT unit suite (canonical close-out invocation)	2026-09-07T12:16:38.1471778Z Project FPS: 145 (6.89 mspf)
GUT GDScript suite under Godot 4.3 headless (blocking)	Run GUT unit suite (canonical close-out invocation)	2026-09-07T12:16:39.1477080Z Project FPS: 145 (6.89 mspf)
GUT GDScript suite under Godot 4.3 headless (blocking)	Run GUT unit suite (canonical close-out invocation)	2026-09-07T12:16:40.1481959Z Project FPS: 145 (6.89 mspf)
GUT GDScript suite under Godot 4.3 headless (blocking)	Run GUT unit suite (canonical close-out invocation)	2026-09-07T12:16:41.1487482Z Project FPS: 145 (6.89 mspf)
GUT GDScript suite under Godot 4.3 headless (blocking)	Run GUT unit suite (canonical close-out invocation)	2026-09-07T12:16:42.1492656Z Project FPS: 145 (6.89 mspf)
GUT GDScript suite under Godot 4.3 headless (blocking)	Run GUT unit suite (canonical close-out invocation)	2026-09-07T12:16:43.1497661Z Project FPS: 145 (6.89 mspf)
GUT GDScript suite under Godot 4.3 headless (blocking)	Run GUT unit suite (canonical close-out invocation)	2026-09-07T12:16:44.1503290Z Project FPS: 145 (6.89 mspf)
GUT GDScript suite under Godot 4.3 headless (blocking)	Run GUT unit suite (canonical close-out invocation)	2026-09-07T12:16:45.1507654Z Project FPS: 145 (6.89 mspf)
GUT GDScript suite under Godot 4.3 headless (blocking)	Run GUT unit suite (canonical close-out invocation)	2026-09-07T12:16:46.1513255Z Project FPS: 145 (6.89 mspf)
GUT GDScript suite under Godot 4.3 headless (blocking)	Run GUT unit suite (canonical close-out invocation)	2026-09-07T12:16:47.1449578Z Project FPS: 144 (6.94 mspf)
GUT GDScript suite under Godot 4.3 headless (blocking)	Run GUT unit suite (canonical close-out invocation)	2026-09-07T12:16:48.1454673Z Project FPS: 145 (6.89 mspf)
GUT GDScript suite under Godot 4.3 headless (blocking)	Run GUT unit suite (canonical close-out invocation)	2026-09-07T12:16:49.1460352Z Project FPS: 145 (6.89 mspf)
GUT GDScript suite under Godot 4.3 headless (blocking)	Run GUT unit suite (canonical close-out invocation)	2026-09-07T12:16:50.1465237Z Project FPS: 145 (6.89 mspf)
GUT GDScript suite under Godot 4.3 headless (blocking)	Run GUT unit suite (canonical close-out invocation)	2026-09-07T12:16:51.1470702Z Project FPS: 145 (6.89 mspf)
GUT GDScript suite under Godot 4.3 headless (blocking)	Run GUT unit suite (canonical close-out invocation)	2026-09-07T12:16:52.1475861Z Project FPS: 145 (6.89 mspf)
GUT GDScript suite under Godot 4.3 headless (blocking)	Run GUT unit suite (canonical close-out invocation)	2026-09-07T12:16:53.1481454Z Project FPS: 145 (6.89 mspf)
GUT GDScript suite under Godot 4.3 headless (blocking)	Run GUT unit suite (canonical close-out invocation)	2026-09-07T12:16:54.1486514Z Project FPS: 145 (6.89 mspf)
GUT GDScript suite under Godot 4.3 headless (blocking)	Run GUT unit suite (canonical close-out invocation)	2026-09-07T12:16:55.1491819Z Project FPS: 145 (6.89 mspf)
GUT GDScript suite under Godot 4.3 headless (blocking)	Run GUT unit suite (canonical close-out invocation)	2026-09-07T12:16:56.1496938Z Project FPS: 145 (6.89 mspf)
GUT GDScript suite under Godot 4.3 headless (blocking)	Run GUT unit suite (canonical close-out invocation)	2026-09-07T12:16:57.1501667Z Project FPS: 145 (6.89 mspf)
GUT GDScript suite under Godot 4.3 headless (blocking)	Run GUT unit suite (canonical close-out invocation)	2026-09-07T12:16:58.1506984Z Project FPS: 145 (6.89 mspf)
GUT GDScript suite under Godot 4.3 headless (blocking)	Run GUT unit suite (canonical close-out invocation)	2026-09-07T12:16:59.1512063Z Project FPS: 145 (6.89 mspf)
GUT GDScript suite under Godot 4.3 headless (blocking)	Run GUT unit suite (canonical close-out invocation)	2026-09-07T12:17:00.1517411Z Project FPS: 145 (6.89 mspf)
GUT GDScript suite under Godot 4.3 headless (blocking)	Run GUT unit suite (canonical close-out invocation)	2026-09-07T12:17:01.1453768Z Project FPS: 144 (6.94 mspf)
GUT GDScript suite under Godot 4.3 headless (blocking)	Run GUT unit suite (canonical close-out invocation)	2026-09-07T12:17:02.1459573Z Project FPS: 145 (6.89 mspf)
GUT GDScript suite under Godot 4.3 headless (blocking)	Run GUT unit suite (canonical close-out invocation)	2026-09-07T12:17:03.1464997Z Project FPS: 145 (6.89 mspf)
GUT GDScript suite under Godot 4.3 headless (blocking)	Run GUT unit suite (canonical close-out invocation)	2026-09-07T12:17:04.1470170Z Project FPS: 145 (6.89 mspf)
GUT GDScript suite under Godot 4.3 headless (blocking)	Run GUT unit suite (canonical close-out invocation)	2026-09-07T12:17:05.1475206Z Project FPS: 145 (6.89 mspf)
GUT GDScript suite under Godot 4.3 headless (blocking)	Run GUT unit suite (canonical close-out invocation)	2026-09-07T12:17:06.1480553Z Project FPS: 145 (6.89 mspf)
GUT GDScript suite under Godot 4.3 headless (blocking)	Run GUT unit suite (canonical close-out invocation)	2026-09-07T12:17:07.1486008Z Project FPS: 145 (6.89 mspf)
GUT GDScript suite under Godot 4.3 headless (blocking)	Run GUT unit suite (canonical close-out invocation)	2026-09-07T12:17:08.1490711Z Project FPS: 145 (6.89 mspf)
GUT GDScript suite under Godot 4.3 headless (blocking)	Run GUT unit suite (canonical close-out invocation)	2026-09-07T12:17:09.1496373Z Project FPS: 145 (6.89 mspf)
GUT GDScript suite under Godot 4.3 headless (blocking)	Run GUT unit suite (canonical close-out invocation)	2026-09-07T12:17:10.1501915Z Project FPS: 145 (6.89 mspf)
GUT GDScript suite under Godot 4.3 headless (blocking)	Run GUT unit suite (canonical close-out invocation)	2026-09-07T12:17:11.1506627Z Project FPS: 145 (6.89 mspf)
GUT GDScript suite under Godot 4.3 headless (blocking)	Run GUT unit suite (canonical close-out invocation)	2026-09-07T12:17:12.1511448Z Project FPS: 145 (6.89 mspf)
GUT GDScript suite under Godot 4.3 headless (blocking)	Run GUT unit suite (canonical close-out invocation)	2026-09-07T12:17:13.1516807Z Project FPS: 145 (6.89 mspf)
GUT GDScript suite under Godot 4.3 headless (blocking)	Run GUT unit suite (canonical close-out invocation)	2026-09-07T12:17:14.1521564Z Project FPS: 145 (6.89 mspf)
GUT GDScript suite under Godot 4.3 headless (blocking)	Run GUT unit suite (canonical close-out invocation)	2026-09-07T12:17:15.1457607Z Project FPS: 144 (6.94 mspf)
GUT GDScript suite under Godot 4.3 headless (blocking)	Run GUT unit suite (canonical close-out invocation)	2026-09-07T12:17:16.1463615Z Project FPS: 145 (6.89 mspf)
GUT GDScript suite under Godot 4.3 headless (blocking)	Run GUT unit suite (canonical close-out invocation)	2026-09-07T12:17:17.1468427Z Project FPS: 145 (6.89 mspf)
GUT GDScript suite under Godot 4.3 headless (blocking)	Run GUT unit suite (canonical close-out invocation)	2026-09-07T12:17:18.1473672Z Project FPS: 145 (6.89 mspf)
GUT GDScript suite under Godot 4.3 headless (blocking)	Run GUT unit suite (canonical close-out invocation)	2026-09-07T12:17:19.1478491Z Project FPS: 145 (6.89 mspf)
GUT GDScript suite under Godot 4.3 headless (blocking)	Run GUT unit suite (canonical close-out invocation)	2026-09-07T12:17:20.1483421Z Project FPS: 145 (6.89 mspf)
GUT GDScript suite under Godot 4.3 headless (blocking)	Run GUT unit suite (canonical close-out invocation)	2026-09-07T12:17:21.1489112Z Project FPS: 145 (6.89 mspf)
GUT GDScript suite under Godot 4.3 headless (blocking)	Run GUT unit suite (canonical close-out invocation)	2026-09-07T12:17:22.1494035Z Project FPS: 145 (6.89 mspf)
GUT GDScript suite under Godot 4.3 headless (blocking)	Run GUT unit suite (canonical close-out invocation)	2026-09-07T12:17:23.1499181Z Project FPS: 145 (6.89 mspf)
GUT GDScript suite under Godot 4.3 headless (blocking)	Run GUT unit suite (canonical close-out invocation)	2026-09-07T12:17:24.1504573Z Project FPS: 145 (6.89 mspf)
GUT GDScript suite under Godot 4.3 headless (blocking)	Run GUT unit suite (canonical close-out invocation)	2026-09-07T12:17:25.1510215Z Project FPS: 145 (6.89 mspf)
GUT GDScript suite under Godot 4.3 headless (blocking)	Run GUT unit suite (canonical close-out invocation)	2026-09-07T12:17:26.1515437Z Project FPS: 145 (6.89 mspf)
GUT GDScript suite under Godot 4.3 headless (blocking)	Run GUT unit suite (canonical close-out invocation)	2026-09-07T12:17:27.1520620Z Project FPS: 145 (6.89 mspf)
GUT GDScript suite under Godot 4.3 headless (blocking)	Run GUT unit suite (canonical close-out invocation)	2026-09-07T12:17:28.1457216Z Project FPS: 144 (6.94 mspf)
GUT GDScript suite under Godot 4.3 headless (blocking)	Run GUT unit suite (canonical close-out invocation)	2026-09-07T12:17:29.1461741Z Project FPS: 145 (6.89 mspf)
GUT GDScript suite under Godot 4.3 headless (blocking)	Run GUT unit suite (canonical close-out invocation)	2026-09-07T12:17:30.1467124Z Project FPS: 145 (6.89 mspf)
GUT GDScript suite under Godot 4.3 headless (blocking)	Run GUT unit suite (canonical close-out invocation)	2026-09-07T12:17:31.1471845Z Project FPS: 145 (6.89 mspf)
GUT GDScript suite under Godot 4.3 headless (blocking)	Run GUT unit suite (canonical close-out invocation)	2026-09-07T12:17:32.1477929Z Project FPS: 145 (6.89 mspf)
GUT GDScript suite under Godot 4.3 headless (blocking)	Run GUT unit suite (canonical close-out invocation)	2026-09-07T12:17:33.1482889Z Project FPS: 145 (6.89 mspf)
GUT GDScript suite under Godot 4.3 headless (blocking)	Run GUT unit suite (canonical close-out invocation)	2026-09-07T12:17:34.1487416Z Project FPS: 145 (6.89 mspf)
GUT GDScript suite under Godot 4.3 headless (blocking)	Run GUT unit suite (canonical close-out invocation)	2026-09-07T12:17:35.1493752Z Project FPS: 145 (6.89 mspf)
GUT GDScript suite under Godot 4.3 headless (blocking)	Run GUT unit suite (canonical close-out invocation)	2026-09-07T12:17:36.1498626Z Project FPS: 145 (6.89 mspf)
GUT GDScript suite under Godot 4.3 headless (blocking)	Run GUT unit suite (canonical close-out invocation)	2026-09-07T12:17:37.1503728Z Project FPS: 145 (6.89 mspf)
GUT GDScript suite under Godot 4.3 headless (blocking)	Run GUT unit suite (canonical close-out invocation)	2026-09-07T12:17:38.1508916Z Project FPS: 145 (6.89 mspf)
GUT GDScript suite under Godot 4.3 headless (blocking)	Run GUT unit suite (canonical close-out invocation)	2026-09-07T12:17:39.1514077Z Project FPS: 145 (6.89 mspf)
GUT GDScript suite under Godot 4.3 headless (blocking)	Run GUT unit suite (canonical close-out invocation)	2026-09-07T12:17:40.1519549Z Project FPS: 145 (6.89 mspf)
GUT GDScript suite under Godot 4.3 headless (blocking)	Run GUT unit suite (canonical close-out invocation)	2026-09-07T12:17:41.1523996Z Project FPS: 145 (6.89 mspf)
GUT GDScript suite under Godot 4.3 headless (blocking)	Run GUT unit suite (canonical close-out invocation)	2026-09-07T12:17:42.1460770Z Project FPS: 144 (6.94 mspf)
GUT GDScript suite under Godot 4.3 headless (blocking)	Run GUT unit suite (canonical close-out invocation)	2026-09-07T12:17:43.1466175Z Project FPS: 145 (6.89 mspf)
GUT GDScript suite under Godot 4.3 headless (blocking)	Run GUT unit suite (canonical close-out invocation)	2026-09-07T12:17:44.1471136Z Project FPS: 145 (6.89 mspf)
GUT GDScript suite under Godot 4.3 headless (blocking)	Run GUT unit suite (canonical close-out invocation)	2026-09-07T12:17:45.1476637Z Project FPS: 145 (6.89 mspf)
GUT GDScript suite under Godot 4.3 headless (blocking)	Run GUT unit suite (canonical close-out invocation)	2026-09-07T12:17:46.1481492Z Project FPS: 145 (6.89 mspf)
GUT GDScript suite under Godot 4.3 headless (blocking)	Run GUT unit suite (canonical close-out invocation)	2026-09-07T12:17:47.1486245Z Project FPS: 145 (6.89 mspf)
GUT GDScript suite under Godot 4.3 headless (blocking)	Run GUT unit suite (canonical close-out invocation)	2026-09-07T12:17:48.1492417Z Project FPS: 145 (6.89 mspf)
GUT GDScript suite under Godot 4.3 headless (blocking)	Run GUT unit suite (canonical close-out invocation)	2026-09-07T12:17:49.1497408Z Project FPS: 145 (6.89 mspf)
GUT GDScript suite under Godot 4.3 headless (blocking)	Run GUT unit suite (canonical close-out invocation)	2026-09-07T12:17:50.1502670Z Project FPS: 145 (6.89 mspf)
GUT GDScript suite under Godot 4.3 headless (blocking)	Run GUT unit suite (canonical close-out invocation)	2026-09-07T12:17:51.1507554Z Project FPS: 145 (6.89 mspf)
GUT GDScript suite under Godot 4.3 headless (blocking)	Run GUT unit suite (canonical close-out invocation)	2026-09-07T12:17:52.1512779Z Project FPS: 145 (6.89 mspf)
GUT GDScript suite under Godot 4.3 headless (blocking)	Run GUT unit suite (canonical close-out invocation)	2026-09-07T12:17:53.1518076Z Project FPS: 145 (6.89 mspf)
GUT GDScript suite under Godot 4.3 headless (blocking)	Run GUT unit suite (canonical close-out invocation)	2026-09-07T12:17:54.1522621Z Project FPS: 145 (6.89 mspf)
GUT GDScript suite under Godot 4.3 headless (blocking)	Run GUT unit suite (canonical close-out invocation)	2026-09-07T12:17:55.1528611Z Project FPS: 145 (6.89 mspf)
GUT GDScript suite under Godot 4.3 headless (blocking)	Run GUT unit suite (canonical close-out invocation)	2026-09-07T12:17:56.1464918Z Project FPS: 144 (6.94 mspf)
GUT GDScript suite under Godot 4.3 headless (blocking)	Run GUT unit suite (canonical close-out invocation)	2026-09-07T12:17:57.1469966Z Project FPS: 145 (6.89 mspf)
GUT GDScript suite under Godot 4.3 headless (blocking)	Run GUT unit suite (canonical close-out invocation)	2026-09-07T12:17:58.1475004Z Project FPS: 145 (6.89 mspf)
GUT GDScript suite under Godot 4.3 headless (blocking)	Run GUT unit suite (canonical close-out invocation)	2026-09-07T12:17:59.1480505Z Project FPS: 145 (6.89 mspf)
GUT GDScript suite under Godot 4.3 headless (blocking)	Run GUT unit suite (canonical close-out invocation)	2026-09-07T12:18:00.1485600Z Project FPS: 145 (6.89 mspf)
GUT GDScript suite under Godot 4.3 headless (blocking)	Run GUT unit suite (canonical close-out invocation)	2026-09-07T12:18:01.1491570Z Project FPS: 145 (6.89 mspf)
GUT GDScript suite under Godot 4.3 headless (blocking)	Run GUT unit suite (canonical close-out invocation)	2026-09-07T12:18:02.1495875Z Project FPS: 145 (6.89 mspf)
GUT GDScript suite under Godot 4.3 headless (blocking)	Run GUT unit suite (canonical close-out invocation)	2026-09-07T12:18:03.1500943Z Project FPS: 145 (6.89 mspf)
GUT GDScript suite under Godot 4.3 headless (blocking)	Run GUT unit suite (canonical close-out invocation)	2026-09-07T12:18:04.1505641Z Project FPS: 145 (6.89 mspf)
GUT GDScript suite under Godot 4.3 headless (blocking)	Run GUT unit suite (canonical close-out invocation)	2026-09-07T12:18:05.1511269Z Project FPS: 145 (6.89 mspf)
GUT GDScript suite under Godot 4.3 headless (blocking)	Run GUT unit suite (canonical close-out invocation)	2026-09-07T12:18:06.1516350Z Project FPS: 145 (6.89 mspf)
GUT GDScript suite under Godot 4.3 headless (blocking)	Run GUT unit suite (canonical close-out invocation)	2026-09-07T12:18:07.1521176Z Project FPS: 145 (6.89 mspf)
GUT GDScript suite under Godot 4.3 headless (blocking)	Run GUT unit suite (canonical close-out invocation)	2026-09-07T12:18:08.1526613Z Project FPS: 145 (6.89 mspf)
GUT GDScript suite under Godot 4.3 headless (blocking)	Run GUT unit suite (canonical close-out invocation)	2026-09-07T12:18:09.1532001Z Project FPS: 145 (6.89 mspf)
GUT GDScript suite under Godot 4.3 headless (blocking)	Run GUT unit suite (canonical close-out invocation)	2026-09-07T12:18:10.1467617Z Project FPS: 144 (6.94 mspf)
GUT GDScript suite under Godot 4.3 headless (blocking)	Run GUT unit suite (canonical close-out invocation)	2026-09-07T12:18:11.1472681Z Project FPS: 145 (6.89 mspf)
GUT GDScript suite under Godot 4.3 headless (blocking)	Run GUT unit suite (canonical close-out invocation)	2026-09-07T12:18:12.1477943Z Project FPS: 145 (6.89 mspf)
GUT GDScript suite under Godot 4.3 headless (blocking)	Run GUT unit suite (canonical close-out invocation)	2026-09-07T12:18:13.1483506Z Project FPS: 145 (6.89 mspf)
GUT GDScript suite under Godot 4.3 headless (blocking)	Run GUT unit suite (canonical close-out invocation)	2026-09-07T12:18:14.1488302Z Project FPS: 145 (6.89 mspf)
GUT GDScript suite under Godot 4.3 headless (blocking)	Run GUT unit suite (canonical close-out invocation)	2026-09-07T12:18:15.1494482Z Project FPS: 145 (6.89 mspf)
GUT GDScript suite under Godot 4.3 headless (blocking)	Run GUT unit suite (canonical close-out invocation)	2026-09-07T12:18:16.1500065Z Project FPS: 145 (6.89 mspf)
GUT GDScript suite under Godot 4.3 headless (blocking)	Run GUT unit suite (canonical close-out invocation)	2026-09-07T12:18:17.1505033Z Project FPS: 145 (6.89 mspf)
GUT GDScript suite under Godot 4.3 headless (blocking)	Run GUT unit suite (canonical close-out invocation)	2026-09-07T12:18:18.1510312Z Project FPS: 145 (6.89 mspf)
GUT GDScript suite under Godot 4.3 headless (blocking)	Run GUT unit suite (canonical close-out invocation)	2026-09-07T12:18:19.1515484Z Project FPS: 145 (6.89 mspf)
GUT GDScript suite under Godot 4.3 headless (blocking)	Run GUT unit suite (canonical close-out invocation)	2026-09-07T12:18:20.1520832Z Project FPS: 145 (6.89 mspf)
GUT GDScript suite under Godot 4.3 headless (blocking)	Run GUT unit suite (canonical close-out invocation)	2026-09-07T12:18:21.1525491Z Project FPS: 145 (6.89 mspf)
GUT GDScript suite under Godot 4.3 headless (blocking)	Run GUT unit suite (canonical close-out invocation)	2026-09-07T12:18:22.1531127Z Project FPS: 145 (6.89 mspf)
GUT GDScript suite under Godot 4.3 headless (blocking)	Run GUT unit suite (canonical close-out invocation)	2026-09-07T12:18:23.1536378Z Project FPS: 145 (6.89 mspf)
GUT GDScript suite under Godot 4.3 headless (blocking)	Run GUT unit suite (canonical close-out invocation)	2026-09-07T12:18:24.1472250Z Project FPS: 144 (6.94 mspf)
GUT GDScript suite under Godot 4.3 headless (blocking)	Run GUT unit suite (canonical close-out invocation)	2026-09-07T12:18:25.1477417Z Project FPS: 145 (6.89 mspf)
GUT GDScript suite under Godot 4.3 headless (blocking)	Run GUT unit suite (canonical close-out invocation)	2026-09-07T12:18:26.1482716Z Project FPS: 145 (6.89 mspf)
GUT GDScript suite under Godot 4.3 headless (blocking)	Run GUT unit suite (canonical close-out invocation)	2026-09-07T12:18:27.1488162Z Project FPS: 145 (6.89 mspf)
GUT GDScript suite under Godot 4.3 headless (blocking)	Run GUT unit suite (canonical close-out invocation)	2026-09-07T12:18:28.1493187Z Project FPS: 145 (6.89 mspf)
GUT GDScript suite under Godot 4.3 headless (blocking)	Run GUT unit suite (canonical close-out invocation)	2026-09-07T12:18:29.1497891Z Project FPS: 145 (6.89 mspf)
GUT GDScript suite under Godot 4.3 headless (blocking)	Run GUT unit suite (canonical close-out invocation)	2026-09-07T12:18:30.1502663Z Project FPS: 145 (6.89 mspf)
GUT GDScript suite under Godot 4.3 headless (blocking)	Run GUT unit suite (canonical close-out invocation)	2026-09-07T12:18:31.1508519Z Project FPS: 145 (6.89 mspf)
GUT GDScript suite under Godot 4.3 headless (blocking)	Run GUT unit suite (canonical close-out invocation)	2026-09-07T12:18:32.1514131Z Project FPS: 145 (6.89 mspf)
GUT GDScript suite under Godot 4.3 headless (blocking)	Run GUT unit suite (canonical close-out invocation)	2026-09-07T12:18:33.1519134Z Project FPS: 145 (6.89 mspf)
GUT GDScript suite under Godot 4.3 headless (blocking)	Run GUT unit suite (canonical close-out invocation)	2026-09-07T12:18:34.1523827Z Project FPS: 145 (6.89 mspf)
GUT GDScript suite under Godot 4.3 headless (blocking)	Run GUT unit suite (canonical close-out invocation)	2026-09-07T12:18:35.1529781Z Project FPS: 145 (6.89 mspf)
GUT GDScript suite under Godot 4.3 headless (blocking)	Run GUT unit suite (canonical close-out invocation)	2026-09-07T12:18:36.1534791Z Project FPS: 145 (6.89 mspf)
GUT GDScript suite under Godot 4.3 headless (blocking)	Run GUT unit suite (canonical close-out invocation)	2026-09-07T12:18:37.1470999Z Project FPS: 144 (6.94 mspf)
GUT GDScript suite under Godot 4.3 headless (blocking)	Run GUT unit suite (canonical close-out invocation)	2026-09-07T12:18:38.1475903Z Project FPS: 145 (6.89 mspf)
GUT GDScript suite under Godot 4.3 headless (blocking)	Run GUT unit suite (canonical close-out invocation)	2026-09-07T12:18:39.1481895Z Project FPS: 145 (6.89 mspf)
GUT GDScript suite under Godot 4.3 headless (blocking)	Run GUT unit suite (canonical close-out invocation)	2026-09-07T12:18:40.1487045Z Project FPS: 145 (6.89 mspf)
GUT GDScript suite under Godot 4.3 headless (blocking)	Run GUT unit suite (canonical close-out invocation)	2026-09-07T12:18:41.1492769Z Project FPS: 145 (6.89 mspf)
GUT GDScript suite under Godot 4.3 headless (blocking)	Run GUT unit suite (canonical close-out invocation)	2026-09-07T12:18:42.1497028Z Project FPS: 145 (6.89 mspf)
GUT GDScript suite under Godot 4.3 headless (blocking)	Run GUT unit suite (canonical close-out invocation)	2026-09-07T12:18:43.1501909Z Project FPS: 145 (6.89 mspf)
GUT GDScript suite under Godot 4.3 headless (blocking)	Run GUT unit suite (canonical close-out invocation)	2026-09-07T12:18:44.1506852Z Project FPS: 145 (6.89 mspf)
GUT GDScript suite under Godot 4.3 headless (blocking)	Run GUT unit suite (canonical close-out invocation)	2026-09-07T12:18:45.1512753Z Project FPS: 145 (6.89 mspf)
GUT GDScript suite under Godot 4.3 headless (blocking)	Run GUT unit suite (canonical close-out invocation)	2026-09-07T12:18:46.1517804Z Project FPS: 145 (6.89 mspf)
GUT GDScript suite under Godot 4.3 headless (blocking)	Run GUT unit suite (canonical close-out invocation)	2026-09-07T12:18:47.1522832Z Project FPS: 145 (6.89 mspf)
GUT GDScript suite under Godot 4.3 headless (blocking)	Run GUT unit suite (canonical close-out invocation)	2026-09-07T12:18:48.1528123Z Project FPS: 145 (6.89 mspf)
GUT GDScript suite under Godot 4.3 headless (blocking)	Run GUT unit suite (canonical close-out invocation)	2026-09-07T12:18:49.1533320Z Project FPS: 145 (6.89 mspf)
GUT GDScript suite under Godot 4.3 headless (blocking)	Run GUT unit suite (canonical close-out invocation)	2026-09-07T12:18:50.1538802Z Project FPS: 145 (6.89 mspf)
GUT GDScript suite under Godot 4.3 headless (blocking)	Run GUT unit suite (canonical close-out invocation)	2026-09-07T12:18:51.1474711Z Project FPS: 144 (6.94 mspf)
GUT GDScript suite under Godot 4.3 headless (blocking)	Run GUT unit suite (canonical close-out invocation)	2026-09-07T12:18:52.1480004Z Project FPS: 145 (6.89 mspf)
GUT GDScript suite under Godot 4.3 headless (blocking)	Run GUT unit suite (canonical close-out invocation)	2026-09-07T12:18:53.1485133Z Project FPS: 145 (6.89 mspf)
GUT GDScript suite under Godot 4.3 headless (blocking)	Run GUT unit suite (canonical close-out invocation)	2026-09-07T12:18:54.1490147Z Project FPS: 145 (6.89 mspf)
GUT GDScript suite under Godot 4.3 headless (blocking)	Run GUT unit suite (canonical close-out invocation)	2026-09-07T12:18:55.1495264Z Project FPS: 145 (6.89 mspf)
GUT GDScript suite under Godot 4.3 headless (blocking)	Run GUT unit suite (canonical close-out invocation)	2026-09-07T12:18:56.1500756Z Project FPS: 145 (6.89 mspf)
GUT GDScript suite under Godot 4.3 headless (blocking)	Run GUT unit suite (canonical close-out invocation)	2026-09-07T12:18:57.1505736Z Project FPS: 145 (6.89 mspf)
GUT GDScript suite under Godot 4.3 headless (blocking)	Run GUT unit suite (canonical close-out invocation)	2026-09-07T12:18:58.1510709Z Project FPS: 145 (6.89 mspf)
GUT GDScript suite under Godot 4.3 headless (blocking)	Run GUT unit suite (canonical close-out invocation)	2026-09-07T12:18:59.1515569Z Project FPS: 145 (6.89 mspf)
GUT GDScript suite under Godot 4.3 headless (blocking)	Run GUT unit suite (canonical close-out invocation)	2026-09-07T12:19:00.1521813Z Project FPS: 145 (6.89 mspf)
GUT GDScript suite under Godot 4.3 headless (blocking)	Run GUT unit suite (canonical close-out invocation)	2026-09-07T12:19:01.1527022Z Project FPS: 145 (6.89 mspf)
GUT GDScript suite under Godot 4.3 headless (blocking)	Run GUT unit suite (canonical close-out invocation)	2026-09-07T12:19:02.1532467Z Project FPS: 145 (6.89 mspf)
GUT GDScript suite under Godot 4.3 headless (blocking)	Run GUT unit suite (canonical close-out invocation)	2026-09-07T12:19:03.1537533Z Project FPS: 145 (6.89 mspf)
GUT GDScript suite under Godot 4.3 headless (blocking)	Run GUT unit suite (canonical close-out invocation)	2026-09-07T12:19:04.1541583Z Project FPS: 145 (6.89 mspf)
GUT GDScript suite under Godot 4.3 headless (blocking)	Run GUT unit suite (canonical close-out invocation)	2026-09-07T12:19:05.1479160Z Project FPS: 144 (6.94 mspf)
GUT GDScript suite under Godot 4.3 headless (blocking)	Run GUT unit suite (canonical close-out invocation)	2026-09-07T12:19:06.1483834Z Project FPS: 145 (6.89 mspf)
GUT GDScript suite under Godot 4.3 headless (blocking)	Run GUT unit suite (canonical close-out invocation)	2026-09-07T12:19:07.1488984Z Project FPS: 145 (6.89 mspf)
GUT GDScript suite under Godot 4.3 headless (blocking)	Run GUT unit suite (canonical close-out invocation)	2026-09-07T12:19:08.1494313Z Project FPS: 145 (6.89 mspf)
GUT GDScript suite under Godot 4.3 headless (blocking)	Run GUT unit suite (canonical close-out invocation)	2026-09-07T12:19:09.1499829Z Project FPS: 145 (6.89 mspf)
GUT GDScript suite under Godot 4.3 headless (blocking)	Run GUT unit suite (canonical close-out invocation)	2026-09-07T12:19:10.1504873Z Project FPS: 145 (6.89 mspf)
GUT GDScript suite under Godot 4.3 headless (blocking)	Run GUT unit suite (canonical close-out invocation)	2026-09-07T12:19:11.1510147Z Project FPS: 145 (6.89 mspf)
GUT GDScript suite under Godot 4.3 headless (blocking)	Run GUT unit suite (canonical close-out invocation)	2026-09-07T12:19:12.1515157Z Project FPS: 145 (6.89 mspf)
GUT GDScript suite under Godot 4.3 headless (blocking)	Run GUT unit suite (canonical close-out invocation)	2026-09-07T12:19:13.1520056Z Project FPS: 145 (6.89 mspf)
GUT GDScript suite under Godot 4.3 headless (blocking)	Run GUT unit suite (canonical close-out invocation)	2026-09-07T12:19:14.1524302Z Project FPS: 145 (6.89 mspf)
GUT GDScript suite under Godot 4.3 headless (blocking)	Run GUT unit suite (canonical close-out invocation)	2026-09-07T12:19:15.1530854Z Project FPS: 145 (6.89 mspf)
GUT GDScript suite under Godot 4.3 headless (blocking)	Run GUT unit suite (canonical close-out invocation)	2026-09-07T12:19:16.1534896Z Project FPS: 145 (6.89 mspf)
GUT GDScript suite under Godot 4.3 headless (blocking)	Run GUT unit suite (canonical close-out invocation)	2026-09-07T12:19:17.1540647Z Project FPS: 145 (6.89 mspf)
GUT GDScript suite under Godot 4.3 headless (blocking)	Run GUT unit suite (canonical close-out invocation)	2026-09-07T12:19:18.1545740Z Project FPS: 145 (6.89 mspf)
GUT GDScript suite under Godot 4.3 headless (blocking)	Run GUT unit suite (canonical close-out invocation)	2026-09-07T12:19:19.1482427Z Project FPS: 144 (6.94 mspf)
GUT GDScript suite under Godot 4.3 headless (blocking)	Run GUT unit suite (canonical close-out invocation)	2026-09-07T12:19:20.1487624Z Project FPS: 145 (6.89 mspf)
GUT GDScript suite under Godot 4.3 headless (blocking)	Run GUT unit suite (canonical close-out invocation)	2026-09-07T12:19:21.1492983Z Project FPS: 145 (6.89 mspf)
GUT GDScript suite under Godot 4.3 headless (blocking)	Run GUT unit suite (canonical close-out invocation)	2026-09-07T12:19:22.1497929Z Project FPS: 145 (6.89 mspf)
GUT GDScript suite under Godot 4.3 headless (blocking)	Run GUT unit suite (canonical close-out invocation)	2026-09-07T12:19:23.1502823Z Project FPS: 145 (6.89 mspf)
GUT GDScript suite under Godot 4.3 headless (blocking)	Run GUT unit suite (canonical close-out invocation)	2026-09-07T12:19:24.1507908Z Project FPS: 145 (6.89 mspf)
GUT GDScript suite under Godot 4.3 headless (blocking)	Run GUT unit suite (canonical close-out invocation)	2026-09-07T12:19:25.1513416Z Project FPS: 145 (6.89 mspf)
GUT GDScript suite under Godot 4.3 headless (blocking)	Run GUT unit suite (canonical close-out invocation)	2026-09-07T12:19:26.1518760Z Project FPS: 145 (6.89 mspf)
GUT GDScript suite under Godot 4.3 headless (blocking)	Run GUT unit suite (canonical close-out invocation)	2026-09-07T12:19:27.1523718Z Project FPS: 145 (6.89 mspf)
GUT GDScript suite under Godot 4.3 headless (blocking)	Run GUT unit suite (canonical close-out invocation)	2026-09-07T12:19:28.1528711Z Project FPS: 145 (6.89 mspf)
GUT GDScript suite under Godot 4.3 headless (blocking)	Run GUT unit suite (canonical close-out invocation)	2026-09-07T12:19:29.1534390Z Project FPS: 145 (6.89 mspf)
GUT GDScript suite under Godot 4.3 headless (blocking)	Run GUT unit suite (canonical close-out invocation)	2026-09-07T12:19:30.1539389Z Project FPS: 145 (6.89 mspf)
GUT GDScript suite under Godot 4.3 headless (blocking)	Run GUT unit suite (canonical close-out invocation)	2026-09-07T12:19:31.1544540Z Project FPS: 145 (6.89 mspf)
GUT GDScript suite under Godot 4.3 headless (blocking)	Run GUT unit suite (canonical close-out invocation)	2026-09-07T12:19:32.1549489Z Project FPS: 145 (6.89 mspf)
GUT GDScript suite under Godot 4.3 headless (blocking)	Run GUT unit suite (canonical close-out invocation)	2026-09-07T12:19:33.1486233Z Project FPS: 144 (6.94 mspf)
GUT GDScript suite under Godot 4.3 headless (blocking)	Run GUT unit suite (canonical close-out invocation)	2026-09-07T12:19:34.1491614Z Project FPS: 145 (6.89 mspf)
GUT GDScript suite under Godot 4.3 headless (blocking)	Run GUT unit suite (canonical close-out invocation)	2026-09-07T12:19:35.1496510Z Project FPS: 145 (6.89 mspf)
GUT GDScript suite under Godot 4.3 headless (blocking)	Run GUT unit suite (canonical close-out invocation)	2026-09-07T12:19:36.1501650Z Project FPS: 145 (6.89 mspf)
GUT GDScript suite under Godot 4.3 headless (blocking)	Run GUT unit suite (canonical close-out invocation)	2026-09-07T12:19:37.1506857Z Project FPS: 145 (6.89 mspf)
GUT GDScript suite under Godot 4.3 headless (blocking)	Run GUT unit suite (canonical close-out invocation)	2026-09-07T12:19:38.1511855Z Project FPS: 145 (6.89 mspf)
GUT GDScript suite under Godot 4.3 headless (blocking)	Run GUT unit suite (canonical close-out invocation)	2026-09-07T12:19:39.1517139Z Project FPS: 145 (6.89 mspf)
GUT GDScript suite under Godot 4.3 headless (blocking)	Run GUT unit suite (canonical close-out invocation)	2026-09-07T12:19:40.1522653Z Project FPS: 145 (6.89 mspf)
GUT GDScript suite under Godot 4.3 headless (blocking)	Run GUT unit suite (canonical close-out invocation)	2026-09-07T12:19:41.1527563Z Project FPS: 145 (6.89 mspf)
GUT GDScript suite under Godot 4.3 headless (blocking)	Run GUT unit suite (canonical close-out invocation)	2026-09-07T12:19:42.1532820Z Project FPS: 145 (6.89 mspf)
GUT GDScript suite under Godot 4.3 headless (blocking)	Run GUT unit suite (canonical close-out invocation)	2026-09-07T12:19:43.1538200Z Project FPS: 145 (6.89 mspf)
GUT GDScript suite under Godot 4.3 headless (blocking)	Run GUT unit suite (canonical close-out invocation)	2026-09-07T12:19:44.1543511Z Project FPS: 145 (6.89 mspf)
GUT GDScript suite under Godot 4.3 headless (blocking)	Run GUT unit suite (canonical close-out invocation)	2026-09-07T12:19:45.1548676Z Project FPS: 145 (6.89 mspf)
GUT GDScript suite under Godot 4.3 headless (blocking)	Run GUT unit suite (canonical close-out invocation)	2026-09-07T12:19:46.1484834Z Project FPS: 144 (6.94 mspf)
GUT GDScript suite under Godot 4.3 headless (blocking)	Run GUT unit suite (canonical close-out invocation)	2026-09-07T12:19:47.1490030Z Project FPS: 145 (6.89 mspf)
GUT GDScript suite under Godot 4.3 headless (blocking)	Run GUT unit suite (canonical close-out invocation)	2026-09-07T12:19:48.1495312Z Project FPS: 145 (6.89 mspf)
GUT GDScript suite under Godot 4.3 headless (blocking)	Run GUT unit suite (canonical close-out invocation)	2026-09-07T12:19:49.1500903Z Project FPS: 145 (6.89 mspf)
GUT GDScript suite under Godot 4.3 headless (blocking)	Run GUT unit suite (canonical close-out invocation)	2026-09-07T12:19:50.1505693Z Project FPS: 145 (6.89 mspf)
GUT GDScript suite under Godot 4.3 headless (blocking)	Run GUT unit suite (canonical close-out invocation)	2026-09-07T12:19:51.1510972Z Project FPS: 145 (6.89 mspf)
GUT GDScript suite under Godot 4.3 headless (blocking)	Run GUT unit suite (canonical close-out invocation)	2026-09-07T12:19:52.1516251Z Project FPS: 145 (6.89 mspf)
GUT GDScript suite under Godot 4.3 headless (blocking)	Run GUT unit suite (canonical close-out invocation)	2026-09-07T12:19:53.1521454Z Project FPS: 145 (6.89 mspf)
GUT GDScript suite under Godot 4.3 headless (blocking)	Run GUT unit suite (canonical close-out invocation)	2026-09-07T12:19:54.1526451Z Project FPS: 145 (6.89 mspf)
GUT GDScript suite under Godot 4.3 headless (blocking)	Run GUT unit suite (canonical close-out invocation)	2026-09-07T12:19:55.1531856Z Project FPS: 145 (6.89 mspf)
GUT GDScript suite under Godot 4.3 headless (blocking)	Run GUT unit suite (canonical close-out invocation)	2026-09-07T12:19:56.1537653Z Project FPS: 145 (6.89 mspf)
GUT GDScript suite under Godot 4.3 headless (blocking)	Run GUT unit suite (canonical close-out invocation)	2026-09-07T12:19:57.1542528Z Project FPS: 145 (6.89 mspf)
GUT GDScript suite under Godot 4.3 headless (blocking)	Run GUT unit suite (canonical close-out invocation)	2026-09-07T12:19:58.1548155Z Project FPS: 145 (6.89 mspf)
GUT GDScript suite under Godot 4.3 headless (blocking)	Run GUT unit suite (canonical close-out invocation)	2026-09-07T12:19:59.1553093Z Project FPS: 145 (6.89 mspf)
GUT GDScript suite under Godot 4.3 headless (blocking)	Run GUT unit suite (canonical close-out invocation)	2026-09-07T12:20:00.1489630Z Project FPS: 144 (6.94 mspf)
GUT GDScript suite under Godot 4.3 headless (blocking)	Run GUT unit suite (canonical close-out invocation)	2026-09-07T12:20:01.1494875Z Project FPS: 145 (6.89 mspf)
GUT GDScript suite under Godot 4.3 headless (blocking)	Run GUT unit suite (canonical close-out invocation)	2026-09-07T12:20:02.1499725Z Project FPS: 145 (6.89 mspf)
GUT GDScript suite under Godot 4.3 headless (blocking)	Run GUT unit suite (canonical close-out invocation)	2026-09-07T12:20:03.1504580Z Project FPS: 145 (6.89 mspf)
GUT GDScript suite under Godot 4.3 headless (blocking)	Run GUT unit suite (canonical close-out invocation)	2026-09-07T12:20:04.1509001Z Project FPS: 145 (6.89 mspf)
GUT GDScript suite under Godot 4.3 headless (blocking)	Run GUT unit suite (canonical close-out invocation)	2026-09-07T12:20:05.1515144Z Project FPS: 145 (6.89 mspf)
GUT GDScript suite under Godot 4.3 headless (blocking)	Run GUT unit suite (canonical close-out invocation)	2026-09-07T12:20:06.1520254Z Project FPS: 145 (6.89 mspf)
GUT GDScript suite under Godot 4.3 headless (blocking)	Run GUT unit suite (canonical close-out invocation)	2026-09-07T12:20:07.1525369Z Project FPS: 145 (6.89 mspf)
GUT GDScript suite under Godot 4.3 headless (blocking)	Run GUT unit suite (canonical close-out invocation)	2026-09-07T12:20:08.1530050Z Project FPS: 145 (6.89 mspf)
GUT GDScript suite under Godot 4.3 headless (blocking)	Run GUT unit suite (canonical close-out invocation)	2026-09-07T12:20:09.1536135Z Project FPS: 145 (6.89 mspf)
GUT GDScript suite under Godot 4.3 headless (blocking)	Run GUT unit suite (canonical close-out invocation)	2026-09-07T12:20:10.1541071Z Project FPS: 145 (6.89 mspf)
GUT GDScript suite under Godot 4.3 headless (blocking)	Run GUT unit suite (canonical close-out invocation)	2026-09-07T12:20:11.1546285Z Project FPS: 145 (6.89 mspf)
GUT GDScript suite under Godot 4.3 headless (blocking)	Run GUT unit suite (canonical close-out invocation)	2026-09-07T12:20:12.1552102Z Project FPS: 145 (6.89 mspf)
GUT GDScript suite under Godot 4.3 headless (blocking)	Run GUT unit suite (canonical close-out invocation)	2026-09-07T12:20:13.1556371Z Project FPS: 145 (6.89 mspf)
GUT GDScript suite under Godot 4.3 headless (blocking)	Run GUT unit suite (canonical close-out invocation)	2026-09-07T12:20:14.1492953Z Project FPS: 144 (6.94 mspf)
GUT GDScript suite under Godot 4.3 headless (blocking)	Run GUT unit suite (canonical close-out invocation)	2026-09-07T12:20:15.1498052Z Project FPS: 145 (6.89 mspf)
GUT GDScript suite under Godot 4.3 headless (blocking)	Run GUT unit suite (canonical close-out invocation)	2026-09-07T12:20:16.1502441Z Project FPS: 145 (6.89 mspf)
GUT GDScript suite under Godot 4.3 headless (blocking)	Run GUT unit suite (canonical close-out invocation)	2026-09-07T12:20:17.1508403Z Project FPS: 145 (6.89 mspf)
GUT GDScript suite under Godot 4.3 headless (blocking)	Run GUT unit suite (canonical close-out invocation)	2026-09-07T12:20:18.1513617Z Project FPS: 145 (6.89 mspf)
GUT GDScript suite under Godot 4.3 headless (blocking)	Run GUT unit suite (canonical close-out invocation)	2026-09-07T12:20:19.1518988Z Project FPS: 145 (6.89 mspf)
GUT GDScript suite under Godot 4.3 headless (blocking)	Run GUT unit suite (canonical close-out invocation)	2026-09-07T12:20:20.1524460Z Project FPS: 145 (6.89 mspf)
GUT GDScript suite under Godot 4.3 headless (blocking)	Run GUT unit suite (canonical close-out invocation)	2026-09-07T12:20:21.1529415Z Project FPS: 145 (6.89 mspf)
GUT GDScript suite under Godot 4.3 headless (blocking)	Run GUT unit suite (canonical close-out invocation)	2026-09-07T12:20:22.1534129Z Project FPS: 145 (6.89 mspf)
GUT GDScript suite under Godot 4.3 headless (blocking)	Run GUT unit suite (canonical close-out invocation)	2026-09-07T12:20:23.1539485Z Project FPS: 145 (6.89 mspf)
GUT GDScript suite under Godot 4.3 headless (blocking)	Run GUT unit suite (canonical close-out invocation)	2026-09-07T12:20:24.1544319Z Project FPS: 145 (6.89 mspf)
GUT GDScript suite under Godot 4.3 headless (blocking)	Run GUT unit suite (canonical close-out invocation)	2026-09-07T12:20:25.1550012Z Project FPS: 145 (6.89 mspf)
GUT GDScript suite under Godot 4.3 headless (blocking)	Run GUT unit suite (canonical close-out invocation)	2026-09-07T12:20:26.1555079Z Project FPS: 145 (6.89 mspf)
GUT GDScript suite under Godot 4.3 headless (blocking)	Run GUT unit suite (canonical close-out invocation)	2026-09-07T12:20:27.1560412Z Project FPS: 145 (6.89 mspf)
GUT GDScript suite under Godot 4.3 headless (blocking)	Run GUT unit suite (canonical close-out invocation)	2026-09-07T12:20:28.1496827Z Project FPS: 144 (6.94 mspf)
GUT GDScript suite under Godot 4.3 headless (blocking)	Run GUT unit suite (canonical close-out invocation)	2026-09-07T12:20:29.1502121Z Project FPS: 145 (6.89 mspf)
GUT GDScript suite under Godot 4.3 headless (blocking)	Run GUT unit suite (canonical close-out invocation)	2026-09-07T12:20:30.1507588Z Project FPS: 145 (6.89 mspf)
GUT GDScript suite under Godot 4.3 headless (blocking)	Run GUT unit suite (canonical close-out invocation)	2026-09-07T12:20:31.1512171Z Project FPS: 145 (6.89 mspf)
GUT GDScript suite under Godot 4.3 headless (blocking)	Run GUT unit suite (canonical close-out invocation)	2026-09-07T12:20:32.1517493Z Project FPS: 145 (6.89 mspf)
GUT GDScript suite under Godot 4.3 headless (blocking)	Run GUT unit suite (canonical close-out invocation)	2026-09-07T12:20:33.1522708Z Project FPS: 145 (6.89 mspf)
GUT GDScript suite under Godot 4.3 headless (blocking)	Run GUT unit suite (canonical close-out invocation)	2026-09-07T12:20:34.1527508Z Project FPS: 145 (6.89 mspf)
GUT GDScript suite under Godot 4.3 headless (blocking)	Run GUT unit suite (canonical close-out invocation)	2026-09-07T12:20:35.1533340Z Project FPS: 145 (6.89 mspf)
GUT GDScript suite under Godot 4.3 headless (blocking)	Run GUT unit suite (canonical close-out invocation)	2026-09-07T12:20:36.1537981Z Project FPS: 145 (6.89 mspf)
GUT GDScript suite under Godot 4.3 headless (blocking)	Run GUT unit suite (canonical close-out invocation)	2026-09-07T12:20:37.1543334Z Project FPS: 145 (6.89 mspf)
GUT GDScript suite under Godot 4.3 headless (blocking)	Run GUT unit suite (canonical close-out invocation)	2026-09-07T12:20:38.1548444Z Project FPS: 145 (6.89 mspf)
GUT GDScript suite under Godot 4.3 headless (blocking)	Run GUT unit suite (canonical close-out invocation)	2026-09-07T12:20:39.1553941Z Project FPS: 145 (6.89 mspf)
GUT GDScript suite under Godot 4.3 headless (blocking)	Run GUT unit suite (canonical close-out invocation)	2026-09-07T12:20:40.1558871Z Project FPS: 145 (6.89 mspf)
GUT GDScript suite under Godot 4.3 headless (blocking)	Run GUT unit suite (canonical close-out invocation)	2026-09-07T12:20:41.1563869Z Project FPS: 145 (6.89 mspf)
GUT GDScript suite under Godot 4.3 headless (blocking)	Run GUT unit suite (canonical close-out invocation)	2026-09-07T12:20:42.1500371Z Project FPS: 144 (6.94 mspf)
GUT GDScript suite under Godot 4.3 headless (blocking)	Run GUT unit suite (canonical close-out invocation)	2026-09-07T12:20:43.1505800Z Project FPS: 145 (6.89 mspf)
GUT GDScript suite under Godot 4.3 headless (blocking)	Run GUT unit suite (canonical close-out invocation)	2026-09-07T12:20:44.1510429Z Project FPS: 145 (6.89 mspf)
GUT GDScript suite under Godot 4.3 headless (blocking)	Run GUT unit suite (canonical close-out invocation)	2026-09-07T12:20:45.1516478Z Project FPS: 145 (6.89 mspf)
GUT GDScript suite under Godot 4.3 headless (blocking)	Run GUT unit suite (canonical close-out invocation)	2026-09-07T12:20:46.1522108Z Project FPS: 145 (6.89 mspf)
GUT GDScript suite under Godot 4.3 headless (blocking)	Run GUT unit suite (canonical close-out invocation)	2026-09-07T12:20:47.1527101Z Project FPS: 145 (6.89 mspf)
GUT GDScript suite under Godot 4.3 headless (blocking)	Run GUT unit suite (canonical close-out invocation)	2026-09-07T12:20:48.1532384Z Project FPS: 145 (6.89 mspf)
GUT GDScript suite under Godot 4.3 headless (blocking)	Run GUT unit suite (canonical close-out invocation)	2026-09-07T12:20:49.1537279Z Project FPS: 145 (6.89 mspf)
GUT GDScript suite under Godot 4.3 headless (blocking)	Run GUT unit suite (canonical close-out invocation)	2026-09-07T12:20:50.1543301Z Project FPS: 145 (6.89 mspf)
GUT GDScript suite under Godot 4.3 headless (blocking)	Run GUT unit suite (canonical close-out invocation)	2026-09-07T12:20:51.1547905Z Project FPS: 145 (6.89 mspf)
GUT GDScript suite under Godot 4.3 headless (blocking)	Run GUT unit suite (canonical close-out invocation)	2026-09-07T12:20:52.1552602Z Project FPS: 145 (6.89 mspf)
GUT GDScript suite under Godot 4.3 headless (blocking)	Run GUT unit suite (canonical close-out invocation)	2026-09-07T12:20:53.1557685Z Project FPS: 145 (6.89 mspf)
GUT GDScript suite under Godot 4.3 headless (blocking)	Run GUT unit suite (canonical close-out invocation)	2026-09-07T12:20:54.1562992Z Project FPS: 145 (6.89 mspf)
GUT GDScript suite under Godot 4.3 headless (blocking)	Run GUT unit suite (canonical close-out invocation)	2026-09-07T12:20:55.1499320Z Project FPS: 144 (6.94 mspf)
GUT GDScript suite under Godot 4.3 headless (blocking)	Run GUT unit suite (canonical close-out invocation)	2026-09-07T12:20:56.1504854Z Project FPS: 145 (6.89 mspf)
GUT GDScript suite under Godot 4.3 headless (blocking)	Run GUT unit suite (canonical close-out invocation)	2026-09-07T12:20:57.1509540Z Project FPS: 145 (6.89 mspf)
GUT GDScript suite under Godot 4.3 headless (blocking)	Run GUT unit suite (canonical close-out invocation)	2026-09-07T12:20:58.1514482Z Project FPS: 145 (6.89 mspf)
GUT GDScript suite under Godot 4.3 headless (blocking)	Run GUT unit suite (canonical close-out invocation)	2026-09-07T12:20:59.1519762Z Project FPS: 145 (6.89 mspf)
GUT GDScript suite under Godot 4.3 headless (blocking)	Run GUT unit suite (canonical close-out invocation)	2026-09-07T12:21:00.1525123Z Project FPS: 145 (6.89 mspf)
GUT GDScript suite under Godot 4.3 headless (blocking)	Run GUT unit suite (canonical close-out invocation)	2026-09-07T12:21:01.1530137Z Project FPS: 145 (6.89 mspf)
GUT GDScript suite under Godot 4.3 headless (blocking)	Run GUT unit suite (canonical close-out invocation)	2026-09-07T12:21:02.1535490Z Project FPS: 145 (6.89 mspf)
GUT GDScript suite under Godot 4.3 headless (blocking)	Run GUT unit suite (canonical close-out invocation)	2026-09-07T12:21:03.1540779Z Project FPS: 145 (6.89 mspf)
GUT GDScript suite under Godot 4.3 headless (blocking)	Run GUT unit suite (canonical close-out invocation)	2026-09-07T12:21:04.1545451Z Project FPS: 145 (6.89 mspf)
GUT GDScript suite under Godot 4.3 headless (blocking)	Run GUT unit suite (canonical close-out invocation)	2026-09-07T12:21:05.1551418Z Project FPS: 145 (6.89 mspf)
GUT GDScript suite under Godot 4.3 headless (blocking)	Run GUT unit suite (canonical close-out invocation)	2026-09-07T12:21:06.1556343Z Project FPS: 145 (6.89 mspf)
GUT GDScript suite under Godot 4.3 headless (blocking)	Run GUT unit suite (canonical close-out invocation)	2026-09-07T12:21:07.1561350Z Project FPS: 145 (6.89 mspf)
GUT GDScript suite under Godot 4.3 headless (blocking)	Run GUT unit suite (canonical close-out invocation)	2026-09-07T12:21:08.1567104Z Project FPS: 145 (6.89 mspf)
GUT GDScript suite under Godot 4.3 headless (blocking)	Run GUT unit suite (canonical close-out invocation)	2026-09-07T12:21:09.1502331Z Project FPS: 144 (6.94 mspf)
GUT GDScript suite under Godot 4.3 headless (blocking)	Run GUT unit suite (canonical close-out invocation)	2026-09-07T12:21:10.1508403Z Project FPS: 145 (6.89 mspf)
GUT GDScript suite under Godot 4.3 headless (blocking)	Run GUT unit suite (canonical close-out invocation)	2026-09-07T12:21:11.1513732Z Project FPS: 145 (6.89 mspf)
GUT GDScript suite under Godot 4.3 headless (blocking)	Run GUT unit suite (canonical close-out invocation)	2026-09-07T12:21:12.1518553Z Project FPS: 145 (6.89 mspf)
GUT GDScript suite under Godot 4.3 headless (blocking)	Run GUT unit suite (canonical close-out invocation)	2026-09-07T12:21:13.1524120Z Project FPS: 145 (6.89 mspf)
GUT GDScript suite under Godot 4.3 headless (blocking)	Run GUT unit suite (canonical close-out invocation)	2026-09-07T12:21:14.1528438Z Project FPS: 145 (6.89 mspf)
GUT GDScript suite under Godot 4.3 headless (blocking)	Run GUT unit suite (canonical close-out invocation)	2026-09-07T12:21:15.1534113Z Project FPS: 145 (6.89 mspf)
GUT GDScript suite under Godot 4.3 headless (blocking)	Run GUT unit suite (canonical close-out invocation)	2026-09-07T12:21:16.1538497Z Project FPS: 145 (6.89 mspf)
GUT GDScript suite under Godot 4.3 headless (blocking)	Run GUT unit suite (canonical close-out invocation)	2026-09-07T12:21:17.1544365Z Project FPS: 145 (6.89 mspf)
GUT GDScript suite under Godot 4.3 headless (blocking)	Run GUT unit suite (canonical close-out invocation)	2026-09-07T12:21:18.1549761Z Project FPS: 145 (6.89 mspf)
GUT GDScript suite under Godot 4.3 headless (blocking)	Run GUT unit suite (canonical close-out invocation)	2026-09-07T12:21:19.1555371Z Project FPS: 145 (6.89 mspf)
GUT GDScript suite under Godot 4.3 headless (blocking)	Run GUT unit suite (canonical close-out invocation)	2026-09-07T12:21:20.1559978Z Project FPS: 145 (6.89 mspf)
GUT GDScript suite under Godot 4.3 headless (blocking)	Run GUT unit suite (canonical close-out invocation)	2026-09-07T12:21:21.1565663Z Project FPS: 145 (6.89 mspf)
GUT GDScript suite under Godot 4.3 headless (blocking)	Run GUT unit suite (canonical close-out invocation)	2026-09-07T12:21:22.1570556Z Project FPS: 145 (6.89 mspf)
GUT GDScript suite under Godot 4.3 headless (blocking)	Run GUT unit suite (canonical close-out invocation)	2026-09-07T12:21:23.1507048Z Project FPS: 144 (6.94 mspf)
GUT GDScript suite under Godot 4.3 headless (blocking)	Run GUT unit suite (canonical close-out invocation)	2026-09-07T12:21:24.1512014Z Project FPS: 145 (6.89 mspf)
GUT GDScript suite under Godot 4.3 headless (blocking)	Run GUT unit suite (canonical close-out invocation)	2026-09-07T12:21:25.1517669Z Project FPS: 145 (6.89 mspf)
GUT GDScript suite under Godot 4.3 headless (blocking)	Run GUT unit suite (canonical close-out invocation)	2026-09-07T12:21:26.1522779Z Project FPS: 145 (6.89 mspf)
GUT GDScript suite under Godot 4.3 headless (blocking)	Run GUT unit suite (canonical close-out invocation)	2026-09-07T12:21:27.1527474Z Project FPS: 145 (6.89 mspf)
GUT GDScript suite under Godot 4.3 headless (blocking)	Run GUT unit suite (canonical close-out invocation)	2026-09-07T12:21:28.1533003Z Project FPS: 145 (6.89 mspf)
GUT GDScript suite under Godot 4.3 headless (blocking)	Run GUT unit suite (canonical close-out invocation)	2026-09-07T12:21:29.1537907Z Project FPS: 145 (6.89 mspf)
GUT GDScript suite under Godot 4.3 headless (blocking)	Run GUT unit suite (canonical close-out invocation)	2026-09-07T12:21:30.1543964Z Project FPS: 145 (6.89 mspf)
GUT GDScript suite under Godot 4.3 headless (blocking)	Run GUT unit suite (canonical close-out invocation)	2026-09-07T12:21:31.1548700Z Project FPS: 145 (6.89 mspf)
GUT GDScript suite under Godot 4.3 headless (blocking)	Run GUT unit suite (canonical close-out invocation)	2026-09-07T12:21:32.1553872Z Project FPS: 145 (6.89 mspf)
GUT GDScript suite under Godot 4.3 headless (blocking)	Run GUT unit suite (canonical close-out invocation)	2026-09-07T12:21:33.1558897Z Project FPS: 145 (6.89 mspf)
GUT GDScript suite under Godot 4.3 headless (blocking)	Run GUT unit suite (canonical close-out invocation)	2026-09-07T12:21:34.1563523Z Project FPS: 145 (6.89 mspf)
GUT GDScript suite under Godot 4.3 headless (blocking)	Run GUT unit suite (canonical close-out invocation)	2026-09-07T12:21:35.1569888Z Project FPS: 145 (6.89 mspf)
GUT GDScript suite under Godot 4.3 headless (blocking)	Run GUT unit suite (canonical close-out invocation)	2026-09-07T12:21:36.1575086Z Project FPS: 145 (6.89 mspf)
GUT GDScript suite under Godot 4.3 headless (blocking)	Run GUT unit suite (canonical close-out invocation)	2026-09-07T12:21:37.1510778Z Project FPS: 144 (6.94 mspf)
GUT GDScript suite under Godot 4.3 headless (blocking)	Run GUT unit suite (canonical close-out invocation)	2026-09-07T12:21:38.1516670Z Project FPS: 145 (6.89 mspf)
GUT GDScript suite under Godot 4.3 headless (blocking)	Run GUT unit suite (canonical close-out invocation)	2026-09-07T12:21:39.1522147Z Project FPS: 145 (6.89 mspf)
GUT GDScript suite under Godot 4.3 headless (blocking)	Run GUT unit suite (canonical close-out invocation)	2026-09-07T12:21:40.1526552Z Project FPS: 145 (6.89 mspf)
GUT GDScript suite under Godot 4.3 headless (blocking)	Run GUT unit suite (canonical close-out invocation)	2026-09-07T12:21:41.1532088Z Project FPS: 145 (6.89 mspf)
GUT GDScript suite under Godot 4.3 headless (blocking)	Run GUT unit suite (canonical close-out invocation)	2026-09-07T12:21:42.1536993Z Project FPS: 145 (6.89 mspf)
GUT GDScript suite under Godot 4.3 headless (blocking)	Run GUT unit suite (canonical close-out invocation)	2026-09-07T12:21:43.1542317Z Project FPS: 145 (6.89 mspf)
GUT GDScript suite under Godot 4.3 headless (blocking)	Run GUT unit suite (canonical close-out invocation)	2026-09-07T12:21:44.1546215Z Project FPS: 145 (6.89 mspf)
GUT GDScript suite under Godot 4.3 headless (blocking)	Run GUT unit suite (canonical close-out invocation)	2026-09-07T12:21:45.1552565Z Project FPS: 145 (6.89 mspf)
GUT GDScript suite under Godot 4.3 headless (blocking)	Run GUT unit suite (canonical close-out invocation)	2026-09-07T12:21:46.1557732Z Project FPS: 145 (6.89 mspf)
GUT GDScript suite under Godot 4.3 headless (blocking)	Run GUT unit suite (canonical close-out invocation)	2026-09-07T12:21:47.1563195Z Project FPS: 145 (6.89 mspf)
GUT GDScript suite under Godot 4.3 headless (blocking)	Run GUT unit suite (canonical close-out invocation)	2026-09-07T12:21:48.1567906Z Project FPS: 145 (6.89 mspf)
GUT GDScript suite under Godot 4.3 headless (blocking)	Run GUT unit suite (canonical close-out invocation)	2026-09-07T12:21:49.1572968Z Project FPS: 145 (6.89 mspf)
GUT GDScript suite under Godot 4.3 headless (blocking)	Run GUT unit suite (canonical close-out invocation)	2026-09-07T12:21:50.1578398Z Project FPS: 145 (6.89 mspf)
GUT GDScript suite under Godot 4.3 headless (blocking)	Run GUT unit suite (canonical close-out invocation)	2026-09-07T12:21:51.1514689Z Project FPS: 144 (6.94 mspf)
GUT GDScript suite under Godot 4.3 headless (blocking)	Run GUT unit suite (canonical close-out invocation)	2026-09-07T12:21:52.1520186Z Project FPS: 145 (6.89 mspf)
GUT GDScript suite under Godot 4.3 headless (blocking)	Run GUT unit suite (canonical close-out invocation)	2026-09-07T12:21:53.1524996Z Project FPS: 145 (6.89 mspf)
GUT GDScript suite under Godot 4.3 headless (blocking)	Run GUT unit suite (canonical close-out invocation)	2026-09-07T12:21:54.1530465Z Project FPS: 145 (6.89 mspf)
GUT GDScript suite under Godot 4.3 headless (blocking)	Run GUT unit suite (canonical close-out invocation)	2026-09-07T12:21:55.1535668Z Project FPS: 145 (6.89 mspf)
GUT GDScript suite under Godot 4.3 headless (blocking)	Run GUT unit suite (canonical close-out invocation)	2026-09-07T12:21:56.1541087Z Project FPS: 145 (6.89 mspf)
GUT GDScript suite under Godot 4.3 headless (blocking)	Run GUT unit suite (canonical close-out invocation)	2026-09-07T12:21:57.1546152Z Project FPS: 145 (6.89 mspf)
GUT GDScript suite under Godot 4.3 headless (blocking)	Run GUT unit suite (canonical close-out invocation)	2026-09-07T12:21:58.1551480Z Project FPS: 145 (6.89 mspf)
GUT GDScript suite under Godot 4.3 headless (blocking)	Run GUT unit suite (canonical close-out invocation)	2026-09-07T12:21:59.1556930Z Project FPS: 145 (6.89 mspf)
GUT GDScript suite under Godot 4.3 headless (blocking)	Run GUT unit suite (canonical close-out invocation)	2026-09-07T12:22:00.1561858Z Project FPS: 145 (6.89 mspf)
GUT GDScript suite under Godot 4.3 headless (blocking)	Run GUT unit suite (canonical close-out invocation)	2026-09-07T12:22:01.1567248Z Project FPS: 145 (6.89 mspf)
GUT GDScript suite under Godot 4.3 headless (blocking)	Run GUT unit suite (canonical close-out invocation)	2026-09-07T12:22:02.1572352Z Project FPS: 145 (6.89 mspf)
GUT GDScript suite under Godot 4.3 headless (blocking)	Run GUT unit suite (canonical close-out invocation)	2026-09-07T12:22:03.1577586Z Project FPS: 145 (6.89 mspf)
GUT GDScript suite under Godot 4.3 headless (blocking)	Run GUT unit suite (canonical close-out invocation)	2026-09-07T12:22:04.1513582Z Project FPS: 144 (6.94 mspf)
GUT GDScript suite under Godot 4.3 headless (blocking)	Run GUT unit suite (canonical close-out invocation)	2026-09-07T12:22:05.1519047Z Project FPS: 145 (6.89 mspf)
GUT GDScript suite under Godot 4.3 headless (blocking)	Run GUT unit suite (canonical close-out invocation)	2026-09-07T12:22:06.1524179Z Project FPS: 145 (6.89 mspf)
GUT GDScript suite under Godot 4.3 headless (blocking)	Run GUT unit suite (canonical close-out invocation)	2026-09-07T12:22:07.1529352Z Project FPS: 145 (6.89 mspf)
GUT GDScript suite under Godot 4.3 headless (blocking)	Run GUT unit suite (canonical close-out invocation)	2026-09-07T12:22:08.1534542Z Project FPS: 145 (6.89 mspf)
GUT GDScript suite under Godot 4.3 headless (blocking)	Run GUT unit suite (canonical close-out invocation)	2026-09-07T12:22:09.1539501Z Project FPS: 145 (6.89 mspf)
GUT GDScript suite under Godot 4.3 headless (blocking)	Run GUT unit suite (canonical close-out invocation)	2026-09-07T12:22:10.1544547Z Project FPS: 145 (6.89 mspf)
GUT GDScript suite under Godot 4.3 headless (blocking)	Run GUT unit suite (canonical close-out invocation)	2026-09-07T12:22:11.1549697Z Project FPS: 145 (6.89 mspf)
GUT GDScript suite under Godot 4.3 headless (blocking)	Run GUT unit suite (canonical close-out invocation)	2026-09-07T12:22:12.1555258Z Project FPS: 145 (6.89 mspf)
GUT GDScript suite under Godot 4.3 headless (blocking)	Run GUT unit suite (canonical close-out invocation)	2026-09-07T12:22:13.1560201Z Project FPS: 145 (6.89 mspf)
GUT GDScript suite under Godot 4.3 headless (blocking)	Run GUT unit suite (canonical close-out invocation)	2026-09-07T12:22:14.1565400Z Project FPS: 145 (6.89 mspf)
GUT GDScript suite under Godot 4.3 headless (blocking)	Run GUT unit suite (canonical close-out invocation)	2026-09-07T12:22:15.1570323Z Project FPS: 145 (6.89 mspf)
GUT GDScript suite under Godot 4.3 headless (blocking)	Run GUT unit suite (canonical close-out invocation)	2026-09-07T12:22:16.1575644Z Project FPS: 145 (6.89 mspf)
GUT GDScript suite under Godot 4.3 headless (blocking)	Run GUT unit suite (canonical close-out invocation)	2026-09-07T12:22:17.1581249Z Project FPS: 145 (6.89 mspf)
GUT GDScript suite under Godot 4.3 headless (blocking)	Run GUT unit suite (canonical close-out invocation)	2026-09-07T12:22:18.1517297Z Project FPS: 144 (6.94 mspf)
GUT GDScript suite under Godot 4.3 headless (blocking)	Run GUT unit suite (canonical close-out invocation)	2026-09-07T12:22:19.1522757Z Project FPS: 145 (6.89 mspf)
GUT GDScript suite under Godot 4.3 headless (blocking)	Run GUT unit suite (canonical close-out invocation)	2026-09-07T12:22:20.1527835Z Project FPS: 145 (6.89 mspf)
GUT GDScript suite under Godot 4.3 headless (blocking)	Run GUT unit suite (canonical close-out invocation)	2026-09-07T12:22:21.1532703Z Project FPS: 145 (6.89 mspf)
GUT GDScript suite under Godot 4.3 headless (blocking)	Run GUT unit suite (canonical close-out invocation)	2026-09-07T12:22:22.1538060Z Project FPS: 145 (6.89 mspf)
GUT GDScript suite under Godot 4.3 headless (blocking)	Run GUT unit suite (canonical close-out invocation)	2026-09-07T12:22:23.1543395Z Project FPS: 145 (6.89 mspf)
GUT GDScript suite under Godot 4.3 headless (blocking)	Run GUT unit suite (canonical close-out invocation)	2026-09-07T12:22:24.1548388Z Project FPS: 145 (6.89 mspf)
GUT GDScript suite under Godot 4.3 headless (blocking)	Run GUT unit suite (canonical close-out invocation)	2026-09-07T12:22:25.1553849Z Project FPS: 145 (6.89 mspf)
GUT GDScript suite under Godot 4.3 headless (blocking)	Run GUT unit suite (canonical close-out invocation)	2026-09-07T12:22:26.1558036Z Project FPS: 145 (6.89 mspf)
GUT GDScript suite under Godot 4.3 headless (blocking)	Run GUT unit suite (canonical close-out invocation)	2026-09-07T12:22:27.1564252Z Project FPS: 145 (6.89 mspf)
GUT GDScript suite under Godot 4.3 headless (blocking)	Run GUT unit suite (canonical close-out invocation)	2026-09-07T12:22:28.1569154Z Project FPS: 145 (6.89 mspf)
GUT GDScript suite under Godot 4.3 headless (blocking)	Run GUT unit suite (canonical close-out invocation)	2026-09-07T12:22:29.1574614Z Project FPS: 145 (6.89 mspf)
GUT GDScript suite under Godot 4.3 headless (blocking)	Run GUT unit suite (canonical close-out invocation)	2026-09-07T12:22:30.1579744Z Project FPS: 145 (6.89 mspf)
GUT GDScript suite under Godot 4.3 headless (blocking)	Run GUT unit suite (canonical close-out invocation)	2026-09-07T12:22:31.1585003Z Project FPS: 145 (6.89 mspf)
GUT GDScript suite under Godot 4.3 headless (blocking)	Run GUT unit suite (canonical close-out invocation)	2026-09-07T12:22:32.1520457Z Project FPS: 144 (6.94 mspf)
GUT GDScript suite under Godot 4.3 headless (blocking)	Run GUT unit suite (canonical close-out invocation)	2026-09-07T12:22:33.1526614Z Project FPS: 145 (6.89 mspf)
GUT GDScript suite under Godot 4.3 headless (blocking)	Run GUT unit suite (canonical close-out invocation)	2026-09-07T12:22:34.1530868Z Project FPS: 145 (6.89 mspf)
GUT GDScript suite under Godot 4.3 headless (blocking)	Run GUT unit suite (canonical close-out invocation)	2026-09-07T12:22:35.1536709Z Project FPS: 145 (6.89 mspf)
GUT GDScript suite under Godot 4.3 headless (blocking)	Run GUT unit suite (canonical close-out invocation)	2026-09-07T12:22:36.1541851Z Project FPS: 145 (6.89 mspf)
GUT GDScript suite under Godot 4.3 headless (blocking)	Run GUT unit suite (canonical close-out invocation)	2026-09-07T12:22:37.1547299Z Project FPS: 145 (6.89 mspf)
GUT GDScript suite under Godot 4.3 headless (blocking)	Run GUT unit suite (canonical close-out invocation)	2026-09-07T12:22:38.1552541Z Project FPS: 145 (6.89 mspf)
GUT GDScript suite under Godot 4.3 headless (blocking)	Run GUT unit suite (canonical close-out invocation)	2026-09-07T12:22:39.1557692Z Project FPS: 145 (6.89 mspf)
GUT GDScript suite under Godot 4.3 headless (blocking)	Run GUT unit suite (canonical close-out invocation)	2026-09-07T12:22:40.1562941Z Project FPS: 145 (6.89 mspf)
GUT GDScript suite under Godot 4.3 headless (blocking)	Run GUT unit suite (canonical close-out invocation)	2026-09-07T12:22:41.1567978Z Project FPS: 145 (6.89 mspf)
GUT GDScript suite under Godot 4.3 headless (blocking)	Run GUT unit suite (canonical close-out invocation)	2026-09-07T12:22:42.1573702Z Project FPS: 145 (6.89 mspf)
GUT GDScript suite under Godot 4.3 headless (blocking)	Run GUT unit suite (canonical close-out invocation)	2026-09-07T12:22:43.1578340Z Project FPS: 145 (6.89 mspf)
GUT GDScript suite under Godot 4.3 headless (blocking)	Run GUT unit suite (canonical close-out invocation)	2026-09-07T12:22:44.1583316Z Project FPS: 145 (6.89 mspf)
GUT GDScript suite under Godot 4.3 headless (blocking)	Run GUT unit suite (canonical close-out invocation)	2026-09-07T12:22:45.1588655Z Project FPS: 145 (6.89 mspf)
GUT GDScript suite under Godot 4.3 headless (blocking)	Run GUT unit suite (canonical close-out invocation)	2026-09-07T12:22:46.1524837Z Project FPS: 144 (6.94 mspf)
GUT GDScript suite under Godot 4.3 headless (blocking)	Run GUT unit suite (canonical close-out invocation)	2026-09-07T12:22:47.1530746Z Project FPS: 145 (6.89 mspf)
GUT GDScript suite under Godot 4.3 headless (blocking)	Run GUT unit suite (canonical close-out invocation)	2026-09-07T12:22:48.1535201Z Project FPS: 145 (6.89 mspf)
GUT GDScript suite under Godot 4.3 headless (blocking)	Run GUT unit suite (canonical close-out invocation)	2026-09-07T12:22:49.1540846Z Project FPS: 145 (6.89 mspf)
GUT GDScript suite under Godot 4.3 headless (blocking)	Run GUT unit suite (canonical close-out invocation)	2026-09-07T12:22:50.1546284Z Project FPS: 145 (6.89 mspf)
GUT GDScript suite under Godot 4.3 headless (blocking)	Run GUT unit suite (canonical close-out invocation)	2026-09-07T12:22:51.1550920Z Project FPS: 145 (6.89 mspf)
GUT GDScript suite under Godot 4.3 headless (blocking)	Run GUT unit suite (canonical close-out invocation)	2026-09-07T12:22:52.1556618Z Project FPS: 145 (6.89 mspf)
GUT GDScript suite under Godot 4.3 headless (blocking)	Run GUT unit suite (canonical close-out invocation)	2026-09-07T12:22:53.1561485Z Project FPS: 145 (6.89 mspf)
GUT GDScript suite under Godot 4.3 headless (blocking)	Run GUT unit suite (canonical close-out invocation)	2026-09-07T12:22:54.1566907Z Project FPS: 145 (6.89 mspf)
GUT GDScript suite under Godot 4.3 headless (blocking)	Run GUT unit suite (canonical close-out invocation)	2026-09-07T12:22:55.1571962Z Project FPS: 145 (6.89 mspf)
GUT GDScript suite under Godot 4.3 headless (blocking)	Run GUT unit suite (canonical close-out invocation)	2026-09-07T12:22:56.1576995Z Project FPS: 145 (6.89 mspf)
GUT GDScript suite under Godot 4.3 headless (blocking)	Run GUT unit suite (canonical close-out invocation)	2026-09-07T12:22:57.1582293Z Project FPS: 145 (6.89 mspf)
GUT GDScript suite under Godot 4.3 headless (blocking)	Run GUT unit suite (canonical close-out invocation)	2026-09-07T12:22:58.1587264Z Project FPS: 145 (6.89 mspf)
GUT GDScript suite under Godot 4.3 headless (blocking)	Run GUT unit suite (canonical close-out invocation)	2026-09-07T12:22:59.1592480Z Project FPS: 145 (6.89 mspf)
GUT GDScript suite under Godot 4.3 headless (blocking)	Run GUT unit suite (canonical close-out invocation)	2026-09-07T12:23:00.1528746Z Project FPS: 144 (6.94 mspf)
GUT GDScript suite under Godot 4.3 headless (blocking)	Run GUT unit suite (canonical close-out invocation)	2026-09-07T12:23:01.1534108Z Project FPS: 145 (6.89 mspf)
GUT GDScript suite under Godot 4.3 headless (blocking)	Run GUT unit suite (canonical close-out invocation)	2026-09-07T12:23:02.1539588Z Project FPS: 145 (6.89 mspf)
GUT GDScript suite under Godot 4.3 headless (blocking)	Run GUT unit suite (canonical close-out invocation)	2026-09-07T12:23:03.1544246Z Project FPS: 145 (6.89 mspf)
GUT GDScript suite under Godot 4.3 headless (blocking)	Run GUT unit suite (canonical close-out invocation)	2026-09-07T12:23:04.1549471Z Project FPS: 145 (6.89 mspf)
GUT GDScript suite under Godot 4.3 headless (blocking)	Run GUT unit suite (canonical close-out invocation)	2026-09-07T12:23:05.1554586Z Project FPS: 145 (6.89 mspf)
GUT GDScript suite under Godot 4.3 headless (blocking)	Run GUT unit suite (canonical close-out invocation)	2026-09-07T12:23:06.1560163Z Project FPS: 145 (6.89 mspf)
GUT GDScript suite under Godot 4.3 headless (blocking)	Run GUT unit suite (canonical close-out invocation)	2026-09-07T12:23:07.1564732Z Project FPS: 145 (6.89 mspf)
GUT GDScript suite under Godot 4.3 headless (blocking)	Run GUT unit suite (canonical close-out invocation)	2026-09-07T12:23:08.1570822Z Project FPS: 145 (6.89 mspf)
GUT GDScript suite under Godot 4.3 headless (blocking)	Run GUT unit suite (canonical close-out invocation)	2026-09-07T12:23:09.1575484Z Project FPS: 145 (6.89 mspf)
GUT GDScript suite under Godot 4.3 headless (blocking)	Run GUT unit suite (canonical close-out invocation)	2026-09-07T12:23:10.1581049Z Project FPS: 145 (6.89 mspf)
GUT GDScript suite under Godot 4.3 headless (blocking)	Run GUT unit suite (canonical close-out invocation)	2026-09-07T12:23:11.1585998Z Project FPS: 145 (6.89 mspf)
GUT GDScript suite under Godot 4.3 headless (blocking)	Run GUT unit suite (canonical close-out invocation)	2026-09-07T12:23:12.1590839Z Project FPS: 145 (6.89 mspf)
GUT GDScript suite under Godot 4.3 headless (blocking)	Run GUT unit suite (canonical close-out invocation)	2026-09-07T12:23:13.1527304Z Project FPS: 144 (6.94 mspf)
GUT GDScript suite under Godot 4.3 headless (blocking)	Run GUT unit suite (canonical close-out invocation)	2026-09-07T12:23:14.1533091Z Project FPS: 145 (6.89 mspf)
GUT GDScript suite under Godot 4.3 headless (blocking)	Run GUT unit suite (canonical close-out invocation)	2026-09-07T12:23:15.1538710Z Project FPS: 145 (6.89 mspf)
GUT GDScript suite under Godot 4.3 headless (blocking)	Run GUT unit suite (canonical close-out invocation)	2026-09-07T12:23:16.1542498Z Project FPS: 145 (6.89 mspf)
GUT GDScript suite under Godot 4.3 headless (blocking)	Run GUT unit suite (canonical close-out invocation)	2026-09-07T12:23:17.1548251Z Project FPS: 145 (6.89 mspf)
GUT GDScript suite under Godot 4.3 headless (blocking)	Run GUT unit suite (canonical close-out invocation)	2026-09-07T12:23:18.1553244Z Project FPS: 145 (6.89 mspf)
GUT GDScript suite under Godot 4.3 headless (blocking)	Run GUT unit suite (canonical close-out invocation)	2026-09-07T12:23:19.1559479Z Project FPS: 145 (6.89 mspf)
GUT GDScript suite under Godot 4.3 headless (blocking)	Run GUT unit suite (canonical close-out invocation)	2026-09-07T12:23:20.1564360Z Project FPS: 145 (6.89 mspf)
GUT GDScript suite under Godot 4.3 headless (blocking)	Run GUT unit suite (canonical close-out invocation)	2026-09-07T12:23:21.1569802Z Project FPS: 145 (6.89 mspf)
GUT GDScript suite under Godot 4.3 headless (blocking)	Run GUT unit suite (canonical close-out invocation)	2026-09-07T12:23:22.1574610Z Project FPS: 145 (6.89 mspf)
GUT GDScript suite under Godot 4.3 headless (blocking)	Run GUT unit suite (canonical close-out invocation)	2026-09-07T12:23:23.1579339Z Project FPS: 145 (6.89 mspf)
GUT GDScript suite under Godot 4.3 headless (blocking)	Run GUT unit suite (canonical close-out invocation)	2026-09-07T12:23:24.1584485Z Project FPS: 145 (6.89 mspf)
GUT GDScript suite under Godot 4.3 headless (blocking)	Run GUT unit suite (canonical close-out invocation)	2026-09-07T12:23:25.1590235Z Project FPS: 145 (6.89 mspf)
GUT GDScript suite under Godot 4.3 headless (blocking)	Run GUT unit suite (canonical close-out invocation)	2026-09-07T12:23:26.1595361Z Project FPS: 145 (6.89 mspf)
GUT GDScript suite under Godot 4.3 headless (blocking)	Run GUT unit suite (canonical close-out invocation)	2026-09-07T12:23:27.1532602Z Project FPS: 144 (6.94 mspf)
GUT GDScript suite under Godot 4.3 headless (blocking)	Run GUT unit suite (canonical close-out invocation)	2026-09-07T12:23:28.1536752Z Project FPS: 145 (6.89 mspf)
GUT GDScript suite under Godot 4.3 headless (blocking)	Run GUT unit suite (canonical close-out invocation)	2026-09-07T12:23:29.1541877Z Project FPS: 145 (6.89 mspf)
GUT GDScript suite under Godot 4.3 headless (blocking)	Run GUT unit suite (canonical close-out invocation)	2026-09-07T12:23:30.1547117Z Project FPS: 145 (6.89 mspf)
GUT GDScript suite under Godot 4.3 headless (blocking)	Run GUT unit suite (canonical close-out invocation)	2026-09-07T12:23:31.1552638Z Project FPS: 145 (6.89 mspf)
GUT GDScript suite under Godot 4.3 headless (blocking)	Run GUT unit suite (canonical close-out invocation)	2026-09-07T12:23:32.1558029Z Project FPS: 145 (6.89 mspf)
GUT GDScript suite under Godot 4.3 headless (blocking)	Run GUT unit suite (canonical close-out invocation)	2026-09-07T12:23:33.1562829Z Project FPS: 145 (6.89 mspf)
GUT GDScript suite under Godot 4.3 headless (blocking)	Run GUT unit suite (canonical close-out invocation)	2026-09-07T12:23:34.1568110Z Project FPS: 145 (6.89 mspf)
GUT GDScript suite under Godot 4.3 headless (blocking)	Run GUT unit suite (canonical close-out invocation)	2026-09-07T12:23:35.1573120Z Project FPS: 145 (6.89 mspf)
GUT GDScript suite under Godot 4.3 headless (blocking)	Run GUT unit suite (canonical close-out invocation)	2026-09-07T12:23:36.1578595Z Project FPS: 145 (6.89 mspf)
GUT GDScript suite under Godot 4.3 headless (blocking)	Run GUT unit suite (canonical close-out invocation)	2026-09-07T12:23:37.1583839Z Project FPS: 145 (6.89 mspf)
GUT GDScript suite under Godot 4.3 headless (blocking)	Run GUT unit suite (canonical close-out invocation)	2026-09-07T12:23:38.1589038Z Project FPS: 145 (6.89 mspf)
GUT GDScript suite under Godot 4.3 headless (blocking)	Run GUT unit suite (canonical close-out invocation)	2026-09-07T12:23:39.1594531Z Project FPS: 145 (6.89 mspf)
GUT GDScript suite under Godot 4.3 headless (blocking)	Run GUT unit suite (canonical close-out invocation)	2026-09-07T12:23:40.1599667Z Project FPS: 145 (6.89 mspf)
GUT GDScript suite under Godot 4.3 headless (blocking)	Run GUT unit suite (canonical close-out invocation)	2026-09-07T12:23:41.1536108Z Project FPS: 144 (6.94 mspf)
GUT GDScript suite under Godot 4.3 headless (blocking)	Run GUT unit suite (canonical close-out invocation)	2026-09-07T12:23:42.1541323Z Project FPS: 145 (6.89 mspf)
GUT GDScript suite under Godot 4.3 headless (blocking)	Run GUT unit suite (canonical close-out invocation)	2026-09-07T12:23:43.1546721Z Project FPS: 145 (6.89 mspf)
GUT GDScript suite under Godot 4.3 headless (blocking)	Run GUT unit suite (canonical close-out invocation)	2026-09-07T12:23:44.1551307Z Project FPS: 145 (6.89 mspf)
GUT GDScript suite under Godot 4.3 headless (blocking)	Run GUT unit suite (canonical close-out invocation)	2026-09-07T12:23:45.1556602Z Project FPS: 145 (6.89 mspf)
GUT GDScript suite under Godot 4.3 headless (blocking)	Run GUT unit suite (canonical close-out invocation)	2026-09-07T12:23:46.1561477Z Project FPS: 145 (6.89 mspf)
GUT GDScript suite under Godot 4.3 headless (blocking)	Run GUT unit suite (canonical close-out invocation)	2026-09-07T12:23:47.1566878Z Project FPS: 145 (6.89 mspf)
GUT GDScript suite under Godot 4.3 headless (blocking)	Run GUT unit suite (canonical close-out invocation)	2026-09-07T12:23:48.1572362Z Project FPS: 145 (6.89 mspf)
GUT GDScript suite under Godot 4.3 headless (blocking)	Run GUT unit suite (canonical close-out invocation)	2026-09-07T12:23:49.1577454Z Project FPS: 145 (6.89 mspf)
GUT GDScript suite under Godot 4.3 headless (blocking)	Run GUT unit suite (canonical close-out invocation)	2026-09-07T12:23:50.1582468Z Project FPS: 145 (6.89 mspf)
GUT GDScript suite under Godot 4.3 headless (blocking)	Run GUT unit suite (canonical close-out invocation)	2026-09-07T12:23:51.1587204Z Project FPS: 145 (6.89 mspf)
GUT GDScript suite under Godot 4.3 headless (blocking)	Run GUT unit suite (canonical close-out invocation)	2026-09-07T12:23:52.1592342Z Project FPS: 145 (6.89 mspf)
GUT GDScript suite under Godot 4.3 headless (blocking)	Run GUT unit suite (canonical close-out invocation)	2026-09-07T12:23:53.1598350Z Project FPS: 145 (6.89 mspf)
GUT GDScript suite under Godot 4.3 headless (blocking)	Run GUT unit suite (canonical close-out invocation)	2026-09-07T12:23:54.1602561Z Project FPS: 145 (6.89 mspf)
GUT GDScript suite under Godot 4.3 headless (blocking)	Run GUT unit suite (canonical close-out invocation)	2026-09-07T12:23:55.1539964Z Project FPS: 144 (6.94 mspf)
GUT GDScript suite under Godot 4.3 headless (blocking)	Run GUT unit suite (canonical close-out invocation)	2026-09-07T12:23:56.1544287Z Project FPS: 145 (6.89 mspf)
GUT GDScript suite under Godot 4.3 headless (blocking)	Run GUT unit suite (canonical close-out invocation)	2026-09-07T12:23:57.1549955Z Project FPS: 145 (6.89 mspf)
GUT GDScript suite under Godot 4.3 headless (blocking)	Run GUT unit suite (canonical close-out invocation)	2026-09-07T12:23:58.1555699Z Project FPS: 145 (6.89 mspf)
GUT GDScript suite under Godot 4.3 headless (blocking)	Run GUT unit suite (canonical close-out invocation)	2026-09-07T12:23:59.1560247Z Project FPS: 145 (6.89 mspf)
GUT GDScript suite under Godot 4.3 headless (blocking)	Run GUT unit suite (canonical close-out invocation)	2026-09-07T12:24:00.1565366Z Project FPS: 145 (6.89 mspf)
GUT GDScript suite under Godot 4.3 headless (blocking)	Run GUT unit suite (canonical close-out invocation)	2026-09-07T12:24:01.1571142Z Project FPS: 145 (6.89 mspf)
GUT GDScript suite under Godot 4.3 headless (blocking)	Run GUT unit suite (canonical close-out invocation)	2026-09-07T12:24:02.1576320Z Project FPS: 145 (6.89 mspf)
GUT GDScript suite under Godot 4.3 headless (blocking)	Run GUT unit suite (canonical close-out invocation)	2026-09-07T12:24:03.1581416Z Project FPS: 145 (6.89 mspf)
GUT GDScript suite under Godot 4.3 headless (blocking)	Run GUT unit suite (canonical close-out invocation)	2026-09-07T12:24:04.1586584Z Project FPS: 145 (6.89 mspf)
GUT GDScript suite under Godot 4.3 headless (blocking)	Run GUT unit suite (canonical close-out invocation)	2026-09-07T12:24:05.1592077Z Project FPS: 145 (6.89 mspf)
GUT GDScript suite under Godot 4.3 headless (blocking)	Run GUT unit suite (canonical close-out invocation)	2026-09-07T12:24:06.1597136Z Project FPS: 145 (6.89 mspf)
GUT GDScript suite under Godot 4.3 headless (blocking)	Run GUT unit suite (canonical close-out invocation)	2026-09-07T12:24:07.1601898Z Project FPS: 145 (6.89 mspf)
GUT GDScript suite under Godot 4.3 headless (blocking)	Run GUT unit suite (canonical close-out invocation)	2026-09-07T12:24:08.1607130Z Project FPS: 145 (6.89 mspf)
GUT GDScript suite under Godot 4.3 headless (blocking)	Run GUT unit suite (canonical close-out invocation)	2026-09-07T12:24:09.1543251Z Project FPS: 144 (6.94 mspf)
GUT GDScript suite under Godot 4.3 headless (blocking)	Run GUT unit suite (canonical close-out invocation)	2026-09-07T12:24:10.1548374Z Project FPS: 145 (6.89 mspf)
GUT GDScript suite under Godot 4.3 headless (blocking)	Run GUT unit suite (canonical close-out invocation)	2026-09-07T12:24:11.1553645Z Project FPS: 145 (6.89 mspf)
GUT GDScript suite under Godot 4.3 headless (blocking)	Run GUT unit suite (canonical close-out invocation)	2026-09-07T12:24:12.1558841Z Project FPS: 145 (6.89 mspf)
GUT GDScript suite under Godot 4.3 headless (blocking)	Run GUT unit suite (canonical close-out invocation)	2026-09-07T12:24:13.1563788Z Project FPS: 145 (6.89 mspf)
GUT GDScript suite under Godot 4.3 headless (blocking)	Run GUT unit suite (canonical close-out invocation)	2026-09-07T12:24:14.1568998Z Project FPS: 145 (6.89 mspf)
GUT GDScript suite under Godot 4.3 headless (blocking)	Run GUT unit suite (canonical close-out invocation)	2026-09-07T12:24:15.1574776Z Project FPS: 145 (6.89 mspf)
GUT GDScript suite under Godot 4.3 headless (blocking)	Run GUT unit suite (canonical close-out invocation)	2026-09-07T12:24:16.1578990Z Project FPS: 145 (6.89 mspf)
GUT GDScript suite under Godot 4.3 headless (blocking)	Run GUT unit suite (canonical close-out invocation)	2026-09-07T12:24:17.1584922Z Project FPS: 145 (6.89 mspf)
GUT GDScript suite under Godot 4.3 headless (blocking)	Run GUT unit suite (canonical close-out invocation)	2026-09-07T12:24:18.1590352Z Project FPS: 145 (6.89 mspf)
GUT GDScript suite under Godot 4.3 headless (blocking)	Run GUT unit suite (canonical close-out invocation)	2026-09-07T12:24:19.1595168Z Project FPS: 145 (6.89 mspf)
GUT GDScript suite under Godot 4.3 headless (blocking)	Run GUT unit suite (canonical close-out invocation)	2026-09-07T12:24:20.1600728Z Project FPS: 145 (6.89 mspf)
GUT GDScript suite under Godot 4.3 headless (blocking)	Run GUT unit suite (canonical close-out invocation)	2026-09-07T12:24:21.1605798Z Project FPS: 145 (6.89 mspf)
GUT GDScript suite under Godot 4.3 headless (blocking)	Run GUT unit suite (canonical close-out invocation)	2026-09-07T12:24:22.1542018Z Project FPS: 144 (6.94 mspf)
GUT GDScript suite under Godot 4.3 headless (blocking)	Run GUT unit suite (canonical close-out invocation)	2026-09-07T12:24:23.1547107Z Project FPS: 145 (6.89 mspf)
GUT GDScript suite under Godot 4.3 headless (blocking)	Run GUT unit suite (canonical close-out invocation)	2026-09-07T12:24:24.1552130Z Project FPS: 145 (6.89 mspf)
GUT GDScript suite under Godot 4.3 headless (blocking)	Run GUT unit suite (canonical close-out invocation)	2026-09-07T12:24:25.1557910Z Project FPS: 145 (6.89 mspf)
GUT GDScript suite under Godot 4.3 headless (blocking)	Run GUT unit suite (canonical close-out invocation)	2026-09-07T12:24:26.1563175Z Project FPS: 145 (6.89 mspf)
GUT GDScript suite under Godot 4.3 headless (blocking)	Run GUT unit suite (canonical close-out invocation)	2026-09-07T12:24:27.1567911Z Project FPS: 145 (6.89 mspf)
GUT GDScript suite under Godot 4.3 headless (blocking)	Run GUT unit suite (canonical close-out invocation)	2026-09-07T12:24:28.1573162Z Project FPS: 145 (6.89 mspf)
GUT GDScript suite under Godot 4.3 headless (blocking)	Run GUT unit suite (canonical close-out invocation)	2026-09-07T12:24:29.1578156Z Project FPS: 145 (6.89 mspf)
GUT GDScript suite under Godot 4.3 headless (blocking)	Run GUT unit suite (canonical close-out invocation)	2026-09-07T12:24:30.1583297Z Project FPS: 145 (6.89 mspf)
GUT GDScript suite under Godot 4.3 headless (blocking)	Run GUT unit suite (canonical close-out invocation)	2026-09-07T12:24:31.1588936Z Project FPS: 145 (6.89 mspf)
GUT GDScript suite under Godot 4.3 headless (blocking)	Run GUT unit suite (canonical close-out invocation)	2026-09-07T12:24:32.1594192Z Project FPS: 145 (6.89 mspf)
GUT GDScript suite under Godot 4.3 headless (blocking)	Run GUT unit suite (canonical close-out invocation)	2026-09-07T12:24:33.1598948Z Project FPS: 145 (6.89 mspf)
GUT GDScript suite under Godot 4.3 headless (blocking)	Run GUT unit suite (canonical close-out invocation)	2026-09-07T12:24:34.1604489Z Project FPS: 145 (6.89 mspf)
GUT GDScript suite under Godot 4.3 headless (blocking)	Run GUT unit suite (canonical close-out invocation)	2026-09-07T12:24:35.1609408Z Project FPS: 145 (6.89 mspf)
GUT GDScript suite under Godot 4.3 headless (blocking)	Run GUT unit suite (canonical close-out invocation)	2026-09-07T12:24:36.1546250Z Project FPS: 144 (6.94 mspf)
GUT GDScript suite under Godot 4.3 headless (blocking)	Run GUT unit suite (canonical close-out invocation)	2026-09-07T12:24:37.1550856Z Project FPS: 145 (6.89 mspf)
GUT GDScript suite under Godot 4.3 headless (blocking)	Run GUT unit suite (canonical close-out invocation)	2026-09-07T12:24:38.1556319Z Project FPS: 145 (6.89 mspf)
GUT GDScript suite under Godot 4.3 headless (blocking)	Run GUT unit suite (canonical close-out invocation)	2026-09-07T12:24:39.1562543Z Project FPS: 145 (6.89 mspf)
GUT GDScript suite under Godot 4.3 headless (blocking)	Run GUT unit suite (canonical close-out invocation)	2026-09-07T12:24:40.1567169Z Project FPS: 145 (6.89 mspf)
GUT GDScript suite under Godot 4.3 headless (blocking)	Run GUT unit suite (canonical close-out invocation)	2026-09-07T12:24:41.1571711Z Project FPS: 145 (6.89 mspf)
GUT GDScript suite under Godot 4.3 headless (blocking)	Run GUT unit suite (canonical close-out invocation)	2026-09-07T12:24:42.1576986Z Project FPS: 145 (6.89 mspf)
GUT GDScript suite under Godot 4.3 headless (blocking)	Run GUT unit suite (canonical close-out invocation)	2026-09-07T12:24:43.1582152Z Project FPS: 145 (6.89 mspf)
GUT GDScript suite under Godot 4.3 headless (blocking)	Run GUT unit suite (canonical close-out invocation)	2026-09-07T12:24:44.1587647Z Project FPS: 145 (6.89 mspf)
GUT GDScript suite under Godot 4.3 headless (blocking)	Run GUT unit suite (canonical close-out invocation)	2026-09-07T12:24:45.1593315Z Project FPS: 145 (6.89 mspf)
GUT GDScript suite under Godot 4.3 headless (blocking)	Run GUT unit suite (canonical close-out invocation)	2026-09-07T12:24:46.1598183Z Project FPS: 145 (6.89 mspf)
GUT GDScript suite under Godot 4.3 headless (blocking)	Run GUT unit suite (canonical close-out invocation)	2026-09-07T12:24:47.1602916Z Project FPS: 145 (6.89 mspf)
GUT GDScript suite under Godot 4.3 headless (blocking)	Run GUT unit suite (canonical close-out invocation)	2026-09-07T12:24:48.1608220Z Project FPS: 145 (6.89 mspf)
GUT GDScript suite under Godot 4.3 headless (blocking)	Run GUT unit suite (canonical close-out invocation)	2026-09-07T12:24:49.1613108Z Project FPS: 145 (6.89 mspf)
GUT GDScript suite under Godot 4.3 headless (blocking)	Run GUT unit suite (canonical close-out invocation)	2026-09-07T12:24:50.1549248Z Project FPS: 144 (6.94 mspf)
GUT GDScript suite under Godot 4.3 headless (blocking)	Run GUT unit suite (canonical close-out invocation)	2026-09-07T12:24:51.1554787Z Project FPS: 145 (6.89 mspf)
GUT GDScript suite under Godot 4.3 headless (blocking)	Run GUT unit suite (canonical close-out invocation)	2026-09-07T12:24:52.1559615Z Project FPS: 145 (6.89 mspf)
GUT GDScript suite under Godot 4.3 headless (blocking)	Run GUT unit suite (canonical close-out invocation)	2026-09-07T12:24:53.1564732Z Project FPS: 145 (6.89 mspf)
GUT GDScript suite under Godot 4.3 headless (blocking)	Run GUT unit suite (canonical close-out invocation)	2026-09-07T12:24:54.1570262Z Project FPS: 145 (6.89 mspf)
GUT GDScript suite under Godot 4.3 headless (blocking)	Run GUT unit suite (canonical close-out invocation)	2026-09-07T12:24:55.1575412Z Project FPS: 145 (6.89 mspf)
GUT GDScript suite under Godot 4.3 headless (blocking)	Run GUT unit suite (canonical close-out invocation)	2026-09-07T12:24:56.1580329Z Project FPS: 145 (6.89 mspf)
GUT GDScript suite under Godot 4.3 headless (blocking)	Run GUT unit suite (canonical close-out invocation)	2026-09-07T12:24:57.1584941Z Project FPS: 145 (6.89 mspf)
GUT GDScript suite under Godot 4.3 headless (blocking)	Run GUT unit suite (canonical close-out invocation)	2026-09-07T12:24:58.1590135Z Project FPS: 145 (6.89 mspf)
GUT GDScript suite under Godot 4.3 headless (blocking)	Run GUT unit suite (canonical close-out invocation)	2026-09-07T12:24:59.1595544Z Project FPS: 145 (6.89 mspf)
GUT GDScript suite under Godot 4.3 headless (blocking)	Run GUT unit suite (canonical close-out invocation)	2026-09-07T12:25:00.1600739Z Project FPS: 145 (6.89 mspf)
GUT GDScript suite under Godot 4.3 headless (blocking)	Run GUT unit suite (canonical close-out invocation)	2026-09-07T12:25:01.1605717Z Project FPS: 145 (6.89 mspf)
GUT GDScript suite under Godot 4.3 headless (blocking)	Run GUT unit suite (canonical close-out invocation)	2026-09-07T12:25:02.1610974Z Project FPS: 145 (6.89 mspf)
GUT GDScript suite under Godot 4.3 headless (blocking)	Run GUT unit suite (canonical close-out invocation)	2026-09-07T12:25:03.1615846Z Project FPS: 145 (6.89 mspf)
GUT GDScript suite under Godot 4.3 headless (blocking)	Run GUT unit suite (canonical close-out invocation)	2026-09-07T12:25:04.1551621Z Project FPS: 144 (6.94 mspf)
GUT GDScript suite under Godot 4.3 headless (blocking)	Run GUT unit suite (canonical close-out invocation)	2026-09-07T12:25:05.1556819Z Project FPS: 145 (6.89 mspf)
GUT GDScript suite under Godot 4.3 headless (blocking)	Run GUT unit suite (canonical close-out invocation)	2026-09-07T12:25:06.1562352Z Project FPS: 145 (6.89 mspf)
GUT GDScript suite under Godot 4.3 headless (blocking)	Run GUT unit suite (canonical close-out invocation)	2026-09-07T12:25:07.1568005Z Project FPS: 145 (6.89 mspf)
GUT GDScript suite under Godot 4.3 headless (blocking)	Run GUT unit suite (canonical close-out invocation)	2026-09-07T12:25:08.1572464Z Project FPS: 145 (6.89 mspf)
GUT GDScript suite under Godot 4.3 headless (blocking)	Run GUT unit suite (canonical close-out invocation)	2026-09-07T12:25:09.1577839Z Project FPS: 145 (6.89 mspf)
GUT GDScript suite under Godot 4.3 headless (blocking)	Run GUT unit suite (canonical close-out invocation)	2026-09-07T12:25:10.1583102Z Project FPS: 145 (6.89 mspf)
GUT GDScript suite under Godot 4.3 headless (blocking)	Run GUT unit suite (canonical close-out invocation)	2026-09-07T12:25:11.1588143Z Project FPS: 145 (6.89 mspf)
GUT GDScript suite under Godot 4.3 headless (blocking)	Run GUT unit suite (canonical close-out invocation)	2026-09-07T12:25:12.1593189Z Project FPS: 145 (6.89 mspf)
GUT GDScript suite under Godot 4.3 headless (blocking)	Run GUT unit suite (canonical close-out invocation)	2026-09-07T12:25:13.1598344Z Project FPS: 145 (6.89 mspf)
GUT GDScript suite under Godot 4.3 headless (blocking)	Run GUT unit suite (canonical close-out invocation)	2026-09-07T12:25:14.1603237Z Project FPS: 145 (6.89 mspf)
GUT GDScript suite under Godot 4.3 headless (blocking)	Run GUT unit suite (canonical close-out invocation)	2026-09-07T12:25:15.1608574Z Project FPS: 145 (6.89 mspf)
GUT GDScript suite under Godot 4.3 headless (blocking)	Run GUT unit suite (canonical close-out invocation)	2026-09-07T12:25:16.1612981Z Project FPS: 145 (6.89 mspf)
GUT GDScript suite under Godot 4.3 headless (blocking)	Run GUT unit suite (canonical close-out invocation)	2026-09-07T12:25:17.1619003Z Project FPS: 145 (6.89 mspf)
GUT GDScript suite under Godot 4.3 headless (blocking)	Run GUT unit suite (canonical close-out invocation)	2026-09-07T12:25:18.1554763Z Project FPS: 144 (6.94 mspf)
GUT GDScript suite under Godot 4.3 headless (blocking)	Run GUT unit suite (canonical close-out invocation)	2026-09-07T12:25:19.1559749Z Project FPS: 145 (6.89 mspf)
GUT GDScript suite under Godot 4.3 headless (blocking)	Run GUT unit suite (canonical close-out invocation)	2026-09-07T12:25:20.1565306Z Project FPS: 145 (6.89 mspf)
GUT GDScript suite under Godot 4.3 headless (blocking)	Run GUT unit suite (canonical close-out invocation)	2026-09-07T12:25:21.1570566Z Project FPS: 145 (6.89 mspf)
GUT GDScript suite under Godot 4.3 headless (blocking)	Run GUT unit suite (canonical close-out invocation)	2026-09-07T12:25:22.1575977Z Project FPS: 145 (6.89 mspf)
GUT GDScript suite under Godot 4.3 headless (blocking)	Run GUT unit suite (canonical close-out invocation)	2026-09-07T12:25:23.1580727Z Project FPS: 145 (6.89 mspf)
GUT GDScript suite under Godot 4.3 headless (blocking)	Run GUT unit suite (canonical close-out invocation)	2026-09-07T12:25:24.1585419Z Project FPS: 145 (6.89 mspf)
GUT GDScript suite under Godot 4.3 headless (blocking)	Run GUT unit suite (canonical close-out invocation)	2026-09-07T12:25:25.1591346Z Project FPS: 145 (6.89 mspf)
GUT GDScript suite under Godot 4.3 headless (blocking)	Run GUT unit suite (canonical close-out invocation)	2026-09-07T12:25:26.1596370Z Project FPS: 145 (6.89 mspf)
GUT GDScript suite under Godot 4.3 headless (blocking)	Run GUT unit suite (canonical close-out invocation)	2026-09-07T12:25:27.1601159Z Project FPS: 145 (6.89 mspf)
GUT GDScript suite under Godot 4.3 headless (blocking)	Run GUT unit suite (canonical close-out invocation)	2026-09-07T12:25:28.1606517Z Project FPS: 145 (6.89 mspf)
GUT GDScript suite under Godot 4.3 headless (blocking)	Run GUT unit suite (canonical close-out invocation)	2026-09-07T12:25:29.1611767Z Project FPS: 145 (6.89 mspf)
GUT GDScript suite under Godot 4.3 headless (blocking)	Run GUT unit suite (canonical close-out invocation)	2026-09-07T12:25:30.1617220Z Project FPS: 145 (6.89 mspf)
GUT GDScript suite under Godot 4.3 headless (blocking)	Run GUT unit suite (canonical close-out invocation)	2026-09-07T12:25:31.1552575Z Project FPS: 144 (6.94 mspf)
GUT GDScript suite under Godot 4.3 headless (blocking)	Run GUT unit suite (canonical close-out invocation)	2026-09-07T12:25:32.1557712Z Project FPS: 145 (6.89 mspf)
GUT GDScript suite under Godot 4.3 headless (blocking)	Run GUT unit suite (canonical close-out invocation)	2026-09-07T12:25:33.1562415Z Project FPS: 145 (6.89 mspf)
GUT GDScript suite under Godot 4.3 headless (blocking)	Run GUT unit suite (canonical close-out invocation)	2026-09-07T12:25:34.1567923Z Project FPS: 145 (6.89 mspf)
GUT GDScript suite under Godot 4.3 headless (blocking)	Run GUT unit suite (canonical close-out invocation)	2026-09-07T12:25:35.1574065Z Project FPS: 145 (6.89 mspf)
GUT GDScript suite under Godot 4.3 headless (blocking)	Run GUT unit suite (canonical close-out invocation)	2026-09-07T12:25:36.1578720Z Project FPS: 145 (6.89 mspf)
GUT GDScript suite under Godot 4.3 headless (blocking)	Run GUT unit suite (canonical close-out invocation)	2026-09-07T12:25:37.1583846Z Project FPS: 145 (6.89 mspf)
GUT GDScript suite under Godot 4.3 headless (blocking)	Run GUT unit suite (canonical close-out invocation)	2026-09-07T12:25:38.1589149Z Project FPS: 145 (6.89 mspf)
GUT GDScript suite under Godot 4.3 headless (blocking)	Run GUT unit suite (canonical close-out invocation)	2026-09-07T12:25:39.1594823Z Project FPS: 145 (6.89 mspf)
GUT GDScript suite under Godot 4.3 headless (blocking)	Run GUT unit suite (canonical close-out invocation)	2026-09-07T12:25:40.1600066Z Project FPS: 145 (6.89 mspf)
GUT GDScript suite under Godot 4.3 headless (blocking)	Run GUT unit suite (canonical close-out invocation)	2026-09-07T12:25:41.1605141Z Project FPS: 145 (6.89 mspf)
GUT GDScript suite under Godot 4.3 headless (blocking)	Run GUT unit suite (canonical close-out invocation)	2026-09-07T12:25:42.1610324Z Project FPS: 145 (6.89 mspf)
GUT GDScript suite under Godot 4.3 headless (blocking)	Run GUT unit suite (canonical close-out invocation)	2026-09-07T12:25:43.1615452Z Project FPS: 145 (6.89 mspf)
GUT GDScript suite under Godot 4.3 headless (blocking)	Run GUT unit suite (canonical close-out invocation)	2026-09-07T12:25:44.1619623Z Project FPS: 145 (6.89 mspf)
GUT GDScript suite under Godot 4.3 headless (blocking)	Run GUT unit suite (canonical close-out invocation)	2026-09-07T12:25:45.1557193Z Project FPS: 144 (6.94 mspf)
GUT GDScript suite under Godot 4.3 headless (blocking)	Run GUT unit suite (canonical close-out invocation)	2026-09-07T12:25:46.1562408Z Project FPS: 145 (6.89 mspf)
GUT GDScript suite under Godot 4.3 headless (blocking)	Run GUT unit suite (canonical close-out invocation)	2026-09-07T12:25:47.1568174Z Project FPS: 145 (6.89 mspf)
GUT GDScript suite under Godot 4.3 headless (blocking)	Run GUT unit suite (canonical close-out invocation)	2026-09-07T12:25:48.1572182Z Project FPS: 145 (6.89 mspf)
GUT GDScript suite under Godot 4.3 headless (blocking)	Run GUT unit suite (canonical close-out invocation)	2026-09-07T12:25:49.1577332Z Project FPS: 145 (6.89 mspf)
GUT GDScript suite under Godot 4.3 headless (blocking)	Run GUT unit suite (canonical close-out invocation)	2026-09-07T12:25:50.1582474Z Project FPS: 145 (6.89 mspf)
GUT GDScript suite under Godot 4.3 headless (blocking)	Run GUT unit suite (canonical close-out invocation)	2026-09-07T12:25:51.1587782Z Project FPS: 145 (6.89 mspf)
GUT GDScript suite under Godot 4.3 headless (blocking)	Run GUT unit suite (canonical close-out invocation)	2026-09-07T12:25:52.1592807Z Project FPS: 145 (6.89 mspf)
GUT GDScript suite under Godot 4.3 headless (blocking)	Run GUT unit suite (canonical close-out invocation)	2026-09-07T12:25:53.1597705Z Project FPS: 145 (6.89 mspf)
GUT GDScript suite under Godot 4.3 headless (blocking)	Run GUT unit suite (canonical close-out invocation)	2026-09-07T12:25:54.1602069Z Project FPS: 145 (6.89 mspf)
GUT GDScript suite under Godot 4.3 headless (blocking)	Run GUT unit suite (canonical close-out invocation)	2026-09-07T12:25:55.1608718Z Project FPS: 145 (6.89 mspf)
GUT GDScript suite under Godot 4.3 headless (blocking)	Run GUT unit suite (canonical close-out invocation)	2026-09-07T12:25:56.1613564Z Project FPS: 145 (6.89 mspf)
GUT GDScript suite under Godot 4.3 headless (blocking)	Run GUT unit suite (canonical close-out invocation)	2026-09-07T12:25:57.1618610Z Project FPS: 145 (6.89 mspf)
GUT GDScript suite under Godot 4.3 headless (blocking)	Run GUT unit suite (canonical close-out invocation)	2026-09-07T12:25:58.1623604Z Project FPS: 145 (6.89 mspf)
GUT GDScript suite under Godot 4.3 headless (blocking)	Run GUT unit suite (canonical close-out invocation)	2026-09-07T12:25:59.1559786Z Project FPS: 144 (6.94 mspf)
GUT GDScript suite under Godot 4.3 headless (blocking)	Run GUT unit suite (canonical close-out invocation)	2026-09-07T12:26:00.1564798Z Project FPS: 145 (6.89 mspf)
GUT GDScript suite under Godot 4.3 headless (blocking)	Run GUT unit suite (canonical close-out invocation)	2026-09-07T12:26:01.1570170Z Project FPS: 145 (6.89 mspf)
GUT GDScript suite under Godot 4.3 headless (blocking)	Run GUT unit suite (canonical close-out invocation)	2026-09-07T12:26:02.1575216Z Project FPS: 145 (6.89 mspf)
GUT GDScript suite under Godot 4.3 headless (blocking)	Run GUT unit suite (canonical close-out invocation)	2026-09-07T12:26:03.1580023Z Project FPS: 145 (6.89 mspf)
GUT GDScript suite under Godot 4.3 headless (blocking)	Run GUT unit suite (canonical close-out invocation)	2026-09-07T12:26:04.1585163Z Project FPS: 145 (6.89 mspf)
GUT GDScript suite under Godot 4.3 headless (blocking)	Run GUT unit suite (canonical close-out invocation)	2026-09-07T12:26:05.1590931Z Project FPS: 145 (6.89 mspf)
GUT GDScript suite under Godot 4.3 headless (blocking)	Run GUT unit suite (canonical close-out invocation)	2026-09-07T12:26:06.1596045Z Project FPS: 145 (6.89 mspf)
GUT GDScript suite under Godot 4.3 headless (blocking)	Run GUT unit suite (canonical close-out invocation)	2026-09-07T12:26:07.1601087Z Project FPS: 145 (6.89 mspf)
GUT GDScript suite under Godot 4.3 headless (blocking)	Run GUT unit suite (canonical close-out invocation)	2026-09-07T12:26:08.1606393Z Project FPS: 145 (6.89 mspf)
GUT GDScript suite under Godot 4.3 headless (blocking)	Run GUT unit suite (canonical close-out invocation)	2026-09-07T12:26:09.1611958Z Project FPS: 145 (6.89 mspf)
GUT GDScript suite under Godot 4.3 headless (blocking)	Run GUT unit suite (canonical close-out invocation)	2026-09-07T12:26:10.1616729Z Project FPS: 145 (6.89 mspf)
GUT GDScript suite under Godot 4.3 headless (blocking)	Run GUT unit suite (canonical close-out invocation)	2026-09-07T12:26:11.1621681Z Project FPS: 145 (6.89 mspf)
GUT GDScript suite under Godot 4.3 headless (blocking)	Run GUT unit suite (canonical close-out invocation)	2026-09-07T12:26:12.1627141Z Project FPS: 145 (6.89 mspf)
GUT GDScript suite under Godot 4.3 headless (blocking)	Run GUT unit suite (canonical close-out invocation)	2026-09-07T12:26:13.1563364Z Project FPS: 144 (6.94 mspf)
GUT GDScript suite under Godot 4.3 headless (blocking)	Run GUT unit suite (canonical close-out invocation)	2026-09-07T12:26:14.1568321Z Project FPS: 145 (6.89 mspf)
GUT GDScript suite under Godot 4.3 headless (blocking)	Run GUT unit suite (canonical close-out invocation)	2026-09-07T12:26:15.1573602Z Project FPS: 145 (6.89 mspf)
GUT GDScript suite under Godot 4.3 headless (blocking)	Run GUT unit suite (canonical close-out invocation)	2026-09-07T12:26:16.1578623Z Project FPS: 145 (6.89 mspf)
GUT GDScript suite under Godot 4.3 headless (blocking)	Run GUT unit suite (canonical close-out invocation)	2026-09-07T12:26:17.1583524Z Project FPS: 145 (6.89 mspf)
GUT GDScript suite under Godot 4.3 headless (blocking)	Run GUT unit suite (canonical close-out invocation)	2026-09-07T12:26:18.1588804Z Project FPS: 145 (6.89 mspf)
GUT GDScript suite under Godot 4.3 headless (blocking)	Run GUT unit suite (canonical close-out invocation)	2026-09-07T12:26:19.1593992Z Project FPS: 145 (6.89 mspf)
GUT GDScript suite under Godot 4.3 headless (blocking)	Run GUT unit suite (canonical close-out invocation)	2026-09-07T12:26:20.1599264Z Project FPS: 145 (6.89 mspf)
GUT GDScript suite under Godot 4.3 headless (blocking)	Run GUT unit suite (canonical close-out invocation)	2026-09-07T12:26:21.1604105Z Project FPS: 145 (6.89 mspf)
GUT GDScript suite under Godot 4.3 headless (blocking)	Run GUT unit suite (canonical close-out invocation)	2026-09-07T12:26:22.1609338Z Project FPS: 145 (6.89 mspf)
GUT GDScript suite under Godot 4.3 headless (blocking)	Run GUT unit suite (canonical close-out invocation)	2026-09-07T12:26:23.1614411Z Project FPS: 145 (6.89 mspf)
GUT GDScript suite under Godot 4.3 headless (blocking)	Run GUT unit suite (canonical close-out invocation)	2026-09-07T12:26:24.1619173Z Project FPS: 145 (6.89 mspf)
GUT GDScript suite under Godot 4.3 headless (blocking)	Run GUT unit suite (canonical close-out invocation)	2026-09-07T12:26:25.1625549Z Project FPS: 145 (6.89 mspf)
GUT GDScript suite under Godot 4.3 headless (blocking)	Run GUT unit suite (canonical close-out invocation)	2026-09-07T12:26:26.1630184Z Project FPS: 145 (6.89 mspf)
GUT GDScript suite under Godot 4.3 headless (blocking)	Run GUT unit suite (canonical close-out invocation)	2026-09-07T12:26:27.1566058Z Project FPS: 144 (6.94 mspf)
GUT GDScript suite under Godot 4.3 headless (blocking)	Run GUT unit suite (canonical close-out invocation)	2026-09-07T12:26:28.1570748Z Project FPS: 145 (6.89 mspf)
GUT GDScript suite under Godot 4.3 headless (blocking)	Run GUT unit suite (canonical close-out invocation)	2026-09-07T12:26:29.1577491Z Project FPS: 145 (6.89 mspf)
GUT GDScript suite under Godot 4.3 headless (blocking)	Run GUT unit suite (canonical close-out invocation)	2026-09-07T12:26:30.1582384Z Project FPS: 145 (6.89 mspf)
GUT GDScript suite under Godot 4.3 headless (blocking)	Run GUT unit suite (canonical close-out invocation)	2026-09-07T12:26:31.1587149Z Project FPS: 145 (6.89 mspf)
GUT GDScript suite under Godot 4.3 headless (blocking)	Run GUT unit suite (canonical close-out invocation)	2026-09-07T12:26:32.1591859Z Project FPS: 145 (6.89 mspf)
GUT GDScript suite under Godot 4.3 headless (blocking)	Run GUT unit suite (canonical close-out invocation)	2026-09-07T12:26:33.1597646Z Project FPS: 145 (6.89 mspf)
GUT GDScript suite under Godot 4.3 headless (blocking)	Run GUT unit suite (canonical close-out invocation)	2026-09-07T12:26:34.1602420Z Project FPS: 145 (6.89 mspf)
GUT GDScript suite under Godot 4.3 headless (blocking)	Run GUT unit suite (canonical close-out invocation)	2026-09-07T12:26:35.1607872Z Project FPS: 145 (6.89 mspf)
GUT GDScript suite under Godot 4.3 headless (blocking)	Run GUT unit suite (canonical close-out invocation)	2026-09-07T12:26:36.1613244Z Project FPS: 145 (6.89 mspf)
GUT GDScript suite under Godot 4.3 headless (blocking)	Run GUT unit suite (canonical close-out invocation)	2026-09-07T12:26:37.1618458Z Project FPS: 145 (6.89 mspf)
GUT GDScript suite under Godot 4.3 headless (blocking)	Run GUT unit suite (canonical close-out invocation)	2026-09-07T12:26:38.1622710Z Project FPS: 145 (6.89 mspf)
GUT GDScript suite under Godot 4.3 headless (blocking)	Run GUT unit suite (canonical close-out invocation)	2026-09-07T12:26:39.1628920Z Project FPS: 145 (6.89 mspf)
GUT GDScript suite under Godot 4.3 headless (blocking)	Run GUT unit suite (canonical close-out invocation)	2026-09-07T12:26:40.1564507Z Project FPS: 144 (6.94 mspf)
GUT GDScript suite under Godot 4.3 headless (blocking)	Run GUT unit suite (canonical close-out invocation)	2026-09-07T12:26:41.1570049Z Project FPS: 145 (6.89 mspf)
GUT GDScript suite under Godot 4.3 headless (blocking)	Run GUT unit suite (canonical close-out invocation)	2026-09-07T12:26:42.1575374Z Project FPS: 145 (6.89 mspf)
GUT GDScript suite under Godot 4.3 headless (blocking)	Run GUT unit suite (canonical close-out invocation)	2026-09-07T12:26:43.1580159Z Project FPS: 145 (6.89 mspf)
GUT GDScript suite under Godot 4.3 headless (blocking)	Run GUT unit suite (canonical close-out invocation)	2026-09-07T12:26:44.1584346Z Project FPS: 145 (6.89 mspf)
GUT GDScript suite under Godot 4.3 headless (blocking)	Run GUT unit suite (canonical close-out invocation)	2026-09-07T12:26:45.1590628Z Project FPS: 145 (6.89 mspf)
GUT GDScript suite under Godot 4.3 headless (blocking)	Run GUT unit suite (canonical close-out invocation)	2026-09-07T12:26:46.1594827Z Project FPS: 145 (6.89 mspf)
GUT GDScript suite under Godot 4.3 headless (blocking)	Run GUT unit suite (canonical close-out invocation)	2026-09-07T12:26:47.1601221Z Project FPS: 145 (6.89 mspf)
GUT GDScript suite under Godot 4.3 headless (blocking)	Run GUT unit suite (canonical close-out invocation)	2026-09-07T12:26:48.1605260Z Project FPS: 145 (6.89 mspf)
GUT GDScript suite under Godot 4.3 headless (blocking)	Run GUT unit suite (canonical close-out invocation)	2026-09-07T12:26:49.1611062Z Project FPS: 145 (6.89 mspf)
GUT GDScript suite under Godot 4.3 headless (blocking)	Run GUT unit suite (canonical close-out invocation)	2026-09-07T12:26:50.1616506Z Project FPS: 145 (6.89 mspf)
GUT GDScript suite under Godot 4.3 headless (blocking)	Run GUT unit suite (canonical close-out invocation)	2026-09-07T12:26:51.1621421Z Project FPS: 145 (6.89 mspf)
GUT GDScript suite under Godot 4.3 headless (blocking)	Run GUT unit suite (canonical close-out invocation)	2026-09-07T12:26:52.1625560Z Project FPS: 145 (6.89 mspf)
GUT GDScript suite under Godot 4.3 headless (blocking)	Run GUT unit suite (canonical close-out invocation)	2026-09-07T12:26:53.1631561Z Project FPS: 145 (6.89 mspf)
GUT GDScript suite under Godot 4.3 headless (blocking)	Run GUT unit suite (canonical close-out invocation)	2026-09-07T12:26:54.1567742Z Project FPS: 144 (6.94 mspf)
GUT GDScript suite under Godot 4.3 headless (blocking)	Run GUT unit suite (canonical close-out invocation)	2026-09-07T12:26:55.1573347Z Project FPS: 145 (6.89 mspf)
GUT GDScript suite under Godot 4.3 headless (blocking)	Run GUT unit suite (canonical close-out invocation)	2026-09-07T12:26:56.1578309Z Project FPS: 145 (6.89 mspf)
GUT GDScript suite under Godot 4.3 headless (blocking)	Run GUT unit suite (canonical close-out invocation)	2026-09-07T12:26:57.1583919Z Project FPS: 145 (6.89 mspf)
GUT GDScript suite under Godot 4.3 headless (blocking)	Run GUT unit suite (canonical close-out invocation)	2026-09-07T12:26:58.1589044Z Project FPS: 145 (6.89 mspf)
GUT GDScript suite under Godot 4.3 headless (blocking)	Run GUT unit suite (canonical close-out invocation)	2026-09-07T12:26:59.1594277Z Project FPS: 145 (6.89 mspf)
GUT GDScript suite under Godot 4.3 headless (blocking)	Run GUT unit suite (canonical close-out invocation)	2026-09-07T12:27:00.1599740Z Project FPS: 145 (6.89 mspf)
GUT GDScript suite under Godot 4.3 headless (blocking)	Run GUT unit suite (canonical close-out invocation)	2026-09-07T12:27:01.1604479Z Project FPS: 145 (6.89 mspf)
GUT GDScript suite under Godot 4.3 headless (blocking)	Run GUT unit suite (canonical close-out invocation)	2026-09-07T12:27:02.1609668Z Project FPS: 145 (6.89 mspf)
GUT GDScript suite under Godot 4.3 headless (blocking)	Run GUT unit suite (canonical close-out invocation)	2026-09-07T12:27:03.1614910Z Project FPS: 145 (6.89 mspf)
GUT GDScript suite under Godot 4.3 headless (blocking)	Run GUT unit suite (canonical close-out invocation)	2026-09-07T12:27:04.1619127Z Project FPS: 145 (6.89 mspf)
GUT GDScript suite under Godot 4.3 headless (blocking)	Run GUT unit suite (canonical close-out invocation)	2026-09-07T12:27:05.1625276Z Project FPS: 145 (6.89 mspf)
GUT GDScript suite under Godot 4.3 headless (blocking)	Run GUT unit suite (canonical close-out invocation)	2026-09-07T12:27:06.1630498Z Project FPS: 145 (6.89 mspf)
GUT GDScript suite under Godot 4.3 headless (blocking)	Run GUT unit suite (canonical close-out invocation)	2026-09-07T12:27:07.1635126Z Project FPS: 145 (6.89 mspf)
GUT GDScript suite under Godot 4.3 headless (blocking)	Run GUT unit suite (canonical close-out invocation)	2026-09-07T12:27:08.1571941Z Project FPS: 144 (6.94 mspf)
GUT GDScript suite under Godot 4.3 headless (blocking)	Run GUT unit suite (canonical close-out invocation)	2026-09-07T12:27:09.1576469Z Project FPS: 145 (6.89 mspf)
GUT GDScript suite under Godot 4.3 headless (blocking)	Run GUT unit suite (canonical close-out invocation)	2026-09-07T12:27:10.1582221Z Project FPS: 145 (6.89 mspf)
GUT GDScript suite under Godot 4.3 headless (blocking)	Run GUT unit suite (canonical close-out invocation)	2026-09-07T12:27:11.1587487Z Project FPS: 145 (6.89 mspf)
GUT GDScript suite under Godot 4.3 headless (blocking)	Run GUT unit suite (canonical close-out invocation)	2026-09-07T12:27:12.1592554Z Project FPS: 145 (6.89 mspf)
GUT GDScript suite under Godot 4.3 headless (blocking)	Run GUT unit suite (canonical close-out invocation)	2026-09-07T12:27:13.1597459Z Project FPS: 145 (6.89 mspf)
GUT GDScript suite under Godot 4.3 headless (blocking)	Run GUT unit suite (canonical close-out invocation)	2026-09-07T12:27:14.1602402Z Project FPS: 145 (6.89 mspf)
GUT GDScript suite under Godot 4.3 headless (blocking)	Run GUT unit suite (canonical close-out invocation)	2026-09-07T12:27:15.1607595Z Project FPS: 145 (6.89 mspf)
GUT GDScript suite under Godot 4.3 headless (blocking)	Run GUT unit suite (canonical close-out invocation)	2026-09-07T12:27:16.1612609Z Project FPS: 145 (6.89 mspf)
GUT GDScript suite under Godot 4.3 headless (blocking)	Run GUT unit suite (canonical close-out invocation)	2026-09-07T12:27:17.1618102Z Project FPS: 145 (6.89 mspf)
GUT GDScript suite under Godot 4.3 headless (blocking)	Run GUT unit suite (canonical close-out invocation)	2026-09-07T12:27:18.1623059Z Project FPS: 145 (6.89 mspf)
GUT GDScript suite under Godot 4.3 headless (blocking)	Run GUT unit suite (canonical close-out invocation)	2026-09-07T12:27:19.1628200Z Project FPS: 145 (6.89 mspf)
GUT GDScript suite under Godot 4.3 headless (blocking)	Run GUT unit suite (canonical close-out invocation)	2026-09-07T12:27:20.1633728Z Project FPS: 145 (6.89 mspf)
GUT GDScript suite under Godot 4.3 headless (blocking)	Run GUT unit suite (canonical close-out invocation)	2026-09-07T12:27:21.1638753Z Project FPS: 145 (6.89 mspf)
GUT GDScript suite under Godot 4.3 headless (blocking)	Run GUT unit suite (canonical close-out invocation)	2026-09-07T12:27:22.1575570Z Project FPS: 144 (6.94 mspf)
GUT GDScript suite under Godot 4.3 headless (blocking)	Run GUT unit suite (canonical close-out invocation)	2026-09-07T12:27:23.1581163Z Project FPS: 145 (6.89 mspf)
GUT GDScript suite under Godot 4.3 headless (blocking)	Run GUT unit suite (canonical close-out invocation)	2026-09-07T12:27:24.1586157Z Project FPS: 145 (6.89 mspf)
GUT GDScript suite under Godot 4.3 headless (blocking)	Run GUT unit suite (canonical close-out invocation)	2026-09-07T12:27:25.1591040Z Project FPS: 145 (6.89 mspf)
GUT GDScript suite under Godot 4.3 headless (blocking)	Run GUT unit suite (canonical close-out invocation)	2026-09-07T12:27:26.1596183Z Project FPS: 145 (6.89 mspf)
GUT GDScript suite under Godot 4.3 headless (blocking)	Run GUT unit suite (canonical close-out invocation)	2026-09-07T12:27:27.1601383Z Project FPS: 145 (6.89 mspf)
GUT GDScript suite under Godot 4.3 headless (blocking)	Run GUT unit suite (canonical close-out invocation)	2026-09-07T12:27:28.1606565Z Project FPS: 145 (6.89 mspf)
GUT GDScript suite under Godot 4.3 headless (blocking)	Run GUT unit suite (canonical close-out invocation)	2026-09-07T12:27:29.1611744Z Project FPS: 145 (6.89 mspf)
GUT GDScript suite under Godot 4.3 headless (blocking)	Run GUT unit suite (canonical close-out invocation)	2026-09-07T12:27:30.1616918Z Project FPS: 145 (6.89 mspf)
GUT GDScript suite under Godot 4.3 headless (blocking)	Run GUT unit suite (canonical close-out invocation)	2026-09-07T12:27:31.1622240Z Project FPS: 145 (6.89 mspf)
GUT GDScript suite under Godot 4.3 headless (blocking)	Run GUT unit suite (canonical close-out invocation)	2026-09-07T12:27:32.1627328Z Project FPS: 145 (6.89 mspf)
GUT GDScript suite under Godot 4.3 headless (blocking)	Run GUT unit suite (canonical close-out invocation)	2026-09-07T12:27:33.1632728Z Project FPS: 145 (6.89 mspf)
GUT GDScript suite under Godot 4.3 headless (blocking)	Run GUT unit suite (canonical close-out invocation)	2026-09-07T12:27:34.1636924Z Project FPS: 145 (6.89 mspf)
GUT GDScript suite under Godot 4.3 headless (blocking)	Run GUT unit suite (canonical close-out invocation)	2026-09-07T12:27:35.1642493Z Project FPS: 145 (6.89 mspf)
GUT GDScript suite under Godot 4.3 headless (blocking)	Run GUT unit suite (canonical close-out invocation)	2026-09-07T12:27:36.1579064Z Project FPS: 144 (6.94 mspf)
GUT GDScript suite under Godot 4.3 headless (blocking)	Run GUT unit suite (canonical close-out invocation)	2026-09-07T12:27:37.1584407Z Project FPS: 145 (6.89 mspf)
GUT GDScript suite under Godot 4.3 headless (blocking)	Run GUT unit suite (canonical close-out invocation)	2026-09-07T12:27:38.1589496Z Project FPS: 145 (6.89 mspf)
GUT GDScript suite under Godot 4.3 headless (blocking)	Run GUT unit suite (canonical close-out invocation)	2026-09-07T12:27:39.1595009Z Project FPS: 145 (6.89 mspf)
GUT GDScript suite under Godot 4.3 headless (blocking)	Run GUT unit suite (canonical close-out invocation)	2026-09-07T12:27:40.1600245Z Project FPS: 145 (6.89 mspf)
GUT GDScript suite under Godot 4.3 headless (blocking)	Run GUT unit suite (canonical close-out invocation)	2026-09-07T12:27:41.1605437Z Project FPS: 145 (6.89 mspf)
GUT GDScript suite under Godot 4.3 headless (blocking)	Run GUT unit suite (canonical close-out invocation)	2026-09-07T12:27:42.1610494Z Project FPS: 145 (6.89 mspf)
GUT GDScript suite under Godot 4.3 headless (blocking)	Run GUT unit suite (canonical close-out invocation)	2026-09-07T12:27:43.1615945Z Project FPS: 145 (6.89 mspf)
GUT GDScript suite under Godot 4.3 headless (blocking)	Run GUT unit suite (canonical close-out invocation)	2026-09-07T12:27:44.1620947Z Project FPS: 145 (6.89 mspf)
GUT GDScript suite under Godot 4.3 headless (blocking)	Run GUT unit suite (canonical close-out invocation)	2026-09-07T12:27:45.1626239Z Project FPS: 145 (6.89 mspf)
GUT GDScript suite under Godot 4.3 headless (blocking)	Run GUT unit suite (canonical close-out invocation)	2026-09-07T12:27:46.1631859Z Project FPS: 145 (6.89 mspf)
GUT GDScript suite under Godot 4.3 headless (blocking)	Run GUT unit suite (canonical close-out invocation)	2026-09-07T12:27:47.1636128Z Project FPS: 145 (6.89 mspf)
GUT GDScript suite under Godot 4.3 headless (blocking)	Run GUT unit suite (canonical close-out invocation)	2026-09-07T12:27:48.1642203Z Project FPS: 145 (6.89 mspf)
GUT GDScript suite under Godot 4.3 headless (blocking)	Run GUT unit suite (canonical close-out invocation)	2026-09-07T12:27:49.1578030Z Project FPS: 144 (6.94 mspf)
GUT GDScript suite under Godot 4.3 headless (blocking)	Run GUT unit suite (canonical close-out invocation)	2026-09-07T12:27:50.1583209Z Project FPS: 145 (6.89 mspf)
GUT GDScript suite under Godot 4.3 headless (blocking)	Run GUT unit suite (canonical close-out invocation)	2026-09-07T12:27:51.1588262Z Project FPS: 145 (6.89 mspf)
GUT GDScript suite under Godot 4.3 headless (blocking)	Run GUT unit suite (canonical close-out invocation)	2026-09-07T12:27:52.1593619Z Project FPS: 145 (6.89 mspf)
GUT GDScript suite under Godot 4.3 headless (blocking)	Run GUT unit suite (canonical close-out invocation)	2026-09-07T12:27:53.1598798Z Project FPS: 145 (6.89 mspf)
GUT GDScript suite under Godot 4.3 headless (blocking)	Run GUT unit suite (canonical close-out invocation)	2026-09-07T12:27:54.1603418Z Project FPS: 145 (6.89 mspf)
GUT GDScript suite under Godot 4.3 headless (blocking)	Run GUT unit suite (canonical close-out invocation)	2026-09-07T12:27:55.1608878Z Project FPS: 145 (6.89 mspf)
GUT GDScript suite under Godot 4.3 headless (blocking)	Run GUT unit suite (canonical close-out invocation)	2026-09-07T12:27:56.1614131Z Project FPS: 145 (6.89 mspf)
GUT GDScript suite under Godot 4.3 headless (blocking)	Run GUT unit suite (canonical close-out invocation)	2026-09-07T12:27:57.1619234Z Project FPS: 145 (6.89 mspf)
GUT GDScript suite under Godot 4.3 headless (blocking)	Run GUT unit suite (canonical close-out invocation)	2026-09-07T12:27:58.1624544Z Project FPS: 145 (6.89 mspf)
GUT GDScript suite under Godot 4.3 headless (blocking)	Run GUT unit suite (canonical close-out invocation)	2026-09-07T12:27:59.1629487Z Project FPS: 145 (6.89 mspf)
GUT GDScript suite under Godot 4.3 headless (blocking)	Run GUT unit suite (canonical close-out invocation)	2026-09-07T12:28:00.1636230Z Project FPS: 145 (6.89 mspf)
GUT GDScript suite under Godot 4.3 headless (blocking)	Run GUT unit suite (canonical close-out invocation)	2026-09-07T12:28:01.1640124Z Project FPS: 145 (6.89 mspf)
GUT GDScript suite under Godot 4.3 headless (blocking)	Run GUT unit suite (canonical close-out invocation)	2026-09-07T12:28:02.1645283Z Project FPS: 145 (6.89 mspf)
GUT GDScript suite under Godot 4.3 headless (blocking)	Run GUT unit suite (canonical close-out invocation)	2026-09-07T12:28:03.1582014Z Project FPS: 144 (6.94 mspf)
GUT GDScript suite under Godot 4.3 headless (blocking)	Run GUT unit suite (canonical close-out invocation)	2026-09-07T12:28:04.1586852Z Project FPS: 145 (6.89 mspf)
GUT GDScript suite under Godot 4.3 headless (blocking)	Run GUT unit suite (canonical close-out invocation)	2026-09-07T12:28:05.1592507Z Project FPS: 145 (6.89 mspf)
GUT GDScript suite under Godot 4.3 headless (blocking)	Run GUT unit suite (canonical close-out invocation)	2026-09-07T12:28:06.1597269Z Project FPS: 145 (6.89 mspf)
GUT GDScript suite under Godot 4.3 headless (blocking)	Run GUT unit suite (canonical close-out invocation)	2026-09-07T12:28:07.1602623Z Project FPS: 145 (6.89 mspf)
GUT GDScript suite under Godot 4.3 headless (blocking)	Run GUT unit suite (canonical close-out invocation)	2026-09-07T12:28:08.1607050Z Project FPS: 145 (6.89 mspf)
GUT GDScript suite under Godot 4.3 headless (blocking)	Run GUT unit suite (canonical close-out invocation)	2026-09-07T12:28:09.1612341Z Project FPS: 145 (6.89 mspf)
GUT GDScript suite under Godot 4.3 headless (blocking)	Run GUT unit suite (canonical close-out invocation)	2026-09-07T12:28:10.1617788Z Project FPS: 145 (6.89 mspf)
GUT GDScript suite under Godot 4.3 headless (blocking)	Run GUT unit suite (canonical close-out invocation)	2026-09-07T12:28:11.1623264Z Project FPS: 145 (6.89 mspf)
GUT GDScript suite under Godot 4.3 headless (blocking)	Run GUT unit suite (canonical close-out invocation)	2026-09-07T12:28:12.1628338Z Project FPS: 145 (6.89 mspf)
GUT GDScript suite under Godot 4.3 headless (blocking)	Run GUT unit suite (canonical close-out invocation)	2026-09-07T12:28:13.1633576Z Project FPS: 145 (6.89 mspf)
GUT GDScript suite under Godot 4.3 headless (blocking)	Run GUT unit suite (canonical close-out invocation)	2026-09-07T12:28:14.1638728Z Project FPS: 145 (6.89 mspf)
GUT GDScript suite under Godot 4.3 headless (blocking)	Run GUT unit suite (canonical close-out invocation)	2026-09-07T12:28:15.1643858Z Project FPS: 145 (6.89 mspf)
GUT GDScript suite under Godot 4.3 headless (blocking)	Run GUT unit suite (canonical close-out invocation)	2026-09-07T12:28:16.1648996Z Project FPS: 145 (6.89 mspf)
GUT GDScript suite under Godot 4.3 headless (blocking)	Run GUT unit suite (canonical close-out invocation)	2026-09-07T12:28:17.1584796Z Project FPS: 144 (6.94 mspf)
GUT GDScript suite under Godot 4.3 headless (blocking)	Run GUT unit suite (canonical close-out invocation)	2026-09-07T12:28:18.1589902Z Project FPS: 145 (6.89 mspf)
GUT GDScript suite under Godot 4.3 headless (blocking)	Run GUT unit suite (canonical close-out invocation)	2026-09-07T12:28:19.1595294Z Project FPS: 145 (6.89 mspf)
GUT GDScript suite under Godot 4.3 headless (blocking)	Run GUT unit suite (canonical close-out invocation)	2026-09-07T12:28:20.1600698Z Project FPS: 145 (6.89 mspf)
GUT GDScript suite under Godot 4.3 headless (blocking)	Run GUT unit suite (canonical close-out invocation)	2026-09-07T12:28:21.1605843Z Project FPS: 145 (6.89 mspf)
GUT GDScript suite under Godot 4.3 headless (blocking)	Run GUT unit suite (canonical close-out invocation)	2026-09-07T12:28:22.1611074Z Project FPS: 145 (6.89 mspf)
GUT GDScript suite under Godot 4.3 headless (blocking)	Run GUT unit suite (canonical close-out invocation)	2026-09-07T12:28:23.1615820Z Project FPS: 145 (6.89 mspf)
GUT GDScript suite under Godot 4.3 headless (blocking)	Run GUT unit suite (canonical close-out invocation)	2026-09-07T12:28:24.1621485Z Project FPS: 145 (6.89 mspf)
GUT GDScript suite under Godot 4.3 headless (blocking)	Run GUT unit suite (canonical close-out invocation)	2026-09-07T12:28:25.1626599Z Project FPS: 145 (6.89 mspf)
GUT GDScript suite under Godot 4.3 headless (blocking)	Run GUT unit suite (canonical close-out invocation)	2026-09-07T12:28:26.1632062Z Project FPS: 145 (6.89 mspf)
GUT GDScript suite under Godot 4.3 headless (blocking)	Run GUT unit suite (canonical close-out invocation)	2026-09-07T12:28:27.1636879Z Project FPS: 145 (6.89 mspf)
GUT GDScript suite under Godot 4.3 headless (blocking)	Run GUT unit suite (canonical close-out invocation)	2026-09-07T12:28:28.1641894Z Project FPS: 145 (6.89 mspf)
GUT GDScript suite under Godot 4.3 headless (blocking)	Run GUT unit suite (canonical close-out invocation)	2026-09-07T12:28:29.1647238Z Project FPS: 145 (6.89 mspf)
GUT GDScript suite under Godot 4.3 headless (blocking)	Run GUT unit suite (canonical close-out invocation)	2026-09-07T12:28:30.1652442Z Project FPS: 145 (6.89 mspf)
GUT GDScript suite under Godot 4.3 headless (blocking)	Run GUT unit suite (canonical close-out invocation)	2026-09-07T12:28:31.1588531Z Project FPS: 144 (6.94 mspf)
GUT GDScript suite under Godot 4.3 headless (blocking)	Run GUT unit suite (canonical close-out invocation)	2026-09-07T12:28:32.1593660Z Project FPS: 145 (6.89 mspf)
GUT GDScript suite under Godot 4.3 headless (blocking)	Run GUT unit suite (canonical close-out invocation)	2026-09-07T12:28:33.1599380Z Project FPS: 145 (6.89 mspf)
GUT GDScript suite under Godot 4.3 headless (blocking)	Run GUT unit suite (canonical close-out invocation)	2026-09-07T12:28:34.1604278Z Project FPS: 145 (6.89 mspf)
GUT GDScript suite under Godot 4.3 headless (blocking)	Run GUT unit suite (canonical close-out invocation)	2026-09-07T12:28:35.1609657Z Project FPS: 145 (6.89 mspf)
GUT GDScript suite under Godot 4.3 headless (blocking)	Run GUT unit suite (canonical close-out invocation)	2026-09-07T12:28:36.1614637Z Project FPS: 145 (6.89 mspf)
GUT GDScript suite under Godot 4.3 headless (blocking)	Run GUT unit suite (canonical close-out invocation)	2026-09-07T12:28:37.1619827Z Project FPS: 145 (6.89 mspf)
GUT GDScript suite under Godot 4.3 headless (blocking)	Run GUT unit suite (canonical close-out invocation)	2026-09-07T12:28:38.1625174Z Project FPS: 145 (6.89 mspf)
GUT GDScript suite under Godot 4.3 headless (blocking)	Run GUT unit suite (canonical close-out invocation)	2026-09-07T12:28:39.1630374Z Project FPS: 145 (6.89 mspf)
GUT GDScript suite under Godot 4.3 headless (blocking)	Run GUT unit suite (canonical close-out invocation)	2026-09-07T12:28:40.1635240Z Project FPS: 145 (6.89 mspf)
GUT GDScript suite under Godot 4.3 headless (blocking)	Run GUT unit suite (canonical close-out invocation)	2026-09-07T12:28:41.1640399Z Project FPS: 145 (6.89 mspf)
GUT GDScript suite under Godot 4.3 headless (blocking)	Run GUT unit suite (canonical close-out invocation)	2026-09-07T12:28:42.1645885Z Project FPS: 145 (6.89 mspf)
GUT GDScript suite under Godot 4.3 headless (blocking)	Run GUT unit suite (canonical close-out invocation)	2026-09-07T12:28:43.1651090Z Project FPS: 145 (6.89 mspf)
GUT GDScript suite under Godot 4.3 headless (blocking)	Run GUT unit suite (canonical close-out invocation)	2026-09-07T12:28:44.1654810Z Project FPS: 145 (6.89 mspf)
GUT GDScript suite under Godot 4.3 headless (blocking)	Run GUT unit suite (canonical close-out invocation)	2026-09-07T12:28:45.1593040Z Project FPS: 144 (6.94 mspf)
GUT GDScript suite under Godot 4.3 headless (blocking)	Run GUT unit suite (canonical close-out invocation)	2026-09-07T12:28:46.1597496Z Project FPS: 145 (6.89 mspf)
GUT GDScript suite under Godot 4.3 headless (blocking)	Run GUT unit suite (canonical close-out invocation)	2026-09-07T12:28:47.1602741Z Project FPS: 145 (6.89 mspf)
GUT GDScript suite under Godot 4.3 headless (blocking)	Run GUT unit suite (canonical close-out invocation)	2026-09-07T12:28:48.1607659Z Project FPS: 145 (6.89 mspf)
GUT GDScript suite under Godot 4.3 headless (blocking)	Run GUT unit suite (canonical close-out invocation)	2026-09-07T12:28:49.1613012Z Project FPS: 145 (6.89 mspf)
GUT GDScript suite under Godot 4.3 headless (blocking)	Run GUT unit suite (canonical close-out invocation)	2026-09-07T12:28:50.1618653Z Project FPS: 145 (6.89 mspf)
GUT GDScript suite under Godot 4.3 headless (blocking)	Run GUT unit suite (canonical close-out invocation)	2026-09-07T12:28:51.1623422Z Project FPS: 145 (6.89 mspf)
GUT GDScript suite under Godot 4.3 headless (blocking)	Run GUT unit suite (canonical close-out invocation)	2026-09-07T12:28:52.1628665Z Project FPS: 145 (6.89 mspf)
GUT GDScript suite under Godot 4.3 headless (blocking)	Run GUT unit suite (canonical close-out invocation)	2026-09-07T12:28:53.1633881Z Project FPS: 145 (6.89 mspf)
GUT GDScript suite under Godot 4.3 headless (blocking)	Run GUT unit suite (canonical close-out invocation)	2026-09-07T12:28:54.1638981Z Project FPS: 145 (6.89 mspf)
GUT GDScript suite under Godot 4.3 headless (blocking)	Run GUT unit suite (canonical close-out invocation)	2026-09-07T12:28:55.1644326Z Project FPS: 145 (6.89 mspf)
GUT GDScript suite under Godot 4.3 headless (blocking)	Run GUT unit suite (canonical close-out invocation)	2026-09-07T12:28:56.1649688Z Project FPS: 145 (6.89 mspf)
GUT GDScript suite under Godot 4.3 headless (blocking)	Run GUT unit suite (canonical close-out invocation)	2026-09-07T12:28:57.1654354Z Project FPS: 145 (6.89 mspf)
GUT GDScript suite under Godot 4.3 headless (blocking)	Run GUT unit suite (canonical close-out invocation)	2026-09-07T12:28:58.1591028Z Project FPS: 144 (6.94 mspf)
GUT GDScript suite under Godot 4.3 headless (blocking)	Run GUT unit suite (canonical close-out invocation)	2026-09-07T12:28:59.1596383Z Project FPS: 145 (6.89 mspf)
GUT GDScript suite under Godot 4.3 headless (blocking)	Run GUT unit suite (canonical close-out invocation)	2026-09-07T12:29:00.1601331Z Project FPS: 145 (6.89 mspf)
GUT GDScript suite under Godot 4.3 headless (blocking)	Run GUT unit suite (canonical close-out invocation)	2026-09-07T12:29:01.1606344Z Project FPS: 145 (6.89 mspf)
GUT GDScript suite under Godot 4.3 headless (blocking)	Run GUT unit suite (canonical close-out invocation)	2026-09-07T12:29:02.1611891Z Project FPS: 145 (6.89 mspf)
GUT GDScript suite under Godot 4.3 headless (blocking)	Run GUT unit suite (canonical close-out invocation)	2026-09-07T12:29:03.1616599Z Project FPS: 145 (6.89 mspf)
GUT GDScript suite under Godot 4.3 headless (blocking)	Run GUT unit suite (canonical close-out invocation)	2026-09-07T12:29:04.1622371Z Project FPS: 145 (6.89 mspf)
GUT GDScript suite under Godot 4.3 headless (blocking)	Run GUT unit suite (canonical close-out invocation)	2026-09-07T12:29:05.1627110Z Project FPS: 145 (6.89 mspf)
GUT GDScript suite under Godot 4.3 headless (blocking)	Run GUT unit suite (canonical close-out invocation)	2026-09-07T12:29:06.1632278Z Project FPS: 145 (6.89 mspf)
GUT GDScript suite under Godot 4.3 headless (blocking)	Run GUT unit suite (canonical close-out invocation)	2026-09-07T12:29:07.1637410Z Project FPS: 145 (6.89 mspf)
GUT GDScript suite under Godot 4.3 headless (blocking)	Run GUT unit suite (canonical close-out invocation)	2026-09-07T12:29:08.1642696Z Project FPS: 145 (6.89 mspf)
GUT GDScript suite under Godot 4.3 headless (blocking)	Run GUT unit suite (canonical close-out invocation)	2026-09-07T12:29:09.1647700Z Project FPS: 145 (6.89 mspf)
GUT GDScript suite under Godot 4.3 headless (blocking)	Run GUT unit suite (canonical close-out invocation)	2026-09-07T12:29:10.1652813Z Project FPS: 145 (6.89 mspf)
GUT GDScript suite under Godot 4.3 headless (blocking)	Run GUT unit suite (canonical close-out invocation)	2026-09-07T12:29:11.1658466Z Project FPS: 145 (6.89 mspf)
GUT GDScript suite under Godot 4.3 headless (blocking)	Run GUT unit suite (canonical close-out invocation)	2026-09-07T12:29:12.1594827Z Project FPS: 144 (6.94 mspf)
GUT GDScript suite under Godot 4.3 headless (blocking)	Run GUT unit suite (canonical close-out invocation)	2026-09-07T12:29:13.1599704Z Project FPS: 145 (6.89 mspf)
GUT GDScript suite under Godot 4.3 headless (blocking)	Run GUT unit suite (canonical close-out invocation)	2026-09-07T12:29:14.1605093Z Project FPS: 145 (6.89 mspf)
GUT GDScript suite under Godot 4.3 headless (blocking)	Run GUT unit suite (canonical close-out invocation)	2026-09-07T12:29:15.1610076Z Project FPS: 145 (6.89 mspf)
GUT GDScript suite under Godot 4.3 headless (blocking)	Run GUT unit suite (canonical close-out invocation)	2026-09-07T12:29:16.1614755Z Project FPS: 145 (6.89 mspf)
GUT GDScript suite under Godot 4.3 headless (blocking)	Run GUT unit suite (canonical close-out invocation)	2026-09-07T12:29:17.1619708Z Project FPS: 145 (6.89 mspf)
GUT GDScript suite under Godot 4.3 headless (blocking)	Run GUT unit suite (canonical close-out invocation)	2026-09-07T12:29:18.1625640Z Project FPS: 145 (6.89 mspf)
GUT GDScript suite under Godot 4.3 headless (blocking)	Run GUT unit suite (canonical close-out invocation)	2026-09-07T12:29:19.1630534Z Project FPS: 145 (6.89 mspf)
GUT GDScript suite under Godot 4.3 headless (blocking)	Run GUT unit suite (canonical close-out invocation)	2026-09-07T12:29:20.1635175Z Project FPS: 145 (6.89 mspf)
GUT GDScript suite under Godot 4.3 headless (blocking)	Run GUT unit suite (canonical close-out invocation)	2026-09-07T12:29:21.1640890Z Project FPS: 145 (6.89 mspf)
GUT GDScript suite under Godot 4.3 headless (blocking)	Run GUT unit suite (canonical close-out invocation)	2026-09-07T12:29:22.1645993Z Project FPS: 145 (6.89 mspf)
GUT GDScript suite under Godot 4.3 headless (blocking)	Run GUT unit suite (canonical close-out invocation)	2026-09-07T12:29:23.1650941Z Project FPS: 145 (6.89 mspf)
GUT GDScript suite under Godot 4.3 headless (blocking)	Run GUT unit suite (canonical close-out invocation)	2026-09-07T12:29:24.1656895Z Project FPS: 145 (6.89 mspf)
GUT GDScript suite under Godot 4.3 headless (blocking)	Run GUT unit suite (canonical close-out invocation)	2026-09-07T12:29:25.1661227Z Project FPS: 145 (6.89 mspf)
GUT GDScript suite under Godot 4.3 headless (blocking)	Run GUT unit suite (canonical close-out invocation)	2026-09-07T12:29:26.1597736Z Project FPS: 144 (6.94 mspf)
GUT GDScript suite under Godot 4.3 headless (blocking)	Run GUT unit suite (canonical close-out invocation)	2026-09-07T12:29:27.1602568Z Project FPS: 145 (6.89 mspf)
GUT GDScript suite under Godot 4.3 headless (blocking)	Run GUT unit suite (canonical close-out invocation)	2026-09-07T12:29:28.1607884Z Project FPS: 145 (6.89 mspf)
GUT GDScript suite under Godot 4.3 headless (blocking)	Run GUT unit suite (canonical close-out invocation)	2026-09-07T12:29:29.1612538Z Project FPS: 145 (6.89 mspf)
GUT GDScript suite under Godot 4.3 headless (blocking)	Run GUT unit suite (canonical close-out invocation)	2026-09-07T12:29:30.1618570Z Project FPS: 145 (6.89 mspf)
GUT GDScript suite under Godot 4.3 headless (blocking)	Run GUT unit suite (canonical close-out invocation)	2026-09-07T12:29:31.1623704Z Project FPS: 145 (6.89 mspf)
GUT GDScript suite under Godot 4.3 headless (blocking)	Run GUT unit suite (canonical close-out invocation)	2026-09-07T12:29:32.1629010Z Project FPS: 145 (6.89 mspf)
GUT GDScript suite under Godot 4.3 headless (blocking)	Run GUT unit suite (canonical close-out invocation)	2026-09-07T12:29:33.1634128Z Project FPS: 145 (6.89 mspf)
GUT GDScript suite under Godot 4.3 headless (blocking)	Run GUT unit suite (canonical close-out invocation)	2026-09-07T12:29:34.1639400Z Project FPS: 145 (6.89 mspf)
GUT GDScript suite under Godot 4.3 headless (blocking)	Run GUT unit suite (canonical close-out invocation)	2026-09-07T12:29:35.1644744Z Project FPS: 145 (6.89 mspf)
GUT GDScript suite under Godot 4.3 headless (blocking)	Run GUT unit suite (canonical close-out invocation)	2026-09-07T12:29:36.1650091Z Project FPS: 145 (6.89 mspf)
GUT GDScript suite under Godot 4.3 headless (blocking)	Run GUT unit suite (canonical close-out invocation)	2026-09-07T12:29:37.1655022Z Project FPS: 145 (6.89 mspf)
GUT GDScript suite under Godot 4.3 headless (blocking)	Run GUT unit suite (canonical close-out invocation)	2026-09-07T12:29:38.1660356Z Project FPS: 145 (6.89 mspf)
GUT GDScript suite under Godot 4.3 headless (blocking)	Run GUT unit suite (canonical close-out invocation)	2026-09-07T12:29:39.1665622Z Project FPS: 145 (6.89 mspf)
GUT GDScript suite under Godot 4.3 headless (blocking)	Run GUT unit suite (canonical close-out invocation)	2026-09-07T12:29:40.1602070Z Project FPS: 144 (6.94 mspf)
GUT GDScript suite under Godot 4.3 headless (blocking)	Run GUT unit suite (canonical close-out invocation)	2026-09-07T12:29:41.1606971Z Project FPS: 145 (6.89 mspf)
GUT GDScript suite under Godot 4.3 headless (blocking)	Run GUT unit suite (canonical close-out invocation)	2026-09-07T12:29:42.1612434Z Project FPS: 145 (6.89 mspf)
GUT GDScript suite under Godot 4.3 headless (blocking)	Run GUT unit suite (canonical close-out invocation)	2026-09-07T12:29:43.1617142Z Project FPS: 145 (6.89 mspf)
GUT GDScript suite under Godot 4.3 headless (blocking)	Run GUT unit suite (canonical close-out invocation)	2026-09-07T12:29:44.1622946Z Project FPS: 145 (6.89 mspf)
GUT GDScript suite under Godot 4.3 headless (blocking)	Run GUT unit suite (canonical close-out invocation)	2026-09-07T12:29:45.1627376Z Project FPS: 145 (6.89 mspf)
GUT GDScript suite under Godot 4.3 headless (blocking)	Run GUT unit suite (canonical close-out invocation)	2026-09-07T12:29:46.1632563Z Project FPS: 145 (6.89 mspf)
GUT GDScript suite under Godot 4.3 headless (blocking)	Run GUT unit suite (canonical close-out invocation)	2026-09-07T12:29:47.1637569Z Project FPS: 145 (6.89 mspf)
GUT GDScript suite under Godot 4.3 headless (blocking)	Run GUT unit suite (canonical close-out invocation)	2026-09-07T12:29:48.1643040Z Project FPS: 145 (6.89 mspf)
GUT GDScript suite under Godot 4.3 headless (blocking)	Run GUT unit suite (canonical close-out invocation)	2026-09-07T12:29:49.1648354Z Project FPS: 145 (6.89 mspf)
GUT GDScript suite under Godot 4.3 headless (blocking)	Run GUT unit suite (canonical close-out invocation)	2026-09-07T12:29:50.1653579Z Project FPS: 145 (6.89 mspf)
GUT GDScript suite under Godot 4.3 headless (blocking)	Run GUT unit suite (canonical close-out invocation)	2026-09-07T12:29:51.1658411Z Project FPS: 145 (6.89 mspf)
GUT GDScript suite under Godot 4.3 headless (blocking)	Run GUT unit suite (canonical close-out invocation)	2026-09-07T12:29:52.1663633Z Project FPS: 145 (6.89 mspf)
GUT GDScript suite under Godot 4.3 headless (blocking)	Run GUT unit suite (canonical close-out invocation)	2026-09-07T12:29:53.1669033Z Project FPS: 145 (6.89 mspf)
GUT GDScript suite under Godot 4.3 headless (blocking)	Run GUT unit suite (canonical close-out invocation)	2026-09-07T12:29:54.1605096Z Project FPS: 144 (6.94 mspf)
GUT GDScript suite under Godot 4.3 headless (blocking)	Run GUT unit suite (canonical close-out invocation)	2026-09-07T12:29:55.1609989Z Project FPS: 145 (6.89 mspf)
GUT GDScript suite under Godot 4.3 headless (blocking)	Run GUT unit suite (canonical close-out invocation)	2026-09-07T12:29:56.1615454Z Project FPS: 145 (6.89 mspf)
GUT GDScript suite under Godot 4.3 headless (blocking)	Run GUT unit suite (canonical close-out invocation)	2026-09-07T12:29:57.1621059Z Project FPS: 145 (6.89 mspf)
GUT GDScript suite under Godot 4.3 headless (blocking)	Run GUT unit suite (canonical close-out invocation)	2026-09-07T12:29:58.1625750Z Project FPS: 145 (6.89 mspf)
GUT GDScript suite under Godot 4.3 headless (blocking)	Run GUT unit suite (canonical close-out invocation)	2026-09-07T12:29:59.1631014Z Project FPS: 145 (6.89 mspf)
GUT GDScript suite under Godot 4.3 headless (blocking)	Run GUT unit suite (canonical close-out invocation)	2026-09-07T12:30:00.1636232Z Project FPS: 145 (6.89 mspf)
GUT GDScript suite under Godot 4.3 headless (blocking)	Run GUT unit suite (canonical close-out invocation)	2026-09-07T12:30:01.1641848Z Project FPS: 145 (6.89 mspf)
GUT GDScript suite under Godot 4.3 headless (blocking)	Run GUT unit suite (canonical close-out invocation)	2026-09-07T12:30:02.1646445Z Project FPS: 145 (6.89 mspf)
GUT GDScript suite under Godot 4.3 headless (blocking)	Run GUT unit suite (canonical close-out invocation)	2026-09-07T12:30:03.1651633Z Project FPS: 145 (6.89 mspf)
GUT GDScript suite under Godot 4.3 headless (blocking)	Run GUT unit suite (canonical close-out invocation)	2026-09-07T12:30:04.1657312Z Project FPS: 145 (6.89 mspf)
GUT GDScript suite under Godot 4.3 headless (blocking)	Run GUT unit suite (canonical close-out invocation)	2026-09-07T12:30:05.1662562Z Project FPS: 145 (6.89 mspf)
GUT GDScript suite under Godot 4.3 headless (blocking)	Run GUT unit suite (canonical close-out invocation)	2026-09-07T12:30:06.1667644Z Project FPS: 145 (6.89 mspf)
GUT GDScript suite under Godot 4.3 headless (blocking)	Run GUT unit suite (canonical close-out invocation)	2026-09-07T12:30:07.1603823Z Project FPS: 144 (6.94 mspf)
GUT GDScript suite under Godot 4.3 headless (blocking)	Run GUT unit suite (canonical close-out invocation)	2026-09-07T12:30:08.1608995Z Project FPS: 145 (6.89 mspf)
GUT GDScript suite under Godot 4.3 headless (blocking)	Run GUT unit suite (canonical close-out invocation)	2026-09-07T12:30:09.1614223Z Project FPS: 145 (6.89 mspf)
GUT GDScript suite under Godot 4.3 headless (blocking)	Run GUT unit suite (canonical close-out invocation)	2026-09-07T12:30:10.1619343Z Project FPS: 145 (6.89 mspf)
GUT GDScript suite under Godot 4.3 headless (blocking)	Run GUT unit suite (canonical close-out invocation)	2026-09-07T12:30:11.1624382Z Project FPS: 145 (6.89 mspf)
GUT GDScript suite under Godot 4.3 headless (blocking)	Run GUT unit suite (canonical close-out invocation)	2026-09-07T12:30:12.1629908Z Project FPS: 145 (6.89 mspf)
GUT GDScript suite under Godot 4.3 headless (blocking)	Run GUT unit suite (canonical close-out invocation)	2026-09-07T12:30:13.1635012Z Project FPS: 145 (6.89 mspf)
GUT GDScript suite under Godot 4.3 headless (blocking)	Run GUT unit suite (canonical close-out invocation)	2026-09-07T12:30:14.1640109Z Project FPS: 145 (6.89 mspf)
GUT GDScript suite under Godot 4.3 headless (blocking)	Run GUT unit suite (canonical close-out invocation)	2026-09-07T12:30:15.1645523Z Project FPS: 145 (6.89 mspf)
GUT GDScript suite under Godot 4.3 headless (blocking)	Run GUT unit suite (canonical close-out invocation)	2026-09-07T12:30:16.1650144Z Project FPS: 145 (6.89 mspf)
GUT GDScript suite under Godot 4.3 headless (blocking)	Run GUT unit suite (canonical close-out invocation)	2026-09-07T12:30:17.1655479Z Project FPS: 145 (6.89 mspf)
GUT GDScript suite under Godot 4.3 headless (blocking)	Run GUT unit suite (canonical close-out invocation)	2026-09-07T12:30:18.1661155Z Project FPS: 145 (6.89 mspf)
GUT GDScript suite under Godot 4.3 headless (blocking)	Run GUT unit suite (canonical close-out invocation)	2026-09-07T12:30:19.1666284Z Project FPS: 145 (6.89 mspf)
GUT GDScript suite under Godot 4.3 headless (blocking)	Run GUT unit suite (canonical close-out invocation)	2026-09-07T12:30:20.1671397Z Project FPS: 145 (6.89 mspf)
GUT GDScript suite under Godot 4.3 headless (blocking)	Run GUT unit suite (canonical close-out invocation)	2026-09-07T12:30:21.1607795Z Project FPS: 144 (6.94 mspf)
GUT GDScript suite under Godot 4.3 headless (blocking)	Run GUT unit suite (canonical close-out invocation)	2026-09-07T12:30:22.1612872Z Project FPS: 145 (6.89 mspf)
GUT GDScript suite under Godot 4.3 headless (blocking)	Run GUT unit suite (canonical close-out invocation)	2026-09-07T12:30:23.1617863Z Project FPS: 145 (6.89 mspf)
GUT GDScript suite under Godot 4.3 headless (blocking)	Run GUT unit suite (canonical close-out invocation)	2026-09-07T12:30:24.1623202Z Project FPS: 145 (6.89 mspf)
GUT GDScript suite under Godot 4.3 headless (blocking)	Run GUT unit suite (canonical close-out invocation)	2026-09-07T12:30:25.1628483Z Project FPS: 145 (6.89 mspf)
GUT GDScript suite under Godot 4.3 headless (blocking)	Run GUT unit suite (canonical close-out invocation)	2026-09-07T12:30:26.1633533Z Project FPS: 145 (6.89 mspf)
GUT GDScript suite under Godot 4.3 headless (blocking)	Run GUT unit suite (canonical close-out invocation)	2026-09-07T12:30:27.1638561Z Project FPS: 145 (6.89 mspf)
GUT GDScript suite under Godot 4.3 headless (blocking)	Run GUT unit suite (canonical close-out invocation)	2026-09-07T12:30:28.1643569Z Project FPS: 145 (6.89 mspf)
GUT GDScript suite under Godot 4.3 headless (blocking)	Run GUT unit suite (canonical close-out invocation)	2026-09-07T12:30:29.1648941Z Project FPS: 145 (6.89 mspf)
GUT GDScript suite under Godot 4.3 headless (blocking)	Run GUT unit suite (canonical close-out invocation)	2026-09-07T12:30:30.1654294Z Project FPS: 145 (6.89 mspf)
GUT GDScript suite under Godot 4.3 headless (blocking)	Run GUT unit suite (canonical close-out invocation)	2026-09-07T12:30:31.1659564Z Project FPS: 145 (6.89 mspf)
GUT GDScript suite under Godot 4.3 headless (blocking)	Run GUT unit suite (canonical close-out invocation)	2026-09-07T12:30:32.1664744Z Project FPS: 145 (6.89 mspf)
GUT GDScript suite under Godot 4.3 headless (blocking)	Run GUT unit suite (canonical close-out invocation)	2026-09-07T12:30:33.1669938Z Project FPS: 145 (6.89 mspf)
GUT GDScript suite under Godot 4.3 headless (blocking)	Run GUT unit suite (canonical close-out invocation)	2026-09-07T12:30:34.1674368Z Project FPS: 145 (6.89 mspf)
GUT GDScript suite under Godot 4.3 headless (blocking)	Run GUT unit suite (canonical close-out invocation)	2026-09-07T12:30:35.1611907Z Project FPS: 144 (6.94 mspf)
GUT GDScript suite under Godot 4.3 headless (blocking)	Run GUT unit suite (canonical close-out invocation)	2026-09-07T12:30:36.1616611Z Project FPS: 145 (6.89 mspf)
GUT GDScript suite under Godot 4.3 headless (blocking)	Run GUT unit suite (canonical close-out invocation)	2026-09-07T12:30:37.1621134Z Project FPS: 145 (6.89 mspf)
GUT GDScript suite under Godot 4.3 headless (blocking)	Run GUT unit suite (canonical close-out invocation)	2026-09-07T12:30:38.1626564Z Project FPS: 145 (6.89 mspf)
GUT GDScript suite under Godot 4.3 headless (blocking)	Run GUT unit suite (canonical close-out invocation)	2026-09-07T12:30:39.1632533Z Project FPS: 145 (6.89 mspf)
GUT GDScript suite under Godot 4.3 headless (blocking)	Run GUT unit suite (canonical close-out invocation)	2026-09-07T12:30:40.1637360Z Project FPS: 145 (6.89 mspf)
GUT GDScript suite under Godot 4.3 headless (blocking)	Run GUT unit suite (canonical close-out invocation)	2026-09-07T12:30:41.1642667Z Project FPS: 145 (6.89 mspf)
GUT GDScript suite under Godot 4.3 headless (blocking)	Run GUT unit suite (canonical close-out invocation)	2026-09-07T12:30:42.1647950Z Project FPS: 145 (6.89 mspf)
GUT GDScript suite under Godot 4.3 headless (blocking)	Run GUT unit suite (canonical close-out invocation)	2026-09-07T12:30:43.1652770Z Project FPS: 145 (6.89 mspf)
GUT GDScript suite under Godot 4.3 headless (blocking)	Run GUT unit suite (canonical close-out invocation)	2026-09-07T12:30:44.1658023Z Project FPS: 145 (6.89 mspf)
GUT GDScript suite under Godot 4.3 headless (blocking)	Run GUT unit suite (canonical close-out invocation)	2026-09-07T12:30:45.1663093Z Project FPS: 145 (6.89 mspf)
GUT GDScript suite under Godot 4.3 headless (blocking)	Run GUT unit suite (canonical close-out invocation)	2026-09-07T12:30:46.1668656Z Project FPS: 145 (6.89 mspf)
GUT GDScript suite under Godot 4.3 headless (blocking)	Run GUT unit suite (canonical close-out invocation)	2026-09-07T12:30:47.1673482Z Project FPS: 145 (6.89 mspf)
GUT GDScript suite under Godot 4.3 headless (blocking)	Run GUT unit suite (canonical close-out invocation)	2026-09-07T12:30:48.1678791Z Project FPS: 145 (6.89 mspf)
GUT GDScript suite under Godot 4.3 headless (blocking)	Run GUT unit suite (canonical close-out invocation)	2026-09-07T12:30:49.1614984Z Project FPS: 144 (6.94 mspf)
GUT GDScript suite under Godot 4.3 headless (blocking)	Run GUT unit suite (canonical close-out invocation)	2026-09-07T12:30:50.1620336Z Project FPS: 145 (6.89 mspf)
GUT GDScript suite under Godot 4.3 headless (blocking)	Run GUT unit suite (canonical close-out invocation)	2026-09-07T12:30:51.1625561Z Project FPS: 145 (6.89 mspf)
GUT GDScript suite under Godot 4.3 headless (blocking)	Run GUT unit suite (canonical close-out invocation)	2026-09-07T12:30:52.1630360Z Project FPS: 145 (6.89 mspf)
GUT GDScript suite under Godot 4.3 headless (blocking)	Run GUT unit suite (canonical close-out invocation)	2026-09-07T12:30:53.1636335Z Project FPS: 145 (6.89 mspf)
GUT GDScript suite under Godot 4.3 headless (blocking)	Run GUT unit suite (canonical close-out invocation)	2026-09-07T12:30:54.1641129Z Project FPS: 145 (6.89 mspf)
GUT GDScript suite under Godot 4.3 headless (blocking)	Run GUT unit suite (canonical close-out invocation)	2026-09-07T12:30:55.1646607Z Project FPS: 145 (6.89 mspf)
GUT GDScript suite under Godot 4.3 headless (blocking)	Run GUT unit suite (canonical close-out invocation)	2026-09-07T12:30:56.1651850Z Project FPS: 145 (6.89 mspf)
GUT GDScript suite under Godot 4.3 headless (blocking)	Run GUT unit suite (canonical close-out invocation)	2026-09-07T12:30:57.1656686Z Project FPS: 145 (6.89 mspf)
GUT GDScript suite under Godot 4.3 headless (blocking)	Run GUT unit suite (canonical close-out invocation)	2026-09-07T12:30:58.1662437Z Project FPS: 145 (6.89 mspf)
GUT GDScript suite under Godot 4.3 headless (blocking)	Run GUT unit suite (canonical close-out invocation)	2026-09-07T12:30:59.1667131Z Project FPS: 145 (6.89 mspf)
GUT GDScript suite under Godot 4.3 headless (blocking)	Run GUT unit suite (canonical close-out invocation)	2026-09-07T12:31:00.1672413Z Project FPS: 145 (6.89 mspf)
GUT GDScript suite under Godot 4.3 headless (blocking)	Run GUT unit suite (canonical close-out invocation)	2026-09-07T12:31:01.1677491Z Project FPS: 145 (6.89 mspf)
GUT GDScript suite under Godot 4.3 headless (blocking)	Run GUT unit suite (canonical close-out invocation)	2026-09-07T12:31:02.1682596Z Project FPS: 145 (6.89 mspf)
GUT GDScript suite under Godot 4.3 headless (blocking)	Run GUT unit suite (canonical close-out invocation)	2026-09-07T12:31:03.1618383Z Project FPS: 144 (6.94 mspf)
GUT GDScript suite under Godot 4.3 headless (blocking)	Run GUT unit suite (canonical close-out invocation)	2026-09-07T12:31:04.1623735Z Project FPS: 145 (6.89 mspf)
GUT GDScript suite under Godot 4.3 headless (blocking)	Run GUT unit suite (canonical close-out invocation)	2026-09-07T12:31:05.1628872Z Project FPS: 145 (6.89 mspf)
GUT GDScript suite under Godot 4.3 headless (blocking)	Run GUT unit suite (canonical close-out invocation)	2026-09-07T12:31:06.1634000Z Project FPS: 145 (6.89 mspf)
GUT GDScript suite under Godot 4.3 headless (blocking)	Run GUT unit suite (canonical close-out invocation)	2026-09-07T12:31:07.1639572Z Project FPS: 145 (6.89 mspf)
GUT GDScript suite under Godot 4.3 headless (blocking)	Run GUT unit suite (canonical close-out invocation)	2026-09-07T12:31:08.1644520Z Project FPS: 145 (6.89 mspf)
GUT GDScript suite under Godot 4.3 headless (blocking)	Run GUT unit suite (canonical close-out invocation)	2026-09-07T12:31:09.1649787Z Project FPS: 145 (6.89 mspf)
GUT GDScript suite under Godot 4.3 headless (blocking)	Run GUT unit suite (canonical close-out invocation)	2026-09-07T12:31:10.1654929Z Project FPS: 145 (6.89 mspf)
GUT GDScript suite under Godot 4.3 headless (blocking)	Run GUT unit suite (canonical close-out invocation)	2026-09-07T12:31:11.1660358Z Project FPS: 145 (6.89 mspf)
GUT GDScript suite under Godot 4.3 headless (blocking)	Run GUT unit suite (canonical close-out invocation)	2026-09-07T12:31:12.1665831Z Project FPS: 145 (6.89 mspf)
GUT GDScript suite under Godot 4.3 headless (blocking)	Run GUT unit suite (canonical close-out invocation)	2026-09-07T12:31:13.1670878Z Project FPS: 145 (6.89 mspf)
GUT GDScript suite under Godot 4.3 headless (blocking)	Run GUT unit suite (canonical close-out invocation)	2026-09-07T12:31:14.1675138Z Project FPS: 145 (6.89 mspf)
GUT GDScript suite under Godot 4.3 headless (blocking)	Run GUT unit suite (canonical close-out invocation)	2026-09-07T12:31:15.1681295Z Project FPS: 145 (6.89 mspf)
GUT GDScript suite under Godot 4.3 headless (blocking)	Run GUT unit suite (canonical close-out invocation)	2026-09-07T12:31:16.1617561Z Project FPS: 144 (6.94 mspf)
GUT GDScript suite under Godot 4.3 headless (blocking)	Run GUT unit suite (canonical close-out invocation)	2026-09-07T12:31:17.1622154Z Project FPS: 145 (6.89 mspf)
GUT GDScript suite under Godot 4.3 headless (blocking)	Run GUT unit suite (canonical close-out invocation)	2026-09-07T12:31:18.1627839Z Project FPS: 145 (6.89 mspf)
GUT GDScript suite under Godot 4.3 headless (blocking)	Run GUT unit suite (canonical close-out invocation)	2026-09-07T12:31:19.1633177Z Project FPS: 145 (6.89 mspf)
GUT GDScript suite under Godot 4.3 headless (blocking)	Run GUT unit suite (canonical close-out invocation)	2026-09-07T12:31:20.1638117Z Project FPS: 145 (6.89 mspf)
GUT GDScript suite under Godot 4.3 headless (blocking)	Run GUT unit suite (canonical close-out invocation)	2026-09-07T12:31:21.1643299Z Project FPS: 145 (6.89 mspf)
GUT GDScript suite under Godot 4.3 headless (blocking)	Run GUT unit suite (canonical close-out invocation)	2026-09-07T12:31:22.1648504Z Project FPS: 145 (6.89 mspf)
GUT GDScript suite under Godot 4.3 headless (blocking)	Run GUT unit suite (canonical close-out invocation)	2026-09-07T12:31:23.1653738Z Project FPS: 145 (6.89 mspf)
GUT GDScript suite under Godot 4.3 headless (blocking)	Run GUT unit suite (canonical close-out invocation)	2026-09-07T12:31:24.1659122Z Project FPS: 145 (6.89 mspf)
GUT GDScript suite under Godot 4.3 headless (blocking)	Run GUT unit suite (canonical close-out invocation)	2026-09-07T12:31:25.1664176Z Project FPS: 145 (6.89 mspf)
GUT GDScript suite under Godot 4.3 headless (blocking)	Run GUT unit suite (canonical close-out invocation)	2026-09-07T12:31:26.1669132Z Project FPS: 145 (6.89 mspf)
GUT GDScript suite under Godot 4.3 headless (blocking)	Run GUT unit suite (canonical close-out invocation)	2026-09-07T12:31:27.1674589Z Project FPS: 145 (6.89 mspf)
GUT GDScript suite under Godot 4.3 headless (blocking)	Run GUT unit suite (canonical close-out invocation)	2026-09-07T12:31:28.1679519Z Project FPS: 145 (6.89 mspf)
GUT GDScript suite under Godot 4.3 headless (blocking)	Run GUT unit suite (canonical close-out invocation)	2026-09-07T12:31:29.1684851Z Project FPS: 145 (6.89 mspf)
GUT GDScript suite under Godot 4.3 headless (blocking)	Run GUT unit suite (canonical close-out invocation)	2026-09-07T12:31:30.1620982Z Project FPS: 144 (6.94 mspf)
GUT GDScript suite under Godot 4.3 headless (blocking)	Run GUT unit suite (canonical close-out invocation)	2026-09-07T12:31:31.1626532Z Project FPS: 145 (6.89 mspf)
GUT GDScript suite under Godot 4.3 headless (blocking)	Run GUT unit suite (canonical close-out invocation)	2026-09-07T12:31:32.1632033Z Project FPS: 145 (6.89 mspf)
GUT GDScript suite under Godot 4.3 headless (blocking)	Run GUT unit suite (canonical close-out invocation)	2026-09-07T12:31:33.1636388Z Project FPS: 145 (6.89 mspf)
GUT GDScript suite under Godot 4.3 headless (blocking)	Run GUT unit suite (canonical close-out invocation)	2026-09-07T12:31:34.1642555Z Project FPS: 145 (6.89 mspf)
GUT GDScript suite under Godot 4.3 headless (blocking)	Run GUT unit suite (canonical close-out invocation)	2026-09-07T12:31:35.1647026Z Project FPS: 145 (6.89 mspf)
GUT GDScript suite under Godot 4.3 headless (blocking)	Run GUT unit suite (canonical close-out invocation)	2026-09-07T12:31:36.1652622Z Project FPS: 145 (6.89 mspf)
GUT GDScript suite under Godot 4.3 headless (blocking)	Run GUT unit suite (canonical close-out invocation)	2026-09-07T12:31:37.1657898Z Project FPS: 145 (6.89 mspf)
GUT GDScript suite under Godot 4.3 headless (blocking)	Run GUT unit suite (canonical close-out invocation)	2026-09-07T12:31:38.1662950Z Project FPS: 145 (6.89 mspf)
GUT GDScript suite under Godot 4.3 headless (blocking)	Run GUT unit suite (canonical close-out invocation)	2026-09-07T12:31:39.1668024Z Project FPS: 145 (6.89 mspf)
GUT GDScript suite under Godot 4.3 headless (blocking)	Run GUT unit suite (canonical close-out invocation)	2026-09-07T12:31:40.1673016Z Project FPS: 145 (6.89 mspf)
GUT GDScript suite under Godot 4.3 headless (blocking)	Run GUT unit suite (canonical close-out invocation)	2026-09-07T12:31:41.1678599Z Project FPS: 145 (6.89 mspf)
GUT GDScript suite under Godot 4.3 headless (blocking)	Run GUT unit suite (canonical close-out invocation)	2026-09-07T12:31:42.1683422Z Project FPS: 145 (6.89 mspf)
GUT GDScript suite under Godot 4.3 headless (blocking)	Run GUT unit suite (canonical close-out invocation)	2026-09-07T12:31:43.1689031Z Project FPS: 145 (6.89 mspf)
GUT GDScript suite under Godot 4.3 headless (blocking)	Run GUT unit suite (canonical close-out invocation)	2026-09-07T12:31:44.1625207Z Project FPS: 144 (6.94 mspf)
GUT GDScript suite under Godot 4.3 headless (blocking)	Run GUT unit suite (canonical close-out invocation)	2026-09-07T12:31:45.1630373Z Project FPS: 145 (6.89 mspf)
GUT GDScript suite under Godot 4.3 headless (blocking)	Run GUT unit suite (canonical close-out invocation)	2026-09-07T12:31:46.1635646Z Project FPS: 145 (6.89 mspf)
GUT GDScript suite under Godot 4.3 headless (blocking)	Run GUT unit suite (canonical close-out invocation)	2026-09-07T12:31:47.1640768Z Project FPS: 145 (6.89 mspf)
GUT GDScript suite under Godot 4.3 headless (blocking)	Run GUT unit suite (canonical close-out invocation)	2026-09-07T12:31:48.1645776Z Project FPS: 145 (6.89 mspf)
GUT GDScript suite under Godot 4.3 headless (blocking)	Run GUT unit suite (canonical close-out invocation)	2026-09-07T12:31:49.1650902Z Project FPS: 145 (6.89 mspf)
GUT GDScript suite under Godot 4.3 headless (blocking)	Run GUT unit suite (canonical close-out invocation)	2026-09-07T12:31:50.1656516Z Project FPS: 145 (6.89 mspf)
GUT GDScript suite under Godot 4.3 headless (blocking)	Run GUT unit suite (canonical close-out invocation)	2026-09-07T12:31:51.1661455Z Project FPS: 145 (6.89 mspf)
GUT GDScript suite under Godot 4.3 headless (blocking)	Run GUT unit suite (canonical close-out invocation)	2026-09-07T12:31:52.1666714Z Project FPS: 145 (6.89 mspf)
GUT GDScript suite under Godot 4.3 headless (blocking)	Run GUT unit suite (canonical close-out invocation)	2026-09-07T12:31:53.1672134Z Project FPS: 145 (6.89 mspf)
GUT GDScript suite under Godot 4.3 headless (blocking)	Run GUT unit suite (canonical close-out invocation)	2026-09-07T12:31:54.1676855Z Project FPS: 145 (6.89 mspf)
GUT GDScript suite under Godot 4.3 headless (blocking)	Run GUT unit suite (canonical close-out invocation)	2026-09-07T12:31:55.1681915Z Project FPS: 145 (6.89 mspf)
GUT GDScript suite under Godot 4.3 headless (blocking)	Run GUT unit suite (canonical close-out invocation)	2026-09-07T12:31:56.1687467Z Project FPS: 145 (6.89 mspf)
GUT GDScript suite under Godot 4.3 headless (blocking)	Run GUT unit suite (canonical close-out invocation)	2026-09-07T12:31:57.1692675Z Project FPS: 145 (6.89 mspf)
GUT GDScript suite under Godot 4.3 headless (blocking)	Run GUT unit suite (canonical close-out invocation)	2026-09-07T12:31:58.1628589Z Project FPS: 144 (6.94 mspf)
GUT GDScript suite under Godot 4.3 headless (blocking)	Run GUT unit suite (canonical close-out invocation)	2026-09-07T12:31:59.1634429Z Project FPS: 145 (6.89 mspf)
GUT GDScript suite under Godot 4.3 headless (blocking)	Run GUT unit suite (canonical close-out invocation)	2026-09-07T12:32:00.1639165Z Project FPS: 145 (6.89 mspf)
GUT GDScript suite under Godot 4.3 headless (blocking)	Run GUT unit suite (canonical close-out invocation)	2026-09-07T12:32:01.1644315Z Project FPS: 145 (6.89 mspf)
GUT GDScript suite under Godot 4.3 headless (blocking)	Run GUT unit suite (canonical close-out invocation)	2026-09-07T12:32:02.1649538Z Project FPS: 145 (6.89 mspf)
GUT GDScript suite under Godot 4.3 headless (blocking)	Run GUT unit suite (canonical close-out invocation)	2026-09-07T12:32:03.1654691Z Project FPS: 145 (6.89 mspf)
GUT GDScript suite under Godot 4.3 headless (blocking)	Run GUT unit suite (canonical close-out invocation)	2026-09-07T12:32:04.1660133Z Project FPS: 145 (6.89 mspf)
GUT GDScript suite under Godot 4.3 headless (blocking)	Run GUT unit suite (canonical close-out invocation)	2026-09-07T12:32:05.1664837Z Project FPS: 145 (6.89 mspf)
GUT GDScript suite under Godot 4.3 headless (blocking)	Run GUT unit suite (canonical close-out invocation)	2026-09-07T12:32:06.1670254Z Project FPS: 145 (6.89 mspf)
GUT GDScript suite under Godot 4.3 headless (blocking)	Run GUT unit suite (canonical close-out invocation)	2026-09-07T12:32:07.1675547Z Project FPS: 145 (6.89 mspf)
GUT GDScript suite under Godot 4.3 headless (blocking)	Run GUT unit suite (canonical close-out invocation)	2026-09-07T12:32:08.1680579Z Project FPS: 145 (6.89 mspf)
GUT GDScript suite under Godot 4.3 headless (blocking)	Run GUT unit suite (canonical close-out invocation)	2026-09-07T12:32:09.1686169Z Project FPS: 145 (6.89 mspf)
GUT GDScript suite under Godot 4.3 headless (blocking)	Run GUT unit suite (canonical close-out invocation)	2026-09-07T12:32:10.1690775Z Project FPS: 145 (6.89 mspf)
GUT GDScript suite under Godot 4.3 headless (blocking)	Run GUT unit suite (canonical close-out invocation)	2026-09-07T12:32:11.1695805Z Project FPS: 145 (6.89 mspf)
GUT GDScript suite under Godot 4.3 headless (blocking)	Run GUT unit suite (canonical close-out invocation)	2026-09-07T12:32:12.1633341Z Project FPS: 144 (6.94 mspf)
GUT GDScript suite under Godot 4.3 headless (blocking)	Run GUT unit suite (canonical close-out invocation)	2026-09-07T12:32:13.1637866Z Project FPS: 145 (6.89 mspf)
GUT GDScript suite under Godot 4.3 headless (blocking)	Run GUT unit suite (canonical close-out invocation)	2026-09-07T12:32:14.1643100Z Project FPS: 145 (6.89 mspf)
GUT GDScript suite under Godot 4.3 headless (blocking)	Run GUT unit suite (canonical close-out invocation)	2026-09-07T12:32:15.1648128Z Project FPS: 145 (6.89 mspf)
GUT GDScript suite under Godot 4.3 headless (blocking)	Run GUT unit suite (canonical close-out invocation)	2026-09-07T12:32:16.1653281Z Project FPS: 145 (6.89 mspf)
GUT GDScript suite under Godot 4.3 headless (blocking)	Run GUT unit suite (canonical close-out invocation)	2026-09-07T12:32:17.1658678Z Project FPS: 145 (6.89 mspf)
GUT GDScript suite under Godot 4.3 headless (blocking)	Run GUT unit suite (canonical close-out invocation)	2026-09-07T12:32:18.1663926Z Project FPS: 145 (6.89 mspf)
GUT GDScript suite under Godot 4.3 headless (blocking)	Run GUT unit suite (canonical close-out invocation)	2026-09-07T12:32:19.1669056Z Project FPS: 145 (6.89 mspf)
GUT GDScript suite under Godot 4.3 headless (blocking)	Run GUT unit suite (canonical close-out invocation)	2026-09-07T12:32:20.1674314Z Project FPS: 145 (6.89 mspf)
GUT GDScript suite under Godot 4.3 headless (blocking)	Run GUT unit suite (canonical close-out invocation)	2026-09-07T12:32:21.1679420Z Project FPS: 145 (6.89 mspf)
GUT GDScript suite under Godot 4.3 headless (blocking)	Run GUT unit suite (canonical close-out invocation)	2026-09-07T12:32:22.1684683Z Project FPS: 145 (6.89 mspf)
GUT GDScript suite under Godot 4.3 headless (blocking)	Run GUT unit suite (canonical close-out invocation)	2026-09-07T12:32:23.1689824Z Project FPS: 145 (6.89 mspf)
GUT GDScript suite under Godot 4.3 headless (blocking)	Run GUT unit suite (canonical close-out invocation)	2026-09-07T12:32:24.1694808Z Project FPS: 145 (6.89 mspf)
GUT GDScript suite under Godot 4.3 headless (blocking)	Run GUT unit suite (canonical close-out invocation)	2026-09-07T12:32:25.1631052Z Project FPS: 144 (6.94 mspf)
GUT GDScript suite under Godot 4.3 headless (blocking)	Run GUT unit suite (canonical close-out invocation)	2026-09-07T12:32:26.1636439Z Project FPS: 145 (6.89 mspf)
GUT GDScript suite under Godot 4.3 headless (blocking)	Run GUT unit suite (canonical close-out invocation)	2026-09-07T12:32:27.1642077Z Project FPS: 145 (6.89 mspf)
GUT GDScript suite under Godot 4.3 headless (blocking)	Run GUT unit suite (canonical close-out invocation)	2026-09-07T12:32:28.1646829Z Project FPS: 145 (6.89 mspf)
GUT GDScript suite under Godot 4.3 headless (blocking)	Run GUT unit suite (canonical close-out invocation)	2026-09-07T12:32:29.1652283Z Project FPS: 145 (6.89 mspf)
GUT GDScript suite under Godot 4.3 headless (blocking)	Run GUT unit suite (canonical close-out invocation)	2026-09-07T12:32:30.1657427Z Project FPS: 145 (6.89 mspf)
GUT GDScript suite under Godot 4.3 headless (blocking)	Run GUT unit suite (canonical close-out invocation)	2026-09-07T12:32:31.1662459Z Project FPS: 145 (6.89 mspf)
GUT GDScript suite under Godot 4.3 headless (blocking)	Run GUT unit suite (canonical close-out invocation)	2026-09-07T12:32:32.1667770Z Project FPS: 145 (6.89 mspf)
GUT GDScript suite under Godot 4.3 headless (blocking)	Run GUT unit suite (canonical close-out invocation)	2026-09-07T12:32:33.1673126Z Project FPS: 145 (6.89 mspf)
GUT GDScript suite under Godot 4.3 headless (blocking)	Run GUT unit suite (canonical close-out invocation)	2026-09-07T12:32:34.1678237Z Project FPS: 145 (6.89 mspf)
GUT GDScript suite under Godot 4.3 headless (blocking)	Run GUT unit suite (canonical close-out invocation)	2026-09-07T12:32:35.1683580Z Project FPS: 145 (6.89 mspf)
GUT GDScript suite under Godot 4.3 headless (blocking)	Run GUT unit suite (canonical close-out invocation)	2026-09-07T12:32:36.1688531Z Project FPS: 145 (6.89 mspf)
GUT GDScript suite under Godot 4.3 headless (blocking)	Run GUT unit suite (canonical close-out invocation)	2026-09-07T12:32:37.1693430Z Project FPS: 145 (6.89 mspf)
GUT GDScript suite under Godot 4.3 headless (blocking)	Run GUT unit suite (canonical close-out invocation)	2026-09-07T12:32:38.1698361Z Project FPS: 145 (6.89 mspf)
GUT GDScript suite under Godot 4.3 headless (blocking)	Run GUT unit suite (canonical close-out invocation)	2026-09-07T12:32:39.1635162Z Project FPS: 144 (6.94 mspf)
GUT GDScript suite under Godot 4.3 headless (blocking)	Run GUT unit suite (canonical close-out invocation)	2026-09-07T12:32:40.1640041Z Project FPS: 145 (6.89 mspf)
GUT GDScript suite under Godot 4.3 headless (blocking)	Run GUT unit suite (canonical close-out invocation)	2026-09-07T12:32:41.1645384Z Project FPS: 145 (6.89 mspf)
GUT GDScript suite under Godot 4.3 headless (blocking)	Run GUT unit suite (canonical close-out invocation)	2026-09-07T12:32:42.1650837Z Project FPS: 145 (6.89 mspf)
GUT GDScript suite under Godot 4.3 headless (blocking)	Run GUT unit suite (canonical close-out invocation)	2026-09-07T12:32:43.1656125Z Project FPS: 145 (6.89 mspf)
GUT GDScript suite under Godot 4.3 headless (blocking)	Run GUT unit suite (canonical close-out invocation)	2026-09-07T12:32:44.1661085Z Project FPS: 145 (6.89 mspf)
GUT GDScript suite under Godot 4.3 headless (blocking)	Run GUT unit suite (canonical close-out invocation)	2026-09-07T12:32:45.1666291Z Project FPS: 145 (6.89 mspf)
GUT GDScript suite under Godot 4.3 headless (blocking)	Run GUT unit suite (canonical close-out invocation)	2026-09-07T12:32:46.1671446Z Project FPS: 145 (6.89 mspf)
GUT GDScript suite under Godot 4.3 headless (blocking)	Run GUT unit suite (canonical close-out invocation)	2026-09-07T12:32:47.1676918Z Project FPS: 145 (6.89 mspf)
GUT GDScript suite under Godot 4.3 headless (blocking)	Run GUT unit suite (canonical close-out invocation)	2026-09-07T12:32:48.1681754Z Project FPS: 145 (6.89 mspf)
GUT GDScript suite under Godot 4.3 headless (blocking)	Run GUT unit suite (canonical close-out invocation)	2026-09-07T12:32:49.1687359Z Project FPS: 145 (6.89 mspf)
GUT GDScript suite under Godot 4.3 headless (blocking)	Run GUT unit suite (canonical close-out invocation)	2026-09-07T12:32:50.1692790Z Project FPS: 145 (6.89 mspf)
GUT GDScript suite under Godot 4.3 headless (blocking)	Run GUT unit suite (canonical close-out invocation)	2026-09-07T12:32:51.1697442Z Project FPS: 145 (6.89 mspf)
GUT GDScript suite under Godot 4.3 headless (blocking)	Run GUT unit suite (canonical close-out invocation)	2026-09-07T12:32:52.1702491Z Project FPS: 145 (6.89 mspf)
GUT GDScript suite under Godot 4.3 headless (blocking)	Run GUT unit suite (canonical close-out invocation)	2026-09-07T12:32:53.1638648Z Project FPS: 144 (6.94 mspf)
GUT GDScript suite under Godot 4.3 headless (blocking)	Run GUT unit suite (canonical close-out invocation)	2026-09-07T12:32:54.1644352Z Project FPS: 145 (6.89 mspf)
GUT GDScript suite under Godot 4.3 headless (blocking)	Run GUT unit suite (canonical close-out invocation)	2026-09-07T12:32:55.1649437Z Project FPS: 145 (6.89 mspf)
GUT GDScript suite under Godot 4.3 headless (blocking)	Run GUT unit suite (canonical close-out invocation)	2026-09-07T12:32:56.1654767Z Project FPS: 145 (6.89 mspf)
GUT GDScript suite under Godot 4.3 headless (blocking)	Run GUT unit suite (canonical close-out invocation)	2026-09-07T12:32:57.1660004Z Project FPS: 145 (6.89 mspf)
GUT GDScript suite under Godot 4.3 headless (blocking)	Run GUT unit suite (canonical close-out invocation)	2026-09-07T12:32:58.1665153Z Project FPS: 145 (6.89 mspf)
GUT GDScript suite under Godot 4.3 headless (blocking)	Run GUT unit suite (canonical close-out invocation)	2026-09-07T12:32:59.1670012Z Project FPS: 145 (6.89 mspf)
GUT GDScript suite under Godot 4.3 headless (blocking)	Run GUT unit suite (canonical close-out invocation)	2026-09-07T12:33:00.1675058Z Project FPS: 145 (6.89 mspf)
GUT GDScript suite under Godot 4.3 headless (blocking)	Run GUT unit suite (canonical close-out invocation)	2026-09-07T12:33:01.1680641Z Project FPS: 145 (6.89 mspf)
GUT GDScript suite under Godot 4.3 headless (blocking)	Run GUT unit suite (canonical close-out invocation)	2026-09-07T12:33:02.1685451Z Project FPS: 145 (6.89 mspf)
GUT GDScript suite under Godot 4.3 headless (blocking)	Run GUT unit suite (canonical close-out invocation)	2026-09-07T12:33:03.1690623Z Project FPS: 145 (6.89 mspf)
GUT GDScript suite under Godot 4.3 headless (blocking)	Run GUT unit suite (canonical close-out invocation)	2026-09-07T12:33:04.1696254Z Project FPS: 145 (6.89 mspf)
GUT GDScript suite under Godot 4.3 headless (blocking)	Run GUT unit suite (canonical close-out invocation)	2026-09-07T12:33:05.1701608Z Project FPS: 145 (6.89 mspf)
GUT GDScript suite under Godot 4.3 headless (blocking)	Run GUT unit suite (canonical close-out invocation)	2026-09-07T12:33:06.1706497Z Project FPS: 145 (6.89 mspf)
GUT GDScript suite under Godot 4.3 headless (blocking)	Run GUT unit suite (canonical close-out invocation)	2026-09-07T12:33:07.1642604Z Project FPS: 144 (6.94 mspf)
GUT GDScript suite under Godot 4.3 headless (blocking)	Run GUT unit suite (canonical close-out invocation)	2026-09-07T12:33:08.1647600Z Project FPS: 145 (6.89 mspf)
GUT GDScript suite under Godot 4.3 headless (blocking)	Run GUT unit suite (canonical close-out invocation)	2026-09-07T12:33:09.1653018Z Project FPS: 145 (6.89 mspf)
GUT GDScript suite under Godot 4.3 headless (blocking)	Run GUT unit suite (canonical close-out invocation)	2026-09-07T12:33:10.1658438Z Project FPS: 145 (6.89 mspf)
GUT GDScript suite under Godot 4.3 headless (blocking)	Run GUT unit suite (canonical close-out invocation)	2026-09-07T12:33:11.1663437Z Project FPS: 145 (6.89 mspf)
GUT GDScript suite under Godot 4.3 headless (blocking)	Run GUT unit suite (canonical close-out invocation)	2026-09-07T12:33:12.1668906Z Project FPS: 145 (6.89 mspf)
GUT GDScript suite under Godot 4.3 headless (blocking)	Run GUT unit suite (canonical close-out invocation)	2026-09-07T12:33:13.1673853Z Project FPS: 145 (6.89 mspf)
GUT GDScript suite under Godot 4.3 headless (blocking)	Run GUT unit suite (canonical close-out invocation)	2026-09-07T12:33:14.1679094Z Project FPS: 145 (6.89 mspf)
GUT GDScript suite under Godot 4.3 headless (blocking)	Run GUT unit suite (canonical close-out invocation)	2026-09-07T12:33:15.1684391Z Project FPS: 145 (6.89 mspf)
GUT GDScript suite under Godot 4.3 headless (blocking)	Run GUT unit suite (canonical close-out invocation)	2026-09-07T12:33:16.1689283Z Project FPS: 145 (6.89 mspf)
GUT GDScript suite under Godot 4.3 headless (blocking)	Run GUT unit suite (canonical close-out invocation)	2026-09-07T12:33:17.1694347Z Project FPS: 145 (6.89 mspf)
GUT GDScript suite under Godot 4.3 headless (blocking)	Run GUT unit suite (canonical close-out invocation)	2026-09-07T12:33:18.1699389Z Project FPS: 145 (6.89 mspf)
GUT GDScript suite under Godot 4.3 headless (blocking)	Run GUT unit suite (canonical close-out invocation)	2026-09-07T12:33:19.1705213Z Project FPS: 145 (6.89 mspf)
GUT GDScript suite under Godot 4.3 headless (blocking)	Run GUT unit suite (canonical close-out invocation)	2026-09-07T12:33:20.1710315Z Project FPS: 145 (6.89 mspf)
GUT GDScript suite under Godot 4.3 headless (blocking)	Run GUT unit suite (canonical close-out invocation)	2026-09-07T12:33:21.1646623Z Project FPS: 144 (6.94 mspf)
GUT GDScript suite under Godot 4.3 headless (blocking)	Run GUT unit suite (canonical close-out invocation)	2026-09-07T12:33:22.1651929Z Project FPS: 145 (6.89 mspf)
GUT GDScript suite under Godot 4.3 headless (blocking)	Run GUT unit suite (canonical close-out invocation)	2026-09-07T12:33:23.1656941Z Project FPS: 145 (6.89 mspf)
GUT GDScript suite under Godot 4.3 headless (blocking)	Run GUT unit suite (canonical close-out invocation)	2026-09-07T12:33:24.1661905Z Project FPS: 145 (6.89 mspf)
GUT GDScript suite under Godot 4.3 headless (blocking)	Run GUT unit suite (canonical close-out invocation)	2026-09-07T12:33:25.1667485Z Project FPS: 145 (6.89 mspf)
GUT GDScript suite under Godot 4.3 headless (blocking)	Run GUT unit suite (canonical close-out invocation)	2026-09-07T12:33:26.1672629Z Project FPS: 145 (6.89 mspf)
GUT GDScript suite under Godot 4.3 headless (blocking)	Run GUT unit suite (canonical close-out invocation)	2026-09-07T12:33:27.1677659Z Project FPS: 145 (6.89 mspf)
GUT GDScript suite under Godot 4.3 headless (blocking)	Run GUT unit suite (canonical close-out invocation)	2026-09-07T12:33:28.1682445Z Project FPS: 145 (6.89 mspf)
GUT GDScript suite under Godot 4.3 headless (blocking)	Run GUT unit suite (canonical close-out invocation)	2026-09-07T12:33:29.1687592Z Project FPS: 145 (6.89 mspf)
GUT GDScript suite under Godot 4.3 headless (blocking)	Run GUT unit suite (canonical close-out invocation)	2026-09-07T12:33:30.1693425Z Project FPS: 145 (6.89 mspf)
GUT GDScript suite under Godot 4.3 headless (blocking)	Run GUT unit suite (canonical close-out invocation)	2026-09-07T12:33:31.1698575Z Project FPS: 145 (6.89 mspf)
GUT GDScript suite under Godot 4.3 headless (blocking)	Run GUT unit suite (canonical close-out invocation)	2026-09-07T12:33:32.1703263Z Project FPS: 145 (6.89 mspf)
GUT GDScript suite under Godot 4.3 headless (blocking)	Run GUT unit suite (canonical close-out invocation)	2026-09-07T12:33:33.1708942Z Project FPS: 145 (6.89 mspf)
GUT GDScript suite under Godot 4.3 headless (blocking)	Run GUT unit suite (canonical close-out invocation)	2026-09-07T12:33:34.1645365Z Project FPS: 144 (6.94 mspf)
GUT GDScript suite under Godot 4.3 headless (blocking)	Run GUT unit suite (canonical close-out invocation)	2026-09-07T12:33:35.1650538Z Project FPS: 145 (6.89 mspf)
GUT GDScript suite under Godot 4.3 headless (blocking)	Run GUT unit suite (canonical close-out invocation)	2026-09-07T12:33:36.1655535Z Project FPS: 145 (6.89 mspf)
GUT GDScript suite under Godot 4.3 headless (blocking)	Run GUT unit suite (canonical close-out invocation)	2026-09-07T12:33:37.1660565Z Project FPS: 145 (6.89 mspf)
GUT GDScript suite under Godot 4.3 headless (blocking)	Run GUT unit suite (canonical close-out invocation)	2026-09-07T12:33:38.1665835Z Project FPS: 145 (6.89 mspf)
GUT GDScript suite under Godot 4.3 headless (blocking)	Run GUT unit suite (canonical close-out invocation)	2026-09-07T12:33:39.1671015Z Project FPS: 145 (6.89 mspf)
GUT GDScript suite under Godot 4.3 headless (blocking)	Run GUT unit suite (canonical close-out invocation)	2026-09-07T12:33:40.1676211Z Project FPS: 145 (6.89 mspf)
GUT GDScript suite under Godot 4.3 headless (blocking)	Run GUT unit suite (canonical close-out invocation)	2026-09-07T12:33:41.1680928Z Project FPS: 145 (6.89 mspf)
GUT GDScript suite under Godot 4.3 headless (blocking)	Run GUT unit suite (canonical close-out invocation)	2026-09-07T12:33:42.1686700Z Project FPS: 145 (6.89 mspf)
GUT GDScript suite under Godot 4.3 headless (blocking)	Run GUT unit suite (canonical close-out invocation)	2026-09-07T12:33:43.1691465Z Project FPS: 145 (6.89 mspf)
GUT GDScript suite under Godot 4.3 headless (blocking)	Run GUT unit suite (canonical close-out invocation)	2026-09-07T12:33:44.1696868Z Project FPS: 145 (6.89 mspf)
GUT GDScript suite under Godot 4.3 headless (blocking)	Run GUT unit suite (canonical close-out invocation)	2026-09-07T12:33:45.1702407Z Project FPS: 145 (6.89 mspf)
GUT GDScript suite under Godot 4.3 headless (blocking)	Run GUT unit suite (canonical close-out invocation)	2026-09-07T12:33:46.1707173Z Project FPS: 145 (6.89 mspf)
GUT GDScript suite under Godot 4.3 headless (blocking)	Run GUT unit suite (canonical close-out invocation)	2026-09-07T12:33:47.1712453Z Project FPS: 145 (6.89 mspf)
GUT GDScript suite under Godot 4.3 headless (blocking)	Run GUT unit suite (canonical close-out invocation)	2026-09-07T12:33:48.1649021Z Project FPS: 144 (6.94 mspf)
GUT GDScript suite under Godot 4.3 headless (blocking)	Run GUT unit suite (canonical close-out invocation)	2026-09-07T12:33:49.1653937Z Project FPS: 145 (6.89 mspf)
GUT GDScript suite under Godot 4.3 headless (blocking)	Run GUT unit suite (canonical close-out invocation)	2026-09-07T12:33:50.1660051Z Project FPS: 145 (6.89 mspf)
GUT GDScript suite under Godot 4.3 headless (blocking)	Run GUT unit suite (canonical close-out invocation)	2026-09-07T12:33:51.1664190Z Project FPS: 145 (6.89 mspf)
GUT GDScript suite under Godot 4.3 headless (blocking)	Run GUT unit suite (canonical close-out invocation)	2026-09-07T12:33:52.1669564Z Project FPS: 145 (6.89 mspf)
GUT GDScript suite under Godot 4.3 headless (blocking)	Run GUT unit suite (canonical close-out invocation)	2026-09-07T12:33:53.1674860Z Project FPS: 145 (6.89 mspf)
GUT GDScript suite under Godot 4.3 headless (blocking)	Run GUT unit suite (canonical close-out invocation)	2026-09-07T12:33:54.1679962Z Project FPS: 145 (6.89 mspf)
GUT GDScript suite under Godot 4.3 headless (blocking)	Run GUT unit suite (canonical close-out invocation)	2026-09-07T12:33:55.1685422Z Project FPS: 145 (6.89 mspf)
GUT GDScript suite under Godot 4.3 headless (blocking)	Run GUT unit suite (canonical close-out invocation)	2026-09-07T12:33:56.1690544Z Project FPS: 145 (6.89 mspf)
GUT GDScript suite under Godot 4.3 headless (blocking)	Run GUT unit suite (canonical close-out invocation)	2026-09-07T12:33:57.1695922Z Project FPS: 145 (6.89 mspf)
GUT GDScript suite under Godot 4.3 headless (blocking)	Run GUT unit suite (canonical close-out invocation)	2026-09-07T12:33:58.1701018Z Project FPS: 145 (6.89 mspf)
GUT GDScript suite under Godot 4.3 headless (blocking)	Run GUT unit suite (canonical close-out invocation)	2026-09-07T12:33:59.1706320Z Project FPS: 145 (6.89 mspf)
GUT GDScript suite under Godot 4.3 headless (blocking)	Run GUT unit suite (canonical close-out invocation)	2026-09-07T12:34:00.1711706Z Project FPS: 145 (6.89 mspf)
GUT GDScript suite under Godot 4.3 headless (blocking)	Run GUT unit suite (canonical close-out invocation)	2026-09-07T12:34:01.1716823Z Project FPS: 145 (6.89 mspf)
GUT GDScript suite under Godot 4.3 headless (blocking)	Run GUT unit suite (canonical close-out invocation)	2026-09-07T12:34:02.1652788Z Project FPS: 144 (6.94 mspf)
GUT GDScript suite under Godot 4.3 headless (blocking)	Run GUT unit suite (canonical close-out invocation)	2026-09-07T12:34:03.1657856Z Project FPS: 145 (6.89 mspf)
GUT GDScript suite under Godot 4.3 headless (blocking)	Run GUT unit suite (canonical close-out invocation)	2026-09-07T12:34:04.1663305Z Project FPS: 145 (6.89 mspf)
GUT GDScript suite under Godot 4.3 headless (blocking)	Run GUT unit suite (canonical close-out invocation)	2026-09-07T12:34:05.1668435Z Project FPS: 145 (6.89 mspf)
GUT GDScript suite under Godot 4.3 headless (blocking)	Run GUT unit suite (canonical close-out invocation)	2026-09-07T12:34:06.1673954Z Project FPS: 145 (6.89 mspf)
GUT GDScript suite under Godot 4.3 headless (blocking)	Run GUT unit suite (canonical close-out invocation)	2026-09-07T12:34:07.1678985Z Project FPS: 145 (6.89 mspf)
GUT GDScript suite under Godot 4.3 headless (blocking)	Run GUT unit suite (canonical close-out invocation)	2026-09-07T12:34:08.1684188Z Project FPS: 145 (6.89 mspf)
GUT GDScript suite under Godot 4.3 headless (blocking)	Run GUT unit suite (canonical close-out invocation)	2026-09-07T12:34:09.1689256Z Project FPS: 145 (6.89 mspf)
GUT GDScript suite under Godot 4.3 headless (blocking)	Run GUT unit suite (canonical close-out invocation)	2026-09-07T12:34:10.1694538Z Project FPS: 145 (6.89 mspf)
GUT GDScript suite under Godot 4.3 headless (blocking)	Run GUT unit suite (canonical close-out invocation)	2026-09-07T12:34:11.1699570Z Project FPS: 145 (6.89 mspf)
GUT GDScript suite under Godot 4.3 headless (blocking)	Run GUT unit suite (canonical close-out invocation)	2026-09-07T12:34:12.1704587Z Project FPS: 145 (6.89 mspf)
GUT GDScript suite under Godot 4.3 headless (blocking)	Run GUT unit suite (canonical close-out invocation)	2026-09-07T12:34:13.1710119Z Project FPS: 145 (6.89 mspf)
GUT GDScript suite under Godot 4.3 headless (blocking)	Run GUT unit suite (canonical close-out invocation)	2026-09-07T12:34:14.1714890Z Project FPS: 145 (6.89 mspf)
GUT GDScript suite under Godot 4.3 headless (blocking)	Run GUT unit suite (canonical close-out invocation)	2026-09-07T12:34:15.1720692Z Project FPS: 145 (6.89 mspf)
GUT GDScript suite under Godot 4.3 headless (blocking)	Run GUT unit suite (canonical close-out invocation)	2026-09-07T12:34:16.1656580Z Project FPS: 144 (6.94 mspf)
GUT GDScript suite under Godot 4.3 headless (blocking)	Run GUT unit suite (canonical close-out invocation)	2026-09-07T12:34:17.1662182Z Project FPS: 145 (6.89 mspf)
GUT GDScript suite under Godot 4.3 headless (blocking)	Run GUT unit suite (canonical close-out invocation)	2026-09-07T12:34:18.1667009Z Project FPS: 145 (6.89 mspf)
GUT GDScript suite under Godot 4.3 headless (blocking)	Run GUT unit suite (canonical close-out invocation)	2026-09-07T12:34:19.1671954Z Project FPS: 145 (6.89 mspf)
GUT GDScript suite under Godot 4.3 headless (blocking)	Run GUT unit suite (canonical close-out invocation)	2026-09-07T12:34:20.1677321Z Project FPS: 145 (6.89 mspf)
GUT GDScript suite under Godot 4.3 headless (blocking)	Run GUT unit suite (canonical close-out invocation)	2026-09-07T12:34:21.1682671Z Project FPS: 145 (6.89 mspf)
GUT GDScript suite under Godot 4.3 headless (blocking)	Run GUT unit suite (canonical close-out invocation)	2026-09-07T12:34:22.1687538Z Project FPS: 145 (6.89 mspf)
GUT GDScript suite under Godot 4.3 headless (blocking)	Run GUT unit suite (canonical close-out invocation)	2026-09-07T12:34:23.1693189Z Project FPS: 145 (6.89 mspf)
GUT GDScript suite under Godot 4.3 headless (blocking)	Run GUT unit suite (canonical close-out invocation)	2026-09-07T12:34:24.1698353Z Project FPS: 145 (6.89 mspf)
GUT GDScript suite under Godot 4.3 headless (blocking)	Run GUT unit suite (canonical close-out invocation)	2026-09-07T12:34:25.1703238Z Project FPS: 145 (6.89 mspf)
GUT GDScript suite under Godot 4.3 headless (blocking)	Run GUT unit suite (canonical close-out invocation)	2026-09-07T12:34:26.1708861Z Project FPS: 145 (6.89 mspf)
GUT GDScript suite under Godot 4.3 headless (blocking)	Run GUT unit suite (canonical close-out invocation)	2026-09-07T12:34:27.1713689Z Project FPS: 145 (6.89 mspf)
GUT GDScript suite under Godot 4.3 headless (blocking)	Run GUT unit suite (canonical close-out invocation)	2026-09-07T12:34:28.1718928Z Project FPS: 145 (6.89 mspf)
GUT GDScript suite under Godot 4.3 headless (blocking)	Run GUT unit suite (canonical close-out invocation)	2026-09-07T12:34:29.1724213Z Project FPS: 145 (6.89 mspf)
GUT GDScript suite under Godot 4.3 headless (blocking)	Run GUT unit suite (canonical close-out invocation)	2026-09-07T12:34:30.1660294Z Project FPS: 144 (6.94 mspf)
GUT GDScript suite under Godot 4.3 headless (blocking)	Run GUT unit suite (canonical close-out invocation)	2026-09-07T12:34:31.1665720Z Project FPS: 145 (6.89 mspf)
GUT GDScript suite under Godot 4.3 headless (blocking)	Run GUT unit suite (canonical close-out invocation)	2026-09-07T12:34:32.1670574Z Project FPS: 145 (6.89 mspf)
GUT GDScript suite under Godot 4.3 headless (blocking)	Run GUT unit suite (canonical close-out invocation)	2026-09-07T12:34:33.1675986Z Project FPS: 145 (6.89 mspf)
GUT GDScript suite under Godot 4.3 headless (blocking)	Run GUT unit suite (canonical close-out invocation)	2026-09-07T12:34:34.1680932Z Project FPS: 145 (6.89 mspf)
GUT GDScript suite under Godot 4.3 headless (blocking)	Run GUT unit suite (canonical close-out invocation)	2026-09-07T12:34:35.1686446Z Project FPS: 145 (6.89 mspf)
GUT GDScript suite under Godot 4.3 headless (blocking)	Run GUT unit suite (canonical close-out invocation)	2026-09-07T12:34:36.1691432Z Project FPS: 145 (6.89 mspf)
GUT GDScript suite under Godot 4.3 headless (blocking)	Run GUT unit suite (canonical close-out invocation)	2026-09-07T12:34:37.1696593Z Project FPS: 145 (6.89 mspf)
GUT GDScript suite under Godot 4.3 headless (blocking)	Run GUT unit suite (canonical close-out invocation)	2026-09-07T12:34:38.1701839Z Project FPS: 145 (6.89 mspf)
GUT GDScript suite under Godot 4.3 headless (blocking)	Run GUT unit suite (canonical close-out invocation)	2026-09-07T12:34:39.1707228Z Project FPS: 145 (6.89 mspf)
GUT GDScript suite under Godot 4.3 headless (blocking)	Run GUT unit suite (canonical close-out invocation)	2026-09-07T12:34:40.1713137Z Project FPS: 145 (6.89 mspf)
GUT GDScript suite under Godot 4.3 headless (blocking)	Run GUT unit suite (canonical close-out invocation)	2026-09-07T12:34:41.1717390Z Project FPS: 145 (6.89 mspf)
GUT GDScript suite under Godot 4.3 headless (blocking)	Run GUT unit suite (canonical close-out invocation)	2026-09-07T12:34:42.1722775Z Project FPS: 145 (6.89 mspf)
GUT GDScript suite under Godot 4.3 headless (blocking)	Run GUT unit suite (canonical close-out invocation)	2026-09-07T12:34:43.1658928Z Project FPS: 144 (6.94 mspf)
GUT GDScript suite under Godot 4.3 headless (blocking)	Run GUT unit suite (canonical close-out invocation)	2026-09-07T12:34:44.1663981Z Project FPS: 145 (6.89 mspf)
GUT GDScript suite under Godot 4.3 headless (blocking)	Run GUT unit suite (canonical close-out invocation)	2026-09-07T12:34:45.1669545Z Project FPS: 145 (6.89 mspf)
GUT GDScript suite under Godot 4.3 headless (blocking)	Run GUT unit suite (canonical close-out invocation)	2026-09-07T12:34:46.1674827Z Project FPS: 145 (6.89 mspf)
GUT GDScript suite under Godot 4.3 headless (blocking)	Run GUT unit suite (canonical close-out invocation)	2026-09-07T12:34:47.1679909Z Project FPS: 145 (6.89 mspf)
GUT GDScript suite under Godot 4.3 headless (blocking)	Run GUT unit suite (canonical close-out invocation)	2026-09-07T12:34:48.1685303Z Project FPS: 145 (6.89 mspf)
GUT GDScript suite under Godot 4.3 headless (blocking)	Run GUT unit suite (canonical close-out invocation)	2026-09-07T12:34:49.1690324Z Project FPS: 145 (6.89 mspf)
GUT GDScript suite under Godot 4.3 headless (blocking)	Run GUT unit suite (canonical close-out invocation)	2026-09-07T12:34:50.1695508Z Project FPS: 145 (6.89 mspf)
GUT GDScript suite under Godot 4.3 headless (blocking)	Run GUT unit suite (canonical close-out invocation)	2026-09-07T12:34:51.1700665Z Project FPS: 145 (6.89 mspf)
GUT GDScript suite under Godot 4.3 headless (blocking)	Run GUT unit suite (canonical close-out invocation)	2026-09-07T12:34:52.1705808Z Project FPS: 145 (6.89 mspf)
GUT GDScript suite under Godot 4.3 headless (blocking)	Run GUT unit suite (canonical close-out invocation)	2026-09-07T12:34:53.1711038Z Project FPS: 145 (6.89 mspf)
GUT GDScript suite under Godot 4.3 headless (blocking)	Run GUT unit suite (canonical close-out invocation)	2026-09-07T12:34:54.1716264Z Project FPS: 145 (6.89 mspf)
GUT GDScript suite under Godot 4.3 headless (blocking)	Run GUT unit suite (canonical close-out invocation)	2026-09-07T12:34:55.1721990Z Project FPS: 145 (6.89 mspf)
GUT GDScript suite under Godot 4.3 headless (blocking)	Run GUT unit suite (canonical close-out invocation)	2026-09-07T12:34:56.1726489Z Project FPS: 145 (6.89 mspf)
GUT GDScript suite under Godot 4.3 headless (blocking)	Run GUT unit suite (canonical close-out invocation)	2026-09-07T12:34:57.1663333Z Project FPS: 144 (6.94 mspf)
GUT GDScript suite under Godot 4.3 headless (blocking)	Run GUT unit suite (canonical close-out invocation)	2026-09-07T12:34:58.1668288Z Project FPS: 145 (6.89 mspf)
GUT GDScript suite under Godot 4.3 headless (blocking)	Run GUT unit suite (canonical close-out invocation)	2026-09-07T12:34:59.1673625Z Project FPS: 145 (6.89 mspf)
GUT GDScript suite under Godot 4.3 headless (blocking)	Run GUT unit suite (canonical close-out invocation)	2026-09-07T12:35:00.1678486Z Project FPS: 145 (6.89 mspf)
GUT GDScript suite under Godot 4.3 headless (blocking)	Run GUT unit suite (canonical close-out invocation)	2026-09-07T12:35:01.1683712Z Project FPS: 145 (6.89 mspf)
GUT GDScript suite under Godot 4.3 headless (blocking)	Run GUT unit suite (canonical close-out invocation)	2026-09-07T12:35:02.1689048Z Project FPS: 145 (6.89 mspf)
GUT GDScript suite under Godot 4.3 headless (blocking)	Run GUT unit suite (canonical close-out invocation)	2026-09-07T12:35:03.1694077Z Project FPS: 145 (6.89 mspf)
GUT GDScript suite under Godot 4.3 headless (blocking)	Run GUT unit suite (canonical close-out invocation)	2026-09-07T12:35:04.1699464Z Project FPS: 145 (6.89 mspf)
GUT GDScript suite under Godot 4.3 headless (blocking)	Run GUT unit suite (canonical close-out invocation)	2026-09-07T12:35:05.1704790Z Project FPS: 145 (6.89 mspf)
GUT GDScript suite under Godot 4.3 headless (blocking)	Run GUT unit suite (canonical close-out invocation)	2026-09-07T12:35:06.1709910Z Project FPS: 145 (6.89 mspf)
GUT GDScript suite under Godot 4.3 headless (blocking)	Run GUT unit suite (canonical close-out invocation)	2026-09-07T12:35:07.1715040Z Project FPS: 145 (6.89 mspf)
GUT GDScript suite under Godot 4.3 headless (blocking)	Run GUT unit suite (canonical close-out invocation)	2026-09-07T12:35:08.1720230Z Project FPS: 145 (6.89 mspf)
GUT GDScript suite under Godot 4.3 headless (blocking)	Run GUT unit suite (canonical close-out invocation)	2026-09-07T12:35:09.1725461Z Project FPS: 145 (6.89 mspf)
GUT GDScript suite under Godot 4.3 headless (blocking)	Run GUT unit suite (canonical close-out invocation)	2026-09-07T12:35:10.1730721Z Project FPS: 145 (6.89 mspf)
GUT GDScript suite under Godot 4.3 headless (blocking)	Run GUT unit suite (canonical close-out invocation)	2026-09-07T12:35:11.1666713Z Project FPS: 144 (6.94 mspf)
GUT GDScript suite under Godot 4.3 headless (blocking)	Run GUT unit suite (canonical close-out invocation)	2026-09-07T12:35:12.1672100Z Project FPS: 145 (6.89 mspf)
GUT GDScript suite under Godot 4.3 headless (blocking)	Run GUT unit suite (canonical close-out invocation)	2026-09-07T12:35:13.1677103Z Project FPS: 145 (6.89 mspf)
GUT GDScript suite under Godot 4.3 headless (blocking)	Run GUT unit suite (canonical close-out invocation)	2026-09-07T12:35:14.1682229Z Project FPS: 145 (6.89 mspf)
GUT GDScript suite under Godot 4.3 headless (blocking)	Run GUT unit suite (canonical close-out invocation)	2026-09-07T12:35:15.1687550Z Project FPS: 145 (6.89 mspf)
GUT GDScript suite under Godot 4.3 headless (blocking)	Run GUT unit suite (canonical close-out invocation)	2026-09-07T12:35:16.1692753Z Project FPS: 145 (6.89 mspf)
GUT GDScript suite under Godot 4.3 headless (blocking)	Run GUT unit suite (canonical close-out invocation)	2026-09-07T12:35:17.1697912Z Project FPS: 145 (6.89 mspf)
GUT GDScript suite under Godot 4.3 headless (blocking)	Run GUT unit suite (canonical close-out invocation)	2026-09-07T12:35:18.1702762Z Project FPS: 145 (6.89 mspf)
GUT GDScript suite under Godot 4.3 headless (blocking)	Run GUT unit suite (canonical close-out invocation)	2026-09-07T12:35:19.1708197Z Project FPS: 145 (6.89 mspf)
GUT GDScript suite under Godot 4.3 headless (blocking)	Run GUT unit suite (canonical close-out invocation)	2026-09-07T12:35:20.1713514Z Project FPS: 145 (6.89 mspf)
GUT GDScript suite under Godot 4.3 headless (blocking)	Run GUT unit suite (canonical close-out invocation)	2026-09-07T12:35:21.1718691Z Project FPS: 145 (6.89 mspf)
GUT GDScript suite under Godot 4.3 headless (blocking)	Run GUT unit suite (canonical close-out invocation)	2026-09-07T12:35:22.1723985Z Project FPS: 145 (6.89 mspf)
GUT GDScript suite under Godot 4.3 headless (blocking)	Run GUT unit suite (canonical close-out invocation)	2026-09-07T12:35:23.1729209Z Project FPS: 145 (6.89 mspf)
GUT GDScript suite under Godot 4.3 headless (blocking)	Run GUT unit suite (canonical close-out invocation)	2026-09-07T12:35:24.1734456Z Project FPS: 145 (6.89 mspf)
GUT GDScript suite under Godot 4.3 headless (blocking)	Run GUT unit suite (canonical close-out invocation)	2026-09-07T12:35:25.1670638Z Project FPS: 144 (6.94 mspf)
GUT GDScript suite under Godot 4.3 headless (blocking)	Run GUT unit suite (canonical close-out invocation)	2026-09-07T12:35:26.1675967Z Project FPS: 145 (6.89 mspf)
GUT GDScript suite under Godot 4.3 headless (blocking)	Run GUT unit suite (canonical close-out invocation)	2026-09-07T12:35:27.1681501Z Project FPS: 145 (6.89 mspf)
GUT GDScript suite under Godot 4.3 headless (blocking)	Run GUT unit suite (canonical close-out invocation)	2026-09-07T12:35:28.1686237Z Project FPS: 145 (6.89 mspf)
GUT GDScript suite under Godot 4.3 headless (blocking)	Run GUT unit suite (canonical close-out invocation)	2026-09-07T12:35:29.1691940Z Project FPS: 145 (6.89 mspf)
GUT GDScript suite under Godot 4.3 headless (blocking)	Run GUT unit suite (canonical close-out invocation)	2026-09-07T12:35:30.1696721Z Project FPS: 145 (6.89 mspf)
GUT GDScript suite under Godot 4.3 headless (blocking)	Run GUT unit suite (canonical close-out invocation)	2026-09-07T12:35:31.1702504Z Project FPS: 145 (6.89 mspf)
GUT GDScript suite under Godot 4.3 headless (blocking)	Run GUT unit suite (canonical close-out invocation)	2026-09-07T12:35:32.1707130Z Project FPS: 145 (6.89 mspf)
GUT GDScript suite under Godot 4.3 headless (blocking)	Run GUT unit suite (canonical close-out invocation)	2026-09-07T12:35:33.1712424Z Project FPS: 145 (6.89 mspf)
GUT GDScript suite under Godot 4.3 headless (blocking)	Run GUT unit suite (canonical close-out invocation)	2026-09-07T12:35:34.1717509Z Project FPS: 145 (6.89 mspf)
GUT GDScript suite under Godot 4.3 headless (blocking)	Run GUT unit suite (canonical close-out invocation)	2026-09-07T12:35:35.1722884Z Project FPS: 145 (6.89 mspf)
GUT GDScript suite under Godot 4.3 headless (blocking)	Run GUT unit suite (canonical close-out invocation)	2026-09-07T12:35:36.1728033Z Project FPS: 145 (6.89 mspf)
GUT GDScript suite under Godot 4.3 headless (blocking)	Run GUT unit suite (canonical close-out invocation)	2026-09-07T12:35:37.1733380Z Project FPS: 145 (6.89 mspf)
GUT GDScript suite under Godot 4.3 headless (blocking)	Run GUT unit suite (canonical close-out invocation)	2026-09-07T12:35:38.1738448Z Project FPS: 145 (6.89 mspf)
GUT GDScript suite under Godot 4.3 headless (blocking)	Run GUT unit suite (canonical close-out invocation)	2026-09-07T12:35:39.1674617Z Project FPS: 144 (6.94 mspf)
GUT GDScript suite under Godot 4.3 headless (blocking)	Run GUT unit suite (canonical close-out invocation)	2026-09-07T12:35:40.1680157Z Project FPS: 145 (6.89 mspf)
GUT GDScript suite under Godot 4.3 headless (blocking)	Run GUT unit suite (canonical close-out invocation)	2026-09-07T12:35:41.1685054Z Project FPS: 145 (6.89 mspf)
GUT GDScript suite under Godot 4.3 headless (blocking)	Run GUT unit suite (canonical close-out invocation)	2026-09-07T12:35:42.1690186Z Project FPS: 145 (6.89 mspf)
GUT GDScript suite under Godot 4.3 headless (blocking)	Run GUT unit suite (canonical close-out invocation)	2026-09-07T12:35:43.1695463Z Project FPS: 145 (6.89 mspf)
GUT GDScript suite under Godot 4.3 headless (blocking)	Run GUT unit suite (canonical close-out invocation)	2026-09-07T12:35:44.1700395Z Project FPS: 145 (6.89 mspf)
GUT GDScript suite under Godot 4.3 headless (blocking)	Run GUT unit suite (canonical close-out invocation)	2026-09-07T12:35:45.1706190Z Project FPS: 145 (6.89 mspf)
GUT GDScript suite under Godot 4.3 headless (blocking)	Run GUT unit suite (canonical close-out invocation)	2026-09-07T12:35:46.1711644Z Project FPS: 145 (6.89 mspf)
GUT GDScript suite under Godot 4.3 headless (blocking)	Run GUT unit suite (canonical close-out invocation)	2026-09-07T12:35:47.1716129Z Project FPS: 145 (6.89 mspf)
GUT GDScript suite under Godot 4.3 headless (blocking)	Run GUT unit suite (canonical close-out invocation)	2026-09-07T12:35:48.1721744Z Project FPS: 145 (6.89 mspf)
GUT GDScript suite under Godot 4.3 headless (blocking)	Run GUT unit suite (canonical close-out invocation)	2026-09-07T12:35:49.1726633Z Project FPS: 145 (6.89 mspf)
GUT GDScript suite under Godot 4.3 headless (blocking)	Run GUT unit suite (canonical close-out invocation)	2026-09-07T12:35:50.1732134Z Project FPS: 145 (6.89 mspf)
GUT GDScript suite under Godot 4.3 headless (blocking)	Run GUT unit suite (canonical close-out invocation)	2026-09-07T12:35:51.1737095Z Project FPS: 145 (6.89 mspf)
GUT GDScript suite under Godot 4.3 headless (blocking)	Run GUT unit suite (canonical close-out invocation)	2026-09-07T12:35:52.1673172Z Project FPS: 144 (6.94 mspf)
GUT GDScript suite under Godot 4.3 headless (blocking)	Run GUT unit suite (canonical close-out invocation)	2026-09-07T12:35:53.1678377Z Project FPS: 145 (6.89 mspf)
GUT GDScript suite under Godot 4.3 headless (blocking)	Run GUT unit suite (canonical close-out invocation)	2026-09-07T12:35:54.1683792Z Project FPS: 145 (6.89 mspf)
GUT GDScript suite under Godot 4.3 headless (blocking)	Run GUT unit suite (canonical close-out invocation)	2026-09-07T12:35:55.1689121Z Project FPS: 145 (6.89 mspf)
GUT GDScript suite under Godot 4.3 headless (blocking)	Run GUT unit suite (canonical close-out invocation)	2026-09-07T12:35:56.1694085Z Project FPS: 145 (6.89 mspf)
GUT GDScript suite under Godot 4.3 headless (blocking)	Run GUT unit suite (canonical close-out invocation)	2026-09-07T12:35:57.1699235Z Project FPS: 145 (6.89 mspf)
GUT GDScript suite under Godot 4.3 headless (blocking)	Run GUT unit suite (canonical close-out invocation)	2026-09-07T12:35:58.1704147Z Project FPS: 145 (6.89 mspf)
GUT GDScript suite under Godot 4.3 headless (blocking)	Run GUT unit suite (canonical close-out invocation)	2026-09-07T12:35:59.1709429Z Project FPS: 145 (6.89 mspf)
GUT GDScript suite under Godot 4.3 headless (blocking)	Run GUT unit suite (canonical close-out invocation)	2026-09-07T12:36:00.1714561Z Project FPS: 145 (6.89 mspf)
GUT GDScript suite under Godot 4.3 headless (blocking)	Run GUT unit suite (canonical close-out invocation)	2026-09-07T12:36:01.1719805Z Project FPS: 145 (6.89 mspf)
GUT GDScript suite under Godot 4.3 headless (blocking)	Run GUT unit suite (canonical close-out invocation)	2026-09-07T12:36:02.1725113Z Project FPS: 145 (6.89 mspf)
GUT GDScript suite under Godot 4.3 headless (blocking)	Run GUT unit suite (canonical close-out invocation)	2026-09-07T12:36:03.1730056Z Project FPS: 145 (6.89 mspf)
GUT GDScript suite under Godot 4.3 headless (blocking)	Run GUT unit suite (canonical close-out invocation)	2026-09-07T12:36:04.1735382Z Project FPS: 145 (6.89 mspf)
GUT GDScript suite under Godot 4.3 headless (blocking)	Run GUT unit suite (canonical close-out invocation)	2026-09-07T12:36:05.1740588Z Project FPS: 145 (6.89 mspf)
GUT GDScript suite under Godot 4.3 headless (blocking)	Run GUT unit suite (canonical close-out invocation)	2026-09-07T12:36:06.1676209Z Project FPS: 144 (6.94 mspf)
GUT GDScript suite under Godot 4.3 headless (blocking)	Run GUT unit suite (canonical close-out invocation)	2026-09-07T12:36:07.1682373Z Project FPS: 145 (6.89 mspf)
GUT GDScript suite under Godot 4.3 headless (blocking)	Run GUT unit suite (canonical close-out invocation)	2026-09-07T12:36:08.1687479Z Project FPS: 145 (6.89 mspf)
GUT GDScript suite under Godot 4.3 headless (blocking)	Run GUT unit suite (canonical close-out invocation)	2026-09-07T12:36:09.1692398Z Project FPS: 145 (6.89 mspf)
GUT GDScript suite under Godot 4.3 headless (blocking)	Run GUT unit suite (canonical close-out invocation)	2026-09-07T12:36:10.1697611Z Project FPS: 145 (6.89 mspf)
GUT GDScript suite under Godot 4.3 headless (blocking)	Run GUT unit suite (canonical close-out invocation)	2026-09-07T12:36:11.1703007Z Project FPS: 145 (6.89 mspf)
GUT GDScript suite under Godot 4.3 headless (blocking)	Run GUT unit suite (canonical close-out invocation)	2026-09-07T12:36:12.1707233Z Project FPS: 145 (6.89 mspf)
GUT GDScript suite under Godot 4.3 headless (blocking)	Run GUT unit suite (canonical close-out invocation)	2026-09-07T12:36:13.1713484Z Project FPS: 145 (6.89 mspf)
GUT GDScript suite under Godot 4.3 headless (blocking)	Run GUT unit suite (canonical close-out invocation)	2026-09-07T12:36:14.1718790Z Project FPS: 145 (6.89 mspf)
GUT GDScript suite under Godot 4.3 headless (blocking)	Run GUT unit suite (canonical close-out invocation)	2026-09-07T12:36:15.1723756Z Project FPS: 145 (6.89 mspf)
GUT GDScript suite under Godot 4.3 headless (blocking)	Run GUT unit suite (canonical close-out invocation)	2026-09-07T12:36:16.1729058Z Project FPS: 145 (6.89 mspf)
GUT GDScript suite under Godot 4.3 headless (blocking)	Run GUT unit suite (canonical close-out invocation)	2026-09-07T12:36:17.1734230Z Project FPS: 145 (6.89 mspf)
GUT GDScript suite under Godot 4.3 headless (blocking)	Run GUT unit suite (canonical close-out invocation)	2026-09-07T12:36:18.1739051Z Project FPS: 145 (6.89 mspf)
GUT GDScript suite under Godot 4.3 headless (blocking)	Run GUT unit suite (canonical close-out invocation)	2026-09-07T12:36:19.1744465Z Project FPS: 145 (6.89 mspf)
GUT GDScript suite under Godot 4.3 headless (blocking)	Run GUT unit suite (canonical close-out invocation)	2026-09-07T12:36:20.1680853Z Project FPS: 144 (6.94 mspf)
GUT GDScript suite under Godot 4.3 headless (blocking)	Run GUT unit suite (canonical close-out invocation)	2026-09-07T12:36:21.1685587Z Project FPS: 145 (6.89 mspf)
GUT GDScript suite under Godot 4.3 headless (blocking)	Run GUT unit suite (canonical close-out invocation)	2026-09-07T12:36:22.1691134Z Project FPS: 145 (6.89 mspf)
GUT GDScript suite under Godot 4.3 headless (blocking)	Run GUT unit suite (canonical close-out invocation)	2026-09-07T12:36:23.1696044Z Project FPS: 145 (6.89 mspf)
GUT GDScript suite under Godot 4.3 headless (blocking)	Run GUT unit suite (canonical close-out invocation)	2026-09-07T12:36:24.1701042Z Project FPS: 145 (6.89 mspf)
GUT GDScript suite under Godot 4.3 headless (blocking)	Run GUT unit suite (canonical close-out invocation)	2026-09-07T12:36:25.1706454Z Project FPS: 145 (6.89 mspf)
GUT GDScript suite under Godot 4.3 headless (blocking)	Run GUT unit suite (canonical close-out invocation)	2026-09-07T12:36:26.1711793Z Project FPS: 145 (6.89 mspf)
GUT GDScript suite under Godot 4.3 headless (blocking)	Run GUT unit suite (canonical close-out invocation)	2026-09-07T12:36:27.1717496Z Project FPS: 145 (6.89 mspf)
GUT GDScript suite under Godot 4.3 headless (blocking)	Run GUT unit suite (canonical close-out invocation)	2026-09-07T12:36:28.1722731Z Project FPS: 145 (6.89 mspf)
GUT GDScript suite under Godot 4.3 headless (blocking)	Run GUT unit suite (canonical close-out invocation)	2026-09-07T12:36:29.1727789Z Project FPS: 145 (6.89 mspf)
GUT GDScript suite under Godot 4.3 headless (blocking)	Run GUT unit suite (canonical close-out invocation)	2026-09-07T12:36:30.1733019Z Project FPS: 145 (6.89 mspf)
GUT GDScript suite under Godot 4.3 headless (blocking)	Run GUT unit suite (canonical close-out invocation)	2026-09-07T12:36:31.1737960Z Project FPS: 145 (6.89 mspf)
GUT GDScript suite under Godot 4.3 headless (blocking)	Run GUT unit suite (canonical close-out invocation)	2026-09-07T12:36:32.1743229Z Project FPS: 145 (6.89 mspf)
GUT GDScript suite under Godot 4.3 headless (blocking)	Run GUT unit suite (canonical close-out invocation)	2026-09-07T12:36:33.1748650Z Project FPS: 145 (6.89 mspf)
GUT GDScript suite under Godot 4.3 headless (blocking)	Run GUT unit suite (canonical close-out invocation)	2026-09-07T12:36:34.1684920Z Project FPS: 144 (6.94 mspf)
GUT GDScript suite under Godot 4.3 headless (blocking)	Run GUT unit suite (canonical close-out invocation)	2026-09-07T12:36:35.1689776Z Project FPS: 145 (6.89 mspf)
GUT GDScript suite under Godot 4.3 headless (blocking)	Run GUT unit suite (canonical close-out invocation)	2026-09-07T12:36:36.1695279Z Project FPS: 145 (6.89 mspf)
GUT GDScript suite under Godot 4.3 headless (blocking)	Run GUT unit suite (canonical close-out invocation)	2026-09-07T12:36:37.1700681Z Project FPS: 145 (6.89 mspf)
GUT GDScript suite under Godot 4.3 headless (blocking)	Run GUT unit suite (canonical close-out invocation)	2026-09-07T12:36:38.1706068Z Project FPS: 145 (6.89 mspf)
GUT GDScript suite under Godot 4.3 headless (blocking)	Run GUT unit suite (canonical close-out invocation)	2026-09-07T12:36:39.1710966Z Project FPS: 145 (6.89 mspf)
GUT GDScript suite under Godot 4.3 headless (blocking)	Run GUT unit suite (canonical close-out invocation)	2026-09-07T12:36:40.1716026Z Project FPS: 145 (6.89 mspf)
GUT GDScript suite under Godot 4.3 headless (blocking)	Run GUT unit suite (canonical close-out invocation)	2026-09-07T12:36:41.1721186Z Project FPS: 145 (6.89 mspf)
GUT GDScript suite under Godot 4.3 headless (blocking)	Run GUT unit suite (canonical close-out invocation)	2026-09-07T12:36:42.1726387Z Project FPS: 145 (6.89 mspf)
GUT GDScript suite under Godot 4.3 headless (blocking)	Run GUT unit suite (canonical close-out invocation)	2026-09-07T12:36:43.1731272Z Project FPS: 145 (6.89 mspf)
GUT GDScript suite under Godot 4.3 headless (blocking)	Run GUT unit suite (canonical close-out invocation)	2026-09-07T12:36:44.1737073Z Project FPS: 145 (6.89 mspf)
GUT GDScript suite under Godot 4.3 headless (blocking)	Run GUT unit suite (canonical close-out invocation)	2026-09-07T12:36:45.1741758Z Project FPS: 145 (6.89 mspf)
GUT GDScript suite under Godot 4.3 headless (blocking)	Run GUT unit suite (canonical close-out invocation)	2026-09-07T12:36:46.1746976Z Project FPS: 145 (6.89 mspf)
GUT GDScript suite under Godot 4.3 headless (blocking)	Run GUT unit suite (canonical close-out invocation)	2026-09-07T12:36:47.1752314Z Project FPS: 145 (6.89 mspf)
GUT GDScript suite under Godot 4.3 headless (blocking)	Run GUT unit suite (canonical close-out invocation)	2026-09-07T12:36:48.1688239Z Project FPS: 144 (6.94 mspf)
GUT GDScript suite under Godot 4.3 headless (blocking)	Run GUT unit suite (canonical close-out invocation)	2026-09-07T12:36:49.1693660Z Project FPS: 145 (6.89 mspf)
GUT GDScript suite under Godot 4.3 headless (blocking)	Run GUT unit suite (canonical close-out invocation)	2026-09-07T12:36:50.1698742Z Project FPS: 145 (6.89 mspf)
GUT GDScript suite under Godot 4.3 headless (blocking)	Run GUT unit suite (canonical close-out invocation)	2026-09-07T12:36:51.1704258Z Project FPS: 145 (6.89 mspf)
GUT GDScript suite under Godot 4.3 headless (blocking)	Run GUT unit suite (canonical close-out invocation)	2026-09-07T12:36:52.1708858Z Project FPS: 145 (6.89 mspf)
GUT GDScript suite under Godot 4.3 headless (blocking)	Run GUT unit suite (canonical close-out invocation)	2026-09-07T12:36:53.1714641Z Project FPS: 145 (6.89 mspf)
GUT GDScript suite under Godot 4.3 headless (blocking)	Run GUT unit suite (canonical close-out invocation)	2026-09-07T12:36:54.1719597Z Project FPS: 145 (6.89 mspf)
GUT GDScript suite under Godot 4.3 headless (blocking)	Run GUT unit suite (canonical close-out invocation)	2026-09-07T12:36:55.1725217Z Project FPS: 145 (6.89 mspf)
GUT GDScript suite under Godot 4.3 headless (blocking)	Run GUT unit suite (canonical close-out invocation)	2026-09-07T12:36:56.1730424Z Project FPS: 145 (6.89 mspf)
GUT GDScript suite under Godot 4.3 headless (blocking)	Run GUT unit suite (canonical close-out invocation)	2026-09-07T12:36:57.1735552Z Project FPS: 145 (6.89 mspf)
GUT GDScript suite under Godot 4.3 headless (blocking)	Run GUT unit suite (canonical close-out invocation)	2026-09-07T12:36:58.1740687Z Project FPS: 145 (6.89 mspf)
GUT GDScript suite under Godot 4.3 headless (blocking)	Run GUT unit suite (canonical close-out invocation)	2026-09-07T12:36:59.1745568Z Project FPS: 145 (6.89 mspf)
GUT GDScript suite under Godot 4.3 headless (blocking)	Run GUT unit suite (canonical close-out invocation)	2026-09-07T12:37:00.1750096Z Project FPS: 145 (6.89 mspf)
GUT GDScript suite under Godot 4.3 headless (blocking)	Run GUT unit suite (canonical close-out invocation)	2026-09-07T12:37:01.1687326Z Project FPS: 144 (6.94 mspf)
GUT GDScript suite under Godot 4.3 headless (blocking)	Run GUT unit suite (canonical close-out invocation)	2026-09-07T12:37:02.1691889Z Project FPS: 145 (6.89 mspf)
GUT GDScript suite under Godot 4.3 headless (blocking)	Run GUT unit suite (canonical close-out invocation)	2026-09-07T12:37:03.1697586Z Project FPS: 145 (6.89 mspf)
GUT GDScript suite under Godot 4.3 headless (blocking)	Run GUT unit suite (canonical close-out invocation)	2026-09-07T12:37:04.1702605Z Project FPS: 145 (6.89 mspf)
GUT GDScript suite under Godot 4.3 headless (blocking)	Run GUT unit suite (canonical close-out invocation)	2026-09-07T12:37:05.1708266Z Project FPS: 145 (6.89 mspf)
GUT GDScript suite under Godot 4.3 headless (blocking)	Run GUT unit suite (canonical close-out invocation)	2026-09-07T12:37:06.1713348Z Project FPS: 145 (6.89 mspf)
GUT GDScript suite under Godot 4.3 headless (blocking)	Run GUT unit suite (canonical close-out invocation)	2026-09-07T12:37:07.1718602Z Project FPS: 145 (6.89 mspf)
GUT GDScript suite under Godot 4.3 headless (blocking)	Run GUT unit suite (canonical close-out invocation)	2026-09-07T12:37:08.1724032Z Project FPS: 145 (6.89 mspf)
GUT GDScript suite under Godot 4.3 headless (blocking)	Run GUT unit suite (canonical close-out invocation)	2026-09-07T12:37:09.1729147Z Project FPS: 145 (6.89 mspf)
GUT GDScript suite under Godot 4.3 headless (blocking)	Run GUT unit suite (canonical close-out invocation)	2026-09-07T12:37:10.1734267Z Project FPS: 145 (6.89 mspf)
GUT GDScript suite under Godot 4.3 headless (blocking)	Run GUT unit suite (canonical close-out invocation)	2026-09-07T12:37:11.1739345Z Project FPS: 145 (6.89 mspf)
GUT GDScript suite under Godot 4.3 headless (blocking)	Run GUT unit suite (canonical close-out invocation)	2026-09-07T12:37:12.1744393Z Project FPS: 145 (6.89 mspf)
GUT GDScript suite under Godot 4.3 headless (blocking)	Run GUT unit suite (canonical close-out invocation)	2026-09-07T12:37:13.1749449Z Project FPS: 145 (6.89 mspf)
GUT GDScript suite under Godot 4.3 headless (blocking)	Run GUT unit suite (canonical close-out invocation)	2026-09-07T12:37:14.1754438Z Project FPS: 145 (6.89 mspf)
GUT GDScript suite under Godot 4.3 headless (blocking)	Run GUT unit suite (canonical close-out invocation)	2026-09-07T12:37:15.1690549Z Project FPS: 144 (6.94 mspf)
GUT GDScript suite under Godot 4.3 headless (blocking)	Run GUT unit suite (canonical close-out invocation)	2026-09-07T12:37:16.1696125Z Project FPS: 145 (6.89 mspf)
GUT GDScript suite under Godot 4.3 headless (blocking)	Run GUT unit suite (canonical close-out invocation)	2026-09-07T12:37:17.1701966Z Project FPS: 145 (6.89 mspf)
GUT GDScript suite under Godot 4.3 headless (blocking)	Run GUT unit suite (canonical close-out invocation)	2026-09-07T12:37:18.1706583Z Project FPS: 145 (6.89 mspf)
GUT GDScript suite under Godot 4.3 headless (blocking)	Run GUT unit suite (canonical close-out invocation)	2026-09-07T12:37:19.1711839Z Project FPS: 145 (6.89 mspf)
GUT GDScript suite under Godot 4.3 headless (blocking)	Run GUT unit suite (canonical close-out invocation)	2026-09-07T12:37:20.1717090Z Project FPS: 145 (6.89 mspf)
GUT GDScript suite under Godot 4.3 headless (blocking)	Run GUT unit suite (canonical close-out invocation)	2026-09-07T12:37:21.1722805Z Project FPS: 145 (6.89 mspf)
GUT GDScript suite under Godot 4.3 headless (blocking)	Run GUT unit suite (canonical close-out invocation)	2026-09-07T12:37:22.1727503Z Project FPS: 145 (6.89 mspf)
GUT GDScript suite under Godot 4.3 headless (blocking)	Run GUT unit suite (canonical close-out invocation)	2026-09-07T12:37:23.1732656Z Project FPS: 145 (6.89 mspf)
GUT GDScript suite under Godot 4.3 headless (blocking)	Run GUT unit suite (canonical close-out invocation)	2026-09-07T12:37:24.1738207Z Project FPS: 145 (6.89 mspf)
GUT GDScript suite under Godot 4.3 headless (blocking)	Run GUT unit suite (canonical close-out invocation)	2026-09-07T12:37:25.1743171Z Project FPS: 145 (6.89 mspf)
GUT GDScript suite under Godot 4.3 headless (blocking)	Run GUT unit suite (canonical close-out invocation)	2026-09-07T12:37:26.1748789Z Project FPS: 145 (6.89 mspf)
GUT GDScript suite under Godot 4.3 headless (blocking)	Run GUT unit suite (canonical close-out invocation)	2026-09-07T12:37:27.1753865Z Project FPS: 145 (6.89 mspf)
GUT GDScript suite under Godot 4.3 headless (blocking)	Run GUT unit suite (canonical close-out invocation)	2026-09-07T12:37:28.1758997Z Project FPS: 145 (6.89 mspf)
GUT GDScript suite under Godot 4.3 headless (blocking)	Run GUT unit suite (canonical close-out invocation)	2026-09-07T12:37:29.1694698Z Project FPS: 144 (6.94 mspf)
GUT GDScript suite under Godot 4.3 headless (blocking)	Run GUT unit suite (canonical close-out invocation)	2026-09-07T12:37:30.1700272Z Project FPS: 145 (6.89 mspf)
GUT GDScript suite under Godot 4.3 headless (blocking)	Run GUT unit suite (canonical close-out invocation)	2026-09-07T12:37:31.1705195Z Project FPS: 145 (6.89 mspf)
GUT GDScript suite under Godot 4.3 headless (blocking)	Run GUT unit suite (canonical close-out invocation)	2026-09-07T12:37:32.1710609Z Project FPS: 145 (6.89 mspf)
GUT GDScript suite under Godot 4.3 headless (blocking)	Run GUT unit suite (canonical close-out invocation)	2026-09-07T12:37:33.1715756Z Project FPS: 145 (6.89 mspf)
GUT GDScript suite under Godot 4.3 headless (blocking)	Run GUT unit suite (canonical close-out invocation)	2026-09-07T12:37:34.1720996Z Project FPS: 145 (6.89 mspf)
GUT GDScript suite under Godot 4.3 headless (blocking)	Run GUT unit suite (canonical close-out invocation)	2026-09-07T12:37:35.1726469Z Project FPS: 145 (6.89 mspf)
GUT GDScript suite under Godot 4.3 headless (blocking)	Run GUT unit suite (canonical close-out invocation)	2026-09-07T12:37:36.1731614Z Project FPS: 145 (6.89 mspf)
GUT GDScript suite under Godot 4.3 headless (blocking)	Run GUT unit suite (canonical close-out invocation)	2026-09-07T12:37:37.1736665Z Project FPS: 145 (6.89 mspf)
GUT GDScript suite under Godot 4.3 headless (blocking)	Run GUT unit suite (canonical close-out invocation)	2026-09-07T12:37:38.1742241Z Project FPS: 145 (6.89 mspf)
GUT GDScript suite under Godot 4.3 headless (blocking)	Run GUT unit suite (canonical close-out invocation)	2026-09-07T12:37:39.1747342Z Project FPS: 145 (6.89 mspf)
GUT GDScript suite under Godot 4.3 headless (blocking)	Run GUT unit suite (canonical close-out invocation)	2026-09-07T12:37:40.1752526Z Project FPS: 145 (6.89 mspf)
GUT GDScript suite under Godot 4.3 headless (blocking)	Run GUT unit suite (canonical close-out invocation)	2026-09-07T12:37:41.1757217Z Project FPS: 145 (6.89 mspf)
GUT GDScript suite under Godot 4.3 headless (blocking)	Run GUT unit suite (canonical close-out invocation)	2026-09-07T12:37:42.1762415Z Project FPS: 145 (6.89 mspf)
GUT GDScript suite under Godot 4.3 headless (blocking)	Run GUT unit suite (canonical close-out invocation)	2026-09-07T12:37:43.1698676Z Project FPS: 144 (6.94 mspf)
GUT GDScript suite under Godot 4.3 headless (blocking)	Run GUT unit suite (canonical close-out invocation)	2026-09-07T12:37:44.1703933Z Project FPS: 145 (6.89 mspf)
GUT GDScript suite under Godot 4.3 headless (blocking)	Run GUT unit suite (canonical close-out invocation)	2026-09-07T12:37:45.1709030Z Project FPS: 145 (6.89 mspf)
GUT GDScript suite under Godot 4.3 headless (blocking)	Run GUT unit suite (canonical close-out invocation)	2026-09-07T12:37:46.1714367Z Project FPS: 145 (6.89 mspf)
GUT GDScript suite under Godot 4.3 headless (blocking)	Run GUT unit suite (canonical close-out invocation)	2026-09-07T12:37:47.1719615Z Project FPS: 145 (6.89 mspf)
GUT GDScript suite under Godot 4.3 headless (blocking)	Run GUT unit suite (canonical close-out invocation)	2026-09-07T12:37:48.1724492Z Project FPS: 145 (6.89 mspf)
GUT GDScript suite under Godot 4.3 headless (blocking)	Run GUT unit suite (canonical close-out invocation)	2026-09-07T12:37:49.1730402Z Project FPS: 145 (6.89 mspf)
GUT GDScript suite under Godot 4.3 headless (blocking)	Run GUT unit suite (canonical close-out invocation)	2026-09-07T12:37:50.1737179Z Project FPS: 145 (6.89 mspf)
GUT GDScript suite under Godot 4.3 headless (blocking)	Run GUT unit suite (canonical close-out invocation)	2026-09-07T12:37:51.1740340Z Project FPS: 145 (6.89 mspf)
GUT GDScript suite under Godot 4.3 headless (blocking)	Run GUT unit suite (canonical close-out invocation)	2026-09-07T12:37:52.1744955Z Project FPS: 145 (6.89 mspf)
GUT GDScript suite under Godot 4.3 headless (blocking)	Run GUT unit suite (canonical close-out invocation)	2026-09-07T12:37:53.1750282Z Project FPS: 145 (6.89 mspf)
GUT GDScript suite under Godot 4.3 headless (blocking)	Run GUT unit suite (canonical close-out invocation)	2026-09-07T12:37:54.1754950Z Project FPS: 145 (6.89 mspf)
GUT GDScript suite under Godot 4.3 headless (blocking)	Run GUT unit suite (canonical close-out invocation)	2026-09-07T12:37:55.1760944Z Project FPS: 145 (6.89 mspf)
GUT GDScript suite under Godot 4.3 headless (blocking)	Run GUT unit suite (canonical close-out invocation)	2026-09-07T12:37:56.1765894Z Project FPS: 145 (6.89 mspf)
GUT GDScript suite under Godot 4.3 headless (blocking)	Run GUT unit suite (canonical close-out invocation)	2026-09-07T12:37:57.1701732Z Project FPS: 144 (6.94 mspf)
GUT GDScript suite under Godot 4.3 headless (blocking)	Run GUT unit suite (canonical close-out invocation)	2026-09-07T12:37:58.1707079Z Project FPS: 145 (6.89 mspf)
GUT GDScript suite under Godot 4.3 headless (blocking)	Run GUT unit suite (canonical close-out invocation)	2026-09-07T12:37:59.1712574Z Project FPS: 145 (6.89 mspf)
GUT GDScript suite under Godot 4.3 headless (blocking)	Run GUT unit suite (canonical close-out invocation)	2026-09-07T12:38:00.1718450Z Project FPS: 145 (6.89 mspf)
GUT GDScript suite under Godot 4.3 headless (blocking)	Run GUT unit suite (canonical close-out invocation)	2026-09-07T12:38:01.1723256Z Project FPS: 145 (6.89 mspf)
GUT GDScript suite under Godot 4.3 headless (blocking)	Run GUT unit suite (canonical close-out invocation)	2026-09-07T12:38:02.1728655Z Project FPS: 145 (6.89 mspf)
GUT GDScript suite under Godot 4.3 headless (blocking)	Run GUT unit suite (canonical close-out invocation)	2026-09-07T12:38:03.1733454Z Project FPS: 145 (6.89 mspf)
GUT GDScript suite under Godot 4.3 headless (blocking)	Run GUT unit suite (canonical close-out invocation)	2026-09-07T12:38:04.1738489Z Project FPS: 145 (6.89 mspf)
GUT GDScript suite under Godot 4.3 headless (blocking)	Run GUT unit suite (canonical close-out invocation)	2026-09-07T12:38:05.1743772Z Project FPS: 145 (6.89 mspf)
GUT GDScript suite under Godot 4.3 headless (blocking)	Run GUT unit suite (canonical close-out invocation)	2026-09-07T12:38:06.1748881Z Project FPS: 145 (6.89 mspf)
GUT GDScript suite under Godot 4.3 headless (blocking)	Run GUT unit suite (canonical close-out invocation)	2026-09-07T12:38:07.1753940Z Project FPS: 145 (6.89 mspf)
GUT GDScript suite under Godot 4.3 headless (blocking)	Run GUT unit suite (canonical close-out invocation)	2026-09-07T12:38:08.1759162Z Project FPS: 145 (6.89 mspf)
GUT GDScript suite under Godot 4.3 headless (blocking)	Run GUT unit suite (canonical close-out invocation)	2026-09-07T12:38:09.1764435Z Project FPS: 145 (6.89 mspf)
GUT GDScript suite under Godot 4.3 headless (blocking)	Run GUT unit suite (canonical close-out invocation)	2026-09-07T12:38:10.1700813Z Project FPS: 144 (6.94 mspf)
GUT GDScript suite under Godot 4.3 headless (blocking)	Run GUT unit suite (canonical close-out invocation)	2026-09-07T12:38:11.1705820Z Project FPS: 145 (6.89 mspf)
GUT GDScript suite under Godot 4.3 headless (blocking)	Run GUT unit suite (canonical close-out invocation)	2026-09-07T12:38:12.1711271Z Project FPS: 145 (6.89 mspf)
GUT GDScript suite under Godot 4.3 headless (blocking)	Run GUT unit suite (canonical close-out invocation)	2026-09-07T12:38:13.1716425Z Project FPS: 145 (6.89 mspf)
GUT GDScript suite under Godot 4.3 headless (blocking)	Run GUT unit suite (canonical close-out invocation)	2026-09-07T12:38:14.1721404Z Project FPS: 145 (6.89 mspf)
GUT GDScript suite under Godot 4.3 headless (blocking)	Run GUT unit suite (canonical close-out invocation)	2026-09-07T12:38:15.1726639Z Project FPS: 145 (6.89 mspf)
GUT GDScript suite under Godot 4.3 headless (blocking)	Run GUT unit suite (canonical close-out invocation)	2026-09-07T12:38:16.1732556Z Project FPS: 145 (6.89 mspf)
GUT GDScript suite under Godot 4.3 headless (blocking)	Run GUT unit suite (canonical close-out invocation)	2026-09-07T12:38:17.1737251Z Project FPS: 145 (6.89 mspf)
GUT GDScript suite under Godot 4.3 headless (blocking)	Run GUT unit suite (canonical close-out invocation)	2026-09-07T12:38:18.1742940Z Project FPS: 145 (6.89 mspf)
GUT GDScript suite under Godot 4.3 headless (blocking)	Run GUT unit suite (canonical close-out invocation)	2026-09-07T12:38:19.1747443Z Project FPS: 145 (6.89 mspf)
GUT GDScript suite under Godot 4.3 headless (blocking)	Run GUT unit suite (canonical close-out invocation)	2026-09-07T12:38:20.1753262Z Project FPS: 145 (6.89 mspf)
GUT GDScript suite under Godot 4.3 headless (blocking)	Run GUT unit suite (canonical close-out invocation)	2026-09-07T12:38:21.1758259Z Project FPS: 145 (6.89 mspf)
GUT GDScript suite under Godot 4.3 headless (blocking)	Run GUT unit suite (canonical close-out invocation)	2026-09-07T12:38:22.1763089Z Project FPS: 145 (6.89 mspf)
GUT GDScript suite under Godot 4.3 headless (blocking)	Run GUT unit suite (canonical close-out invocation)	2026-09-07T12:38:23.1767983Z Project FPS: 145 (6.89 mspf)
GUT GDScript suite under Godot 4.3 headless (blocking)	Run GUT unit suite (canonical close-out invocation)	2026-09-07T12:38:24.1705290Z Project FPS: 144 (6.94 mspf)
GUT GDScript suite under Godot 4.3 headless (blocking)	Run GUT unit suite (canonical close-out invocation)	2026-09-07T12:38:25.1709826Z Project FPS: 145 (6.89 mspf)
GUT GDScript suite under Godot 4.3 headless (blocking)	Run GUT unit suite (canonical close-out invocation)	2026-09-07T12:38:26.1715054Z Project FPS: 145 (6.89 mspf)
GUT GDScript suite under Godot 4.3 headless (blocking)	Run GUT unit suite (canonical close-out invocation)	2026-09-07T12:38:27.1720472Z Project FPS: 145 (6.89 mspf)
GUT GDScript suite under Godot 4.3 headless (blocking)	Run GUT unit suite (canonical close-out invocation)	2026-09-07T12:38:28.1725339Z Project FPS: 145 (6.89 mspf)
GUT GDScript suite under Godot 4.3 headless (blocking)	Run GUT unit suite (canonical close-out invocation)	2026-09-07T12:38:29.1731063Z Project FPS: 145 (6.89 mspf)
GUT GDScript suite under Godot 4.3 headless (blocking)	Run GUT unit suite (canonical close-out invocation)	2026-09-07T12:38:30.1736313Z Project FPS: 145 (6.89 mspf)
GUT GDScript suite under Godot 4.3 headless (blocking)	Run GUT unit suite (canonical close-out invocation)	2026-09-07T12:38:31.1741574Z Project FPS: 145 (6.89 mspf)
GUT GDScript suite under Godot 4.3 headless (blocking)	Run GUT unit suite (canonical close-out invocation)	2026-09-07T12:38:32.1746969Z Project FPS: 145 (6.89 mspf)
GUT GDScript suite under Godot 4.3 headless (blocking)	Run GUT unit suite (canonical close-out invocation)	2026-09-07T12:38:33.1751929Z Project FPS: 145 (6.89 mspf)
GUT GDScript suite under Godot 4.3 headless (blocking)	Run GUT unit suite (canonical close-out invocation)	2026-09-07T12:38:34.1757174Z Project FPS: 145 (6.89 mspf)
GUT GDScript suite under Godot 4.3 headless (blocking)	Run GUT unit suite (canonical close-out invocation)	2026-09-07T12:38:35.1762200Z Project FPS: 145 (6.89 mspf)
GUT GDScript suite under Godot 4.3 headless (blocking)	Run GUT unit suite (canonical close-out invocation)	2026-09-07T12:38:36.1767768Z Project FPS: 145 (6.89 mspf)
GUT GDScript suite under Godot 4.3 headless (blocking)	Run GUT unit suite (canonical close-out invocation)	2026-09-07T12:38:37.1772951Z Project FPS: 145 (6.89 mspf)
GUT GDScript suite under Godot 4.3 headless (blocking)	Run GUT unit suite (canonical close-out invocation)	2026-09-07T12:38:38.1709054Z Project FPS: 144 (6.94 mspf)
GUT GDScript suite under Godot 4.3 headless (blocking)	Run GUT unit suite (canonical close-out invocation)	2026-09-07T12:38:39.1714318Z Project FPS: 145 (6.89 mspf)
GUT GDScript suite under Godot 4.3 headless (blocking)	Run GUT unit suite (canonical close-out invocation)	2026-09-07T12:38:40.1719616Z Project FPS: 145 (6.89 mspf)
GUT GDScript suite under Godot 4.3 headless (blocking)	Run GUT unit suite (canonical close-out invocation)	2026-09-07T12:38:41.1724791Z Project FPS: 145 (6.89 mspf)
GUT GDScript suite under Godot 4.3 headless (blocking)	Run GUT unit suite (canonical close-out invocation)	2026-09-07T12:38:42.1729929Z Project FPS: 145 (6.89 mspf)
GUT GDScript suite under Godot 4.3 headless (blocking)	Run GUT unit suite (canonical close-out invocation)	2026-09-07T12:38:43.1735082Z Project FPS: 145 (6.89 mspf)
GUT GDScript suite under Godot 4.3 headless (blocking)	Run GUT unit suite (canonical close-out invocation)	2026-09-07T12:38:44.1740308Z Project FPS: 145 (6.89 mspf)
GUT GDScript suite under Godot 4.3 headless (blocking)	Run GUT unit suite (canonical close-out invocation)	2026-09-07T12:38:45.1745828Z Project FPS: 145 (6.89 mspf)
GUT GDScript suite under Godot 4.3 headless (blocking)	Run GUT unit suite (canonical close-out invocation)	2026-09-07T12:38:46.1750841Z Project FPS: 145 (6.89 mspf)
GUT GDScript suite under Godot 4.3 headless (blocking)	Run GUT unit suite (canonical close-out invocation)	2026-09-07T12:38:47.1755908Z Project FPS: 145 (6.89 mspf)
GUT GDScript suite under Godot 4.3 headless (blocking)	Run GUT unit suite (canonical close-out invocation)	2026-09-07T12:38:48.1761119Z Project FPS: 145 (6.89 mspf)
GUT GDScript suite under Godot 4.3 headless (blocking)	Run GUT unit suite (canonical close-out invocation)	2026-09-07T12:38:49.1766400Z Project FPS: 145 (6.89 mspf)
GUT GDScript suite under Godot 4.3 headless (blocking)	Run GUT unit suite (canonical close-out invocation)	2026-09-07T12:38:50.1771645Z Project FPS: 145 (6.89 mspf)
GUT GDScript suite under Godot 4.3 headless (blocking)	Run GUT unit suite (canonical close-out invocation)	2026-09-07T12:38:51.1776412Z Project FPS: 145 (6.89 mspf)
GUT GDScript suite under Godot 4.3 headless (blocking)	Run GUT unit suite (canonical close-out invocation)	2026-09-07T12:38:52.1713195Z Project FPS: 144 (6.94 mspf)
GUT GDScript suite under Godot 4.3 headless (blocking)	Run GUT unit suite (canonical close-out invocation)	2026-09-07T12:38:53.1718359Z Project FPS: 145 (6.89 mspf)
GUT GDScript suite under Godot 4.3 headless (blocking)	Run GUT unit suite (canonical close-out invocation)	2026-09-07T12:38:54.1723220Z Project FPS: 145 (6.89 mspf)
GUT GDScript suite under Godot 4.3 headless (blocking)	Run GUT unit suite (canonical close-out invocation)	2026-09-07T12:38:55.1728535Z Project FPS: 145 (6.89 mspf)
GUT GDScript suite under Godot 4.3 headless (blocking)	Run GUT unit suite (canonical close-out invocation)	2026-09-07T12:38:56.1733888Z Project FPS: 145 (6.89 mspf)
GUT GDScript suite under Godot 4.3 headless (blocking)	Run GUT unit suite (canonical close-out invocation)	2026-09-07T12:38:57.1739005Z Project FPS: 145 (6.89 mspf)
GUT GDScript suite under Godot 4.3 headless (blocking)	Run GUT unit suite (canonical close-out invocation)	2026-09-07T12:38:58.1743527Z Project FPS: 145 (6.89 mspf)
GUT GDScript suite under Godot 4.3 headless (blocking)	Run GUT unit suite (canonical close-out invocation)	2026-09-07T12:38:59.1748948Z Project FPS: 145 (6.89 mspf)
GUT GDScript suite under Godot 4.3 headless (blocking)	Run GUT unit suite (canonical close-out invocation)	2026-09-07T12:39:00.1753082Z Project FPS: 145 (6.89 mspf)
GUT GDScript suite under Godot 4.3 headless (blocking)	Run GUT unit suite (canonical close-out invocation)	2026-09-07T12:39:01.1760109Z Project FPS: 145 (6.89 mspf)
GUT GDScript suite under Godot 4.3 headless (blocking)	Run GUT unit suite (canonical close-out invocation)	2026-09-07T12:39:02.1764687Z Project FPS: 145 (6.89 mspf)
GUT GDScript suite under Godot 4.3 headless (blocking)	Run GUT unit suite (canonical close-out invocation)	2026-09-07T12:39:03.1769467Z Project FPS: 145 (6.89 mspf)
GUT GDScript suite under Godot 4.3 headless (blocking)	Run GUT unit suite (canonical close-out invocation)	2026-09-07T12:39:04.1774809Z Project FPS: 145 (6.89 mspf)
GUT GDScript suite under Godot 4.3 headless (blocking)	Run GUT unit suite (canonical close-out invocation)	2026-09-07T12:39:05.1780152Z Project FPS: 145 (6.89 mspf)
GUT GDScript suite under Godot 4.3 headless (blocking)	Run GUT unit suite (canonical close-out invocation)	2026-09-07T12:39:06.1716322Z Project FPS: 144 (6.94 mspf)
GUT GDScript suite under Godot 4.3 headless (blocking)	Run GUT unit suite (canonical close-out invocation)	2026-09-07T12:39:07.1721860Z Project FPS: 145 (6.89 mspf)
GUT GDScript suite under Godot 4.3 headless (blocking)	Run GUT unit suite (canonical close-out invocation)	2026-09-07T12:39:08.1727097Z Project FPS: 145 (6.89 mspf)
GUT GDScript suite under Godot 4.3 headless (blocking)	Run GUT unit suite (canonical close-out invocation)	2026-09-07T12:39:09.1732275Z Project FPS: 145 (6.89 mspf)
GUT GDScript suite under Godot 4.3 headless (blocking)	Run GUT unit suite (canonical close-out invocation)	2026-09-07T12:39:10.1737414Z Project FPS: 145 (6.89 mspf)
GUT GDScript suite under Godot 4.3 headless (blocking)	Run GUT unit suite (canonical close-out invocation)	2026-09-07T12:39:11.1741879Z Project FPS: 145 (6.89 mspf)
GUT GDScript suite under Godot 4.3 headless (blocking)	Run GUT unit suite (canonical close-out invocation)	2026-09-07T12:39:12.1747991Z Project FPS: 145 (6.89 mspf)
GUT GDScript suite under Godot 4.3 headless (blocking)	Run GUT unit suite (canonical close-out invocation)	2026-09-07T12:39:13.1753340Z Project FPS: 145 (6.89 mspf)
GUT GDScript suite under Godot 4.3 headless (blocking)	Run GUT unit suite (canonical close-out invocation)	2026-09-07T12:39:14.1758122Z Project FPS: 145 (6.89 mspf)
GUT GDScript suite under Godot 4.3 headless (blocking)	Run GUT unit suite (canonical close-out invocation)	2026-09-07T12:39:15.1763337Z Project FPS: 145 (6.89 mspf)
GUT GDScript suite under Godot 4.3 headless (blocking)	Run GUT unit suite (canonical close-out invocation)	2026-09-07T12:39:16.1768715Z Project FPS: 145 (6.89 mspf)
GUT GDScript suite under Godot 4.3 headless (blocking)	Run GUT unit suite (canonical close-out invocation)	2026-09-07T12:39:17.1773966Z Project FPS: 145 (6.89 mspf)
GUT GDScript suite under Godot 4.3 headless (blocking)	Run GUT unit suite (canonical close-out invocation)	2026-09-07T12:39:18.1779115Z Project FPS: 145 (6.89 mspf)
GUT GDScript suite under Godot 4.3 headless (blocking)	Run GUT unit suite (canonical close-out invocation)	2026-09-07T12:39:19.1714673Z Project FPS: 144 (6.94 mspf)
GUT GDScript suite under Godot 4.3 headless (blocking)	Run GUT unit suite (canonical close-out invocation)	2026-09-07T12:39:20.1720210Z Project FPS: 145 (6.89 mspf)
GUT GDScript suite under Godot 4.3 headless (blocking)	Run GUT unit suite (canonical close-out invocation)	2026-09-07T12:39:21.1725419Z Project FPS: 145 (6.89 mspf)
GUT GDScript suite under Godot 4.3 headless (blocking)	Run GUT unit suite (canonical close-out invocation)	2026-09-07T12:39:22.1730951Z Project FPS: 145 (6.89 mspf)
GUT GDScript suite under Godot 4.3 headless (blocking)	Run GUT unit suite (canonical close-out invocation)	2026-09-07T12:39:23.1736354Z Project FPS: 145 (6.89 mspf)
GUT GDScript suite under Godot 4.3 headless (blocking)	Run GUT unit suite (canonical close-out invocation)	2026-09-07T12:39:24.1741393Z Project FPS: 145 (6.89 mspf)
GUT GDScript suite under Godot 4.3 headless (blocking)	Run GUT unit suite (canonical close-out invocation)	2026-09-07T12:39:25.1746594Z Project FPS: 145 (6.89 mspf)
GUT GDScript suite under Godot 4.3 headless (blocking)	Run GUT unit suite (canonical close-out invocation)	2026-09-07T12:39:26.1751792Z Project FPS: 145 (6.89 mspf)
GUT GDScript suite under Godot 4.3 headless (blocking)	Run GUT unit suite (canonical close-out invocation)	2026-09-07T12:39:27.1756943Z Project FPS: 145 (6.89 mspf)
GUT GDScript suite under Godot 4.3 headless (blocking)	Run GUT unit suite (canonical close-out invocation)	2026-09-07T12:39:28.1762189Z Project FPS: 145 (6.89 mspf)
GUT GDScript suite under Godot 4.3 headless (blocking)	Run GUT unit suite (canonical close-out invocation)	2026-09-07T12:39:29.1767065Z Project FPS: 145 (6.89 mspf)
GUT GDScript suite under Godot 4.3 headless (blocking)	Run GUT unit suite (canonical close-out invocation)	2026-09-07T12:39:30.1771896Z Project FPS: 145 (6.89 mspf)
GUT GDScript suite under Godot 4.3 headless (blocking)	Run GUT unit suite (canonical close-out invocation)	2026-09-07T12:39:31.1776744Z Project FPS: 145 (6.89 mspf)
GUT GDScript suite under Godot 4.3 headless (blocking)	Run GUT unit suite (canonical close-out invocation)	2026-09-07T12:39:32.1782762Z Project FPS: 145 (6.89 mspf)
GUT GDScript suite under Godot 4.3 headless (blocking)	Run GUT unit suite (canonical close-out invocation)	2026-09-07T12:39:33.1718856Z Project FPS: 144 (6.94 mspf)
GUT GDScript suite under Godot 4.3 headless (blocking)	Run GUT unit suite (canonical close-out invocation)	2026-09-07T12:39:34.1723966Z Project FPS: 145 (6.89 mspf)
GUT GDScript suite under Godot 4.3 headless (blocking)	Run GUT unit suite (canonical close-out invocation)	2026-09-07T12:39:35.1729208Z Project FPS: 145 (6.89 mspf)
GUT GDScript suite under Godot 4.3 headless (blocking)	Run GUT unit suite (canonical close-out invocation)	2026-09-07T12:39:36.1734951Z Project FPS: 145 (6.89 mspf)
GUT GDScript suite under Godot 4.3 headless (blocking)	Run GUT unit suite (canonical close-out invocation)	2026-09-07T12:39:37.1739941Z Project FPS: 145 (6.89 mspf)
GUT GDScript suite under Godot 4.3 headless (blocking)	Run GUT unit suite (canonical close-out invocation)	2026-09-07T12:39:38.1745327Z Project FPS: 145 (6.89 mspf)
GUT GDScript suite under Godot 4.3 headless (blocking)	Run GUT unit suite (canonical close-out invocation)	2026-09-07T12:39:39.1750480Z Project FPS: 145 (6.89 mspf)
GUT GDScript suite under Godot 4.3 headless (blocking)	Run GUT unit suite (canonical close-out invocation)	2026-09-07T12:39:40.1755217Z Project FPS: 145 (6.89 mspf)
GUT GDScript suite under Godot 4.3 headless (blocking)	Run GUT unit suite (canonical close-out invocation)	2026-09-07T12:39:41.1760637Z Project FPS: 145 (6.89 mspf)
GUT GDScript suite under Godot 4.3 headless (blocking)	Run GUT unit suite (canonical close-out invocation)	2026-09-07T12:39:42.1765863Z Project FPS: 145 (6.89 mspf)
GUT GDScript suite under Godot 4.3 headless (blocking)	Run GUT unit suite (canonical close-out invocation)	2026-09-07T12:39:43.1771170Z Project FPS: 145 (6.89 mspf)
GUT GDScript suite under Godot 4.3 headless (blocking)	Run GUT unit suite (canonical close-out invocation)	2026-09-07T12:39:44.1775719Z Project FPS: 145 (6.89 mspf)
GUT GDScript suite under Godot 4.3 headless (blocking)	Run GUT unit suite (canonical close-out invocation)	2026-09-07T12:39:45.1781064Z Project FPS: 145 (6.89 mspf)
GUT GDScript suite under Godot 4.3 headless (blocking)	Run GUT unit suite (canonical close-out invocation)	2026-09-07T12:39:46.1786233Z Project FPS: 145 (6.89 mspf)
GUT GDScript suite under Godot 4.3 headless (blocking)	Run GUT unit suite (canonical close-out invocation)	2026-09-07T12:39:47.1722174Z Project FPS: 144 (6.94 mspf)
GUT GDScript suite under Godot 4.3 headless (blocking)	Run GUT unit suite (canonical close-out invocation)	2026-09-07T12:39:48.1728245Z Project FPS: 145 (6.89 mspf)
GUT GDScript suite under Godot 4.3 headless (blocking)	Run GUT unit suite (canonical close-out invocation)	2026-09-07T12:39:49.1733449Z Project FPS: 145 (6.89 mspf)
GUT GDScript suite under Godot 4.3 headless (blocking)	Run GUT unit suite (canonical close-out invocation)	2026-09-07T12:39:50.1738667Z Project FPS: 145 (6.89 mspf)
GUT GDScript suite under Godot 4.3 headless (blocking)	Run GUT unit suite (canonical close-out invocation)	2026-09-07T12:39:51.1743438Z Project FPS: 145 (6.89 mspf)
GUT GDScript suite under Godot 4.3 headless (blocking)	Run GUT unit suite (canonical close-out invocation)	2026-09-07T12:39:52.1749046Z Project FPS: 145 (6.89 mspf)
GUT GDScript suite under Godot 4.3 headless (blocking)	Run GUT unit suite (canonical close-out invocation)	2026-09-07T12:39:53.1754046Z Project FPS: 145 (6.89 mspf)
GUT GDScript suite under Godot 4.3 headless (blocking)	Run GUT unit suite (canonical close-out invocation)	2026-09-07T12:39:54.1759088Z Project FPS: 145 (6.89 mspf)
GUT GDScript suite under Godot 4.3 headless (blocking)	Run GUT unit suite (canonical close-out invocation)	2026-09-07T12:39:55.1764714Z Project FPS: 145 (6.89 mspf)
GUT GDScript suite under Godot 4.3 headless (blocking)	Run GUT unit suite (canonical close-out invocation)	2026-09-07T12:39:56.1769469Z Project FPS: 145 (6.89 mspf)
GUT GDScript suite under Godot 4.3 headless (blocking)	Run GUT unit suite (canonical close-out invocation)	2026-09-07T12:39:57.1775275Z Project FPS: 145 (6.89 mspf)
GUT GDScript suite under Godot 4.3 headless (blocking)	Run GUT unit suite (canonical close-out invocation)	2026-09-07T12:39:58.1780438Z Project FPS: 145 (6.89 mspf)
GUT GDScript suite under Godot 4.3 headless (blocking)	Run GUT unit suite (canonical close-out invocation)	2026-09-07T12:39:59.1785270Z Project FPS: 145 (6.89 mspf)
GUT GDScript suite under Godot 4.3 headless (blocking)	Run GUT unit suite (canonical close-out invocation)	2026-09-07T12:40:00.1790385Z Project FPS: 145 (6.89 mspf)
GUT GDScript suite under Godot 4.3 headless (blocking)	Run GUT unit suite (canonical close-out invocation)	2026-09-07T12:40:01.1727192Z Project FPS: 144 (6.94 mspf)
GUT GDScript suite under Godot 4.3 headless (blocking)	Run GUT unit suite (canonical close-out invocation)	2026-09-07T12:40:02.1732320Z Project FPS: 145 (6.89 mspf)
GUT GDScript suite under Godot 4.3 headless (blocking)	Run GUT unit suite (canonical close-out invocation)	2026-09-07T12:40:03.1737420Z Project FPS: 145 (6.89 mspf)
GUT GDScript suite under Godot 4.3 headless (blocking)	Run GUT unit suite (canonical close-out invocation)	2026-09-07T12:40:04.1742604Z Project FPS: 145 (6.89 mspf)
GUT GDScript suite under Godot 4.3 headless (blocking)	Run GUT unit suite (canonical close-out invocation)	2026-09-07T12:40:05.1748018Z Project FPS: 145 (6.89 mspf)
GUT GDScript suite under Godot 4.3 headless (blocking)	Run GUT unit suite (canonical close-out invocation)	2026-09-07T12:40:06.1753182Z Project FPS: 145 (6.89 mspf)
GUT GDScript suite under Godot 4.3 headless (blocking)	Run GUT unit suite (canonical close-out invocation)	2026-09-07T12:40:07.1758221Z Project FPS: 145 (6.89 mspf)
GUT GDScript suite under Godot 4.3 headless (blocking)	Run GUT unit suite (canonical close-out invocation)	2026-09-07T12:40:08.1763181Z Project FPS: 145 (6.89 mspf)
GUT GDScript suite under Godot 4.3 headless (blocking)	Run GUT unit suite (canonical close-out invocation)	2026-09-07T12:40:09.1768252Z Project FPS: 145 (6.89 mspf)
GUT GDScript suite under Godot 4.3 headless (blocking)	Run GUT unit suite (canonical close-out invocation)	2026-09-07T12:40:10.1773708Z Project FPS: 145 (6.89 mspf)
GUT GDScript suite under Godot 4.3 headless (blocking)	Run GUT unit suite (canonical close-out invocation)	2026-09-07T12:40:11.1779064Z Project FPS: 145 (6.89 mspf)
GUT GDScript suite under Godot 4.3 headless (blocking)	Run GUT unit suite (canonical close-out invocation)	2026-09-07T12:40:12.1784263Z Project FPS: 145 (6.89 mspf)
GUT GDScript suite under Godot 4.3 headless (blocking)	Run GUT unit suite (canonical close-out invocation)	2026-09-07T12:40:13.1789407Z Project FPS: 145 (6.89 mspf)
GUT GDScript suite under Godot 4.3 headless (blocking)	Run GUT unit suite (canonical close-out invocation)	2026-09-07T12:40:14.1794652Z Project FPS: 145 (6.89 mspf)
GUT GDScript suite under Godot 4.3 headless (blocking)	Run GUT unit suite (canonical close-out invocation)	2026-09-07T12:40:15.1730702Z Project FPS: 144 (6.94 mspf)
GUT GDScript suite under Godot 4.3 headless (blocking)	Run GUT unit suite (canonical close-out invocation)	2026-09-07T12:40:16.1734855Z Project FPS: 145 (6.89 mspf)
GUT GDScript suite under Godot 4.3 headless (blocking)	Run GUT unit suite (canonical close-out invocation)	2026-09-07T12:40:17.1741437Z Project FPS: 145 (6.89 mspf)
GUT GDScript suite under Godot 4.3 headless (blocking)	Run GUT unit suite (canonical close-out invocation)	2026-09-07T12:40:18.1746539Z Project FPS: 145 (6.89 mspf)
GUT GDScript suite under Godot 4.3 headless (blocking)	Run GUT unit suite (canonical close-out invocation)	2026-09-07T12:40:19.1751506Z Project FPS: 145 (6.89 mspf)
GUT GDScript suite under Godot 4.3 headless (blocking)	Run GUT unit suite (canonical close-out invocation)	2026-09-07T12:40:20.1757197Z Project FPS: 145 (6.89 mspf)
GUT GDScript suite under Godot 4.3 headless (blocking)	Run GUT unit suite (canonical close-out invocation)	2026-09-07T12:40:21.1762064Z Project FPS: 145 (6.89 mspf)
GUT GDScript suite under Godot 4.3 headless (blocking)	Run GUT unit suite (canonical close-out invocation)	2026-09-07T12:40:22.1766592Z Project FPS: 145 (6.89 mspf)
GUT GDScript suite under Godot 4.3 headless (blocking)	Run GUT unit suite (canonical close-out invocation)	2026-09-07T12:40:23.1772119Z Project FPS: 145 (6.89 mspf)
GUT GDScript suite under Godot 4.3 headless (blocking)	Run GUT unit suite (canonical close-out invocation)	2026-09-07T12:40:24.1777327Z Project FPS: 145 (6.89 mspf)
GUT GDScript suite under Godot 4.3 headless (blocking)	Run GUT unit suite (canonical close-out invocation)	2026-09-07T12:40:25.1782468Z Project FPS: 145 (6.89 mspf)
GUT GDScript suite under Godot 4.3 headless (blocking)	Run GUT unit suite (canonical close-out invocation)	2026-09-07T12:40:26.1788245Z Project FPS: 145 (6.89 mspf)
GUT GDScript suite under Godot 4.3 headless (blocking)	Run GUT unit suite (canonical close-out invocation)	2026-09-07T12:40:27.1793314Z Project FPS: 145 (6.89 mspf)
GUT GDScript suite under Godot 4.3 headless (blocking)	Run GUT unit suite (canonical close-out invocation)	2026-09-07T12:40:28.1729041Z Project FPS: 144 (6.94 mspf)
GUT GDScript suite under Godot 4.3 headless (blocking)	Run GUT unit suite (canonical close-out invocation)	2026-09-07T12:40:29.1734379Z Project FPS: 145 (6.89 mspf)
GUT GDScript suite under Godot 4.3 headless (blocking)	Run GUT unit suite (canonical close-out invocation)	2026-09-07T12:40:30.1739969Z Project FPS: 145 (6.89 mspf)
GUT GDScript suite under Godot 4.3 headless (blocking)	Run GUT unit suite (canonical close-out invocation)	2026-09-07T12:40:31.1745242Z Project FPS: 145 (6.89 mspf)
GUT GDScript suite under Godot 4.3 headless (blocking)	Run GUT unit suite (canonical close-out invocation)	2026-09-07T12:40:32.1750132Z Project FPS: 145 (6.89 mspf)
GUT GDScript suite under Godot 4.3 headless (blocking)	Run GUT unit suite (canonical close-out invocation)	2026-09-07T12:40:33.1755369Z Project FPS: 145 (6.89 mspf)
GUT GDScript suite under Godot 4.3 headless (blocking)	Run GUT unit suite (canonical close-out invocation)	2026-09-07T12:40:34.1760891Z Project FPS: 145 (6.89 mspf)
GUT GDScript suite under Godot 4.3 headless (blocking)	Run GUT unit suite (canonical close-out invocation)	2026-09-07T12:40:35.1765836Z Project FPS: 145 (6.89 mspf)
GUT GDScript suite under Godot 4.3 headless (blocking)	Run GUT unit suite (canonical close-out invocation)	2026-09-07T12:40:36.1771376Z Project FPS: 145 (6.89 mspf)
GUT GDScript suite under Godot 4.3 headless (blocking)	Run GUT unit suite (canonical close-out invocation)	2026-09-07T12:40:37.1776204Z Project FPS: 145 (6.89 mspf)
GUT GDScript suite under Godot 4.3 headless (blocking)	Run GUT unit suite (canonical close-out invocation)	2026-09-07T12:40:38.1781613Z Project FPS: 145 (6.89 mspf)
GUT GDScript suite under Godot 4.3 headless (blocking)	Run GUT unit suite (canonical close-out invocation)	2026-09-07T12:40:39.1786593Z Project FPS: 145 (6.89 mspf)
GUT GDScript suite under Godot 4.3 headless (blocking)	Run GUT unit suite (canonical close-out invocation)	2026-09-07T12:40:40.1792184Z Project FPS: 145 (6.89 mspf)
GUT GDScript suite under Godot 4.3 headless (blocking)	Run GUT unit suite (canonical close-out invocation)	2026-09-07T12:40:41.1797316Z Project FPS: 145 (6.89 mspf)
GUT GDScript suite under Godot 4.3 headless (blocking)	Run GUT unit suite (canonical close-out invocation)	2026-09-07T12:40:42.1733502Z Project FPS: 144 (6.94 mspf)
GUT GDScript suite under Godot 4.3 headless (blocking)	Run GUT unit suite (canonical close-out invocation)	2026-09-07T12:40:43.1738579Z Project FPS: 145 (6.89 mspf)
GUT GDScript suite under Godot 4.3 headless (blocking)	Run GUT unit suite (canonical close-out invocation)	2026-09-07T12:40:44.1743810Z Project FPS: 145 (6.89 mspf)
GUT GDScript suite under Godot 4.3 headless (blocking)	Run GUT unit suite (canonical close-out invocation)	2026-09-07T12:40:45.1748765Z Project FPS: 145 (6.89 mspf)
GUT GDScript suite under Godot 4.3 headless (blocking)	Run GUT unit suite (canonical close-out invocation)	2026-09-07T12:40:46.1754123Z Project FPS: 145 (6.89 mspf)
GUT GDScript suite under Godot 4.3 headless (blocking)	Run GUT unit suite (canonical close-out invocation)	2026-09-07T12:40:47.1759343Z Project FPS: 145 (6.89 mspf)
GUT GDScript suite under Godot 4.3 headless (blocking)	Run GUT unit suite (canonical close-out invocation)	2026-09-07T12:40:48.1764930Z Project FPS: 145 (6.89 mspf)
GUT GDScript suite under Godot 4.3 headless (blocking)	Run GUT unit suite (canonical close-out invocation)	2026-09-07T12:40:49.1769211Z Project FPS: 145 (6.89 mspf)
GUT GDScript suite under Godot 4.3 headless (blocking)	Run GUT unit suite (canonical close-out invocation)	2026-09-07T12:40:50.1774851Z Project FPS: 145 (6.89 mspf)
GUT GDScript suite under Godot 4.3 headless (blocking)	Run GUT unit suite (canonical close-out invocation)	2026-09-07T12:40:51.1779879Z Project FPS: 145 (6.89 mspf)
GUT GDScript suite under Godot 4.3 headless (blocking)	Run GUT unit suite (canonical close-out invocation)	2026-09-07T12:40:52.1785708Z Project FPS: 145 (6.89 mspf)
GUT GDScript suite under Godot 4.3 headless (blocking)	Run GUT unit suite (canonical close-out invocation)	2026-09-07T12:40:53.1790765Z Project FPS: 145 (6.89 mspf)
GUT GDScript suite under Godot 4.3 headless (blocking)	Run GUT unit suite (canonical close-out invocation)	2026-09-07T12:40:54.1795804Z Project FPS: 145 (6.89 mspf)
GUT GDScript suite under Godot 4.3 headless (blocking)	Run GUT unit suite (canonical close-out invocation)	2026-09-07T12:40:55.1801089Z Project FPS: 145 (6.89 mspf)
GUT GDScript suite under Godot 4.3 headless (blocking)	Run GUT unit suite (canonical close-out invocation)	2026-09-07T12:40:56.1737287Z Project FPS: 144 (6.94 mspf)
GUT GDScript suite under Godot 4.3 headless (blocking)	Run GUT unit suite (canonical close-out invocation)	2026-09-07T12:40:57.1742476Z Project FPS: 145 (6.89 mspf)
GUT GDScript suite under Godot 4.3 headless (blocking)	Run GUT unit suite (canonical close-out invocation)	2026-09-07T12:40:58.1747731Z Project FPS: 145 (6.89 mspf)
GUT GDScript suite under Godot 4.3 headless (blocking)	Run GUT unit suite (canonical close-out invocation)	2026-09-07T12:40:59.1752868Z Project FPS: 145 (6.89 mspf)
GUT GDScript suite under Godot 4.3 headless (blocking)	Run GUT unit suite (canonical close-out invocation)	2026-09-07T12:41:00.1758112Z Project FPS: 145 (6.89 mspf)
GUT GDScript suite under Godot 4.3 headless (blocking)	Run GUT unit suite (canonical close-out invocation)	2026-09-07T12:41:01.1763256Z Project FPS: 145 (6.89 mspf)
GUT GDScript suite under Godot 4.3 headless (blocking)	Run GUT unit suite (canonical close-out invocation)	2026-09-07T12:41:02.1768534Z Project FPS: 145 (6.89 mspf)
GUT GDScript suite under Godot 4.3 headless (blocking)	Run GUT unit suite (canonical close-out invocation)	2026-09-07T12:41:03.1773802Z Project FPS: 145 (6.89 mspf)
GUT GDScript suite under Godot 4.3 headless (blocking)	Run GUT unit suite (canonical close-out invocation)	2026-09-07T12:41:04.1778435Z Project FPS: 145 (6.89 mspf)
GUT GDScript suite under Godot 4.3 headless (blocking)	Run GUT unit suite (canonical close-out invocation)	2026-09-07T12:41:05.1783777Z Project FPS: 145 (6.89 mspf)
GUT GDScript suite under Godot 4.3 headless (blocking)	Run GUT unit suite (canonical close-out invocation)	2026-09-07T12:41:06.1788983Z Project FPS: 145 (6.89 mspf)
GUT GDScript suite under Godot 4.3 headless (blocking)	Run GUT unit suite (canonical close-out invocation)	2026-09-07T12:41:07.1794628Z Project FPS: 145 (6.89 mspf)
GUT GDScript suite under Godot 4.3 headless (blocking)	Run GUT unit suite (canonical close-out invocation)	2026-09-07T12:41:08.1799334Z Project FPS: 145 (6.89 mspf)
GUT GDScript suite under Godot 4.3 headless (blocking)	Run GUT unit suite (canonical close-out invocation)	2026-09-07T12:41:09.1804576Z Project FPS: 145 (6.89 mspf)
GUT GDScript suite under Godot 4.3 headless (blocking)	Run GUT unit suite (canonical close-out invocation)	2026-09-07T12:41:10.1740944Z Project FPS: 144 (6.94 mspf)
GUT GDScript suite under Godot 4.3 headless (blocking)	Run GUT unit suite (canonical close-out invocation)	2026-09-07T12:41:11.1745946Z Project FPS: 145 (6.89 mspf)
GUT GDScript suite under Godot 4.3 headless (blocking)	Run GUT unit suite (canonical close-out invocation)	2026-09-07T12:41:12.1751200Z Project FPS: 145 (6.89 mspf)
GUT GDScript suite under Godot 4.3 headless (blocking)	Run GUT unit suite (canonical close-out invocation)	2026-09-07T12:41:13.1756281Z Project FPS: 145 (6.89 mspf)
GUT GDScript suite under Godot 4.3 headless (blocking)	Run GUT unit suite (canonical close-out invocation)	2026-09-07T12:41:14.1761991Z Project FPS: 145 (6.89 mspf)
GUT GDScript suite under Godot 4.3 headless (blocking)	Run GUT unit suite (canonical close-out invocation)	2026-09-07T12:41:15.1767347Z Project FPS: 145 (6.89 mspf)
GUT GDScript suite under Godot 4.3 headless (blocking)	Run GUT unit suite (canonical close-out invocation)	2026-09-07T12:41:16.1771893Z Project FPS: 145 (6.89 mspf)
GUT GDScript suite under Godot 4.3 headless (blocking)	Run GUT unit suite (canonical close-out invocation)	2026-09-07T12:41:17.1777178Z Project FPS: 145 (6.89 mspf)
GUT GDScript suite under Godot 4.3 headless (blocking)	Run GUT unit suite (canonical close-out invocation)	2026-09-07T12:41:18.1782443Z Project FPS: 145 (6.89 mspf)
GUT GDScript suite under Godot 4.3 headless (blocking)	Run GUT unit suite (canonical close-out invocation)	2026-09-07T12:41:19.1787977Z Project FPS: 145 (6.89 mspf)
GUT GDScript suite under Godot 4.3 headless (blocking)	Run GUT unit suite (canonical close-out invocation)	2026-09-07T12:41:20.1793000Z Project FPS: 145 (6.89 mspf)
GUT GDScript suite under Godot 4.3 headless (blocking)	Run GUT unit suite (canonical close-out invocation)	2026-09-07T12:41:21.1798596Z Project FPS: 145 (6.89 mspf)
GUT GDScript suite under Godot 4.3 headless (blocking)	Run GUT unit suite (canonical close-out invocation)	2026-09-07T12:41:22.1803615Z Project FPS: 145 (6.89 mspf)
GUT GDScript suite under Godot 4.3 headless (blocking)	Run GUT unit suite (canonical close-out invocation)	2026-09-07T12:41:23.1808827Z Project FPS: 145 (6.89 mspf)
GUT GDScript suite under Godot 4.3 headless (blocking)	Run GUT unit suite (canonical close-out invocation)	2026-09-07T12:41:24.1744704Z Project FPS: 144 (6.94 mspf)
GUT GDScript suite under Godot 4.3 headless (blocking)	Run GUT unit suite (canonical close-out invocation)	2026-09-07T12:41:25.1749860Z Project FPS: 145 (6.89 mspf)
GUT GDScript suite under Godot 4.3 headless (blocking)	Run GUT unit suite (canonical close-out invocation)	2026-09-07T12:41:26.1755052Z Project FPS: 145 (6.89 mspf)
GUT GDScript suite under Godot 4.3 headless (blocking)	Run GUT unit suite (canonical close-out invocation)	2026-09-07T12:41:27.1760315Z Project FPS: 145 (6.89 mspf)
GUT GDScript suite under Godot 4.3 headless (blocking)	Run GUT unit suite (canonical close-out invocation)	2026-09-07T12:41:28.1765509Z Project FPS: 145 (6.89 mspf)
GUT GDScript suite under Godot 4.3 headless (blocking)	Run GUT unit suite (canonical close-out invocation)	2026-09-07T12:41:29.1771011Z Project FPS: 145 (6.89 mspf)
GUT GDScript suite under Godot 4.3 headless (blocking)	Run GUT unit suite (canonical close-out invocation)	2026-09-07T12:41:30.1775863Z Project FPS: 145 (6.89 mspf)
GUT GDScript suite under Godot 4.3 headless (blocking)	Run GUT unit suite (canonical close-out invocation)	2026-09-07T12:41:31.1781398Z Project FPS: 145 (6.89 mspf)
GUT GDScript suite under Godot 4.3 headless (blocking)	Run GUT unit suite (canonical close-out invocation)	2026-09-07T12:41:32.1786339Z Project FPS: 145 (6.89 mspf)
GUT GDScript suite under Godot 4.3 headless (blocking)	Run GUT unit suite (canonical close-out invocation)	2026-09-07T12:41:33.1791784Z Project FPS: 145 (6.89 mspf)
GUT GDScript suite under Godot 4.3 headless (blocking)	Run GUT unit suite (canonical close-out invocation)	2026-09-07T12:41:34.1797087Z Project FPS: 145 (6.89 mspf)
GUT GDScript suite under Godot 4.3 headless (blocking)	Run GUT unit suite (canonical close-out invocation)	2026-09-07T12:41:35.1801684Z Project FPS: 145 (6.89 mspf)
GUT GDScript suite under Godot 4.3 headless (blocking)	Run GUT unit suite (canonical close-out invocation)	2026-09-07T12:41:36.1807586Z Project FPS: 145 (6.89 mspf)
GUT GDScript suite under Godot 4.3 headless (blocking)	Run GUT unit suite (canonical close-out invocation)	2026-09-07T12:41:37.1743677Z Project FPS: 144 (6.94 mspf)
GUT GDScript suite under Godot 4.3 headless (blocking)	Run GUT unit suite (canonical close-out invocation)	2026-09-07T12:41:38.1748695Z Project FPS: 145 (6.89 mspf)
GUT GDScript suite under Godot 4.3 headless (blocking)	Run GUT unit suite (canonical close-out invocation)	2026-09-07T12:41:39.1753148Z Project FPS: 145 (6.89 mspf)
GUT GDScript suite under Godot 4.3 headless (blocking)	Run GUT unit suite (canonical close-out invocation)	2026-09-07T12:41:40.1759228Z Project FPS: 145 (6.89 mspf)
GUT GDScript suite under Godot 4.3 headless (blocking)	Run GUT unit suite (canonical close-out invocation)	2026-09-07T12:41:41.1764116Z Project FPS: 145 (6.89 mspf)
GUT GDScript suite under Godot 4.3 headless (blocking)	Run GUT unit suite (canonical close-out invocation)	2026-09-07T12:41:42.1769269Z Project FPS: 145 (6.89 mspf)
GUT GDScript suite under Godot 4.3 headless (blocking)	Run GUT unit suite (canonical close-out invocation)	2026-09-07T12:41:43.1774431Z Project FPS: 145 (6.89 mspf)
GUT GDScript suite under Godot 4.3 headless (blocking)	Run GUT unit suite (canonical close-out invocation)	2026-09-07T12:41:44.1779756Z Project FPS: 145 (6.89 mspf)
GUT GDScript suite under Godot 4.3 headless (blocking)	Run GUT unit suite (canonical close-out invocation)	2026-09-07T12:41:45.1785281Z Project FPS: 145 (6.89 mspf)
GUT GDScript suite under Godot 4.3 headless (blocking)	Run GUT unit suite (canonical close-out invocation)	2026-09-07T12:41:46.1790540Z Project FPS: 145 (6.89 mspf)
GUT GDScript suite under Godot 4.3 headless (blocking)	Run GUT unit suite (canonical close-out invocation)	2026-09-07T12:41:47.1795483Z Project FPS: 145 (6.89 mspf)
GUT GDScript suite under Godot 4.3 headless (blocking)	Run GUT unit suite (canonical close-out invocation)	2026-09-07T12:41:48.1800865Z Project FPS: 145 (6.89 mspf)
GUT GDScript suite under Godot 4.3 headless (blocking)	Run GUT unit suite (canonical close-out invocation)	2026-09-07T12:41:49.1806269Z Project FPS: 145 (6.89 mspf)
GUT GDScript suite under Godot 4.3 headless (blocking)	Run GUT unit suite (canonical close-out invocation)	2026-09-07T12:41:50.1811448Z Project FPS: 145 (6.89 mspf)
GUT GDScript suite under Godot 4.3 headless (blocking)	Run GUT unit suite (canonical close-out invocation)	2026-09-07T12:41:51.1747631Z Project FPS: 144 (6.94 mspf)
GUT GDScript suite under Godot 4.3 headless (blocking)	Run GUT unit suite (canonical close-out invocation)	2026-09-07T12:41:52.1752446Z Project FPS: 145 (6.89 mspf)
GUT GDScript suite under Godot 4.3 headless (blocking)	Run GUT unit suite (canonical close-out invocation)	2026-09-07T12:41:53.1758549Z Project FPS: 145 (6.89 mspf)
GUT GDScript suite under Godot 4.3 headless (blocking)	Run GUT unit suite (canonical close-out invocation)	2026-09-07T12:41:54.1762650Z Project FPS: 145 (6.89 mspf)
GUT GDScript suite under Godot 4.3 headless (blocking)	Run GUT unit suite (canonical close-out invocation)	2026-09-07T12:41:55.1768263Z Project FPS: 145 (6.89 mspf)
GUT GDScript suite under Godot 4.3 headless (blocking)	Run GUT unit suite (canonical close-out invocation)	2026-09-07T12:41:56.1773559Z Project FPS: 145 (6.89 mspf)
GUT GDScript suite under Godot 4.3 headless (blocking)	Run GUT unit suite (canonical close-out invocation)	2026-09-07T12:41:57.1778748Z Project FPS: 145 (6.89 mspf)
GUT GDScript suite under Godot 4.3 headless (blocking)	Run GUT unit suite (canonical close-out invocation)	2026-09-07T12:41:58.1783567Z Project FPS: 145 (6.89 mspf)
GUT GDScript suite under Godot 4.3 headless (blocking)	Run GUT unit suite (canonical close-out invocation)	2026-09-07T12:41:59.1789322Z Project FPS: 145 (6.89 mspf)
GUT GDScript suite under Godot 4.3 headless (blocking)	Run GUT unit suite (canonical close-out invocation)	2026-09-07T12:42:00.1794297Z Project FPS: 145 (6.89 mspf)
GUT GDScript suite under Godot 4.3 headless (blocking)	Run GUT unit suite (canonical close-out invocation)	2026-09-07T12:42:01.1798799Z Project FPS: 145 (6.89 mspf)
GUT GDScript suite under Godot 4.3 headless (blocking)	Run GUT unit suite (canonical close-out invocation)	2026-09-07T12:42:02.1803974Z Project FPS: 145 (6.89 mspf)
GUT GDScript suite under Godot 4.3 headless (blocking)	Run GUT unit suite (canonical close-out invocation)	2026-09-07T12:42:03.1809276Z Project FPS: 145 (6.89 mspf)
GUT GDScript suite under Godot 4.3 headless (blocking)	Run GUT unit suite (canonical close-out invocation)	2026-09-07T12:42:04.1814513Z Project FPS: 145 (6.89 mspf)
GUT GDScript suite under Godot 4.3 headless (blocking)	Run GUT unit suite (canonical close-out invocation)	2026-09-07T12:42:05.1750618Z Project FPS: 144 (6.94 mspf)
GUT GDScript suite under Godot 4.3 headless (blocking)	Run GUT unit suite (canonical close-out invocation)	2026-09-07T12:42:06.1755796Z Project FPS: 145 (6.89 mspf)
GUT GDScript suite under Godot 4.3 headless (blocking)	Run GUT unit suite (canonical close-out invocation)	2026-09-07T12:42:07.1760774Z Project FPS: 145 (6.89 mspf)
GUT GDScript suite under Godot 4.3 headless (blocking)	Run GUT unit suite (canonical close-out invocation)	2026-09-07T12:42:08.1765915Z Project FPS: 145 (6.89 mspf)
GUT GDScript suite under Godot 4.3 headless (blocking)	Run GUT unit suite (canonical close-out invocation)	2026-09-07T12:42:09.1771280Z Project FPS: 145 (6.89 mspf)
GUT GDScript suite under Godot 4.3 headless (blocking)	Run GUT unit suite (canonical close-out invocation)	2026-09-07T12:42:10.1776465Z Project FPS: 145 (6.89 mspf)
GUT GDScript suite under Godot 4.3 headless (blocking)	Run GUT unit suite (canonical close-out invocation)	2026-09-07T12:42:11.1781106Z Project FPS: 145 (6.89 mspf)
GUT GDScript suite under Godot 4.3 headless (blocking)	Run GUT unit suite (canonical close-out invocation)	2026-09-07T12:42:12.1786747Z Project FPS: 145 (6.89 mspf)
GUT GDScript suite under Godot 4.3 headless (blocking)	Run GUT unit suite (canonical close-out invocation)	2026-09-07T12:42:13.1792180Z Project FPS: 145 (6.89 mspf)
GUT GDScript suite under Godot 4.3 headless (blocking)	Run GUT unit suite (canonical close-out invocation)	2026-09-07T12:42:14.1797230Z Project FPS: 145 (6.89 mspf)
GUT GDScript suite under Godot 4.3 headless (blocking)	Run GUT unit suite (canonical close-out invocation)	2026-09-07T12:42:15.1802290Z Project FPS: 145 (6.89 mspf)
GUT GDScript suite under Godot 4.3 headless (blocking)	Run GUT unit suite (canonical close-out invocation)	2026-09-07T12:42:16.1807467Z Project FPS: 145 (6.89 mspf)
GUT GDScript suite under Godot 4.3 headless (blocking)	Run GUT unit suite (canonical close-out invocation)	2026-09-07T12:42:17.1812653Z Project FPS: 145 (6.89 mspf)
GUT GDScript suite under Godot 4.3 headless (blocking)	Run GUT unit suite (canonical close-out invocation)	2026-09-07T12:42:18.1817727Z Project FPS: 145 (6.89 mspf)
GUT GDScript suite under Godot 4.3 headless (blocking)	Run GUT unit suite (canonical close-out invocation)	2026-09-07T12:42:19.1753825Z Project FPS: 144 (6.94 mspf)
GUT GDScript suite under Godot 4.3 headless (blocking)	Run GUT unit suite (canonical close-out invocation)	2026-09-07T12:42:20.1759112Z Project FPS: 145 (6.89 mspf)
GUT GDScript suite under Godot 4.3 headless (blocking)	Run GUT unit suite (canonical close-out invocation)	2026-09-07T12:42:21.1764258Z Project FPS: 145 (6.89 mspf)
GUT GDScript suite under Godot 4.3 headless (blocking)	Run GUT unit suite (canonical close-out invocation)	2026-09-07T12:42:22.1768973Z Project FPS: 145 (6.89 mspf)
GUT GDScript suite under Godot 4.3 headless (blocking)	Run GUT unit suite (canonical close-out invocation)	2026-09-07T12:42:23.1774643Z Project FPS: 145 (6.89 mspf)
GUT GDScript suite under Godot 4.3 headless (blocking)	Run GUT unit suite (canonical close-out invocation)	2026-09-07T12:42:24.1779750Z Project FPS: 145 (6.89 mspf)
GUT GDScript suite under Godot 4.3 headless (blocking)	Run GUT unit suite (canonical close-out invocation)	2026-09-07T12:42:25.1784882Z Project FPS: 145 (6.89 mspf)
GUT GDScript suite under Godot 4.3 headless (blocking)	Run GUT unit suite (canonical close-out invocation)	2026-09-07T12:42:26.1789862Z Project FPS: 145 (6.89 mspf)
GUT GDScript suite under Godot 4.3 headless (blocking)	Run GUT unit suite (canonical close-out invocation)	2026-09-07T12:42:27.1795082Z Project FPS: 145 (6.89 mspf)
GUT GDScript suite under Godot 4.3 headless (blocking)	Run GUT unit suite (canonical close-out invocation)	2026-09-07T12:42:28.1800300Z Project FPS: 145 (6.89 mspf)
GUT GDScript suite under Godot 4.3 headless (blocking)	Run GUT unit suite (canonical close-out invocation)	2026-09-07T12:42:29.1805435Z Project FPS: 145 (6.89 mspf)
GUT GDScript suite under Godot 4.3 headless (blocking)	Run GUT unit suite (canonical close-out invocation)	2026-09-07T12:42:30.1810629Z Project FPS: 145 (6.89 mspf)
GUT GDScript suite under Godot 4.3 headless (blocking)	Run GUT unit suite (canonical close-out invocation)	2026-09-07T12:42:31.1816035Z Project FPS: 145 (6.89 mspf)
GUT GDScript suite under Godot 4.3 headless (blocking)	Run GUT unit suite (canonical close-out invocation)	2026-09-07T12:42:32.1821016Z Project FPS: 145 (6.89 mspf)
GUT GDScript suite under Godot 4.3 headless (blocking)	Run GUT unit suite (canonical close-out invocation)	2026-09-07T12:42:33.1757121Z Project FPS: 144 (6.94 mspf)
GUT GDScript suite under Godot 4.3 headless (blocking)	Run GUT unit suite (canonical close-out invocation)	2026-09-07T12:42:34.1761994Z Project FPS: 145 (6.89 mspf)
GUT GDScript suite under Godot 4.3 headless (blocking)	Run GUT unit suite (canonical close-out invocation)	2026-09-07T12:42:35.1767206Z Project FPS: 145 (6.89 mspf)
GUT GDScript suite under Godot 4.3 headless (blocking)	Run GUT unit suite (canonical close-out invocation)	2026-09-07T12:42:36.1772689Z Project FPS: 145 (6.89 mspf)
GUT GDScript suite under Godot 4.3 headless (blocking)	Run GUT unit suite (canonical close-out invocation)	2026-09-07T12:42:37.1777894Z Project FPS: 145 (6.89 mspf)
GUT GDScript suite under Godot 4.3 headless (blocking)	Run GUT unit suite (canonical close-out invocation)	2026-09-07T12:42:38.1782996Z Project FPS: 145 (6.89 mspf)
GUT GDScript suite under Godot 4.3 headless (blocking)	Run GUT unit suite (canonical close-out invocation)	2026-09-07T12:42:39.1787689Z Project FPS: 145 (6.89 mspf)
GUT GDScript suite under Godot 4.3 headless (blocking)	Run GUT unit suite (canonical close-out invocation)	2026-09-07T12:42:40.1793331Z Project FPS: 145 (6.89 mspf)
GUT GDScript suite under Godot 4.3 headless (blocking)	Run GUT unit suite (canonical close-out invocation)	2026-09-07T12:42:41.1799012Z Project FPS: 145 (6.89 mspf)
GUT GDScript suite under Godot 4.3 headless (blocking)	Run GUT unit suite (canonical close-out invocation)	2026-09-07T12:42:42.1803448Z Project FPS: 145 (6.89 mspf)
GUT GDScript suite under Godot 4.3 headless (blocking)	Run GUT unit suite (canonical close-out invocation)	2026-09-07T12:42:43.1808979Z Project FPS: 145 (6.89 mspf)
GUT GDScript suite under Godot 4.3 headless (blocking)	Run GUT unit suite (canonical close-out invocation)	2026-09-07T12:42:44.1814279Z Project FPS: 145 (6.89 mspf)
GUT GDScript suite under Godot 4.3 headless (blocking)	Run GUT unit suite (canonical close-out invocation)	2026-09-07T12:42:45.1819450Z Project FPS: 145 (6.89 mspf)
GUT GDScript suite under Godot 4.3 headless (blocking)	Run GUT unit suite (canonical close-out invocation)	2026-09-07T12:42:46.1755514Z Project FPS: 144 (6.94 mspf)
GUT GDScript suite under Godot 4.3 headless (blocking)	Run GUT unit suite (canonical close-out invocation)	2026-09-07T12:42:47.1760629Z Project FPS: 145 (6.89 mspf)
GUT GDScript suite under Godot 4.3 headless (blocking)	Run GUT unit suite (canonical close-out invocation)	2026-09-07T12:42:48.1765315Z Project FPS: 145 (6.89 mspf)
GUT GDScript suite under Godot 4.3 headless (blocking)	Run GUT unit suite (canonical close-out invocation)	2026-09-07T12:42:49.1770710Z Project FPS: 145 (6.89 mspf)
GUT GDScript suite under Godot 4.3 headless (blocking)	Run GUT unit suite (canonical close-out invocation)	2026-09-07T12:42:50.1775879Z Project FPS: 145 (6.89 mspf)
GUT GDScript suite under Godot 4.3 headless (blocking)	Run GUT unit suite (canonical close-out invocation)	2026-09-07T12:42:51.1781290Z Project FPS: 145 (6.89 mspf)
GUT GDScript suite under Godot 4.3 headless (blocking)	Run GUT unit suite (canonical close-out invocation)	2026-09-07T12:42:52.1786137Z Project FPS: 145 (6.89 mspf)
GUT GDScript suite under Godot 4.3 headless (blocking)	Run GUT unit suite (canonical close-out invocation)	2026-09-07T12:42:53.1791294Z Project FPS: 145 (6.89 mspf)
GUT GDScript suite under Godot 4.3 headless (blocking)	Run GUT unit suite (canonical close-out invocation)	2026-09-07T12:42:54.1796981Z Project FPS: 145 (6.89 mspf)
GUT GDScript suite under Godot 4.3 headless (blocking)	Run GUT unit suite (canonical close-out invocation)	2026-09-07T12:42:55.1802308Z Project FPS: 145 (6.89 mspf)
GUT GDScript suite under Godot 4.3 headless (blocking)	Run GUT unit suite (canonical close-out invocation)	2026-09-07T12:42:56.1807736Z Project FPS: 145 (6.89 mspf)
GUT GDScript suite under Godot 4.3 headless (blocking)	Run GUT unit suite (canonical close-out invocation)	2026-09-07T12:42:57.1812585Z Project FPS: 145 (6.89 mspf)
GUT GDScript suite under Godot 4.3 headless (blocking)	Run GUT unit suite (canonical close-out invocation)	2026-09-07T12:42:58.1817835Z Project FPS: 145 (6.89 mspf)
GUT GDScript suite under Godot 4.3 headless (blocking)	Run GUT unit suite (canonical close-out invocation)	2026-09-07T12:42:59.1822767Z Project FPS: 145 (6.89 mspf)
GUT GDScript suite under Godot 4.3 headless (blocking)	Run GUT unit suite (canonical close-out invocation)	2026-09-07T12:43:00.1759359Z Project FPS: 144 (6.94 mspf)
GUT GDScript suite under Godot 4.3 headless (blocking)	Run GUT unit suite (canonical close-out invocation)	2026-09-07T12:43:01.1763584Z Project FPS: 145 (6.89 mspf)
GUT GDScript suite under Godot 4.3 headless (blocking)	Run GUT unit suite (canonical close-out invocation)	2026-09-07T12:43:02.1768417Z Project FPS: 145 (6.89 mspf)
GUT GDScript suite under Godot 4.3 headless (blocking)	Run GUT unit suite (canonical close-out invocation)	2026-09-07T12:43:03.1774269Z Project FPS: 145 (6.89 mspf)
GUT GDScript suite under Godot 4.3 headless (blocking)	Run GUT unit suite (canonical close-out invocation)	2026-09-07T12:43:04.1779274Z Project FPS: 145 (6.89 mspf)
GUT GDScript suite under Godot 4.3 headless (blocking)	Run GUT unit suite (canonical close-out invocation)	2026-09-07T12:43:05.1784994Z Project FPS: 145 (6.89 mspf)
GUT GDScript suite under Godot 4.3 headless (blocking)	Run GUT unit suite (canonical close-out invocation)	2026-09-07T12:43:06.1790047Z Project FPS: 145 (6.89 mspf)
GUT GDScript suite under Godot 4.3 headless (blocking)	Run GUT unit suite (canonical close-out invocation)	2026-09-07T12:43:07.1795239Z Project FPS: 145 (6.89 mspf)
GUT GDScript suite under Godot 4.3 headless (blocking)	Run GUT unit suite (canonical close-out invocation)	2026-09-07T12:43:08.1800573Z Project FPS: 145 (6.89 mspf)
GUT GDScript suite under Godot 4.3 headless (blocking)	Run GUT unit suite (canonical close-out invocation)	2026-09-07T12:43:09.1805500Z Project FPS: 145 (6.89 mspf)
GUT GDScript suite under Godot 4.3 headless (blocking)	Run GUT unit suite (canonical close-out invocation)	2026-09-07T12:43:10.1810842Z Project FPS: 145 (6.89 mspf)
GUT GDScript suite under Godot 4.3 headless (blocking)	Run GUT unit suite (canonical close-out invocation)	2026-09-07T12:43:11.1815545Z Project FPS: 145 (6.89 mspf)
GUT GDScript suite under Godot 4.3 headless (blocking)	Run GUT unit suite (canonical close-out invocation)	2026-09-07T12:43:12.1821103Z Project FPS: 145 (6.89 mspf)
GUT GDScript suite under Godot 4.3 headless (blocking)	Run GUT unit suite (canonical close-out invocation)	2026-09-07T12:43:13.1825720Z Project FPS: 145 (6.89 mspf)
GUT GDScript suite under Godot 4.3 headless (blocking)	Run GUT unit suite (canonical close-out invocation)	2026-09-07T12:43:14.1762335Z Project FPS: 144 (6.94 mspf)
GUT GDScript suite under Godot 4.3 headless (blocking)	Run GUT unit suite (canonical close-out invocation)	2026-09-07T12:43:15.1767604Z Project FPS: 145 (6.89 mspf)
GUT GDScript suite under Godot 4.3 headless (blocking)	Run GUT unit suite (canonical close-out invocation)	2026-09-07T12:43:16.1772847Z Project FPS: 145 (6.89 mspf)
GUT GDScript suite under Godot 4.3 headless (blocking)	Run GUT unit suite (canonical close-out invocation)	2026-09-07T12:43:17.1778117Z Project FPS: 145 (6.89 mspf)
GUT GDScript suite under Godot 4.3 headless (blocking)	Run GUT unit suite (canonical close-out invocation)	2026-09-07T12:43:18.1783155Z Project FPS: 145 (6.89 mspf)
GUT GDScript suite under Godot 4.3 headless (blocking)	Run GUT unit suite (canonical close-out invocation)	2026-09-07T12:43:19.1788123Z Project FPS: 145 (6.89 mspf)
GUT GDScript suite under Godot 4.3 headless (blocking)	Run GUT unit suite (canonical close-out invocation)	2026-09-07T12:43:20.1793338Z Project FPS: 145 (6.89 mspf)
GUT GDScript suite under Godot 4.3 headless (blocking)	Run GUT unit suite (canonical close-out invocation)	2026-09-07T12:43:21.1798623Z Project FPS: 145 (6.89 mspf)
GUT GDScript suite under Godot 4.3 headless (blocking)	Run GUT unit suite (canonical close-out invocation)	2026-09-07T12:43:22.1803917Z Project FPS: 145 (6.89 mspf)
GUT GDScript suite under Godot 4.3 headless (blocking)	Run GUT unit suite (canonical close-out invocation)	2026-09-07T12:43:23.1808713Z Project FPS: 145 (6.89 mspf)
GUT GDScript suite under Godot 4.3 headless (blocking)	Run GUT unit suite (canonical close-out invocation)	2026-09-07T12:43:24.1814339Z Project FPS: 145 (6.89 mspf)
GUT GDScript suite under Godot 4.3 headless (blocking)	Run GUT unit suite (canonical close-out invocation)	2026-09-07T12:43:25.1819764Z Project FPS: 145 (6.89 mspf)
GUT GDScript suite under Godot 4.3 headless (blocking)	Run GUT unit suite (canonical close-out invocation)	2026-09-07T12:43:26.1824455Z Project FPS: 145 (6.89 mspf)
GUT GDScript suite under Godot 4.3 headless (blocking)	Run GUT unit suite (canonical close-out invocation)	2026-09-07T12:43:27.1829840Z Project FPS: 145 (6.89 mspf)
GUT GDScript suite under Godot 4.3 headless (blocking)	Run GUT unit suite (canonical close-out invocation)	2026-09-07T12:43:28.1766005Z Project FPS: 144 (6.94 mspf)
GUT GDScript suite under Godot 4.3 headless (blocking)	Run GUT unit suite (canonical close-out invocation)	2026-09-07T12:43:29.1771246Z Project FPS: 145 (6.89 mspf)
GUT GDScript suite under Godot 4.3 headless (blocking)	Run GUT unit suite (canonical close-out invocation)	2026-09-07T12:43:30.1776333Z Project FPS: 145 (6.89 mspf)
GUT GDScript suite under Godot 4.3 headless (blocking)	Run GUT unit suite (canonical close-out invocation)	2026-09-07T12:43:31.1781519Z Project FPS: 145 (6.89 mspf)
GUT GDScript suite under Godot 4.3 headless (blocking)	Run GUT unit suite (canonical close-out invocation)	2026-09-07T12:43:32.1786809Z Project FPS: 145 (6.89 mspf)
GUT GDScript suite under Godot 4.3 headless (blocking)	Run GUT unit suite (canonical close-out invocation)	2026-09-07T12:43:33.1791866Z Project FPS: 145 (6.89 mspf)
GUT GDScript suite under Godot 4.3 headless (blocking)	Run GUT unit suite (canonical close-out invocation)	2026-09-07T12:43:34.1797157Z Project FPS: 145 (6.89 mspf)
GUT GDScript suite under Godot 4.3 headless (blocking)	Run GUT unit suite (canonical close-out invocation)	2026-09-07T12:43:35.1802298Z Project FPS: 145 (6.89 mspf)
GUT GDScript suite under Godot 4.3 headless (blocking)	Run GUT unit suite (canonical close-out invocation)	2026-09-07T12:43:36.1807489Z Project FPS: 145 (6.89 mspf)
GUT GDScript suite under Godot 4.3 headless (blocking)	Run GUT unit suite (canonical close-out invocation)	2026-09-07T12:43:37.1812529Z Project FPS: 145 (6.89 mspf)
GUT GDScript suite under Godot 4.3 headless (blocking)	Run GUT unit suite (canonical close-out invocation)	2026-09-07T12:43:38.1817854Z Project FPS: 145 (6.89 mspf)
GUT GDScript suite under Godot 4.3 headless (blocking)	Run GUT unit suite (canonical close-out invocation)	2026-09-07T12:43:39.1823101Z Project FPS: 145 (6.89 mspf)
GUT GDScript suite under Godot 4.3 headless (blocking)	Run GUT unit suite (canonical close-out invocation)	2026-09-07T12:43:40.1828261Z Project FPS: 145 (6.89 mspf)
GUT GDScript suite under Godot 4.3 headless (blocking)	Run GUT unit suite (canonical close-out invocation)	2026-09-07T12:43:41.1833118Z Project FPS: 145 (6.89 mspf)
GUT GDScript suite under Godot 4.3 headless (blocking)	Run GUT unit suite (canonical close-out invocation)	2026-09-07T12:43:42.1769617Z Project FPS: 144 (6.94 mspf)
GUT GDScript suite under Godot 4.3 headless (blocking)	Run GUT unit suite (canonical close-out invocation)	2026-09-07T12:43:43.1774752Z Project FPS: 145 (6.89 mspf)
GUT GDScript suite under Godot 4.3 headless (blocking)	Run GUT unit suite (canonical close-out invocation)	2026-09-07T12:43:44.1780140Z Project FPS: 145 (6.89 mspf)
GUT GDScript suite under Godot 4.3 headless (blocking)	Run GUT unit suite (canonical close-out invocation)	2026-09-07T12:43:45.1785200Z Project FPS: 145 (6.89 mspf)
GUT GDScript suite under Godot 4.3 headless (blocking)	Run GUT unit suite (canonical close-out invocation)	2026-09-07T12:43:46.1790243Z Project FPS: 145 (6.89 mspf)
GUT GDScript suite under Godot 4.3 headless (blocking)	Run GUT unit suite (canonical close-out invocation)	2026-09-07T12:43:47.1794643Z Project FPS: 145 (6.89 mspf)
GUT GDScript suite under Godot 4.3 headless (blocking)	Run GUT unit suite (canonical close-out invocation)	2026-09-07T12:43:48.1800670Z Project FPS: 145 (6.89 mspf)
GUT GDScript suite under Godot 4.3 headless (blocking)	Run GUT unit suite (canonical close-out invocation)	2026-09-07T12:43:49.1805735Z Project FPS: 145 (6.89 mspf)
GUT GDScript suite under Godot 4.3 headless (blocking)	Run GUT unit suite (canonical close-out invocation)	2026-09-07T12:43:50.1811054Z Project FPS: 145 (6.89 mspf)
GUT GDScript suite under Godot 4.3 headless (blocking)	Run GUT unit suite (canonical close-out invocation)	2026-09-07T12:43:51.1815919Z Project FPS: 145 (6.89 mspf)
GUT GDScript suite under Godot 4.3 headless (blocking)	Run GUT unit suite (canonical close-out invocation)	2026-09-07T12:43:52.1821175Z Project FPS: 145 (6.89 mspf)
GUT GDScript suite under Godot 4.3 headless (blocking)	Run GUT unit suite (canonical close-out invocation)	2026-09-07T12:43:53.1826549Z Project FPS: 145 (6.89 mspf)
GUT GDScript suite under Godot 4.3 headless (blocking)	Run GUT unit suite (canonical close-out invocation)	2026-09-07T12:43:54.1831855Z Project FPS: 145 (6.89 mspf)
GUT GDScript suite under Godot 4.3 headless (blocking)	Run GUT unit suite (canonical close-out invocation)	2026-09-07T12:43:55.1767918Z Project FPS: 144 (6.94 mspf)
GUT GDScript suite under Godot 4.3 headless (blocking)	Run GUT unit suite (canonical close-out invocation)	2026-09-07T12:43:56.1773120Z Project FPS: 145 (6.89 mspf)
GUT GDScript suite under Godot 4.3 headless (blocking)	Run GUT unit suite (canonical close-out invocation)	2026-09-07T12:43:57.1778134Z Project FPS: 145 (6.89 mspf)
GUT GDScript suite under Godot 4.3 headless (blocking)	Run GUT unit suite (canonical close-out invocation)	2026-09-07T12:43:58.1783430Z Project FPS: 145 (6.89 mspf)
GUT GDScript suite under Godot 4.3 headless (blocking)	Run GUT unit suite (canonical close-out invocation)	2026-09-07T12:43:59.1788557Z Project FPS: 145 (6.89 mspf)
GUT GDScript suite under Godot 4.3 headless (blocking)	Run GUT unit suite (canonical close-out invocation)	2026-09-07T12:44:00.1793718Z Project FPS: 145 (6.89 mspf)
GUT GDScript suite under Godot 4.3 headless (blocking)	Run GUT unit suite (canonical close-out invocation)	2026-09-07T12:44:01.1798887Z Project FPS: 145 (6.89 mspf)
GUT GDScript suite under Godot 4.3 headless (blocking)	Run GUT unit suite (canonical close-out invocation)	2026-09-07T12:44:02.1803781Z Project FPS: 145 (6.89 mspf)
GUT GDScript suite under Godot 4.3 headless (blocking)	Run GUT unit suite (canonical close-out invocation)	2026-09-07T12:44:03.1809019Z Project FPS: 145 (6.89 mspf)
GUT GDScript suite under Godot 4.3 headless (blocking)	Run GUT unit suite (canonical close-out invocation)	2026-09-07T12:44:04.1814505Z Project FPS: 145 (6.89 mspf)
GUT GDScript suite under Godot 4.3 headless (blocking)	Run GUT unit suite (canonical close-out invocation)	2026-09-07T12:44:05.1819431Z Project FPS: 145 (6.89 mspf)
GUT GDScript suite under Godot 4.3 headless (blocking)	Run GUT unit suite (canonical close-out invocation)	2026-09-07T12:44:06.1824563Z Project FPS: 145 (6.89 mspf)
GUT GDScript suite under Godot 4.3 headless (blocking)	Run GUT unit suite (canonical close-out invocation)	2026-09-07T12:44:07.1829983Z Project FPS: 145 (6.89 mspf)
GUT GDScript suite under Godot 4.3 headless (blocking)	Run GUT unit suite (canonical close-out invocation)	2026-09-07T12:44:08.1835251Z Project FPS: 145 (6.89 mspf)
GUT GDScript suite under Godot 4.3 headless (blocking)	Run GUT unit suite (canonical close-out invocation)	2026-09-07T12:44:09.1770855Z Project FPS: 144 (6.94 mspf)
GUT GDScript suite under Godot 4.3 headless (blocking)	Run GUT unit suite (canonical close-out invocation)	2026-09-07T12:44:10.1776528Z Project FPS: 145 (6.89 mspf)
GUT GDScript suite under Godot 4.3 headless (blocking)	Run GUT unit suite (canonical close-out invocation)	2026-09-07T12:44:11.1781828Z Project FPS: 145 (6.89 mspf)
GUT GDScript suite under Godot 4.3 headless (blocking)	Run GUT unit suite (canonical close-out invocation)	2026-09-07T12:44:12.1786885Z Project FPS: 145 (6.89 mspf)
GUT GDScript suite under Godot 4.3 headless (blocking)	Run GUT unit suite (canonical close-out invocation)	2026-09-07T12:44:13.1792507Z Project FPS: 145 (6.89 mspf)
GUT GDScript suite under Godot 4.3 headless (blocking)	Run GUT unit suite (canonical close-out invocation)	2026-09-07T12:44:14.1797662Z Project FPS: 145 (6.89 mspf)
GUT GDScript suite under Godot 4.3 headless (blocking)	Run GUT unit suite (canonical close-out invocation)	2026-09-07T12:44:15.1802807Z Project FPS: 145 (6.89 mspf)
GUT GDScript suite under Godot 4.3 headless (blocking)	Run GUT unit suite (canonical close-out invocation)	2026-09-07T12:44:16.1807967Z Project FPS: 145 (6.89 mspf)
GUT GDScript suite under Godot 4.3 headless (blocking)	Run GUT unit suite (canonical close-out invocation)	2026-09-07T12:44:17.1813494Z Project FPS: 145 (6.89 mspf)
GUT GDScript suite under Godot 4.3 headless (blocking)	Run GUT unit suite (canonical close-out invocation)	2026-09-07T12:44:18.1818670Z Project FPS: 145 (6.89 mspf)
GUT GDScript suite under Godot 4.3 headless (blocking)	Run GUT unit suite (canonical close-out invocation)	2026-09-07T12:44:19.1823176Z Project FPS: 145 (6.89 mspf)
GUT GDScript suite under Godot 4.3 headless (blocking)	Run GUT unit suite (canonical close-out invocation)	2026-09-07T12:44:20.1829119Z Project FPS: 145 (6.89 mspf)
GUT GDScript suite under Godot 4.3 headless (blocking)	Run GUT unit suite (canonical close-out invocation)	2026-09-07T12:44:21.1834573Z Project FPS: 145 (6.89 mspf)
GUT GDScript suite under Godot 4.3 headless (blocking)	Run GUT unit suite (canonical close-out invocation)	2026-09-07T12:44:22.1839153Z Project FPS: 145 (6.89 mspf)
GUT GDScript suite under Godot 4.3 headless (blocking)	Run GUT unit suite (canonical close-out invocation)	2026-09-07T12:44:23.1775435Z Project FPS: 144 (6.94 mspf)
GUT GDScript suite under Godot 4.3 headless (blocking)	Run GUT unit suite (canonical close-out invocation)	2026-09-07T12:44:24.1780496Z Project FPS: 145 (6.89 mspf)
GUT GDScript suite under Godot 4.3 headless (blocking)	Run GUT unit suite (canonical close-out invocation)	2026-09-07T12:44:25.1786009Z Project FPS: 145 (6.89 mspf)
GUT GDScript suite under Godot 4.3 headless (blocking)	Run GUT unit suite (canonical close-out invocation)	2026-09-07T12:44:26.1791177Z Project FPS: 145 (6.89 mspf)
GUT GDScript suite under Godot 4.3 headless (blocking)	Run GUT unit suite (canonical close-out invocation)	2026-09-07T12:44:27.1796427Z Project FPS: 145 (6.89 mspf)
GUT GDScript suite under Godot 4.3 headless (blocking)	Run GUT unit suite (canonical close-out invocation)	2026-09-07T12:44:28.1801326Z Project FPS: 145 (6.89 mspf)
GUT GDScript suite under Godot 4.3 headless (blocking)	Run GUT unit suite (canonical close-out invocation)	2026-09-07T12:44:29.1806595Z Project FPS: 145 (6.89 mspf)
GUT GDScript suite under Godot 4.3 headless (blocking)	Run GUT unit suite (canonical close-out invocation)	2026-09-07T12:44:30.1811814Z Project FPS: 145 (6.89 mspf)
GUT GDScript suite under Godot 4.3 headless (blocking)	Run GUT unit suite (canonical close-out invocation)	2026-09-07T12:44:31.1816318Z Project FPS: 145 (6.89 mspf)
GUT GDScript suite under Godot 4.3 headless (blocking)	Run GUT unit suite (canonical close-out invocation)	2026-09-07T12:44:32.1822333Z Project FPS: 145 (6.89 mspf)
GUT GDScript suite under Godot 4.3 headless (blocking)	Run GUT unit suite (canonical close-out invocation)	2026-09-07T12:44:33.1827594Z Project FPS: 145 (6.89 mspf)
GUT GDScript suite under Godot 4.3 headless (blocking)	Run GUT unit suite (canonical close-out invocation)	2026-09-07T12:44:34.1832899Z Project FPS: 145 (6.89 mspf)
GUT GDScript suite under Godot 4.3 headless (blocking)	Run GUT unit suite (canonical close-out invocation)	2026-09-07T12:44:35.1838135Z Project FPS: 145 (6.89 mspf)
GUT GDScript suite under Godot 4.3 headless (blocking)	Run GUT unit suite (canonical close-out invocation)	2026-09-07T12:44:36.1843270Z Project FPS: 145 (6.89 mspf)
GUT GDScript suite under Godot 4.3 headless (blocking)	Run GUT unit suite (canonical close-out invocation)	2026-09-07T12:44:37.1779581Z Project FPS: 144 (6.94 mspf)
GUT GDScript suite under Godot 4.3 headless (blocking)	Run GUT unit suite (canonical close-out invocation)	2026-09-07T12:44:38.1784694Z Project FPS: 145 (6.89 mspf)
GUT GDScript suite under Godot 4.3 headless (blocking)	Run GUT unit suite (canonical close-out invocation)	2026-09-07T12:44:39.1789912Z Project FPS: 145 (6.89 mspf)
GUT GDScript suite under Godot 4.3 headless (blocking)	Run GUT unit suite (canonical close-out invocation)	2026-09-07T12:44:40.1795029Z Project FPS: 145 (6.89 mspf)
GUT GDScript suite under Godot 4.3 headless (blocking)	Run GUT unit suite (canonical close-out invocation)	2026-09-07T12:44:41.1800932Z Project FPS: 145 (6.89 mspf)
GUT GDScript suite under Godot 4.3 headless (blocking)	Run GUT unit suite (canonical close-out invocation)	2026-09-07T12:44:42.1805386Z Project FPS: 145 (6.89 mspf)
GUT GDScript suite under Godot 4.3 headless (blocking)	Run GUT unit suite (canonical close-out invocation)	2026-09-07T12:44:43.1810685Z Project FPS: 145 (6.89 mspf)
GUT GDScript suite under Godot 4.3 headless (blocking)	Run GUT unit suite (canonical close-out invocation)	2026-09-07T12:44:44.1815944Z Project FPS: 145 (6.89 mspf)
GUT GDScript suite under Godot 4.3 headless (blocking)	Run GUT unit suite (canonical close-out invocation)	2026-09-07T12:44:45.1821009Z Project FPS: 145 (6.89 mspf)
GUT GDScript suite under Godot 4.3 headless (blocking)	Run GUT unit suite (canonical close-out invocation)	2026-09-07T12:44:46.1825786Z Project FPS: 145 (6.89 mspf)
GUT GDScript suite under Godot 4.3 headless (blocking)	Run GUT unit suite (canonical close-out invocation)	2026-09-07T12:44:47.1831723Z Project FPS: 145 (6.89 mspf)
GUT GDScript suite under Godot 4.3 headless (blocking)	Run GUT unit suite (canonical close-out invocation)	2026-09-07T12:44:48.1835059Z Project FPS: 145 (6.89 mspf)
GUT GDScript suite under Godot 4.3 headless (blocking)	Run GUT unit suite (canonical close-out invocation)	2026-09-07T12:44:49.1841605Z Project FPS: 145 (6.89 mspf)
GUT GDScript suite under Godot 4.3 headless (blocking)	Run GUT unit suite (canonical close-out invocation)	2026-09-07T12:44:50.1846686Z Project FPS: 145 (6.89 mspf)
GUT GDScript suite under Godot 4.3 headless (blocking)	Run GUT unit suite (canonical close-out invocation)	2026-09-07T12:44:51.1782245Z Project FPS: 144 (6.94 mspf)
GUT GDScript suite under Godot 4.3 headless (blocking)	Run GUT unit suite (canonical close-out invocation)	2026-09-07T12:44:52.1788119Z Project FPS: 145 (6.89 mspf)
GUT GDScript suite under Godot 4.3 headless (blocking)	Run GUT unit suite (canonical close-out invocation)	2026-09-07T12:44:53.1793408Z Project FPS: 145 (6.89 mspf)
GUT GDScript suite under Godot 4.3 headless (blocking)	Run GUT unit suite (canonical close-out invocation)	2026-09-07T12:44:54.1798346Z Project FPS: 145 (6.89 mspf)
GUT GDScript suite under Godot 4.3 headless (blocking)	Run GUT unit suite (canonical close-out invocation)	2026-09-07T12:44:55.1803572Z Project FPS: 145 (6.89 mspf)
GUT GDScript suite under Godot 4.3 headless (blocking)	Run GUT unit suite (canonical close-out invocation)	2026-09-07T12:44:56.1808875Z Project FPS: 145 (6.89 mspf)
GUT GDScript suite under Godot 4.3 headless (blocking)	Run GUT unit suite (canonical close-out invocation)	2026-09-07T12:44:57.1813694Z Project FPS: 145 (6.89 mspf)
GUT GDScript suite under Godot 4.3 headless (blocking)	Run GUT unit suite (canonical close-out invocation)	2026-09-07T12:44:58.1819066Z Project FPS: 145 (6.89 mspf)
GUT GDScript suite under Godot 4.3 headless (blocking)	Run GUT unit suite (canonical close-out invocation)	2026-09-07T12:44:59.1823511Z Project FPS: 145 (6.89 mspf)
GUT GDScript suite under Godot 4.3 headless (blocking)	Run GUT unit suite (canonical close-out invocation)	2026-09-07T12:45:00.1829212Z Project FPS: 145 (6.89 mspf)
GUT GDScript suite under Godot 4.3 headless (blocking)	Run GUT unit suite (canonical close-out invocation)	2026-09-07T12:45:01.1834413Z Project FPS: 145 (6.89 mspf)
GUT GDScript suite under Godot 4.3 headless (blocking)	Run GUT unit suite (canonical close-out invocation)	2026-09-07T12:45:02.1839679Z Project FPS: 145 (6.89 mspf)
GUT GDScript suite under Godot 4.3 headless (blocking)	Run GUT unit suite (canonical close-out invocation)	2026-09-07T12:45:03.1845092Z Project FPS: 145 (6.89 mspf)
GUT GDScript suite under Godot 4.3 headless (blocking)	Run GUT unit suite (canonical close-out invocation)	2026-09-07T12:45:04.1781219Z Project FPS: 144 (6.94 mspf)
GUT GDScript suite under Godot 4.3 headless (blocking)	Run GUT unit suite (canonical close-out invocation)	2026-09-07T12:45:05.1785944Z Project FPS: 145 (6.89 mspf)
GUT GDScript suite under Godot 4.3 headless (blocking)	Run GUT unit suite (canonical close-out invocation)	2026-09-07T12:45:06.1791776Z Project FPS: 145 (6.89 mspf)
GUT GDScript suite under Godot 4.3 headless (blocking)	Run GUT unit suite (canonical close-out invocation)	2026-09-07T12:45:07.1796917Z Project FPS: 145 (6.89 mspf)
GUT GDScript suite under Godot 4.3 headless (blocking)	Run GUT unit suite (canonical close-out invocation)	2026-09-07T12:45:08.1801910Z Project FPS: 145 (6.89 mspf)
GUT GDScript suite under Godot 4.3 headless (blocking)	Run GUT unit suite (canonical close-out invocation)	2026-09-07T12:45:09.1807123Z Project FPS: 145 (6.89 mspf)
GUT GDScript suite under Godot 4.3 headless (blocking)	Run GUT unit suite (canonical close-out invocation)	2026-09-07T12:45:10.1812454Z Project FPS: 145 (6.89 mspf)
GUT GDScript suite under Godot 4.3 headless (blocking)	Run GUT unit suite (canonical close-out invocation)	2026-09-07T12:45:11.1817487Z Project FPS: 145 (6.89 mspf)
GUT GDScript suite under Godot 4.3 headless (blocking)	Run GUT unit suite (canonical close-out invocation)	2026-09-07T12:45:12.1823026Z Project FPS: 145 (6.89 mspf)
GUT GDScript suite under Godot 4.3 headless (blocking)	Run GUT unit suite (canonical close-out invocation)	2026-09-07T12:45:13.1827715Z Project FPS: 145 (6.89 mspf)
GUT GDScript suite under Godot 4.3 headless (blocking)	Run GUT unit suite (canonical close-out invocation)	2026-09-07T12:45:14.1832974Z Project FPS: 145 (6.89 mspf)
GUT GDScript suite under Godot 4.3 headless (blocking)	Run GUT unit suite (canonical close-out invocation)	2026-09-07T12:45:15.1837841Z Project FPS: 145 (6.89 mspf)
GUT GDScript suite under Godot 4.3 headless (blocking)	Run GUT unit suite (canonical close-out invocation)	2026-09-07T12:45:16.1843499Z Project FPS: 145 (6.89 mspf)
GUT GDScript suite under Godot 4.3 headless (blocking)	Run GUT unit suite (canonical close-out invocation)	2026-09-07T12:45:17.1848908Z Project FPS: 145 (6.89 mspf)
GUT GDScript suite under Godot 4.3 headless (blocking)	Run GUT unit suite (canonical close-out invocation)	2026-09-07T12:45:18.1784720Z Project FPS: 144 (6.94 mspf)
GUT GDScript suite under Godot 4.3 headless (blocking)	Run GUT unit suite (canonical close-out invocation)	2026-09-07T12:45:19.1790046Z Project FPS: 145 (6.89 mspf)
GUT GDScript suite under Godot 4.3 headless (blocking)	Run GUT unit suite (canonical close-out invocation)	2026-09-07T12:45:20.1795297Z Project FPS: 145 (6.89 mspf)
GUT GDScript suite under Godot 4.3 headless (blocking)	Run GUT unit suite (canonical close-out invocation)	2026-09-07T12:45:21.1800503Z Project FPS: 145 (6.89 mspf)
GUT GDScript suite under Godot 4.3 headless (blocking)	Run GUT unit suite (canonical close-out invocation)	2026-09-07T12:45:22.1805409Z Project FPS: 145 (6.89 mspf)
GUT GDScript suite under Godot 4.3 headless (blocking)	Run GUT unit suite (canonical close-out invocation)	2026-09-07T12:45:23.1810873Z Project FPS: 145 (6.89 mspf)
GUT GDScript suite under Godot 4.3 headless (blocking)	Run GUT unit suite (canonical close-out invocation)	2026-09-07T12:45:24.1816105Z Project FPS: 145 (6.89 mspf)
GUT GDScript suite under Godot 4.3 headless (blocking)	Run GUT unit suite (canonical close-out invocation)	2026-09-07T12:45:25.1821395Z Project FPS: 145 (6.89 mspf)
GUT GDScript suite under Godot 4.3 headless (blocking)	Run GUT unit suite (canonical close-out invocation)	2026-09-07T12:45:26.1826264Z Project FPS: 145 (6.89 mspf)
GUT GDScript suite under Godot 4.3 headless (blocking)	Run GUT unit suite (canonical close-out invocation)	2026-09-07T12:45:27.1831605Z Project FPS: 145 (6.89 mspf)
GUT GDScript suite under Godot 4.3 headless (blocking)	Run GUT unit suite (canonical close-out invocation)	2026-09-07T12:45:28.1836668Z Project FPS: 145 (6.89 mspf)
GUT GDScript suite under Godot 4.3 headless (blocking)	Run GUT unit suite (canonical close-out invocation)	2026-09-07T12:45:29.1842014Z Project FPS: 145 (6.89 mspf)
GUT GDScript suite under Godot 4.3 headless (blocking)	Run GUT unit suite (canonical close-out invocation)	2026-09-07T12:45:30.1846584Z Project FPS: 145 (6.89 mspf)
GUT GDScript suite under Godot 4.3 headless (blocking)	Run GUT unit suite (canonical close-out invocation)	2026-09-07T12:45:31.1851978Z Project FPS: 145 (6.89 mspf)
GUT GDScript suite under Godot 4.3 headless (blocking)	Run GUT unit suite (canonical close-out invocation)	2026-09-07T12:45:32.1788072Z Project FPS: 144 (6.94 mspf)
GUT GDScript suite under Godot 4.3 headless (blocking)	Run GUT unit suite (canonical close-out invocation)	2026-09-07T12:45:33.1793329Z Project FPS: 145 (6.89 mspf)
GUT GDScript suite under Godot 4.3 headless (blocking)	Run GUT unit suite (canonical close-out invocation)	2026-09-07T12:45:34.1797969Z Project FPS: 145 (6.89 mspf)
GUT GDScript suite under Godot 4.3 headless (blocking)	Run GUT unit suite (canonical close-out invocation)	2026-09-07T12:45:35.1804035Z Project FPS: 145 (6.89 mspf)
GUT GDScript suite under Godot 4.3 headless (blocking)	Run GUT unit suite (canonical close-out invocation)	2026-09-07T12:45:36.1808783Z Project FPS: 145 (6.89 mspf)
GUT GDScript suite under Godot 4.3 headless (blocking)	Run GUT unit suite (canonical close-out invocation)	2026-09-07T12:45:37.1814511Z Project FPS: 145 (6.89 mspf)
GUT GDScript suite under Godot 4.3 headless (blocking)	Run GUT unit suite (canonical close-out invocation)	2026-09-07T12:45:38.1819264Z Project FPS: 145 (6.89 mspf)
GUT GDScript suite under Godot 4.3 headless (blocking)	Run GUT unit suite (canonical close-out invocation)	2026-09-07T12:45:39.1824456Z Project FPS: 145 (6.89 mspf)
GUT GDScript suite under Godot 4.3 headless (blocking)	Run GUT unit suite (canonical close-out invocation)	2026-09-07T12:45:40.1829557Z Project FPS: 145 (6.89 mspf)
GUT GDScript suite under Godot 4.3 headless (blocking)	Run GUT unit suite (canonical close-out invocation)	2026-09-07T12:45:41.1834739Z Project FPS: 145 (6.89 mspf)
GUT GDScript suite under Godot 4.3 headless (blocking)	Run GUT unit suite (canonical close-out invocation)	2026-09-07T12:45:42.1839864Z Project FPS: 145 (6.89 mspf)
GUT GDScript suite under Godot 4.3 headless (blocking)	Run GUT unit suite (canonical close-out invocation)	2026-09-07T12:45:43.1845038Z Project FPS: 145 (6.89 mspf)
GUT GDScript suite under Godot 4.3 headless (blocking)	Run GUT unit suite (canonical close-out invocation)	2026-09-07T12:45:44.1850340Z Project FPS: 145 (6.89 mspf)
GUT GDScript suite under Godot 4.3 headless (blocking)	Run GUT unit suite (canonical close-out invocation)	2026-09-07T12:45:45.1855425Z Project FPS: 145 (6.89 mspf)
GUT GDScript suite under Godot 4.3 headless (blocking)	Run GUT unit suite (canonical close-out invocation)	2026-09-07T12:45:46.1791990Z Project FPS: 144 (6.94 mspf)
GUT GDScript suite under Godot 4.3 headless (blocking)	Run GUT unit suite (canonical close-out invocation)	2026-09-07T12:45:47.1797674Z Project FPS: 145 (6.89 mspf)
GUT GDScript suite under Godot 4.3 headless (blocking)	Run GUT unit suite (canonical close-out invocation)	2026-09-07T12:45:48.1803203Z Project FPS: 145 (6.89 mspf)
GUT GDScript suite under Godot 4.3 headless (blocking)	Run GUT unit suite (canonical close-out invocation)	2026-09-07T12:45:49.1808118Z Project FPS: 145 (6.89 mspf)
GUT GDScript suite under Godot 4.3 headless (blocking)	Run GUT unit suite (canonical close-out invocation)	2026-09-07T12:45:50.1813547Z Project FPS: 145 (6.89 mspf)
GUT GDScript suite under Godot 4.3 headless (blocking)	Run GUT unit suite (canonical close-out invocation)	2026-09-07T12:45:51.1818556Z Project FPS: 145 (6.89 mspf)
GUT GDScript suite under Godot 4.3 headless (blocking)	Run GUT unit suite (canonical close-out invocation)	2026-09-07T12:45:52.1823876Z Project FPS: 145 (6.89 mspf)
GUT GDScript suite under Godot 4.3 headless (blocking)	Run GUT unit suite (canonical close-out invocation)	2026-09-07T12:45:53.1828918Z Project FPS: 145 (6.89 mspf)
GUT GDScript suite under Godot 4.3 headless (blocking)	Run GUT unit suite (canonical close-out invocation)	2026-09-07T12:45:54.1834209Z Project FPS: 145 (6.89 mspf)
GUT GDScript suite under Godot 4.3 headless (blocking)	Run GUT unit suite (canonical close-out invocation)	2026-09-07T12:45:55.1839397Z Project FPS: 145 (6.89 mspf)
GUT GDScript suite under Godot 4.3 headless (blocking)	Run GUT unit suite (canonical close-out invocation)	2026-09-07T12:45:56.1844243Z Project FPS: 145 (6.89 mspf)
GUT GDScript suite under Godot 4.3 headless (blocking)	Run GUT unit suite (canonical close-out invocation)	2026-09-07T12:45:57.1850231Z Project FPS: 145 (6.89 mspf)
GUT GDScript suite under Godot 4.3 headless (blocking)	Run GUT unit suite (canonical close-out invocation)	2026-09-07T12:45:58.1855279Z Project FPS: 145 (6.89 mspf)
GUT GDScript suite under Godot 4.3 headless (blocking)	Run GUT unit suite (canonical close-out invocation)	2026-09-07T12:45:59.1860198Z Project FPS: 145 (6.89 mspf)
GUT GDScript suite under Godot 4.3 headless (blocking)	Run GUT unit suite (canonical close-out invocation)	2026-09-07T12:46:00.1796721Z Project FPS: 144 (6.94 mspf)
GUT GDScript suite under Godot 4.3 headless (blocking)	Run GUT unit suite (canonical close-out invocation)	2026-09-07T12:46:01.1801726Z Project FPS: 145 (6.89 mspf)
GUT GDScript suite under Godot 4.3 headless (blocking)	Run GUT unit suite (canonical close-out invocation)	2026-09-07T12:46:02.1806956Z Project FPS: 145 (6.89 mspf)
GUT GDScript suite under Godot 4.3 headless (blocking)	Run GUT unit suite (canonical close-out invocation)	2026-09-07T12:46:03.1812286Z Project FPS: 145 (6.89 mspf)
GUT GDScript suite under Godot 4.3 headless (blocking)	Run GUT unit suite (canonical close-out invocation)	2026-09-07T12:46:04.1817204Z Project FPS: 145 (6.89 mspf)
GUT GDScript suite under Godot 4.3 headless (blocking)	Run GUT unit suite (canonical close-out invocation)	2026-09-07T12:46:05.1822213Z Project FPS: 145 (6.89 mspf)
GUT GDScript suite under Godot 4.3 headless (blocking)	Run GUT unit suite (canonical close-out invocation)	2026-09-07T12:46:06.1827498Z Project FPS: 145 (6.89 mspf)
GUT GDScript suite under Godot 4.3 headless (blocking)	Run GUT unit suite (canonical close-out invocation)	2026-09-07T12:46:07.1832778Z Project FPS: 145 (6.89 mspf)
GUT GDScript suite under Godot 4.3 headless (blocking)	Run GUT unit suite (canonical close-out invocation)	2026-09-07T12:46:08.1838027Z Project FPS: 145 (6.89 mspf)
GUT GDScript suite under Godot 4.3 headless (blocking)	Run GUT unit suite (canonical close-out invocation)	2026-09-07T12:46:09.1843212Z Project FPS: 145 (6.89 mspf)
GUT GDScript suite under Godot 4.3 headless (blocking)	Run GUT unit suite (canonical close-out invocation)	2026-09-07T12:46:10.1848590Z Project FPS: 145 (6.89 mspf)
GUT GDScript suite under Godot 4.3 headless (blocking)	Run GUT unit suite (canonical close-out invocation)	2026-09-07T12:46:11.1853858Z Project FPS: 145 (6.89 mspf)
GUT GDScript suite under Godot 4.3 headless (blocking)	Run GUT unit suite (canonical close-out invocation)	2026-09-07T12:46:12.1858958Z Project FPS: 145 (6.89 mspf)
GUT GDScript suite under Godot 4.3 headless (blocking)	Run GUT unit suite (canonical close-out invocation)	2026-09-07T12:46:13.1795368Z Project FPS: 144 (6.94 mspf)
GUT GDScript suite under Godot 4.3 headless (blocking)	Run GUT unit suite (canonical close-out invocation)	2026-09-07T12:46:14.1800580Z Project FPS: 145 (6.89 mspf)
GUT GDScript suite under Godot 4.3 headless (blocking)	Run GUT unit suite (canonical close-out invocation)	2026-09-07T12:46:15.1805958Z Project FPS: 145 (6.89 mspf)
GUT GDScript suite under Godot 4.3 headless (blocking)	Run GUT unit suite (canonical close-out invocation)	2026-09-07T12:46:16.1810793Z Project FPS: 145 (6.89 mspf)
GUT GDScript suite under Godot 4.3 headless (blocking)	Run GUT unit suite (canonical close-out invocation)	2026-09-07T12:46:17.1815771Z Project FPS: 145 (6.89 mspf)
GUT GDScript suite under Godot 4.3 headless (blocking)	Run GUT unit suite (canonical close-out invocation)	2026-09-07T12:46:18.1820979Z Project FPS: 145 (6.89 mspf)
GUT GDScript suite under Godot 4.3 headless (blocking)	Run GUT unit suite (canonical close-out invocation)	2026-09-07T12:46:19.1826260Z Project FPS: 145 (6.89 mspf)
GUT GDScript suite under Godot 4.3 headless (blocking)	Run GUT unit suite (canonical close-out invocation)	2026-09-07T12:46:20.1831742Z Project FPS: 145 (6.89 mspf)
GUT GDScript suite under Godot 4.3 headless (blocking)	Run GUT unit suite (canonical close-out invocation)	2026-09-07T12:46:21.1836869Z Project FPS: 145 (6.89 mspf)
GUT GDScript suite under Godot 4.3 headless (blocking)	Run GUT unit suite (canonical close-out invocation)	2026-09-07T12:46:22.1841680Z Project FPS: 145 (6.89 mspf)
GUT GDScript suite under Godot 4.3 headless (blocking)	Run GUT unit suite (canonical close-out invocation)	2026-09-07T12:46:23.1847495Z Project FPS: 145 (6.89 mspf)
GUT GDScript suite under Godot 4.3 headless (blocking)	Run GUT unit suite (canonical close-out invocation)	2026-09-07T12:46:24.1852261Z Project FPS: 145 (6.89 mspf)
GUT GDScript suite under Godot 4.3 headless (blocking)	Run GUT unit suite (canonical close-out invocation)	2026-09-07T12:46:25.1857635Z Project FPS: 145 (6.89 mspf)
GUT GDScript suite under Godot 4.3 headless (blocking)	Run GUT unit suite (canonical close-out invocation)	2026-09-07T12:46:26.1862319Z Project FPS: 145 (6.89 mspf)
GUT GDScript suite under Godot 4.3 headless (blocking)	Run GUT unit suite (canonical close-out invocation)	2026-09-07T12:46:27.1799264Z Project FPS: 144 (6.94 mspf)
GUT GDScript suite under Godot 4.3 headless (blocking)	Run GUT unit suite (canonical close-out invocation)	2026-09-07T12:46:28.1803931Z Project FPS: 145 (6.89 mspf)
GUT GDScript suite under Godot 4.3 headless (blocking)	Run GUT unit suite (canonical close-out invocation)	2026-09-07T12:46:29.1809066Z Project FPS: 145 (6.89 mspf)
GUT GDScript suite under Godot 4.3 headless (blocking)	Run GUT unit suite (canonical close-out invocation)	2026-09-07T12:46:30.1813784Z Project FPS: 145 (6.89 mspf)
GUT GDScript suite under Godot 4.3 headless (blocking)	Run GUT unit suite (canonical close-out invocation)	2026-09-07T12:46:31.1819680Z Project FPS: 145 (6.89 mspf)
GUT GDScript suite under Godot 4.3 headless (blocking)	Run GUT unit suite (canonical close-out invocation)	2026-09-07T12:46:32.1824563Z Project FPS: 145 (6.89 mspf)
GUT GDScript suite under Godot 4.3 headless (blocking)	Run GUT unit suite (canonical close-out invocation)	2026-09-07T12:46:33.1829868Z Project FPS: 145 (6.89 mspf)
GUT GDScript suite under Godot 4.3 headless (blocking)	Run GUT unit suite (canonical close-out invocation)	2026-09-07T12:46:34.1834992Z Project FPS: 145 (6.89 mspf)
GUT GDScript suite under Godot 4.3 headless (blocking)	Run GUT unit suite (canonical close-out invocation)	2026-09-07T12:46:35.1840065Z Project FPS: 145 (6.89 mspf)
GUT GDScript suite under Godot 4.3 headless (blocking)	Run GUT unit suite (canonical close-out invocation)	2026-09-07T12:46:36.1845060Z Project FPS: 145 (6.89 mspf)
GUT GDScript suite under Godot 4.3 headless (blocking)	Run GUT unit suite (canonical close-out invocation)	2026-09-07T12:46:37.1858222Z Project FPS: 145 (6.89 mspf)
GUT GDScript suite under Godot 4.3 headless (blocking)	Run GUT unit suite (canonical close-out invocation)	2026-09-07T12:46:38.1855757Z Project FPS: 145 (6.89 mspf)
GUT GDScript suite under Godot 4.3 headless (blocking)	Run GUT unit suite (canonical close-out invocation)	2026-09-07T12:46:39.1860744Z Project FPS: 145 (6.89 mspf)
GUT GDScript suite under Godot 4.3 headless (blocking)	Run GUT unit suite (canonical close-out invocation)	2026-09-07T12:46:40.1866024Z Project FPS: 145 (6.89 mspf)
GUT GDScript suite under Godot 4.3 headless (blocking)	Run GUT unit suite (canonical close-out invocation)	2026-09-07T12:46:41.1802191Z Project FPS: 144 (6.94 mspf)
GUT GDScript suite under Godot 4.3 headless (blocking)	Run GUT unit suite (canonical close-out invocation)	2026-09-07T12:46:42.1807355Z Project FPS: 145 (6.89 mspf)
GUT GDScript suite under Godot 4.3 headless (blocking)	Run GUT unit suite (canonical close-out invocation)	2026-09-07T12:46:43.1812372Z Project FPS: 145 (6.89 mspf)
GUT GDScript suite under Godot 4.3 headless (blocking)	Run GUT unit suite (canonical close-out invocation)	2026-09-07T12:46:44.1817880Z Project FPS: 145 (6.89 mspf)
GUT GDScript suite under Godot 4.3 headless (blocking)	Run GUT unit suite (canonical close-out invocation)	2026-09-07T12:46:45.1823011Z Project FPS: 145 (6.89 mspf)
GUT GDScript suite under Godot 4.3 headless (blocking)	Run GUT unit suite (canonical close-out invocation)	2026-09-07T12:46:46.1828123Z Project FPS: 145 (6.89 mspf)
GUT GDScript suite under Godot 4.3 headless (blocking)	Run GUT unit suite (canonical close-out invocation)	2026-09-07T12:46:47.1833436Z Project FPS: 145 (6.89 mspf)
GUT GDScript suite under Godot 4.3 headless (blocking)	Run GUT unit suite (canonical close-out invocation)	2026-09-07T12:46:48.1838587Z Project FPS: 145 (6.89 mspf)
GUT GDScript suite under Godot 4.3 headless (blocking)	Run GUT unit suite (canonical close-out invocation)	2026-09-07T12:46:49.1844376Z Project FPS: 145 (6.89 mspf)
GUT GDScript suite under Godot 4.3 headless (blocking)	Run GUT unit suite (canonical close-out invocation)	2026-09-07T12:46:50.1849135Z Project FPS: 145 (6.89 mspf)
GUT GDScript suite under Godot 4.3 headless (blocking)	Run GUT unit suite (canonical close-out invocation)	2026-09-07T12:46:51.1854471Z Project FPS: 145 (6.89 mspf)
GUT GDScript suite under Godot 4.3 headless (blocking)	Run GUT unit suite (canonical close-out invocation)	2026-09-07T12:46:52.1859575Z Project FPS: 145 (6.89 mspf)
GUT GDScript suite under Godot 4.3 headless (blocking)	Run GUT unit suite (canonical close-out invocation)	2026-09-07T12:46:53.1864625Z Project FPS: 145 (6.89 mspf)
GUT GDScript suite under Godot 4.3 headless (blocking)	Run GUT unit suite (canonical close-out invocation)	2026-09-07T12:46:54.1869617Z Project FPS: 145 (6.89 mspf)
GUT GDScript suite under Godot 4.3 headless (blocking)	Run GUT unit suite (canonical close-out invocation)	2026-09-07T12:46:55.1805988Z Project FPS: 144 (6.94 mspf)
GUT GDScript suite under Godot 4.3 headless (blocking)	Run GUT unit suite (canonical close-out invocation)	2026-09-07T12:46:56.1811013Z Project FPS: 145 (6.89 mspf)
GUT GDScript suite under Godot 4.3 headless (blocking)	Run GUT unit suite (canonical close-out invocation)	2026-09-07T12:46:57.1816418Z Project FPS: 145 (6.89 mspf)
GUT GDScript suite under Godot 4.3 headless (blocking)	Run GUT unit suite (canonical close-out invocation)	2026-09-07T12:46:58.1821432Z Project FPS: 145 (6.89 mspf)
GUT GDScript suite under Godot 4.3 headless (blocking)	Run GUT unit suite (canonical close-out invocation)	2026-09-07T12:46:59.1826546Z Project FPS: 145 (6.89 mspf)
GUT GDScript suite under Godot 4.3 headless (blocking)	Run GUT unit suite (canonical close-out invocation)	2026-09-07T12:47:00.1831999Z Project FPS: 145 (6.89 mspf)
GUT GDScript suite under Godot 4.3 headless (blocking)	Run GUT unit suite (canonical close-out invocation)	2026-09-07T12:47:01.1837254Z Project FPS: 145 (6.89 mspf)
GUT GDScript suite under Godot 4.3 headless (blocking)	Run GUT unit suite (canonical close-out invocation)	2026-09-07T12:47:02.1842413Z Project FPS: 145 (6.89 mspf)
GUT GDScript suite under Godot 4.3 headless (blocking)	Run GUT unit suite (canonical close-out invocation)	2026-09-07T12:47:03.1847563Z Project FPS: 145 (6.89 mspf)
GUT GDScript suite under Godot 4.3 headless (blocking)	Run GUT unit suite (canonical close-out invocation)	2026-09-07T12:47:04.1853640Z Project FPS: 145 (6.89 mspf)
GUT GDScript suite under Godot 4.3 headless (blocking)	Run GUT unit suite (canonical close-out invocation)	2026-09-07T12:47:05.1857943Z Project FPS: 145 (6.89 mspf)
GUT GDScript suite under Godot 4.3 headless (blocking)	Run GUT unit suite (canonical close-out invocation)	2026-09-07T12:47:06.1863663Z Project FPS: 145 (6.89 mspf)
GUT GDScript suite under Godot 4.3 headless (blocking)	Run GUT unit suite (canonical close-out invocation)	2026-09-07T12:47:07.1868437Z Project FPS: 145 (6.89 mspf)
GUT GDScript suite under Godot 4.3 headless (blocking)	Run GUT unit suite (canonical close-out invocation)	2026-09-07T12:47:08.1873487Z Project FPS: 145 (6.89 mspf)
GUT GDScript suite under Godot 4.3 headless (blocking)	Run GUT unit suite (canonical close-out invocation)	2026-09-07T12:47:09.1809399Z Project FPS: 144 (6.94 mspf)
GUT GDScript suite under Godot 4.3 headless (blocking)	Run GUT unit suite (canonical close-out invocation)	2026-09-07T12:47:10.1814989Z Project FPS: 145 (6.89 mspf)
GUT GDScript suite under Godot 4.3 headless (blocking)	Run GUT unit suite (canonical close-out invocation)	2026-09-07T12:47:11.1820487Z Project FPS: 145 (6.89 mspf)
GUT GDScript suite under Godot 4.3 headless (blocking)	Run GUT unit suite (canonical close-out invocation)	2026-09-07T12:47:12.1825729Z Project FPS: 145 (6.89 mspf)
GUT GDScript suite under Godot 4.3 headless (blocking)	Run GUT unit suite (canonical close-out invocation)	2026-09-07T12:47:13.1830896Z Project FPS: 145 (6.89 mspf)
GUT GDScript suite under Godot 4.3 headless (blocking)	Run GUT unit suite (canonical close-out invocation)	2026-09-07T12:47:14.1836120Z Project FPS: 145 (6.89 mspf)
GUT GDScript suite under Godot 4.3 headless (blocking)	Run GUT unit suite (canonical close-out invocation)	2026-09-07T12:47:15.1841517Z Project FPS: 145 (6.89 mspf)
GUT GDScript suite under Godot 4.3 headless (blocking)	Run GUT unit suite (canonical close-out invocation)	2026-09-07T12:47:16.1846459Z Project FPS: 145 (6.89 mspf)
GUT GDScript suite under Godot 4.3 headless (blocking)	Run GUT unit suite (canonical close-out invocation)	2026-09-07T12:47:17.1851927Z Project FPS: 145 (6.89 mspf)
GUT GDScript suite under Godot 4.3 headless (blocking)	Run GUT unit suite (canonical close-out invocation)	2026-09-07T12:47:18.1856756Z Project FPS: 145 (6.89 mspf)
GUT GDScript suite under Godot 4.3 headless (blocking)	Run GUT unit suite (canonical close-out invocation)	2026-09-07T12:47:19.1861641Z Project FPS: 145 (6.89 mspf)
GUT GDScript suite under Godot 4.3 headless (blocking)	Run GUT unit suite (canonical close-out invocation)	2026-09-07T12:47:20.1867024Z Project FPS: 145 (6.89 mspf)
GUT GDScript suite under Godot 4.3 headless (blocking)	Run GUT unit suite (canonical close-out invocation)	2026-09-07T12:47:21.1872214Z Project FPS: 145 (6.89 mspf)
GUT GDScript suite under Godot 4.3 headless (blocking)	Run GUT unit suite (canonical close-out invocation)	2026-09-07T12:47:22.1808561Z Project FPS: 144 (6.94 mspf)
GUT GDScript suite under Godot 4.3 headless (blocking)	Run GUT unit suite (canonical close-out invocation)	2026-09-07T12:47:23.1813479Z Project FPS: 145 (6.89 mspf)
GUT GDScript suite under Godot 4.3 headless (blocking)	Run GUT unit suite (canonical close-out invocation)	2026-09-07T12:47:24.1818835Z Project FPS: 145 (6.89 mspf)
GUT GDScript suite under Godot 4.3 headless (blocking)	Run GUT unit suite (canonical close-out invocation)	2026-09-07T12:47:25.1824040Z Project FPS: 145 (6.89 mspf)
GUT GDScript suite under Godot 4.3 headless (blocking)	Run GUT unit suite (canonical close-out invocation)	2026-09-07T12:47:26.1829226Z Project FPS: 145 (6.89 mspf)
GUT GDScript suite under Godot 4.3 headless (blocking)	Run GUT unit suite (canonical close-out invocation)	2026-09-07T12:47:27.1834001Z Project FPS: 145 (6.89 mspf)
GUT GDScript suite under Godot 4.3 headless (blocking)	Run GUT unit suite (canonical close-out invocation)	2026-09-07T12:47:28.1839882Z Project FPS: 145 (6.89 mspf)
GUT GDScript suite under Godot 4.3 headless (blocking)	Run GUT unit suite (canonical close-out invocation)	2026-09-07T12:47:29.1844968Z Project FPS: 145 (6.89 mspf)
GUT GDScript suite under Godot 4.3 headless (blocking)	Run GUT unit suite (canonical close-out invocation)	2026-09-07T12:47:30.1850313Z Project FPS: 145 (6.89 mspf)
GUT GDScript suite under Godot 4.3 headless (blocking)	Run GUT unit suite (canonical close-out invocation)	2026-09-07T12:47:31.1855521Z Project FPS: 145 (6.89 mspf)
GUT GDScript suite under Godot 4.3 headless (blocking)	Run GUT unit suite (canonical close-out invocation)	2026-09-07T12:47:32.1860233Z Project FPS: 145 (6.89 mspf)
GUT GDScript suite under Godot 4.3 headless (blocking)	Run GUT unit suite (canonical close-out invocation)	2026-09-07T12:47:33.1865416Z Project FPS: 145 (6.89 mspf)
GUT GDScript suite under Godot 4.3 headless (blocking)	Run GUT unit suite (canonical close-out invocation)	2026-09-07T12:47:34.1870489Z Project FPS: 145 (6.89 mspf)
GUT GDScript suite under Godot 4.3 headless (blocking)	Run GUT unit suite (canonical close-out invocation)	2026-09-07T12:47:35.1875791Z Project FPS: 145 (6.89 mspf)
GUT GDScript suite under Godot 4.3 headless (blocking)	Run GUT unit suite (canonical close-out invocation)	2026-09-07T12:47:36.1811955Z Project FPS: 144 (6.94 mspf)
GUT GDScript suite under Godot 4.3 headless (blocking)	Run GUT unit suite (canonical close-out invocation)	2026-09-07T12:47:37.1817035Z Project FPS: 145 (6.89 mspf)
GUT GDScript suite under Godot 4.3 headless (blocking)	Run GUT unit suite (canonical close-out invocation)	2026-09-07T12:47:38.1822305Z Project FPS: 145 (6.89 mspf)
GUT GDScript suite under Godot 4.3 headless (blocking)	Run GUT unit suite (canonical close-out invocation)	2026-09-07T12:47:39.1827719Z Project FPS: 145 (6.89 mspf)
GUT GDScript suite under Godot 4.3 headless (blocking)	Run GUT unit suite (canonical close-out invocation)	2026-09-07T12:47:40.1832991Z Project FPS: 145 (6.89 mspf)
GUT GDScript suite under Godot 4.3 headless (blocking)	Run GUT unit suite (canonical close-out invocation)	2026-09-07T12:47:41.1838839Z Project FPS: 145 (6.89 mspf)
GUT GDScript suite under Godot 4.3 headless (blocking)	Run GUT unit suite (canonical close-out invocation)	2026-09-07T12:47:42.1843518Z Project FPS: 145 (6.89 mspf)
GUT GDScript suite under Godot 4.3 headless (blocking)	Run GUT unit suite (canonical close-out invocation)	2026-09-07T12:47:43.1848683Z Project FPS: 145 (6.89 mspf)
GUT GDScript suite under Godot 4.3 headless (blocking)	Run GUT unit suite (canonical close-out invocation)	2026-09-07T12:47:44.1853877Z Project FPS: 145 (6.89 mspf)
GUT GDScript suite under Godot 4.3 headless (blocking)	Run GUT unit suite (canonical close-out invocation)	2026-09-07T12:47:45.1859204Z Project FPS: 145 (6.89 mspf)
GUT GDScript suite under Godot 4.3 headless (blocking)	Run GUT unit suite (canonical close-out invocation)	2026-09-07T12:47:46.1864467Z Project FPS: 145 (6.89 mspf)
GUT GDScript suite under Godot 4.3 headless (blocking)	Run GUT unit suite (canonical close-out invocation)	2026-09-07T12:47:47.1870100Z Project FPS: 145 (6.89 mspf)
GUT GDScript suite under Godot 4.3 headless (blocking)	Run GUT unit suite (canonical close-out invocation)	2026-09-07T12:47:48.1874914Z Project FPS: 145 (6.89 mspf)
GUT GDScript suite under Godot 4.3 headless (blocking)	Run GUT unit suite (canonical close-out invocation)	2026-09-07T12:47:49.1879927Z Project FPS: 145 (6.89 mspf)
GUT GDScript suite under Godot 4.3 headless (blocking)	Run GUT unit suite (canonical close-out invocation)	2026-09-07T12:47:50.1816116Z Project FPS: 144 (6.94 mspf)
GUT GDScript suite under Godot 4.3 headless (blocking)	Run GUT unit suite (canonical close-out invocation)	2026-09-07T12:47:51.1821123Z Project FPS: 145 (6.89 mspf)
GUT GDScript suite under Godot 4.3 headless (blocking)	Run GUT unit suite (canonical close-out invocation)	2026-09-07T12:47:52.1827418Z Project FPS: 145 (6.89 mspf)
GUT GDScript suite under Godot 4.3 headless (blocking)	Run GUT unit suite (canonical close-out invocation)	2026-09-07T12:47:53.1831967Z Project FPS: 145 (6.89 mspf)
GUT GDScript suite under Godot 4.3 headless (blocking)	Run GUT unit suite (canonical close-out invocation)	2026-09-07T12:47:54.1837308Z Project FPS: 145 (6.89 mspf)
GUT GDScript suite under Godot 4.3 headless (blocking)	Run GUT unit suite (canonical close-out invocation)	2026-09-07T12:47:55.1842715Z Project FPS: 145 (6.89 mspf)
GUT GDScript suite under Godot 4.3 headless (blocking)	Run GUT unit suite (canonical close-out invocation)	2026-09-07T12:47:56.1847528Z Project FPS: 145 (6.89 mspf)
GUT GDScript suite under Godot 4.3 headless (blocking)	Run GUT unit suite (canonical close-out invocation)	2026-09-07T12:47:57.1852917Z Project FPS: 145 (6.89 mspf)
GUT GDScript suite under Godot 4.3 headless (blocking)	Run GUT unit suite (canonical close-out invocation)	2026-09-07T12:47:58.1858264Z Project FPS: 145 (6.89 mspf)
GUT GDScript suite under Godot 4.3 headless (blocking)	Run GUT unit suite (canonical close-out invocation)	2026-09-07T12:47:59.1863368Z Project FPS: 145 (6.89 mspf)
GUT GDScript suite under Godot 4.3 headless (blocking)	Run GUT unit suite (canonical close-out invocation)	2026-09-07T12:48:00.1868705Z Project FPS: 145 (6.89 mspf)
GUT GDScript suite under Godot 4.3 headless (blocking)	Run GUT unit suite (canonical close-out invocation)	2026-09-07T12:48:01.1873936Z Project FPS: 145 (6.89 mspf)
GUT GDScript suite under Godot 4.3 headless (blocking)	Run GUT unit suite (canonical close-out invocation)	2026-09-07T12:48:02.1879566Z Project FPS: 145 (6.89 mspf)
GUT GDScript suite under Godot 4.3 headless (blocking)	Run GUT unit suite (canonical close-out invocation)	2026-09-07T12:48:03.1884581Z Project FPS: 145 (6.89 mspf)
GUT GDScript suite under Godot 4.3 headless (blocking)	Run GUT unit suite (canonical close-out invocation)	2026-09-07T12:48:04.1820654Z Project FPS: 144 (6.94 mspf)
GUT GDScript suite under Godot 4.3 headless (blocking)	Run GUT unit suite (canonical close-out invocation)	2026-09-07T12:48:05.1825842Z Project FPS: 145 (6.89 mspf)
GUT GDScript suite under Godot 4.3 headless (blocking)	Run GUT unit suite (canonical close-out invocation)	2026-09-07T12:48:06.1830582Z Project FPS: 145 (6.89 mspf)
GUT GDScript suite under Godot 4.3 headless (blocking)	Run GUT unit suite (canonical close-out invocation)	2026-09-07T12:48:07.1836631Z Project FPS: 145 (6.89 mspf)
GUT GDScript suite under Godot 4.3 headless (blocking)	Run GUT unit suite (canonical close-out invocation)	2026-09-07T12:48:08.1841866Z Project FPS: 145 (6.89 mspf)
GUT GDScript suite under Godot 4.3 headless (blocking)	Run GUT unit suite (canonical close-out invocation)	2026-09-07T12:48:09.1846085Z Project FPS: 145 (6.89 mspf)
GUT GDScript suite under Godot 4.3 headless (blocking)	Run GUT unit suite (canonical close-out invocation)	2026-09-07T12:48:10.1851326Z Project FPS: 145 (6.89 mspf)
GUT GDScript suite under Godot 4.3 headless (blocking)	Run GUT unit suite (canonical close-out invocation)	2026-09-07T12:48:11.1856650Z Project FPS: 145 (6.89 mspf)
GUT GDScript suite under Godot 4.3 headless (blocking)	Run GUT unit suite (canonical close-out invocation)	2026-09-07T12:48:12.1861522Z Project FPS: 145 (6.89 mspf)
GUT GDScript suite under Godot 4.3 headless (blocking)	Run GUT unit suite (canonical close-out invocation)	2026-09-07T12:48:13.1867318Z Project FPS: 145 (6.89 mspf)
GUT GDScript suite under Godot 4.3 headless (blocking)	Run GUT unit suite (canonical close-out invocation)	2026-09-07T12:48:14.1872328Z Project FPS: 145 (6.89 mspf)
GUT GDScript suite under Godot 4.3 headless (blocking)	Run GUT unit suite (canonical close-out invocation)	2026-09-07T12:48:15.1877628Z Project FPS: 145 (6.89 mspf)
GUT GDScript suite under Godot 4.3 headless (blocking)	Run GUT unit suite (canonical close-out invocation)	2026-09-07T12:48:16.1883070Z Project FPS: 145 (6.89 mspf)
GUT GDScript suite under Godot 4.3 headless (blocking)	Run GUT unit suite (canonical close-out invocation)	2026-09-07T12:48:17.1888709Z Project FPS: 145 (6.89 mspf)
GUT GDScript suite under Godot 4.3 headless (blocking)	Run GUT unit suite (canonical close-out invocation)	2026-09-07T12:48:18.1824026Z Project FPS: 144 (6.94 mspf)
GUT GDScript suite under Godot 4.3 headless (blocking)	Run GUT unit suite (canonical close-out invocation)	2026-09-07T12:48:19.1829390Z Project FPS: 145 (6.89 mspf)
GUT GDScript suite under Godot 4.3 headless (blocking)	Run GUT unit suite (canonical close-out invocation)	2026-09-07T12:48:20.1835074Z Project FPS: 145 (6.89 mspf)
GUT GDScript suite under Godot 4.3 headless (blocking)	Run GUT unit suite (canonical close-out invocation)	2026-09-07T12:48:21.1839935Z Project FPS: 145 (6.89 mspf)
GUT GDScript suite under Godot 4.3 headless (blocking)	Run GUT unit suite (canonical close-out invocation)	2026-09-07T12:48:22.1845474Z Project FPS: 145 (6.89 mspf)
GUT GDScript suite under Godot 4.3 headless (blocking)	Run GUT unit suite (canonical close-out invocation)	2026-09-07T12:48:23.1850206Z Project FPS: 145 (6.89 mspf)
GUT GDScript suite under Godot 4.3 headless (blocking)	Run GUT unit suite (canonical close-out invocation)	2026-09-07T12:48:24.1855354Z Project FPS: 145 (6.89 mspf)
GUT GDScript suite under Godot 4.3 headless (blocking)	Run GUT unit suite (canonical close-out invocation)	2026-09-07T12:48:25.1860641Z Project FPS: 145 (6.89 mspf)
GUT GDScript suite under Godot 4.3 headless (blocking)	Run GUT unit suite (canonical close-out invocation)	2026-09-07T12:48:26.1866222Z Project FPS: 145 (6.89 mspf)
GUT GDScript suite under Godot 4.3 headless (blocking)	Run GUT unit suite (canonical close-out invocation)	2026-09-07T12:48:27.1871824Z Project FPS: 145 (6.89 mspf)
GUT GDScript suite under Godot 4.3 headless (blocking)	Run GUT unit suite (canonical close-out invocation)	2026-09-07T12:48:28.1876760Z Project FPS: 145 (6.89 mspf)
GUT GDScript suite under Godot 4.3 headless (blocking)	Run GUT unit suite (canonical close-out invocation)	2026-09-07T12:48:29.1880336Z Project FPS: 145 (6.89 mspf)
GUT GDScript suite under Godot 4.3 headless (blocking)	Run GUT unit suite (canonical close-out invocation)	2026-09-07T12:48:30.1886852Z Project FPS: 145 (6.89 mspf)
GUT GDScript suite under Godot 4.3 headless (blocking)	Run GUT unit suite (canonical close-out invocation)	2026-09-07T12:48:31.1822694Z Project FPS: 144 (6.94 mspf)
GUT GDScript suite under Godot 4.3 headless (blocking)	Run GUT unit suite (canonical close-out invocation)	2026-09-07T12:48:32.1827688Z Project FPS: 145 (6.89 mspf)
GUT GDScript suite under Godot 4.3 headless (blocking)	Run GUT unit suite (canonical close-out invocation)	2026-09-07T12:48:33.1832979Z Project FPS: 145 (6.89 mspf)
GUT GDScript suite under Godot 4.3 headless (blocking)	Run GUT unit suite (canonical close-out invocation)	2026-09-07T12:48:34.1838598Z Project FPS: 145 (6.89 mspf)
GUT GDScript suite under Godot 4.3 headless (blocking)	Run GUT unit suite (canonical close-out invocation)	2026-09-07T12:48:35.1844464Z Project FPS: 145 (6.89 mspf)
GUT GDScript suite under Godot 4.3 headless (blocking)	Run GUT unit suite (canonical close-out invocation)	2026-09-07T12:48:36.1848892Z Project FPS: 145 (6.89 mspf)
GUT GDScript suite under Godot 4.3 headless (blocking)	Run GUT unit suite (canonical close-out invocation)	2026-09-07T12:48:37.1853852Z Project FPS: 145 (6.89 mspf)
GUT GDScript suite under Godot 4.3 headless (blocking)	Run GUT unit suite (canonical close-out invocation)	2026-09-07T12:48:38.1859071Z Project FPS: 145 (6.89 mspf)
GUT GDScript suite under Godot 4.3 headless (blocking)	Run GUT unit suite (canonical close-out invocation)	2026-09-07T12:48:39.1864243Z Project FPS: 145 (6.89 mspf)
GUT GDScript suite under Godot 4.3 headless (blocking)	Run GUT unit suite (canonical close-out invocation)	2026-09-07T12:48:40.1869732Z Project FPS: 145 (6.89 mspf)
GUT GDScript suite under Godot 4.3 headless (blocking)	Run GUT unit suite (canonical close-out invocation)	2026-09-07T12:48:41.1877557Z Project FPS: 145 (6.89 mspf)
GUT GDScript suite under Godot 4.3 headless (blocking)	Run GUT unit suite (canonical close-out invocation)	2026-09-07T12:48:42.1880321Z Project FPS: 145 (6.89 mspf)
GUT GDScript suite under Godot 4.3 headless (blocking)	Run GUT unit suite (canonical close-out invocation)	2026-09-07T12:48:43.1885611Z Project FPS: 145 (6.89 mspf)
GUT GDScript suite under Godot 4.3 headless (blocking)	Run GUT unit suite (canonical close-out invocation)	2026-09-07T12:48:44.1890240Z Project FPS: 145 (6.89 mspf)
GUT GDScript suite under Godot 4.3 headless (blocking)	Run GUT unit suite (canonical close-out invocation)	2026-09-07T12:48:45.1826905Z Project FPS: 144 (6.94 mspf)
GUT GDScript suite under Godot 4.3 headless (blocking)	Run GUT unit suite (canonical close-out invocation)	2026-09-07T12:48:46.1832335Z Project FPS: 145 (6.89 mspf)
GUT GDScript suite under Godot 4.3 headless (blocking)	Run GUT unit suite (canonical close-out invocation)	2026-09-07T12:48:47.1835969Z Project FPS: 145 (6.89 mspf)
GUT GDScript suite under Godot 4.3 headless (blocking)	Run GUT unit suite (canonical close-out invocation)	2026-09-07T12:48:48.1842350Z Project FPS: 145 (6.89 mspf)
GUT GDScript suite under Godot 4.3 headless (blocking)	Run GUT unit suite (canonical close-out invocation)	2026-09-07T12:48:49.1846893Z Project FPS: 145 (6.89 mspf)
GUT GDScript suite under Godot 4.3 headless (blocking)	Run GUT unit suite (canonical close-out invocation)	2026-09-07T12:48:50.1853163Z Project FPS: 145 (6.89 mspf)
GUT GDScript suite under Godot 4.3 headless (blocking)	Run GUT unit suite (canonical close-out invocation)	2026-09-07T12:48:51.1858126Z Project FPS: 145 (6.89 mspf)
GUT GDScript suite under Godot 4.3 headless (blocking)	Run GUT unit suite (canonical close-out invocation)	2026-09-07T12:48:52.1862763Z Project FPS: 145 (6.89 mspf)
GUT GDScript suite under Godot 4.3 headless (blocking)	Run GUT unit suite (canonical close-out invocation)	2026-09-07T12:48:53.1867499Z Project FPS: 145 (6.89 mspf)
GUT GDScript suite under Godot 4.3 headless (blocking)	Run GUT unit suite (canonical close-out invocation)	2026-09-07T12:48:54.1873396Z Project FPS: 145 (6.89 mspf)
GUT GDScript suite under Godot 4.3 headless (blocking)	Run GUT unit suite (canonical close-out invocation)	2026-09-07T12:48:55.1878764Z Project FPS: 145 (6.89 mspf)
GUT GDScript suite under Godot 4.3 headless (blocking)	Run GUT unit suite (canonical close-out invocation)	2026-09-07T12:48:56.1883867Z Project FPS: 145 (6.89 mspf)
GUT GDScript suite under Godot 4.3 headless (blocking)	Run GUT unit suite (canonical close-out invocation)	2026-09-07T12:48:57.1889406Z Project FPS: 145 (6.89 mspf)
GUT GDScript suite under Godot 4.3 headless (blocking)	Run GUT unit suite (canonical close-out invocation)	2026-09-07T12:48:58.1894694Z Project FPS: 145 (6.89 mspf)
GUT GDScript suite under Godot 4.3 headless (blocking)	Run GUT unit suite (canonical close-out invocation)	2026-09-07T12:48:59.1829451Z Project FPS: 144 (6.94 mspf)
GUT GDScript suite under Godot 4.3 headless (blocking)	Run GUT unit suite (canonical close-out invocation)	2026-09-07T12:49:00.1836168Z Project FPS: 145 (6.89 mspf)
GUT GDScript suite under Godot 4.3 headless (blocking)	Run GUT unit suite (canonical close-out invocation)	2026-09-07T12:49:01.1841170Z Project FPS: 145 (6.89 mspf)
GUT GDScript suite under Godot 4.3 headless (blocking)	Run GUT unit suite (canonical close-out invocation)	2026-09-07T12:49:02.1846022Z Project FPS: 145 (6.89 mspf)
GUT GDScript suite under Godot 4.3 headless (blocking)	Run GUT unit suite (canonical close-out invocation)	2026-09-07T12:49:03.1851256Z Project FPS: 145 (6.89 mspf)
GUT GDScript suite under Godot 4.3 headless (blocking)	Run GUT unit suite (canonical close-out invocation)	2026-09-07T12:49:04.1856453Z Project FPS: 145 (6.89 mspf)
GUT GDScript suite under Godot 4.3 headless (blocking)	Run GUT unit suite (canonical close-out invocation)	2026-09-07T12:49:05.1861490Z Project FPS: 145 (6.89 mspf)
GUT GDScript suite under Godot 4.3 headless (blocking)	Run GUT unit suite (canonical close-out invocation)	2026-09-07T12:49:06.1866855Z Project FPS: 145 (6.89 mspf)
GUT GDScript suite under Godot 4.3 headless (blocking)	Run GUT unit suite (canonical close-out invocation)	2026-09-07T12:49:07.1870499Z Project FPS: 145 (6.89 mspf)
GUT GDScript suite under Godot 4.3 headless (blocking)	Run GUT unit suite (canonical close-out invocation)	2026-09-07T12:49:08.1876354Z Project FPS: 145 (6.89 mspf)
GUT GDScript suite under Godot 4.3 headless (blocking)	Run GUT unit suite (canonical close-out invocation)	2026-09-07T12:49:09.1881337Z Project FPS: 145 (6.89 mspf)
GUT GDScript suite under Godot 4.3 headless (blocking)	Run GUT unit suite (canonical close-out invocation)	2026-09-07T12:49:10.1886942Z Project FPS: 145 (6.89 mspf)
GUT GDScript suite under Godot 4.3 headless (blocking)	Run GUT unit suite (canonical close-out invocation)	2026-09-07T12:49:11.1892658Z Project FPS: 145 (6.89 mspf)
GUT GDScript suite under Godot 4.3 headless (blocking)	Run GUT unit suite (canonical close-out invocation)	2026-09-07T12:49:12.1897501Z Project FPS: 145 (6.89 mspf)
GUT GDScript suite under Godot 4.3 headless (blocking)	Run GUT unit suite (canonical close-out invocation)	2026-09-07T12:49:13.1833342Z Project FPS: 144 (6.94 mspf)
GUT GDScript suite under Godot 4.3 headless (blocking)	Run GUT unit suite (canonical close-out invocation)	2026-09-07T12:49:14.1838235Z Project FPS: 145 (6.89 mspf)
GUT GDScript suite under Godot 4.3 headless (blocking)	Run GUT unit suite (canonical close-out invocation)	2026-09-07T12:49:15.1844094Z Project FPS: 145 (6.89 mspf)
GUT GDScript suite under Godot 4.3 headless (blocking)	Run GUT unit suite (canonical close-out invocation)	2026-09-07T12:49:16.1849152Z Project FPS: 145 (6.89 mspf)
GUT GDScript suite under Godot 4.3 headless (blocking)	Run GUT unit suite (canonical close-out invocation)	2026-09-07T12:49:17.1854553Z Project FPS: 145 (6.89 mspf)
GUT GDScript suite under Godot 4.3 headless (blocking)	Run GUT unit suite (canonical close-out invocation)	2026-09-07T12:49:18.1859560Z Project FPS: 145 (6.89 mspf)
GUT GDScript suite under Godot 4.3 headless (blocking)	Run GUT unit suite (canonical close-out invocation)	2026-09-07T12:49:19.1864670Z Project FPS: 145 (6.89 mspf)
GUT GDScript suite under Godot 4.3 headless (blocking)	Run GUT unit suite (canonical close-out invocation)	2026-09-07T12:49:20.1870070Z Project FPS: 145 (6.89 mspf)
GUT GDScript suite under Godot 4.3 headless (blocking)	Run GUT unit suite (canonical close-out invocation)	2026-09-07T12:49:21.1875568Z Project FPS: 145 (6.89 mspf)
GUT GDScript suite under Godot 4.3 headless (blocking)	Run GUT unit suite (canonical close-out invocation)	2026-09-07T12:49:22.1880560Z Project FPS: 145 (6.89 mspf)
GUT GDScript suite under Godot 4.3 headless (blocking)	Run GUT unit suite (canonical close-out invocation)	2026-09-07T12:49:23.1885385Z Project FPS: 145 (6.89 mspf)
GUT GDScript suite under Godot 4.3 headless (blocking)	Run GUT unit suite (canonical close-out invocation)	2026-09-07T12:49:24.1890858Z Project FPS: 145 (6.89 mspf)
GUT GDScript suite under Godot 4.3 headless (blocking)	Run GUT unit suite (canonical close-out invocation)	2026-09-07T12:49:25.1896283Z Project FPS: 145 (6.89 mspf)
GUT GDScript suite under Godot 4.3 headless (blocking)	Run GUT unit suite (canonical close-out invocation)	2026-09-07T12:49:26.1901851Z Project FPS: 145 (6.89 mspf)
GUT GDScript suite under Godot 4.3 headless (blocking)	Run GUT unit suite (canonical close-out invocation)	2026-09-07T12:49:27.1837610Z Project FPS: 144 (6.94 mspf)
GUT GDScript suite under Godot 4.3 headless (blocking)	Run GUT unit suite (canonical close-out invocation)	2026-09-07T12:49:28.1842698Z Project FPS: 145 (6.89 mspf)
GUT GDScript suite under Godot 4.3 headless (blocking)	Run GUT unit suite (canonical close-out invocation)	2026-09-07T12:49:29.1847765Z Project FPS: 145 (6.89 mspf)
GUT GDScript suite under Godot 4.3 headless (blocking)	Run GUT unit suite (canonical close-out invocation)	2026-09-07T12:49:30.1853048Z Project FPS: 145 (6.89 mspf)
GUT GDScript suite under Godot 4.3 headless (blocking)	Run GUT unit suite (canonical close-out invocation)	2026-09-07T12:49:31.1858618Z Project FPS: 145 (6.89 mspf)
GUT GDScript suite under Godot 4.3 headless (blocking)	Run GUT unit suite (canonical close-out invocation)	2026-09-07T12:49:32.1863657Z Project FPS: 145 (6.89 mspf)
GUT GDScript suite under Godot 4.3 headless (blocking)	Run GUT unit suite (canonical close-out invocation)	2026-09-07T12:49:33.1868215Z Project FPS: 145 (6.89 mspf)
GUT GDScript suite under Godot 4.3 headless (blocking)	Run GUT unit suite (canonical close-out invocation)	2026-09-07T12:49:34.1873932Z Project FPS: 145 (6.89 mspf)
GUT GDScript suite under Godot 4.3 headless (blocking)	Run GUT unit suite (canonical close-out invocation)	2026-09-07T12:49:35.1879190Z Project FPS: 145 (6.89 mspf)
GUT GDScript suite under Godot 4.3 headless (blocking)	Run GUT unit suite (canonical close-out invocation)	2026-09-07T12:49:36.1884643Z Project FPS: 145 (6.89 mspf)
GUT GDScript suite under Godot 4.3 headless (blocking)	Run GUT unit suite (canonical close-out invocation)	2026-09-07T12:49:37.1889077Z Project FPS: 145 (6.89 mspf)
GUT GDScript suite under Godot 4.3 headless (blocking)	Run GUT unit suite (canonical close-out invocation)	2026-09-07T12:49:38.1894568Z Project FPS: 145 (6.89 mspf)
GUT GDScript suite under Godot 4.3 headless (blocking)	Run GUT unit suite (canonical close-out invocation)	2026-09-07T12:49:39.1899841Z Project FPS: 145 (6.89 mspf)
GUT GDScript suite under Godot 4.3 headless (blocking)	Run GUT unit suite (canonical close-out invocation)	2026-09-07T12:49:40.1836229Z Project FPS: 144 (6.94 mspf)
GUT GDScript suite under Godot 4.3 headless (blocking)	Run GUT unit suite (canonical close-out invocation)	2026-09-07T12:49:41.1840987Z Project FPS: 145 (6.89 mspf)
GUT GDScript suite under Godot 4.3 headless (blocking)	Run GUT unit suite (canonical close-out invocation)	2026-09-07T12:49:42.1846907Z Project FPS: 145 (6.89 mspf)
GUT GDScript suite under Godot 4.3 headless (blocking)	Run GUT unit suite (canonical close-out invocation)	2026-09-07T12:49:43.1851842Z Project FPS: 145 (6.89 mspf)
GUT GDScript suite under Godot 4.3 headless (blocking)	Run GUT unit suite (canonical close-out invocation)	2026-09-07T12:49:44.1857094Z Project FPS: 145 (6.89 mspf)
GUT GDScript suite under Godot 4.3 headless (blocking)	Run GUT unit suite (canonical close-out invocation)	2026-09-07T12:49:45.1862375Z Project FPS: 145 (6.89 mspf)
GUT GDScript suite under Godot 4.3 headless (blocking)	Run GUT unit suite (canonical close-out invocation)	2026-09-07T12:49:46.1867473Z Project FPS: 145 (6.89 mspf)
GUT GDScript suite under Godot 4.3 headless (blocking)	Run GUT unit suite (canonical close-out invocation)	2026-09-07T12:49:47.1871426Z Project FPS: 145 (6.89 mspf)
GUT GDScript suite under Godot 4.3 headless (blocking)	Run GUT unit suite (canonical close-out invocation)	2026-09-07T12:49:48.1878154Z Project FPS: 145 (6.89 mspf)
GUT GDScript suite under Godot 4.3 headless (blocking)	Run GUT unit suite (canonical close-out invocation)	2026-09-07T12:49:49.1882896Z Project FPS: 145 (6.89 mspf)
GUT GDScript suite under Godot 4.3 headless (blocking)	Run GUT unit suite (canonical close-out invocation)	2026-09-07T12:49:50.1887819Z Project FPS: 145 (6.89 mspf)
GUT GDScript suite under Godot 4.3 headless (blocking)	Run GUT unit suite (canonical close-out invocation)	2026-09-07T12:49:51.1893149Z Project FPS: 145 (6.89 mspf)
GUT GDScript suite under Godot 4.3 headless (blocking)	Run GUT unit suite (canonical close-out invocation)	2026-09-07T12:49:52.1899053Z Project FPS: 145 (6.89 mspf)
GUT GDScript suite under Godot 4.3 headless (blocking)	Run GUT unit suite (canonical close-out invocation)	2026-09-07T12:49:53.1903118Z Project FPS: 145 (6.89 mspf)
GUT GDScript suite under Godot 4.3 headless (blocking)	Run GUT unit suite (canonical close-out invocation)	2026-09-07T12:49:54.1840239Z Project FPS: 144 (6.94 mspf)
GUT GDScript suite under Godot 4.3 headless (blocking)	Run GUT unit suite (canonical close-out invocation)	2026-09-07T12:49:55.1844265Z Project FPS: 145 (6.89 mspf)
GUT GDScript suite under Godot 4.3 headless (blocking)	Run GUT unit suite (canonical close-out invocation)	2026-09-07T12:49:56.1850208Z Project FPS: 145 (6.89 mspf)
GUT GDScript suite under Godot 4.3 headless (blocking)	Run GUT unit suite (canonical close-out invocation)	2026-09-07T12:49:57.1855822Z Project FPS: 145 (6.89 mspf)
GUT GDScript suite under Godot 4.3 headless (blocking)	Run GUT unit suite (canonical close-out invocation)	2026-09-07T12:49:58.1861022Z Project FPS: 145 (6.89 mspf)
GUT GDScript suite under Godot 4.3 headless (blocking)	Run GUT unit suite (canonical close-out invocation)	2026-09-07T12:49:59.1866326Z Project FPS: 145 (6.89 mspf)
GUT GDScript suite under Godot 4.3 headless (blocking)	Run GUT unit suite (canonical close-out invocation)	2026-09-07T12:50:00.1871891Z Project FPS: 145 (6.89 mspf)
GUT GDScript suite under Godot 4.3 headless (blocking)	Run GUT unit suite (canonical close-out invocation)	2026-09-07T12:50:01.1876334Z Project FPS: 145 (6.89 mspf)
GUT GDScript suite under Godot 4.3 headless (blocking)	Run GUT unit suite (canonical close-out invocation)	2026-09-07T12:50:02.1881601Z Project FPS: 145 (6.89 mspf)
GUT GDScript suite under Godot 4.3 headless (blocking)	Run GUT unit suite (canonical close-out invocation)	2026-09-07T12:50:03.1887041Z Project FPS: 145 (6.89 mspf)
GUT GDScript suite under Godot 4.3 headless (blocking)	Run GUT unit suite (canonical close-out invocation)	2026-09-07T12:50:04.1891889Z Project FPS: 145 (6.89 mspf)
GUT GDScript suite under Godot 4.3 headless (blocking)	Run GUT unit suite (canonical close-out invocation)	2026-09-07T12:50:05.1897044Z Project FPS: 145 (6.89 mspf)
GUT GDScript suite under Godot 4.3 headless (blocking)	Run GUT unit suite (canonical close-out invocation)	2026-09-07T12:50:06.1902219Z Project FPS: 145 (6.89 mspf)
GUT GDScript suite under Godot 4.3 headless (blocking)	Run GUT unit suite (canonical close-out invocation)	2026-09-07T12:50:07.1907220Z Project FPS: 145 (6.89 mspf)
GUT GDScript suite under Godot 4.3 headless (blocking)	Run GUT unit suite (canonical close-out invocation)	2026-09-07T12:50:08.1843723Z Project FPS: 144 (6.94 mspf)
GUT GDScript suite under Godot 4.3 headless (blocking)	Run GUT unit suite (canonical close-out invocation)	2026-09-07T12:50:09.1848588Z Project FPS: 145 (6.89 mspf)
GUT GDScript suite under Godot 4.3 headless (blocking)	Run GUT unit suite (canonical close-out invocation)	2026-09-07T12:50:10.1854225Z Project FPS: 145 (6.89 mspf)
GUT GDScript suite under Godot 4.3 headless (blocking)	Run GUT unit suite (canonical close-out invocation)	2026-09-07T12:50:11.1859257Z Project FPS: 145 (6.89 mspf)
GUT GDScript suite under Godot 4.3 headless (blocking)	Run GUT unit suite (canonical close-out invocation)	2026-09-07T12:50:12.1864644Z Project FPS: 145 (6.89 mspf)
GUT GDScript suite under Godot 4.3 headless (blocking)	Run GUT unit suite (canonical close-out invocation)	2026-09-07T12:50:13.1869749Z Project FPS: 145 (6.89 mspf)
GUT GDScript suite under Godot 4.3 headless (blocking)	Run GUT unit suite (canonical close-out invocation)	2026-09-07T12:50:14.1874920Z Project FPS: 145 (6.89 mspf)
GUT GDScript suite under Godot 4.3 headless (blocking)	Run GUT unit suite (canonical close-out invocation)	2026-09-07T12:50:15.1880874Z Project FPS: 145 (6.89 mspf)
GUT GDScript suite under Godot 4.3 headless (blocking)	Run GUT unit suite (canonical close-out invocation)	2026-09-07T12:50:16.1885370Z Project FPS: 145 (6.89 mspf)
GUT GDScript suite under Godot 4.3 headless (blocking)	Run GUT unit suite (canonical close-out invocation)	2026-09-07T12:50:17.1890425Z Project FPS: 145 (6.89 mspf)
GUT GDScript suite under Godot 4.3 headless (blocking)	Run GUT unit suite (canonical close-out invocation)	2026-09-07T12:50:18.1895766Z Project FPS: 145 (6.89 mspf)
GUT GDScript suite under Godot 4.3 headless (blocking)	Run GUT unit suite (canonical close-out invocation)	2026-09-07T12:50:19.1900878Z Project FPS: 145 (6.89 mspf)
GUT GDScript suite under Godot 4.3 headless (blocking)	Run GUT unit suite (canonical close-out invocation)	2026-09-07T12:50:20.1906104Z Project FPS: 145 (6.89 mspf)
GUT GDScript suite under Godot 4.3 headless (blocking)	Run GUT unit suite (canonical close-out invocation)	2026-09-07T12:50:21.1911204Z Project FPS: 145 (6.89 mspf)
GUT GDScript suite under Godot 4.3 headless (blocking)	Run GUT unit suite (canonical close-out invocation)	2026-09-07T12:50:22.1847081Z Project FPS: 144 (6.94 mspf)
GUT GDScript suite under Godot 4.3 headless (blocking)	Run GUT unit suite (canonical close-out invocation)	2026-09-07T12:50:23.1852916Z Project FPS: 145 (6.89 mspf)
GUT GDScript suite under Godot 4.3 headless (blocking)	Run GUT unit suite (canonical close-out invocation)	2026-09-07T12:50:24.1857562Z Project FPS: 145 (6.89 mspf)
GUT GDScript suite under Godot 4.3 headless (blocking)	Run GUT unit suite (canonical close-out invocation)	2026-09-07T12:50:25.1863227Z Project FPS: 145 (6.89 mspf)
GUT GDScript suite under Godot 4.3 headless (blocking)	Run GUT unit suite (canonical close-out invocation)	2026-09-07T12:50:26.1868612Z Project FPS: 145 (6.89 mspf)
GUT GDScript suite under Godot 4.3 headless (blocking)	Run GUT unit suite (canonical close-out invocation)	2026-09-07T12:50:27.1873552Z Project FPS: 145 (6.89 mspf)
GUT GDScript suite under Godot 4.3 headless (blocking)	Run GUT unit suite (canonical close-out invocation)	2026-09-07T12:50:28.1878877Z Project FPS: 145 (6.89 mspf)
GUT GDScript suite under Godot 4.3 headless (blocking)	Run GUT unit suite (canonical close-out invocation)	2026-09-07T12:50:29.1884097Z Project FPS: 145 (6.89 mspf)
GUT GDScript suite under Godot 4.3 headless (blocking)	Run GUT unit suite (canonical close-out invocation)	2026-09-07T12:50:30.1889218Z Project FPS: 145 (6.89 mspf)
GUT GDScript suite under Godot 4.3 headless (blocking)	Run GUT unit suite (canonical close-out invocation)	2026-09-07T12:50:31.1894382Z Project FPS: 145 (6.89 mspf)
GUT GDScript suite under Godot 4.3 headless (blocking)	Run GUT unit suite (canonical close-out invocation)	2026-09-07T12:50:32.1899337Z Project FPS: 145 (6.89 mspf)
GUT GDScript suite under Godot 4.3 headless (blocking)	Run GUT unit suite (canonical close-out invocation)	2026-09-07T12:50:33.1904731Z Project FPS: 145 (6.89 mspf)
GUT GDScript suite under Godot 4.3 headless (blocking)	Run GUT unit suite (canonical close-out invocation)	2026-09-07T12:50:34.1909795Z Project FPS: 145 (6.89 mspf)
GUT GDScript suite under Godot 4.3 headless (blocking)	Run GUT unit suite (canonical close-out invocation)	2026-09-07T12:50:35.1915160Z Project FPS: 145 (6.89 mspf)
GUT GDScript suite under Godot 4.3 headless (blocking)	Run GUT unit suite (canonical close-out invocation)	2026-09-07T12:50:36.1850617Z Project FPS: 144 (6.94 mspf)
GUT GDScript suite under Godot 4.3 headless (blocking)	Run GUT unit suite (canonical close-out invocation)	2026-09-07T12:50:37.1856639Z Project FPS: 145 (6.89 mspf)
GUT GDScript suite under Godot 4.3 headless (blocking)	Run GUT unit suite (canonical close-out invocation)	2026-09-07T12:50:38.1861850Z Project FPS: 145 (6.89 mspf)
GUT GDScript suite under Godot 4.3 headless (blocking)	Run GUT unit suite (canonical close-out invocation)	2026-09-07T12:50:39.1867355Z Project FPS: 145 (6.89 mspf)
GUT GDScript suite under Godot 4.3 headless (blocking)	Run GUT unit suite (canonical close-out invocation)	2026-09-07T12:50:40.1872199Z Project FPS: 145 (6.89 mspf)
GUT GDScript suite under Godot 4.3 headless (blocking)	Run GUT unit suite (canonical close-out invocation)	2026-09-07T12:50:41.1877476Z Project FPS: 145 (6.89 mspf)
GUT GDScript suite under Godot 4.3 headless (blocking)	Run GUT unit suite (canonical close-out invocation)	2026-09-07T12:50:42.1882580Z Project FPS: 145 (6.89 mspf)
GUT GDScript suite under Godot 4.3 headless (blocking)	Run GUT unit suite (canonical close-out invocation)	2026-09-07T12:50:43.1887770Z Project FPS: 145 (6.89 mspf)
GUT GDScript suite under Godot 4.3 headless (blocking)	Run GUT unit suite (canonical close-out invocation)	2026-09-07T12:50:44.1893240Z Project FPS: 145 (6.89 mspf)
GUT GDScript suite under Godot 4.3 headless (blocking)	Run GUT unit suite (canonical close-out invocation)	2026-09-07T12:50:45.1898369Z Project FPS: 145 (6.89 mspf)
GUT GDScript suite under Godot 4.3 headless (blocking)	Run GUT unit suite (canonical close-out invocation)	2026-09-07T12:50:46.1903427Z Project FPS: 145 (6.89 mspf)
GUT GDScript suite under Godot 4.3 headless (blocking)	Run GUT unit suite (canonical close-out invocation)	2026-09-07T12:50:47.1908173Z Project FPS: 145 (6.89 mspf)
GUT GDScript suite under Godot 4.3 headless (blocking)	Run GUT unit suite (canonical close-out invocation)	2026-09-07T12:50:48.1914050Z Project FPS: 145 (6.89 mspf)
GUT GDScript suite under Godot 4.3 headless (blocking)	Run GUT unit suite (canonical close-out invocation)	2026-09-07T12:50:49.1850100Z Project FPS: 144 (6.94 mspf)
GUT GDScript suite under Godot 4.3 headless (blocking)	Run GUT unit suite (canonical close-out invocation)	2026-09-07T12:50:50.1855542Z Project FPS: 145 (6.89 mspf)
GUT GDScript suite under Godot 4.3 headless (blocking)	Run GUT unit suite (canonical close-out invocation)	2026-09-07T12:50:51.1860055Z Project FPS: 145 (6.89 mspf)
GUT GDScript suite under Godot 4.3 headless (blocking)	Run GUT unit suite (canonical close-out invocation)	2026-09-07T12:50:52.1865618Z Project FPS: 145 (6.89 mspf)
GUT GDScript suite under Godot 4.3 headless (blocking)	Run GUT unit suite (canonical close-out invocation)	2026-09-07T12:50:53.1870922Z Project FPS: 145 (6.89 mspf)
GUT GDScript suite under Godot 4.3 headless (blocking)	Run GUT unit suite (canonical close-out invocation)	2026-09-07T12:50:54.1876474Z Project FPS: 145 (6.89 mspf)
GUT GDScript suite under Godot 4.3 headless (blocking)	Run GUT unit suite (canonical close-out invocation)	2026-09-07T12:50:55.1880858Z Project FPS: 145 (6.89 mspf)
GUT GDScript suite under Godot 4.3 headless (blocking)	Run GUT unit suite (canonical close-out invocation)	2026-09-07T12:50:56.1885582Z Project FPS: 145 (6.89 mspf)
GUT GDScript suite under Godot 4.3 headless (blocking)	Run GUT unit suite (canonical close-out invocation)	2026-09-07T12:50:57.1891613Z Project FPS: 145 (6.89 mspf)
GUT GDScript suite under Godot 4.3 headless (blocking)	Run GUT unit suite (canonical close-out invocation)	2026-09-07T12:50:58.1896513Z Project FPS: 145 (6.89 mspf)
GUT GDScript suite under Godot 4.3 headless (blocking)	Run GUT unit suite (canonical close-out invocation)	2026-09-07T12:50:59.1902038Z Project FPS: 145 (6.89 mspf)
GUT GDScript suite under Godot 4.3 headless (blocking)	Run GUT unit suite (canonical close-out invocation)	2026-09-07T12:51:00.1907268Z Project FPS: 145 (6.89 mspf)
GUT GDScript suite under Godot 4.3 headless (blocking)	Run GUT unit suite (canonical close-out invocation)	2026-09-07T12:51:01.1912469Z Project FPS: 145 (6.89 mspf)
GUT GDScript suite under Godot 4.3 headless (blocking)	Run GUT unit suite (canonical close-out invocation)	2026-09-07T12:51:02.1917690Z Project FPS: 145 (6.89 mspf)
GUT GDScript suite under Godot 4.3 headless (blocking)	Run GUT unit suite (canonical close-out invocation)	2026-09-07T12:51:03.1853946Z Project FPS: 144 (6.94 mspf)
GUT GDScript suite under Godot 4.3 headless (blocking)	Run GUT unit suite (canonical close-out invocation)	2026-09-07T12:51:04.1859253Z Project FPS: 145 (6.89 mspf)
GUT GDScript suite under Godot 4.3 headless (blocking)	Run GUT unit suite (canonical close-out invocation)	2026-09-07T12:51:05.1864577Z Project FPS: 145 (6.89 mspf)
GUT GDScript suite under Godot 4.3 headless (blocking)	Run GUT unit suite (canonical close-out invocation)	2026-09-07T12:51:06.1869607Z Project FPS: 145 (6.89 mspf)
GUT GDScript suite under Godot 4.3 headless (blocking)	Run GUT unit suite (canonical close-out invocation)	2026-09-07T12:51:07.1875284Z Project FPS: 145 (6.89 mspf)
GUT GDScript suite under Godot 4.3 headless (blocking)	Run GUT unit suite (canonical close-out invocation)	2026-09-07T12:51:08.1879914Z Project FPS: 145 (6.89 mspf)
GUT GDScript suite under Godot 4.3 headless (blocking)	Run GUT unit suite (canonical close-out invocation)	2026-09-07T12:51:09.1884778Z Project FPS: 145 (6.89 mspf)
GUT GDScript suite under Godot 4.3 headless (blocking)	Run GUT unit suite (canonical close-out invocation)	2026-09-07T12:51:10.1890451Z Project FPS: 145 (6.89 mspf)
GUT GDScript suite under Godot 4.3 headless (blocking)	Run GUT unit suite (canonical close-out invocation)	2026-09-07T12:51:11.1895830Z Project FPS: 145 (6.89 mspf)
GUT GDScript suite under Godot 4.3 headless (blocking)	Run GUT unit suite (canonical close-out invocation)	2026-09-07T12:51:12.1900916Z Project FPS: 145 (6.89 mspf)
GUT GDScript suite under Godot 4.3 headless (blocking)	Run GUT unit suite (canonical close-out invocation)	2026-09-07T12:51:13.1905819Z Project FPS: 145 (6.89 mspf)
GUT GDScript suite under Godot 4.3 headless (blocking)	Run GUT unit suite (canonical close-out invocation)	2026-09-07T12:51:14.1911181Z Project FPS: 145 (6.89 mspf)
GUT GDScript suite under Godot 4.3 headless (blocking)	Run GUT unit suite (canonical close-out invocation)	2026-09-07T12:51:15.1916052Z Project FPS: 145 (6.89 mspf)
GUT GDScript suite under Godot 4.3 headless (blocking)	Run GUT unit suite (canonical close-out invocation)	2026-09-07T12:51:16.1921471Z Project FPS: 145 (6.89 mspf)
GUT GDScript suite under Godot 4.3 headless (blocking)	Run GUT unit suite (canonical close-out invocation)	2026-09-07T12:51:17.1857713Z Project FPS: 144 (6.94 mspf)
GUT GDScript suite under Godot 4.3 headless (blocking)	Run GUT unit suite (canonical close-out invocation)	2026-09-07T12:51:18.1862945Z Project FPS: 145 (6.89 mspf)
GUT GDScript suite under Godot 4.3 headless (blocking)	Run GUT unit suite (canonical close-out invocation)	2026-09-07T12:51:19.1868322Z Project FPS: 145 (6.89 mspf)
GUT GDScript suite under Godot 4.3 headless (blocking)	Run GUT unit suite (canonical close-out invocation)	2026-09-07T12:51:20.1873419Z Project FPS: 145 (6.89 mspf)
GUT GDScript suite under Godot 4.3 headless (blocking)	Run GUT unit suite (canonical close-out invocation)	2026-09-07T12:51:21.1878654Z Project FPS: 145 (6.89 mspf)
GUT GDScript suite under Godot 4.3 headless (blocking)	Run GUT unit suite (canonical close-out invocation)	2026-09-07T12:51:22.1883878Z Project FPS: 145 (6.89 mspf)
GUT GDScript suite under Godot 4.3 headless (blocking)	Run GUT unit suite (canonical close-out invocation)	2026-09-07T12:51:23.1889104Z Project FPS: 145 (6.89 mspf)
GUT GDScript suite under Godot 4.3 headless (blocking)	Run GUT unit suite (canonical close-out invocation)	2026-09-07T12:51:24.1894357Z Project FPS: 145 (6.89 mspf)
GUT GDScript suite under Godot 4.3 headless (blocking)	Run GUT unit suite (canonical close-out invocation)	2026-09-07T12:51:25.1899632Z Project FPS: 145 (6.89 mspf)
GUT GDScript suite under Godot 4.3 headless (blocking)	Run GUT unit suite (canonical close-out invocation)	2026-09-07T12:51:26.1905033Z Project FPS: 145 (6.89 mspf)
GUT GDScript suite under Godot 4.3 headless (blocking)	Run GUT unit suite (canonical close-out invocation)	2026-09-07T12:51:27.1910117Z Project FPS: 145 (6.89 mspf)
GUT GDScript suite under Godot 4.3 headless (blocking)	Run GUT unit suite (canonical close-out invocation)	2026-09-07T12:51:28.1915292Z Project FPS: 145 (6.89 mspf)
GUT GDScript suite under Godot 4.3 headless (blocking)	Run GUT unit suite (canonical close-out invocation)	2026-09-07T12:51:29.1920431Z Project FPS: 145 (6.89 mspf)
GUT GDScript suite under Godot 4.3 headless (blocking)	Run GUT unit suite (canonical close-out invocation)	2026-09-07T12:51:30.1925816Z Project FPS: 145 (6.89 mspf)
GUT GDScript suite under Godot 4.3 headless (blocking)	Run GUT unit suite (canonical close-out invocation)	2026-09-07T12:51:31.1861465Z Project FPS: 144 (6.94 mspf)
GUT GDScript suite under Godot 4.3 headless (blocking)	Run GUT unit suite (canonical close-out invocation)	2026-09-07T12:51:32.1866821Z Project FPS: 145 (6.89 mspf)
GUT GDScript suite under Godot 4.3 headless (blocking)	Run GUT unit suite (canonical close-out invocation)	2026-09-07T12:51:33.1872020Z Project FPS: 145 (6.89 mspf)
GUT GDScript suite under Godot 4.3 headless (blocking)	Run GUT unit suite (canonical close-out invocation)	2026-09-07T12:51:34.1877746Z Project FPS: 145 (6.89 mspf)
GUT GDScript suite under Godot 4.3 headless (blocking)	Run GUT unit suite (canonical close-out invocation)	2026-09-07T12:51:35.1882506Z Project FPS: 145 (6.89 mspf)
GUT GDScript suite under Godot 4.3 headless (blocking)	Run GUT unit suite (canonical close-out invocation)	2026-09-07T12:51:36.1887813Z Project FPS: 145 (6.89 mspf)
GUT GDScript suite under Godot 4.3 headless (blocking)	Run GUT unit suite (canonical close-out invocation)	2026-09-07T12:51:37.1892905Z Project FPS: 145 (6.89 mspf)
GUT GDScript suite under Godot 4.3 headless (blocking)	Run GUT unit suite (canonical close-out invocation)	2026-09-07T12:51:38.1898129Z Project FPS: 145 (6.89 mspf)
GUT GDScript suite under Godot 4.3 headless (blocking)	Run GUT unit suite (canonical close-out invocation)	2026-09-07T12:51:39.1903407Z Project FPS: 145 (6.89 mspf)
GUT GDScript suite under Godot 4.3 headless (blocking)	Run GUT unit suite (canonical close-out invocation)	2026-09-07T12:51:40.1908847Z Project FPS: 145 (6.89 mspf)
GUT GDScript suite under Godot 4.3 headless (blocking)	Run GUT unit suite (canonical close-out invocation)	2026-09-07T12:51:41.1914176Z Project FPS: 145 (6.89 mspf)
GUT GDScript suite under Godot 4.3 headless (blocking)	Run GUT unit suite (canonical close-out invocation)	2026-09-07T12:51:42.1919069Z Project FPS: 145 (6.89 mspf)
GUT GDScript suite under Godot 4.3 headless (blocking)	Run GUT unit suite (canonical close-out invocation)	2026-09-07T12:51:43.1923314Z Project FPS: 145 (6.89 mspf)
GUT GDScript suite under Godot 4.3 headless (blocking)	Run GUT unit suite (canonical close-out invocation)	2026-09-07T12:51:44.1929057Z Project FPS: 145 (6.89 mspf)
GUT GDScript suite under Godot 4.3 headless (blocking)	Run GUT unit suite (canonical close-out invocation)	2026-09-07T12:51:45.1865018Z Project FPS: 144 (6.94 mspf)
GUT GDScript suite under Godot 4.3 headless (blocking)	Run GUT unit suite (canonical close-out invocation)	2026-09-07T12:51:46.1870241Z Project FPS: 145 (6.89 mspf)
GUT GDScript suite under Godot 4.3 headless (blocking)	Run GUT unit suite (canonical close-out invocation)	2026-09-07T12:51:47.1875601Z Project FPS: 145 (6.89 mspf)
GUT GDScript suite under Godot 4.3 headless (blocking)	Run GUT unit suite (canonical close-out invocation)	2026-09-07T12:51:48.1881174Z Project FPS: 145 (6.89 mspf)
GUT GDScript suite under Godot 4.3 headless (blocking)	Run GUT unit suite (canonical close-out invocation)	2026-09-07T12:51:49.1886456Z Project FPS: 145 (6.89 mspf)
GUT GDScript suite under Godot 4.3 headless (blocking)	Run GUT unit suite (canonical close-out invocation)	2026-09-07T12:51:50.1891607Z Project FPS: 145 (6.89 mspf)
GUT GDScript suite under Godot 4.3 headless (blocking)	Run GUT unit suite (canonical close-out invocation)	2026-09-07T12:51:51.1896859Z Project FPS: 145 (6.89 mspf)
GUT GDScript suite under Godot 4.3 headless (blocking)	Run GUT unit suite (canonical close-out invocation)	2026-09-07T12:51:52.1902194Z Project FPS: 145 (6.89 mspf)
GUT GDScript suite under Godot 4.3 headless (blocking)	Run GUT unit suite (canonical close-out invocation)	2026-09-07T12:51:53.1907028Z Project FPS: 145 (6.89 mspf)
GUT GDScript suite under Godot 4.3 headless (blocking)	Run GUT unit suite (canonical close-out invocation)	2026-09-07T12:51:54.1912545Z Project FPS: 145 (6.89 mspf)
GUT GDScript suite under Godot 4.3 headless (blocking)	Run GUT unit suite (canonical close-out invocation)	2026-09-07T12:51:55.1917951Z Project FPS: 145 (6.89 mspf)
GUT GDScript suite under Godot 4.3 headless (blocking)	Run GUT unit suite (canonical close-out invocation)	2026-09-07T12:51:56.1922774Z Project FPS: 145 (6.89 mspf)
GUT GDScript suite under Godot 4.3 headless (blocking)	Run GUT unit suite (canonical close-out invocation)	2026-09-07T12:51:57.1927763Z Project FPS: 145 (6.89 mspf)
GUT GDScript suite under Godot 4.3 headless (blocking)	Run GUT unit suite (canonical close-out invocation)	2026-09-07T12:51:58.1864193Z Project FPS: 144 (6.94 mspf)
GUT GDScript suite under Godot 4.3 headless (blocking)	Run GUT unit suite (canonical close-out invocation)	2026-09-07T12:51:59.1869267Z Project FPS: 145 (6.89 mspf)
GUT GDScript suite under Godot 4.3 headless (blocking)	Run GUT unit suite (canonical close-out invocation)	2026-09-07T12:52:00.1874787Z Project FPS: 145 (6.89 mspf)
GUT GDScript suite under Godot 4.3 headless (blocking)	Run GUT unit suite (canonical close-out invocation)	2026-09-07T12:52:01.1879831Z Project FPS: 145 (6.89 mspf)
GUT GDScript suite under Godot 4.3 headless (blocking)	Run GUT unit suite (canonical close-out invocation)	2026-09-07T12:52:02.1885125Z Project FPS: 145 (6.89 mspf)
GUT GDScript suite under Godot 4.3 headless (blocking)	Run GUT unit suite (canonical close-out invocation)	2026-09-07T12:52:03.1890402Z Project FPS: 145 (6.89 mspf)
GUT GDScript suite under Godot 4.3 headless (blocking)	Run GUT unit suite (canonical close-out invocation)	2026-09-07T12:52:04.1895471Z Project FPS: 145 (6.89 mspf)
GUT GDScript suite under Godot 4.3 headless (blocking)	Run GUT unit suite (canonical close-out invocation)	2026-09-07T12:52:05.1900739Z Project FPS: 145 (6.89 mspf)
GUT GDScript suite under Godot 4.3 headless (blocking)	Run GUT unit suite (canonical close-out invocation)	2026-09-07T12:52:06.1905872Z Project FPS: 145 (6.89 mspf)
GUT GDScript suite under Godot 4.3 headless (blocking)	Run GUT unit suite (canonical close-out invocation)	2026-09-07T12:52:07.1910894Z Project FPS: 145 (6.89 mspf)
GUT GDScript suite under Godot 4.3 headless (blocking)	Run GUT unit suite (canonical close-out invocation)	2026-09-07T12:52:08.1915943Z Project FPS: 145 (6.89 mspf)
GUT GDScript suite under Godot 4.3 headless (blocking)	Run GUT unit suite (canonical close-out invocation)	2026-09-07T12:52:09.1921617Z Project FPS: 145 (6.89 mspf)
GUT GDScript suite under Godot 4.3 headless (blocking)	Run GUT unit suite (canonical close-out invocation)	2026-09-07T12:52:10.1926898Z Project FPS: 145 (6.89 mspf)
GUT GDScript suite under Godot 4.3 headless (blocking)	Run GUT unit suite (canonical close-out invocation)	2026-09-07T12:52:11.1932170Z Project FPS: 145 (6.89 mspf)
GUT GDScript suite under Godot 4.3 headless (blocking)	Run GUT unit suite (canonical close-out invocation)	2026-09-07T12:52:12.1867856Z Project FPS: 144 (6.94 mspf)
GUT GDScript suite under Godot 4.3 headless (blocking)	Run GUT unit suite (canonical close-out invocation)	2026-09-07T12:52:13.1873028Z Project FPS: 145 (6.89 mspf)
GUT GDScript suite under Godot 4.3 headless (blocking)	Run GUT unit suite (canonical close-out invocation)	2026-09-07T12:52:14.1878276Z Project FPS: 145 (6.89 mspf)
GUT GDScript suite under Godot 4.3 headless (blocking)	Run GUT unit suite (canonical close-out invocation)	2026-09-07T12:52:15.1883699Z Project FPS: 145 (6.89 mspf)
GUT GDScript suite under Godot 4.3 headless (blocking)	Run GUT unit suite (canonical close-out invocation)	2026-09-07T12:52:16.1889333Z Project FPS: 145 (6.89 mspf)
GUT GDScript suite under Godot 4.3 headless (blocking)	Run GUT unit suite (canonical close-out invocation)	2026-09-07T12:52:17.1894079Z Project FPS: 145 (6.89 mspf)
GUT GDScript suite under Godot 4.3 headless (blocking)	Run GUT unit suite (canonical close-out invocation)	2026-09-07T12:52:18.1899265Z Project FPS: 145 (6.89 mspf)
GUT GDScript suite under Godot 4.3 headless (blocking)	Run GUT unit suite (canonical close-out invocation)	2026-09-07T12:52:19.1904548Z Project FPS: 145 (6.89 mspf)
GUT GDScript suite under Godot 4.3 headless (blocking)	Run GUT unit suite (canonical close-out invocation)	2026-09-07T12:52:20.1909575Z Project FPS: 145 (6.89 mspf)
GUT GDScript suite under Godot 4.3 headless (blocking)	Run GUT unit suite (canonical close-out invocation)	2026-09-07T12:52:21.1914941Z Project FPS: 145 (6.89 mspf)
GUT GDScript suite under Godot 4.3 headless (blocking)	Run GUT unit suite (canonical close-out invocation)	2026-09-07T12:52:22.1920000Z Project FPS: 145 (6.89 mspf)
GUT GDScript suite under Godot 4.3 headless (blocking)	Run GUT unit suite (canonical close-out invocation)	2026-09-07T12:52:23.1924989Z Project FPS: 145 (6.89 mspf)
GUT GDScript suite under Godot 4.3 headless (blocking)	Run GUT unit suite (canonical close-out invocation)	2026-09-07T12:52:24.1930399Z Project FPS: 145 (6.89 mspf)
GUT GDScript suite under Godot 4.3 headless (blocking)	Run GUT unit suite (canonical close-out invocation)	2026-09-07T12:52:25.1935517Z Project FPS: 145 (6.89 mspf)
GUT GDScript suite under Godot 4.3 headless (blocking)	Run GUT unit suite (canonical close-out invocation)	2026-09-07T12:52:26.1872026Z Project FPS: 144 (6.94 mspf)
GUT GDScript suite under Godot 4.3 headless (blocking)	Run GUT unit suite (canonical close-out invocation)	2026-09-07T12:52:27.1877415Z Project FPS: 145 (6.89 mspf)
GUT GDScript suite under Godot 4.3 headless (blocking)	Run GUT unit suite (canonical close-out invocation)	2026-09-07T12:52:28.1882476Z Project FPS: 145 (6.89 mspf)
GUT GDScript suite under Godot 4.3 headless (blocking)	Run GUT unit suite (canonical close-out invocation)	2026-09-07T12:52:29.1887733Z Project FPS: 145 (6.89 mspf)
GUT GDScript suite under Godot 4.3 headless (blocking)	Run GUT unit suite (canonical close-out invocation)	2026-09-07T12:52:30.1892964Z Project FPS: 145 (6.89 mspf)
GUT GDScript suite under Godot 4.3 headless (blocking)	Run GUT unit suite (canonical close-out invocation)	2026-09-07T12:52:31.1897810Z Project FPS: 145 (6.89 mspf)
GUT GDScript suite under Godot 4.3 headless (blocking)	Run GUT unit suite (canonical close-out invocation)	2026-09-07T12:52:32.1902980Z Project FPS: 145 (6.89 mspf)
GUT GDScript suite under Godot 4.3 headless (blocking)	Run GUT unit suite (canonical close-out invocation)	2026-09-07T12:52:33.1908286Z Project FPS: 145 (6.89 mspf)
GUT GDScript suite under Godot 4.3 headless (blocking)	Run GUT unit suite (canonical close-out invocation)	2026-09-07T12:52:34.1913439Z Project FPS: 145 (6.89 mspf)
GUT GDScript suite under Godot 4.3 headless (blocking)	Run GUT unit suite (canonical close-out invocation)	2026-09-07T12:52:35.1919377Z Project FPS: 145 (6.89 mspf)
GUT GDScript suite under Godot 4.3 headless (blocking)	Run GUT unit suite (canonical close-out invocation)	2026-09-07T12:52:36.1924262Z Project FPS: 145 (6.89 mspf)
GUT GDScript suite under Godot 4.3 headless (blocking)	Run GUT unit suite (canonical close-out invocation)	2026-09-07T12:52:37.1929272Z Project FPS: 145 (6.89 mspf)
GUT GDScript suite under Godot 4.3 headless (blocking)	Run GUT unit suite (canonical close-out invocation)	2026-09-07T12:52:38.1934643Z Project FPS: 145 (6.89 mspf)
GUT GDScript suite under Godot 4.3 headless (blocking)	Run GUT unit suite (canonical close-out invocation)	2026-09-07T12:52:39.1939335Z Project FPS: 145 (6.89 mspf)
GUT GDScript suite under Godot 4.3 headless (blocking)	Run GUT unit suite (canonical close-out invocation)	2026-09-07T12:52:40.1875601Z Project FPS: 144 (6.94 mspf)
GUT GDScript suite under Godot 4.3 headless (blocking)	Run GUT unit suite (canonical close-out invocation)	2026-09-07T12:52:41.1880528Z Project FPS: 145 (6.89 mspf)
GUT GDScript suite under Godot 4.3 headless (blocking)	Run GUT unit suite (canonical close-out invocation)	2026-09-07T12:52:42.1886462Z Project FPS: 145 (6.89 mspf)
GUT GDScript suite under Godot 4.3 headless (blocking)	Run GUT unit suite (canonical close-out invocation)	2026-09-07T12:52:43.1890724Z Project FPS: 145 (6.89 mspf)
GUT GDScript suite under Godot 4.3 headless (blocking)	Run GUT unit suite (canonical close-out invocation)	2026-09-07T12:52:44.1896255Z Project FPS: 145 (6.89 mspf)
GUT GDScript suite under Godot 4.3 headless (blocking)	Run GUT unit suite (canonical close-out invocation)	2026-09-07T12:52:45.1901620Z Project FPS: 145 (6.89 mspf)
GUT GDScript suite under Godot 4.3 headless (blocking)	Run GUT unit suite (canonical close-out invocation)	2026-09-07T12:52:46.1906981Z Project FPS: 145 (6.89 mspf)
GUT GDScript suite under Godot 4.3 headless (blocking)	Run GUT unit suite (canonical close-out invocation)	2026-09-07T12:52:47.1912156Z Project FPS: 145 (6.89 mspf)
GUT GDScript suite under Godot 4.3 headless (blocking)	Run GUT unit suite (canonical close-out invocation)	2026-09-07T12:52:48.1917412Z Project FPS: 145 (6.89 mspf)
GUT GDScript suite under Godot 4.3 headless (blocking)	Run GUT unit suite (canonical close-out invocation)	2026-09-07T12:52:49.1922322Z Project FPS: 145 (6.89 mspf)
GUT GDScript suite under Godot 4.3 headless (blocking)	Run GUT unit suite (canonical close-out invocation)	2026-09-07T12:52:50.1927512Z Project FPS: 145 (6.89 mspf)
GUT GDScript suite under Godot 4.3 headless (blocking)	Run GUT unit suite (canonical close-out invocation)	2026-09-07T12:52:51.1932620Z Project FPS: 145 (6.89 mspf)
GUT GDScript suite under Godot 4.3 headless (blocking)	Run GUT unit suite (canonical close-out invocation)	2026-09-07T12:52:52.1937730Z Project FPS: 145 (6.89 mspf)
GUT GDScript suite under Godot 4.3 headless (blocking)	Run GUT unit suite (canonical close-out invocation)	2026-09-07T12:52:53.1943042Z Project FPS: 145 (6.89 mspf)
GUT GDScript suite under Godot 4.3 headless (blocking)	Run GUT unit suite (canonical close-out invocation)	2026-09-07T12:52:54.1879203Z Project FPS: 144 (6.94 mspf)
GUT GDScript suite under Godot 4.3 headless (blocking)	Run GUT unit suite (canonical close-out invocation)	2026-09-07T12:52:55.1884247Z Project FPS: 145 (6.89 mspf)
GUT GDScript suite under Godot 4.3 headless (blocking)	Run GUT unit suite (canonical close-out invocation)	2026-09-07T12:52:56.1889701Z Project FPS: 145 (6.89 mspf)
GUT GDScript suite under Godot 4.3 headless (blocking)	Run GUT unit suite (canonical close-out invocation)	2026-09-07T12:52:57.1894656Z Project FPS: 145 (6.89 mspf)
GUT GDScript suite under Godot 4.3 headless (blocking)	Run GUT unit suite (canonical close-out invocation)	2026-09-07T12:52:58.1899879Z Project FPS: 145 (6.89 mspf)
GUT GDScript suite under Godot 4.3 headless (blocking)	Run GUT unit suite (canonical close-out invocation)	2026-09-07T12:52:59.1905292Z Project FPS: 145 (6.89 mspf)
GUT GDScript suite under Godot 4.3 headless (blocking)	Run GUT unit suite (canonical close-out invocation)	2026-09-07T12:53:00.1910239Z Project FPS: 145 (6.89 mspf)
GUT GDScript suite under Godot 4.3 headless (blocking)	Run GUT unit suite (canonical close-out invocation)	2026-09-07T12:53:01.1915492Z Project FPS: 145 (6.89 mspf)
GUT GDScript suite under Godot 4.3 headless (blocking)	Run GUT unit suite (canonical close-out invocation)	2026-09-07T12:53:02.1920850Z Project FPS: 145 (6.89 mspf)
GUT GDScript suite under Godot 4.3 headless (blocking)	Run GUT unit suite (canonical close-out invocation)	2026-09-07T12:53:03.1926039Z Project FPS: 145 (6.89 mspf)
GUT GDScript suite under Godot 4.3 headless (blocking)	Run GUT unit suite (canonical close-out invocation)	2026-09-07T12:53:04.1931259Z Project FPS: 145 (6.89 mspf)
GUT GDScript suite under Godot 4.3 headless (blocking)	Run GUT unit suite (canonical close-out invocation)	2026-09-07T12:53:05.1936041Z Project FPS: 145 (6.89 mspf)
GUT GDScript suite under Godot 4.3 headless (blocking)	Run GUT unit suite (canonical close-out invocation)	2026-09-07T12:53:06.1941763Z Project FPS: 145 (6.89 mspf)
GUT GDScript suite under Godot 4.3 headless (blocking)	Run GUT unit suite (canonical close-out invocation)	2026-09-07T12:53:07.1877289Z Project FPS: 144 (6.94 mspf)
GUT GDScript suite under Godot 4.3 headless (blocking)	Run GUT unit suite (canonical close-out invocation)	2026-09-07T12:53:08.1883045Z Project FPS: 145 (6.89 mspf)
GUT GDScript suite under Godot 4.3 headless (blocking)	Run GUT unit suite (canonical close-out invocation)	2026-09-07T12:53:09.1888029Z Project FPS: 145 (6.89 mspf)
GUT GDScript suite under Godot 4.3 headless (blocking)	Run GUT unit suite (canonical close-out invocation)	2026-09-07T12:53:10.1893260Z Project FPS: 145 (6.89 mspf)
GUT GDScript suite under Godot 4.3 headless (blocking)	Run GUT unit suite (canonical close-out invocation)	2026-09-07T12:53:11.1898737Z Project FPS: 145 (6.89 mspf)
GUT GDScript suite under Godot 4.3 headless (blocking)	Run GUT unit suite (canonical close-out invocation)	2026-09-07T12:53:12.1903813Z Project FPS: 145 (6.89 mspf)
GUT GDScript suite under Godot 4.3 headless (blocking)	Run GUT unit suite (canonical close-out invocation)	2026-09-07T12:53:13.1908887Z Project FPS: 145 (6.89 mspf)
GUT GDScript suite under Godot 4.3 headless (blocking)	Run GUT unit suite (canonical close-out invocation)	2026-09-07T12:53:14.1914439Z Project FPS: 145 (6.89 mspf)
GUT GDScript suite under Godot 4.3 headless (blocking)	Run GUT unit suite (canonical close-out invocation)	2026-09-07T12:53:15.1919191Z Project FPS: 145 (6.89 mspf)
GUT GDScript suite under Godot 4.3 headless (blocking)	Run GUT unit suite (canonical close-out invocation)	2026-09-07T12:53:16.1924409Z Project FPS: 145 (6.89 mspf)
GUT GDScript suite under Godot 4.3 headless (blocking)	Run GUT unit suite (canonical close-out invocation)	2026-09-07T12:53:17.1929804Z Project FPS: 145 (6.89 mspf)
GUT GDScript suite under Godot 4.3 headless (blocking)	Run GUT unit suite (canonical close-out invocation)	2026-09-07T12:53:18.1935333Z Project FPS: 145 (6.89 mspf)
GUT GDScript suite under Godot 4.3 headless (blocking)	Run GUT unit suite (canonical close-out invocation)	2026-09-07T12:53:19.1939986Z Project FPS: 145 (6.89 mspf)
GUT GDScript suite under Godot 4.3 headless (blocking)	Run GUT unit suite (canonical close-out invocation)	2026-09-07T12:53:20.1945374Z Project FPS: 145 (6.89 mspf)
GUT GDScript suite under Godot 4.3 headless (blocking)	Run GUT unit suite (canonical close-out invocation)	2026-09-07T12:53:21.1881737Z Project FPS: 144 (6.94 mspf)
GUT GDScript suite under Godot 4.3 headless (blocking)	Run GUT unit suite (canonical close-out invocation)	2026-09-07T12:53:22.1887243Z Project FPS: 145 (6.89 mspf)
GUT GDScript suite under Godot 4.3 headless (blocking)	Run GUT unit suite (canonical close-out invocation)	2026-09-07T12:53:23.1892134Z Project FPS: 145 (6.89 mspf)
GUT GDScript suite under Godot 4.3 headless (blocking)	Run GUT unit suite (canonical close-out invocation)	2026-09-07T12:53:24.1897085Z Project FPS: 145 (6.89 mspf)
GUT GDScript suite under Godot 4.3 headless (blocking)	Run GUT unit suite (canonical close-out invocation)	2026-09-07T12:53:25.1902215Z Project FPS: 145 (6.89 mspf)
GUT GDScript suite under Godot 4.3 headless (blocking)	Run GUT unit suite (canonical close-out invocation)	2026-09-07T12:53:26.1907523Z Project FPS: 145 (6.89 mspf)
GUT GDScript suite under Godot 4.3 headless (blocking)	Run GUT unit suite (canonical close-out invocation)	2026-09-07T12:53:27.1912945Z Project FPS: 145 (6.89 mspf)
GUT GDScript suite under Godot 4.3 headless (blocking)	Run GUT unit suite (canonical close-out invocation)	2026-09-07T12:53:28.1917902Z Project FPS: 145 (6.89 mspf)
GUT GDScript suite under Godot 4.3 headless (blocking)	Run GUT unit suite (canonical close-out invocation)	2026-09-07T12:53:29.1923244Z Project FPS: 145 (6.89 mspf)
GUT GDScript suite under Godot 4.3 headless (blocking)	Run GUT unit suite (canonical close-out invocation)	2026-09-07T12:53:30.1928235Z Project FPS: 145 (6.89 mspf)
GUT GDScript suite under Godot 4.3 headless (blocking)	Run GUT unit suite (canonical close-out invocation)	2026-09-07T12:53:31.1933448Z Project FPS: 145 (6.89 mspf)
GUT GDScript suite under Godot 4.3 headless (blocking)	Run GUT unit suite (canonical close-out invocation)	2026-09-07T12:53:32.1939015Z Project FPS: 145 (6.89 mspf)
GUT GDScript suite under Godot 4.3 headless (blocking)	Run GUT unit suite (canonical close-out invocation)	2026-09-07T12:53:33.1944350Z Project FPS: 145 (6.89 mspf)
GUT GDScript suite under Godot 4.3 headless (blocking)	Run GUT unit suite (canonical close-out invocation)	2026-09-07T12:53:34.1949462Z Project FPS: 145 (6.89 mspf)
GUT GDScript suite under Godot 4.3 headless (blocking)	Run GUT unit suite (canonical close-out invocation)	2026-09-07T12:53:35.1885788Z Project FPS: 144 (6.94 mspf)
GUT GDScript suite under Godot 4.3 headless (blocking)	Run GUT unit suite (canonical close-out invocation)	2026-09-07T12:53:36.1891130Z Project FPS: 145 (6.89 mspf)
GUT GDScript suite under Godot 4.3 headless (blocking)	Run GUT unit suite (canonical close-out invocation)	2026-09-07T12:53:37.1896042Z Project FPS: 145 (6.89 mspf)
GUT GDScript suite under Godot 4.3 headless (blocking)	Run GUT unit suite (canonical close-out invocation)	2026-09-07T12:53:38.1901236Z Project FPS: 145 (6.89 mspf)
GUT GDScript suite under Godot 4.3 headless (blocking)	Run GUT unit suite (canonical close-out invocation)	2026-09-07T12:53:39.1906466Z Project FPS: 145 (6.89 mspf)
GUT GDScript suite under Godot 4.3 headless (blocking)	Run GUT unit suite (canonical close-out invocation)	2026-09-07T12:53:40.1911695Z Project FPS: 145 (6.89 mspf)
GUT GDScript suite under Godot 4.3 headless (blocking)	Run GUT unit suite (canonical close-out invocation)	2026-09-07T12:53:41.1916958Z Project FPS: 145 (6.89 mspf)
GUT GDScript suite under Godot 4.3 headless (blocking)	Run GUT unit suite (canonical close-out invocation)	2026-09-07T12:53:42.1921811Z Project FPS: 145 (6.89 mspf)
GUT GDScript suite under Godot 4.3 headless (blocking)	Run GUT unit suite (canonical close-out invocation)	2026-09-07T12:53:43.1927020Z Project FPS: 145 (6.89 mspf)
GUT GDScript suite under Godot 4.3 headless (blocking)	Run GUT unit suite (canonical close-out invocation)	2026-09-07T12:53:44.1932033Z Project FPS: 145 (6.89 mspf)
GUT GDScript suite under Godot 4.3 headless (blocking)	Run GUT unit suite (canonical close-out invocation)	2026-09-07T12:53:45.1937201Z Project FPS: 145 (6.89 mspf)
GUT GDScript suite under Godot 4.3 headless (blocking)	Run GUT unit suite (canonical close-out invocation)	2026-09-07T12:53:46.1942396Z Project FPS: 145 (6.89 mspf)
GUT GDScript suite under Godot 4.3 headless (blocking)	Run GUT unit suite (canonical close-out invocation)	2026-09-07T12:53:47.1947858Z Project FPS: 145 (6.89 mspf)
GUT GDScript suite under Godot 4.3 headless (blocking)	Run GUT unit suite (canonical close-out invocation)	2026-09-07T12:53:48.1953440Z Project FPS: 145 (6.89 mspf)
GUT GDScript suite under Godot 4.3 headless (blocking)	Run GUT unit suite (canonical close-out invocation)	2026-09-07T12:53:49.1888995Z Project FPS: 144 (6.94 mspf)
GUT GDScript suite under Godot 4.3 headless (blocking)	Run GUT unit suite (canonical close-out invocation)	2026-09-07T12:53:50.1894943Z Project FPS: 145 (6.89 mspf)
GUT GDScript suite under Godot 4.3 headless (blocking)	Run GUT unit suite (canonical close-out invocation)	2026-09-07T12:53:51.1900156Z Project FPS: 145 (6.89 mspf)
GUT GDScript suite under Godot 4.3 headless (blocking)	Run GUT unit suite (canonical close-out invocation)	2026-09-07T12:53:52.1905343Z Project FPS: 145 (6.89 mspf)
GUT GDScript suite under Godot 4.3 headless (blocking)	Run GUT unit suite (canonical close-out invocation)	2026-09-07T12:53:53.1910652Z Project FPS: 145 (6.89 mspf)
GUT GDScript suite under Godot 4.3 headless (blocking)	Run GUT unit suite (canonical close-out invocation)	2026-09-07T12:53:54.1915770Z Project FPS: 145 (6.89 mspf)
GUT GDScript suite under Godot 4.3 headless (blocking)	Run GUT unit suite (canonical close-out invocation)	2026-09-07T12:53:55.1920756Z Project FPS: 145 (6.89 mspf)
GUT GDScript suite under Godot 4.3 headless (blocking)	Run GUT unit suite (canonical close-out invocation)	2026-09-07T12:53:56.1925400Z Project FPS: 145 (6.89 mspf)
GUT GDScript suite under Godot 4.3 headless (blocking)	Run GUT unit suite (canonical close-out invocation)	2026-09-07T12:53:57.1931044Z Project FPS: 145 (6.89 mspf)
GUT GDScript suite under Godot 4.3 headless (blocking)	Run GUT unit suite (canonical close-out invocation)	2026-09-07T12:53:58.1936526Z Project FPS: 145 (6.89 mspf)
GUT GDScript suite under Godot 4.3 headless (blocking)	Run GUT unit suite (canonical close-out invocation)	2026-09-07T12:53:59.1941495Z Project FPS: 145 (6.89 mspf)
GUT GDScript suite under Godot 4.3 headless (blocking)	Run GUT unit suite (canonical close-out invocation)	2026-09-07T12:54:00.1947091Z Project FPS: 145 (6.89 mspf)
GUT GDScript suite under Godot 4.3 headless (blocking)	Run GUT unit suite (canonical close-out invocation)	2026-09-07T12:54:01.1951748Z Project FPS: 145 (6.89 mspf)
GUT GDScript suite under Godot 4.3 headless (blocking)	Run GUT unit suite (canonical close-out invocation)	2026-09-07T12:54:02.1957524Z Project FPS: 145 (6.89 mspf)
GUT GDScript suite under Godot 4.3 headless (blocking)	Run GUT unit suite (canonical close-out invocation)	2026-09-07T12:54:03.1893592Z Project FPS: 144 (6.94 mspf)
GUT GDScript suite under Godot 4.3 headless (blocking)	Run GUT unit suite (canonical close-out invocation)	2026-09-07T12:54:04.1898275Z Project FPS: 145 (6.89 mspf)
GUT GDScript suite under Godot 4.3 headless (blocking)	Run GUT unit suite (canonical close-out invocation)	2026-09-07T12:54:05.1903767Z Project FPS: 145 (6.89 mspf)
GUT GDScript suite under Godot 4.3 headless (blocking)	Run GUT unit suite (canonical close-out invocation)	2026-09-07T12:54:06.1908785Z Project FPS: 145 (6.89 mspf)
GUT GDScript suite under Godot 4.3 headless (blocking)	Run GUT unit suite (canonical close-out invocation)	2026-09-07T12:54:07.1914367Z Project FPS: 145 (6.89 mspf)
GUT GDScript suite under Godot 4.3 headless (blocking)	Run GUT unit suite (canonical close-out invocation)	2026-09-07T12:54:08.1918980Z Project FPS: 145 (6.89 mspf)
GUT GDScript suite under Godot 4.3 headless (blocking)	Run GUT unit suite (canonical close-out invocation)	2026-09-07T12:54:09.1924342Z Project FPS: 145 (6.89 mspf)
GUT GDScript suite under Godot 4.3 headless (blocking)	Run GUT unit suite (canonical close-out invocation)	2026-09-07T12:54:10.1929624Z Project FPS: 145 (6.89 mspf)
GUT GDScript suite under Godot 4.3 headless (blocking)	Run GUT unit suite (canonical close-out invocation)	2026-09-07T12:54:11.1934233Z Project FPS: 145 (6.89 mspf)
GUT GDScript suite under Godot 4.3 headless (blocking)	Run GUT unit suite (canonical close-out invocation)	2026-09-07T12:54:12.1939968Z Project FPS: 145 (6.89 mspf)
GUT GDScript suite under Godot 4.3 headless (blocking)	Run GUT unit suite (canonical close-out invocation)	2026-09-07T12:54:13.1945148Z Project FPS: 145 (6.89 mspf)
GUT GDScript suite under Godot 4.3 headless (blocking)	Run GUT unit suite (canonical close-out invocation)	2026-09-07T12:54:14.1949915Z Project FPS: 145 (6.89 mspf)
GUT GDScript suite under Godot 4.3 headless (blocking)	Run GUT unit suite (canonical close-out invocation)	2026-09-07T12:54:15.1955583Z Project FPS: 145 (6.89 mspf)
GUT GDScript suite under Godot 4.3 headless (blocking)	Run GUT unit suite (canonical close-out invocation)	2026-09-07T12:54:16.1892395Z Project FPS: 144 (6.94 mspf)
GUT GDScript suite under Godot 4.3 headless (blocking)	Run GUT unit suite (canonical close-out invocation)	2026-09-07T12:54:17.1897501Z Project FPS: 145 (6.89 mspf)
GUT GDScript suite under Godot 4.3 headless (blocking)	Run GUT unit suite (canonical close-out invocation)	2026-09-07T12:54:18.1902770Z Project FPS: 145 (6.89 mspf)
GUT GDScript suite under Godot 4.3 headless (blocking)	Run GUT unit suite (canonical close-out invocation)	2026-09-07T12:54:19.1907699Z Project FPS: 145 (6.89 mspf)
GUT GDScript suite under Godot 4.3 headless (blocking)	Run GUT unit suite (canonical close-out invocation)	2026-09-07T12:54:20.1912848Z Project FPS: 145 (6.89 mspf)
GUT GDScript suite under Godot 4.3 headless (blocking)	Run GUT unit suite (canonical close-out invocation)	2026-09-07T12:54:21.1918110Z Project FPS: 145 (6.89 mspf)
GUT GDScript suite under Godot 4.3 headless (blocking)	Run GUT unit suite (canonical close-out invocation)	2026-09-07T12:54:22.1923474Z Project FPS: 145 (6.89 mspf)
GUT GDScript suite under Godot 4.3 headless (blocking)	Run GUT unit suite (canonical close-out invocation)	2026-09-07T12:54:23.1928360Z Project FPS: 145 (6.89 mspf)
GUT GDScript suite under Godot 4.3 headless (blocking)	Run GUT unit suite (canonical close-out invocation)	2026-09-07T12:54:24.1933850Z Project FPS: 145 (6.89 mspf)
GUT GDScript suite under Godot 4.3 headless (blocking)	Run GUT unit suite (canonical close-out invocation)	2026-09-07T12:54:25.1938640Z Project FPS: 145 (6.89 mspf)
GUT GDScript suite under Godot 4.3 headless (blocking)	Run GUT unit suite (canonical close-out invocation)	2026-09-07T12:54:26.1943833Z Project FPS: 145 (6.89 mspf)
GUT GDScript suite under Godot 4.3 headless (blocking)	Run GUT unit suite (canonical close-out invocation)	2026-09-07T12:54:27.1949478Z Project FPS: 145 (6.89 mspf)
GUT GDScript suite under Godot 4.3 headless (blocking)	Run GUT unit suite (canonical close-out invocation)	2026-09-07T12:54:28.1954639Z Project FPS: 145 (6.89 mspf)
GUT GDScript suite under Godot 4.3 headless (blocking)	Run GUT unit suite (canonical close-out invocation)	2026-09-07T12:54:29.1959991Z Project FPS: 145 (6.89 mspf)
GUT GDScript suite under Godot 4.3 headless (blocking)	Run GUT unit suite (canonical close-out invocation)	2026-09-07T12:54:30.1896225Z Project FPS: 144 (6.94 mspf)
GUT GDScript suite under Godot 4.3 headless (blocking)	Run GUT unit suite (canonical close-out invocation)	2026-09-07T12:54:31.1901410Z Project FPS: 145 (6.89 mspf)
GUT GDScript suite under Godot 4.3 headless (blocking)	Run GUT unit suite (canonical close-out invocation)	2026-09-07T12:54:32.1906545Z Project FPS: 145 (6.89 mspf)
GUT GDScript suite under Godot 4.3 headless (blocking)	Run GUT unit suite (canonical close-out invocation)	2026-09-07T12:54:33.1912067Z Project FPS: 145 (6.89 mspf)
GUT GDScript suite under Godot 4.3 headless (blocking)	Run GUT unit suite (canonical close-out invocation)	2026-09-07T12:54:34.1917165Z Project FPS: 145 (6.89 mspf)
GUT GDScript suite under Godot 4.3 headless (blocking)	Run GUT unit suite (canonical close-out invocation)	2026-09-07T12:54:35.1922182Z Project FPS: 145 (6.89 mspf)
GUT GDScript suite under Godot 4.3 headless (blocking)	Run GUT unit suite (canonical close-out invocation)	2026-09-07T12:54:36.1927572Z Project FPS: 145 (6.89 mspf)
GUT GDScript suite under Godot 4.3 headless (blocking)	Run GUT unit suite (canonical close-out invocation)	2026-09-07T12:54:37.1932511Z Project FPS: 145 (6.89 mspf)
GUT GDScript suite under Godot 4.3 headless (blocking)	Run GUT unit suite (canonical close-out invocation)	2026-09-07T12:54:38.1937709Z Project FPS: 145 (6.89 mspf)
GUT GDScript suite under Godot 4.3 headless (blocking)	Run GUT unit suite (canonical close-out invocation)	2026-09-07T12:54:39.1942918Z Project FPS: 145 (6.89 mspf)
GUT GDScript suite under Godot 4.3 headless (blocking)	Run GUT unit suite (canonical close-out invocation)	2026-09-07T12:54:40.1948469Z Project FPS: 145 (6.89 mspf)
GUT GDScript suite under Godot 4.3 headless (blocking)	Run GUT unit suite (canonical close-out invocation)	2026-09-07T12:54:41.1953580Z Project FPS: 145 (6.89 mspf)
GUT GDScript suite under Godot 4.3 headless (blocking)	Run GUT unit suite (canonical close-out invocation)	2026-09-07T12:54:42.1958477Z Project FPS: 145 (6.89 mspf)
GUT GDScript suite under Godot 4.3 headless (blocking)	Run GUT unit suite (canonical close-out invocation)	2026-09-07T12:54:43.1964348Z Project FPS: 145 (6.89 mspf)
GUT GDScript suite under Godot 4.3 headless (blocking)	Run GUT unit suite (canonical close-out invocation)	2026-09-07T12:54:44.1900201Z Project FPS: 144 (6.94 mspf)
GUT GDScript suite under Godot 4.3 headless (blocking)	Run GUT unit suite (canonical close-out invocation)	2026-09-07T12:54:45.1905050Z Project FPS: 145 (6.89 mspf)
GUT GDScript suite under Godot 4.3 headless (blocking)	Run GUT unit suite (canonical close-out invocation)	2026-09-07T12:54:46.1910058Z Project FPS: 145 (6.89 mspf)
GUT GDScript suite under Godot 4.3 headless (blocking)	Run GUT unit suite (canonical close-out invocation)	2026-09-07T12:54:47.1914622Z Project FPS: 145 (6.89 mspf)
GUT GDScript suite under Godot 4.3 headless (blocking)	Run GUT unit suite (canonical close-out invocation)	2026-09-07T12:54:48.1920867Z Project FPS: 145 (6.89 mspf)
GUT GDScript suite under Godot 4.3 headless (blocking)	Run GUT unit suite (canonical close-out invocation)	2026-09-07T12:54:49.1926061Z Project FPS: 145 (6.89 mspf)
GUT GDScript suite under Godot 4.3 headless (blocking)	Run GUT unit suite (canonical close-out invocation)	2026-09-07T12:54:50.1931581Z Project FPS: 145 (6.89 mspf)
GUT GDScript suite under Godot 4.3 headless (blocking)	Run GUT unit suite (canonical close-out invocation)	2026-09-07T12:54:51.1936574Z Project FPS: 145 (6.89 mspf)
GUT GDScript suite under Godot 4.3 headless (blocking)	Run GUT unit suite (canonical close-out invocation)	2026-09-07T12:54:52.1941878Z Project FPS: 145 (6.89 mspf)
GUT GDScript suite under Godot 4.3 headless (blocking)	Run GUT unit suite (canonical close-out invocation)	2026-09-07T12:54:53.1947002Z Project FPS: 145 (6.89 mspf)
GUT GDScript suite under Godot 4.3 headless (blocking)	Run GUT unit suite (canonical close-out invocation)	2026-09-07T12:54:54.1952250Z Project FPS: 145 (6.89 mspf)
GUT GDScript suite under Godot 4.3 headless (blocking)	Run GUT unit suite (canonical close-out invocation)	2026-09-07T12:54:55.1957436Z Project FPS: 145 (6.89 mspf)
GUT GDScript suite under Godot 4.3 headless (blocking)	Run GUT unit suite (canonical close-out invocation)	2026-09-07T12:54:56.1962330Z Project FPS: 145 (6.89 mspf)
GUT GDScript suite under Godot 4.3 headless (blocking)	Run GUT unit suite (canonical close-out invocation)	2026-09-07T12:54:57.1967829Z Project FPS: 145 (6.89 mspf)
GUT GDScript suite under Godot 4.3 headless (blocking)	Run GUT unit suite (canonical close-out invocation)	2026-09-07T12:54:58.1903632Z Project FPS: 144 (6.94 mspf)
GUT GDScript suite under Godot 4.3 headless (blocking)	Run GUT unit suite (canonical close-out invocation)	2026-09-07T12:54:59.1909238Z Project FPS: 145 (6.89 mspf)
GUT GDScript suite under Godot 4.3 headless (blocking)	Run GUT unit suite (canonical close-out invocation)	2026-09-07T12:55:00.1914101Z Project FPS: 145 (6.89 mspf)
GUT GDScript suite under Godot 4.3 headless (blocking)	Run GUT unit suite (canonical close-out invocation)	2026-09-07T12:55:01.1919027Z Project FPS: 145 (6.89 mspf)
GUT GDScript suite under Godot 4.3 headless (blocking)	Run GUT unit suite (canonical close-out invocation)	2026-09-07T12:55:02.1924323Z Project FPS: 145 (6.89 mspf)
GUT GDScript suite under Godot 4.3 headless (blocking)	Run GUT unit suite (canonical close-out invocation)	2026-09-07T12:55:03.1929620Z Project FPS: 145 (6.89 mspf)
GUT GDScript suite under Godot 4.3 headless (blocking)	Run GUT unit suite (canonical close-out invocation)	2026-09-07T12:55:04.1935023Z Project FPS: 145 (6.89 mspf)
GUT GDScript suite under Godot 4.3 headless (blocking)	Run GUT unit suite (canonical close-out invocation)	2026-09-07T12:55:05.1940346Z Project FPS: 145 (6.89 mspf)
GUT GDScript suite under Godot 4.3 headless (blocking)	Run GUT unit suite (canonical close-out invocation)	2026-09-07T12:55:06.1945037Z Project FPS: 145 (6.89 mspf)
GUT GDScript suite under Godot 4.3 headless (blocking)	Run GUT unit suite (canonical close-out invocation)	2026-09-07T12:55:07.1950708Z Project FPS: 145 (6.89 mspf)
GUT GDScript suite under Godot 4.3 headless (blocking)	Run GUT unit suite (canonical close-out invocation)	2026-09-07T12:55:08.1955948Z Project FPS: 145 (6.89 mspf)
GUT GDScript suite under Godot 4.3 headless (blocking)	Run GUT unit suite (canonical close-out invocation)	2026-09-07T12:55:09.1960972Z Project FPS: 145 (6.89 mspf)
GUT GDScript suite under Godot 4.3 headless (blocking)	Run GUT unit suite (canonical close-out invocation)	2026-09-07T12:55:10.1966208Z Project FPS: 145 (6.89 mspf)
GUT GDScript suite under Godot 4.3 headless (blocking)	Run GUT unit suite (canonical close-out invocation)	2026-09-07T12:55:11.1971457Z Project FPS: 145 (6.89 mspf)
GUT GDScript suite under Godot 4.3 headless (blocking)	Run GUT unit suite (canonical close-out invocation)	2026-09-07T12:55:12.1907714Z Project FPS: 144 (6.94 mspf)
GUT GDScript suite under Godot 4.3 headless (blocking)	Run GUT unit suite (canonical close-out invocation)	2026-09-07T12:55:13.1912991Z Project FPS: 145 (6.89 mspf)
GUT GDScript suite under Godot 4.3 headless (blocking)	Run GUT unit suite (canonical close-out invocation)	2026-09-07T12:55:14.1918377Z Project FPS: 145 (6.89 mspf)
GUT GDScript suite under Godot 4.3 headless (blocking)	Run GUT unit suite (canonical close-out invocation)	2026-09-07T12:55:15.1923586Z Project FPS: 145 (6.89 mspf)
GUT GDScript suite under Godot 4.3 headless (blocking)	Run GUT unit suite (canonical close-out invocation)	2026-09-07T12:55:16.1928563Z Project FPS: 145 (6.89 mspf)
GUT GDScript suite under Godot 4.3 headless (blocking)	Run GUT unit suite (canonical close-out invocation)	2026-09-07T12:55:17.1933772Z Project FPS: 145 (6.89 mspf)
GUT GDScript suite under Godot 4.3 headless (blocking)	Run GUT unit suite (canonical close-out invocation)	2026-09-07T12:55:18.1938958Z Project FPS: 145 (6.89 mspf)
GUT GDScript suite under Godot 4.3 headless (blocking)	Run GUT unit suite (canonical close-out invocation)	2026-09-07T12:55:19.1944088Z Project FPS: 145 (6.89 mspf)
GUT GDScript suite under Godot 4.3 headless (blocking)	Run GUT unit suite (canonical close-out invocation)	2026-09-07T12:55:20.1949499Z Project FPS: 145 (6.89 mspf)
GUT GDScript suite under Godot 4.3 headless (blocking)	Run GUT unit suite (canonical close-out invocation)	2026-09-07T12:55:21.1954581Z Project FPS: 145 (6.89 mspf)
GUT GDScript suite under Godot 4.3 headless (blocking)	Run GUT unit suite (canonical close-out invocation)	2026-09-07T12:55:22.1959787Z Project FPS: 145 (6.89 mspf)
GUT GDScript suite under Godot 4.3 headless (blocking)	Run GUT unit suite (canonical close-out invocation)	2026-09-07T12:55:23.1964921Z Project FPS: 145 (6.89 mspf)
GUT GDScript suite under Godot 4.3 headless (blocking)	Run GUT unit suite (canonical close-out invocation)	2026-09-07T12:55:24.1970148Z Project FPS: 145 (6.89 mspf)
GUT GDScript suite under Godot 4.3 headless (blocking)	Run GUT unit suite (canonical close-out invocation)	2026-09-07T12:55:25.1906446Z Project FPS: 144 (6.94 mspf)
GUT GDScript suite under Godot 4.3 headless (blocking)	Run GUT unit suite (canonical close-out invocation)	2026-09-07T12:55:26.1911691Z Project FPS: 145 (6.89 mspf)
GUT GDScript suite under Godot 4.3 headless (blocking)	Run GUT unit suite (canonical close-out invocation)	2026-09-07T12:55:27.1916951Z Project FPS: 145 (6.89 mspf)
GUT GDScript suite under Godot 4.3 headless (blocking)	Run GUT unit suite (canonical close-out invocation)	2026-09-07T12:55:28.1922191Z Project FPS: 145 (6.89 mspf)
GUT GDScript suite under Godot 4.3 headless (blocking)	Run GUT unit suite (canonical close-out invocation)	2026-09-07T12:55:29.1927288Z Project FPS: 145 (6.89 mspf)
GUT GDScript suite under Godot 4.3 headless (blocking)	Run GUT unit suite (canonical close-out invocation)	2026-09-07T12:55:30.1932524Z Project FPS: 145 (6.89 mspf)
GUT GDScript suite under Godot 4.3 headless (blocking)	Run GUT unit suite (canonical close-out invocation)	2026-09-07T12:55:31.1937396Z Project FPS: 145 (6.89 mspf)
GUT GDScript suite under Godot 4.3 headless (blocking)	Run GUT unit suite (canonical close-out invocation)	2026-09-07T12:55:32.1942020Z Project FPS: 145 (6.89 mspf)
GUT GDScript suite under Godot 4.3 headless (blocking)	Run GUT unit suite (canonical close-out invocation)	2026-09-07T12:55:33.1947842Z Project FPS: 145 (6.89 mspf)
GUT GDScript suite under Godot 4.3 headless (blocking)	Run GUT unit suite (canonical close-out invocation)	2026-09-07T12:55:34.1952708Z Project FPS: 145 (6.89 mspf)
GUT GDScript suite under Godot 4.3 headless (blocking)	Run GUT unit suite (canonical close-out invocation)	2026-09-07T12:55:35.1958493Z Project FPS: 145 (6.89 mspf)
GUT GDScript suite under Godot 4.3 headless (blocking)	Run GUT unit suite (canonical close-out invocation)	2026-09-07T12:55:36.1963561Z Project FPS: 145 (6.89 mspf)
GUT GDScript suite under Godot 4.3 headless (blocking)	Run GUT unit suite (canonical close-out invocation)	2026-09-07T12:55:37.1968052Z Project FPS: 145 (6.89 mspf)
GUT GDScript suite under Godot 4.3 headless (blocking)	Run GUT unit suite (canonical close-out invocation)	2026-09-07T12:55:38.1974113Z Project FPS: 145 (6.89 mspf)
GUT GDScript suite under Godot 4.3 headless (blocking)	Run GUT unit suite (canonical close-out invocation)	2026-09-07T12:55:39.1910396Z Project FPS: 144 (6.94 mspf)
GUT GDScript suite under Godot 4.3 headless (blocking)	Run GUT unit suite (canonical close-out invocation)	2026-09-07T12:55:40.1915595Z Project FPS: 145 (6.89 mspf)
GUT GDScript suite under Godot 4.3 headless (blocking)	Run GUT unit suite (canonical close-out invocation)	2026-09-07T12:55:41.1921034Z Project FPS: 145 (6.89 mspf)
GUT GDScript suite under Godot 4.3 headless (blocking)	Run GUT unit suite (canonical close-out invocation)	2026-09-07T12:55:42.1926071Z Project FPS: 145 (6.89 mspf)
GUT GDScript suite under Godot 4.3 headless (blocking)	Run GUT unit suite (canonical close-out invocation)	2026-09-07T12:55:43.1931074Z Project FPS: 145 (6.89 mspf)
GUT GDScript suite under Godot 4.3 headless (blocking)	Run GUT unit suite (canonical close-out invocation)	2026-09-07T12:55:44.1936329Z Project FPS: 145 (6.89 mspf)
GUT GDScript suite under Godot 4.3 headless (blocking)	Run GUT unit suite (canonical close-out invocation)	2026-09-07T12:55:45.1941502Z Project FPS: 145 (6.89 mspf)
GUT GDScript suite under Godot 4.3 headless (blocking)	Run GUT unit suite (canonical close-out invocation)	2026-09-07T12:55:46.1946647Z Project FPS: 145 (6.89 mspf)
GUT GDScript suite under Godot 4.3 headless (blocking)	Run GUT unit suite (canonical close-out invocation)	2026-09-07T12:55:47.1951665Z Project FPS: 145 (6.89 mspf)
GUT GDScript suite under Godot 4.3 headless (blocking)	Run GUT unit suite (canonical close-out invocation)	2026-09-07T12:55:48.1956408Z Project FPS: 145 (6.89 mspf)
GUT GDScript suite under Godot 4.3 headless (blocking)	Run GUT unit suite (canonical close-out invocation)	2026-09-07T12:55:49.1962560Z Project FPS: 145 (6.89 mspf)
GUT GDScript suite under Godot 4.3 headless (blocking)	Run GUT unit suite (canonical close-out invocation)	2026-09-07T12:55:50.1967705Z Project FPS: 145 (6.89 mspf)
GUT GDScript suite under Godot 4.3 headless (blocking)	Run GUT unit suite (canonical close-out invocation)	2026-09-07T12:55:51.1972586Z Project FPS: 145 (6.89 mspf)
GUT GDScript suite under Godot 4.3 headless (blocking)	Run GUT unit suite (canonical close-out invocation)	2026-09-07T12:55:52.1977958Z Project FPS: 145 (6.89 mspf)
GUT GDScript suite under Godot 4.3 headless (blocking)	Run GUT unit suite (canonical close-out invocation)	2026-09-07T12:55:53.1913921Z Project FPS: 144 (6.94 mspf)
GUT GDScript suite under Godot 4.3 headless (blocking)	Run GUT unit suite (canonical close-out invocation)	2026-09-07T12:55:54.1919487Z Project FPS: 145 (6.89 mspf)
GUT GDScript suite under Godot 4.3 headless (blocking)	Run GUT unit suite (canonical close-out invocation)	2026-09-07T12:55:55.1924515Z Project FPS: 145 (6.89 mspf)
GUT GDScript suite under Godot 4.3 headless (blocking)	Run GUT unit suite (canonical close-out invocation)	2026-09-07T12:55:56.1929681Z Project FPS: 145 (6.89 mspf)
GUT GDScript suite under Godot 4.3 headless (blocking)	Run GUT unit suite (canonical close-out invocation)	2026-09-07T12:55:57.1934875Z Project FPS: 145 (6.89 mspf)
GUT GDScript suite under Godot 4.3 headless (blocking)	Run GUT unit suite (canonical close-out invocation)	2026-09-07T12:55:58.1940048Z Project FPS: 145 (6.89 mspf)
GUT GDScript suite under Godot 4.3 headless (blocking)	Run GUT unit suite (canonical close-out invocation)	2026-09-07T12:55:59.1944959Z Project FPS: 145 (6.89 mspf)
GUT GDScript suite under Godot 4.3 headless (blocking)	Run GUT unit suite (canonical close-out invocation)	2026-09-07T12:56:00.1950891Z Project FPS: 145 (6.89 mspf)
GUT GDScript suite under Godot 4.3 headless (blocking)	Run GUT unit suite (canonical close-out invocation)	2026-09-07T12:56:01.1956024Z Project FPS: 145 (6.89 mspf)
GUT GDScript suite under Godot 4.3 headless (blocking)	Run GUT unit suite (canonical close-out invocation)	2026-09-07T12:56:02.1960835Z Project FPS: 145 (6.89 mspf)
GUT GDScript suite under Godot 4.3 headless (blocking)	Run GUT unit suite (canonical close-out invocation)	2026-09-07T12:56:03.1965907Z Project FPS: 145 (6.89 mspf)
GUT GDScript suite under Godot 4.3 headless (blocking)	Run GUT unit suite (canonical close-out invocation)	2026-09-07T12:56:04.1970941Z Project FPS: 145 (6.89 mspf)
GUT GDScript suite under Godot 4.3 headless (blocking)	Run GUT unit suite (canonical close-out invocation)	2026-09-07T12:56:05.1976626Z Project FPS: 145 (6.89 mspf)
GUT GDScript suite under Godot 4.3 headless (blocking)	Run GUT unit suite (canonical close-out invocation)	2026-09-07T12:56:06.1981462Z Project FPS: 145 (6.89 mspf)
GUT GDScript suite under Godot 4.3 headless (blocking)	Run GUT unit suite (canonical close-out invocation)	2026-09-07T12:56:07.1917671Z Project FPS: 144 (6.94 mspf)
GUT GDScript suite under Godot 4.3 headless (blocking)	Run GUT unit suite (canonical close-out invocation)	2026-09-07T12:56:08.1922763Z Project FPS: 145 (6.89 mspf)
GUT GDScript suite under Godot 4.3 headless (blocking)	Run GUT unit suite (canonical close-out invocation)	2026-09-07T12:56:09.1928222Z Project FPS: 145 (6.89 mspf)
GUT GDScript suite under Godot 4.3 headless (blocking)	Run GUT unit suite (canonical close-out invocation)	2026-09-07T12:56:10.1934038Z Project FPS: 145 (6.89 mspf)
GUT GDScript suite under Godot 4.3 headless (blocking)	Run GUT unit suite (canonical close-out invocation)	2026-09-07T12:56:11.1938929Z Project FPS: 145 (6.89 mspf)
GUT GDScript suite under Godot 4.3 headless (blocking)	Run GUT unit suite (canonical close-out invocation)	2026-09-07T12:56:12.1944008Z Project FPS: 145 (6.89 mspf)
GUT GDScript suite under Godot 4.3 headless (blocking)	Run GUT unit suite (canonical close-out invocation)	2026-09-07T12:56:13.1949417Z Project FPS: 145 (6.89 mspf)
GUT GDScript suite under Godot 4.3 headless (blocking)	Run GUT unit suite (canonical close-out invocation)	2026-09-07T12:56:14.1954493Z Project FPS: 145 (6.89 mspf)
GUT GDScript suite under Godot 4.3 headless (blocking)	Run GUT unit suite (canonical close-out invocation)	2026-09-07T12:56:15.1959753Z Project FPS: 145 (6.89 mspf)
GUT GDScript suite under Godot 4.3 headless (blocking)	Run GUT unit suite (canonical close-out invocation)	2026-09-07T12:56:16.1964711Z Project FPS: 145 (6.89 mspf)
GUT GDScript suite under Godot 4.3 headless (blocking)	Run GUT unit suite (canonical close-out invocation)	2026-09-07T12:56:17.1970269Z Project FPS: 145 (6.89 mspf)
GUT GDScript suite under Godot 4.3 headless (blocking)	Run GUT unit suite (canonical close-out invocation)	2026-09-07T12:56:18.1975499Z Project FPS: 145 (6.89 mspf)
GUT GDScript suite under Godot 4.3 headless (blocking)	Run GUT unit suite (canonical close-out invocation)	2026-09-07T12:56:19.1980845Z Project FPS: 145 (6.89 mspf)
GUT GDScript suite under Godot 4.3 headless (blocking)	Run GUT unit suite (canonical close-out invocation)	2026-09-07T12:56:20.1985774Z Project FPS: 145 (6.89 mspf)
GUT GDScript suite under Godot 4.3 headless (blocking)	Run GUT unit suite (canonical close-out invocation)	2026-09-07T12:56:21.1922144Z Project FPS: 144 (6.94 mspf)
GUT GDScript suite under Godot 4.3 headless (blocking)	Run GUT unit suite (canonical close-out invocation)	2026-09-07T12:56:22.1927174Z Project FPS: 145 (6.89 mspf)
GUT GDScript suite under Godot 4.3 headless (blocking)	Run GUT unit suite (canonical close-out invocation)	2026-09-07T12:56:23.1932564Z Project FPS: 145 (6.89 mspf)
GUT GDScript suite under Godot 4.3 headless (blocking)	Run GUT unit suite (canonical close-out invocation)	2026-09-07T12:56:24.1937634Z Project FPS: 145 (6.89 mspf)
GUT GDScript suite under Godot 4.3 headless (blocking)	Run GUT unit suite (canonical close-out invocation)	2026-09-07T12:56:25.1942892Z Project FPS: 145 (6.89 mspf)
GUT GDScript suite under Godot 4.3 headless (blocking)	Run GUT unit suite (canonical close-out invocation)	2026-09-07T12:56:26.1948022Z Project FPS: 145 (6.89 mspf)
GUT GDScript suite under Godot 4.3 headless (blocking)	Run GUT unit suite (canonical close-out invocation)	2026-09-07T12:56:27.1952972Z Project FPS: 145 (6.89 mspf)
GUT GDScript suite under Godot 4.3 headless (blocking)	Run GUT unit suite (canonical close-out invocation)	2026-09-07T12:56:28.1958235Z Project FPS: 145 (6.89 mspf)
GUT GDScript suite under Godot 4.3 headless (blocking)	Run GUT unit suite (canonical close-out invocation)	2026-09-07T12:56:29.1963329Z Project FPS: 145 (6.89 mspf)
GUT GDScript suite under Godot 4.3 headless (blocking)	Run GUT unit suite (canonical close-out invocation)	2026-09-07T12:56:30.1968666Z Project FPS: 145 (6.89 mspf)
GUT GDScript suite under Godot 4.3 headless (blocking)	Run GUT unit suite (canonical close-out invocation)	2026-09-07T12:56:31.1974008Z Project FPS: 145 (6.89 mspf)
GUT GDScript suite under Godot 4.3 headless (blocking)	Run GUT unit suite (canonical close-out invocation)	2026-09-07T12:56:32.1978951Z Project FPS: 145 (6.89 mspf)
GUT GDScript suite under Godot 4.3 headless (blocking)	Run GUT unit suite (canonical close-out invocation)	2026-09-07T12:56:33.1984093Z Project FPS: 145 (6.89 mspf)
GUT GDScript suite under Godot 4.3 headless (blocking)	Run GUT unit suite (canonical close-out invocation)	2026-09-07T12:56:34.1920787Z Project FPS: 144 (6.94 mspf)
GUT GDScript suite under Godot 4.3 headless (blocking)	Run GUT unit suite (canonical close-out invocation)	2026-09-07T12:56:35.1925858Z Project FPS: 145 (6.89 mspf)
GUT GDScript suite under Godot 4.3 headless (blocking)	Run GUT unit suite (canonical close-out invocation)	2026-09-07T12:56:36.1931090Z Project FPS: 145 (6.89 mspf)
GUT GDScript suite under Godot 4.3 headless (blocking)	Run GUT unit suite (canonical close-out invocation)	2026-09-07T12:56:37.1936380Z Project FPS: 145 (6.89 mspf)
GUT GDScript suite under Godot 4.3 headless (blocking)	Run GUT unit suite (canonical close-out invocation)	2026-09-07T12:56:38.1941604Z Project FPS: 145 (6.89 mspf)
GUT GDScript suite under Godot 4.3 headless (blocking)	Run GUT unit suite (canonical close-out invocation)	2026-09-07T12:56:39.1946839Z Project FPS: 145 (6.89 mspf)
GUT GDScript suite under Godot 4.3 headless (blocking)	Run GUT unit suite (canonical close-out invocation)	2026-09-07T12:56:40.1952092Z Project FPS: 145 (6.89 mspf)
GUT GDScript suite under Godot 4.3 headless (blocking)	Run GUT unit suite (canonical close-out invocation)	2026-09-07T12:56:41.1957313Z Project FPS: 145 (6.89 mspf)
GUT GDScript suite under Godot 4.3 headless (blocking)	Run GUT unit suite (canonical close-out invocation)	2026-09-07T12:56:42.1962302Z Project FPS: 145 (6.89 mspf)
GUT GDScript suite under Godot 4.3 headless (blocking)	Run GUT unit suite (canonical close-out invocation)	2026-09-07T12:56:43.1967170Z Project FPS: 145 (6.89 mspf)
GUT GDScript suite under Godot 4.3 headless (blocking)	Run GUT unit suite (canonical close-out invocation)	2026-09-07T12:56:44.1972723Z Project FPS: 145 (6.89 mspf)
GUT GDScript suite under Godot 4.3 headless (blocking)	Run GUT unit suite (canonical close-out invocation)	2026-09-07T12:56:45.1978032Z Project FPS: 145 (6.89 mspf)
GUT GDScript suite under Godot 4.3 headless (blocking)	Run GUT unit suite (canonical close-out invocation)	2026-09-07T12:56:46.1983247Z Project FPS: 145 (6.89 mspf)
GUT GDScript suite under Godot 4.3 headless (blocking)	Run GUT unit suite (canonical close-out invocation)	2026-09-07T12:56:47.1987435Z Project FPS: 145 (6.89 mspf)
GUT GDScript suite under Godot 4.3 headless (blocking)	Run GUT unit suite (canonical close-out invocation)	2026-09-07T12:56:48.1924690Z Project FPS: 144 (6.94 mspf)
GUT GDScript suite under Godot 4.3 headless (blocking)	Run GUT unit suite (canonical close-out invocation)	2026-09-07T12:56:49.1930013Z Project FPS: 145 (6.89 mspf)
GUT GDScript suite under Godot 4.3 headless (blocking)	Run GUT unit suite (canonical close-out invocation)	2026-09-07T12:56:50.1935100Z Project FPS: 145 (6.89 mspf)
GUT GDScript suite under Godot 4.3 headless (blocking)	Run GUT unit suite (canonical close-out invocation)	2026-09-07T12:56:51.1940226Z Project FPS: 145 (6.89 mspf)
GUT GDScript suite under Godot 4.3 headless (blocking)	Run GUT unit suite (canonical close-out invocation)	2026-09-07T12:56:52.1945424Z Project FPS: 145 (6.89 mspf)
GUT GDScript suite under Godot 4.3 headless (blocking)	Run GUT unit suite (canonical close-out invocation)	2026-09-07T12:56:53.1950850Z Project FPS: 145 (6.89 mspf)
GUT GDScript suite under Godot 4.3 headless (blocking)	Run GUT unit suite (canonical close-out invocation)	2026-09-07T12:56:54.1956113Z Project FPS: 145 (6.89 mspf)
GUT GDScript suite under Godot 4.3 headless (blocking)	Run GUT unit suite (canonical close-out invocation)	2026-09-07T12:56:55.1961250Z Project FPS: 145 (6.89 mspf)
GUT GDScript suite under Godot 4.3 headless (blocking)	Run GUT unit suite (canonical close-out invocation)	2026-09-07T12:56:56.1966182Z Project FPS: 145 (6.89 mspf)
GUT GDScript suite under Godot 4.3 headless (blocking)	Run GUT unit suite (canonical close-out invocation)	2026-09-07T12:56:57.1971641Z Project FPS: 145 (6.89 mspf)
GUT GDScript suite under Godot 4.3 headless (blocking)	Run GUT unit suite (canonical close-out invocation)	2026-09-07T12:56:58.1976861Z Project FPS: 145 (6.89 mspf)
GUT GDScript suite under Godot 4.3 headless (blocking)	Run GUT unit suite (canonical close-out invocation)	2026-09-07T12:56:59.1982085Z Project FPS: 145 (6.89 mspf)
GUT GDScript suite under Godot 4.3 headless (blocking)	Run GUT unit suite (canonical close-out invocation)	2026-09-07T12:57:00.1987048Z Project FPS: 145 (6.89 mspf)
GUT GDScript suite under Godot 4.3 headless (blocking)	Run GUT unit suite (canonical close-out invocation)	2026-09-07T12:57:01.1992325Z Project FPS: 145 (6.89 mspf)
GUT GDScript suite under Godot 4.3 headless (blocking)	Run GUT unit suite (canonical close-out invocation)	2026-09-07T12:57:02.1928331Z Project FPS: 144 (6.94 mspf)
GUT GDScript suite under Godot 4.3 headless (blocking)	Run GUT unit suite (canonical close-out invocation)	2026-09-07T12:57:03.1933661Z Project FPS: 145 (6.89 mspf)
GUT GDScript suite under Godot 4.3 headless (blocking)	Run GUT unit suite (canonical close-out invocation)	2026-09-07T12:57:04.1939177Z Project FPS: 145 (6.89 mspf)
GUT GDScript suite under Godot 4.3 headless (blocking)	Run GUT unit suite (canonical close-out invocation)	2026-09-07T12:57:05.1944193Z Project FPS: 145 (6.89 mspf)
GUT GDScript suite under Godot 4.3 headless (blocking)	Run GUT unit suite (canonical close-out invocation)	2026-09-07T12:57:06.1949102Z Project FPS: 145 (6.89 mspf)
GUT GDScript suite under Godot 4.3 headless (blocking)	Run GUT unit suite (canonical close-out invocation)	2026-09-07T12:57:07.1954531Z Project FPS: 145 (6.89 mspf)
GUT GDScript suite under Godot 4.3 headless (blocking)	Run GUT unit suite (canonical close-out invocation)	2026-09-07T12:57:08.1959797Z Project FPS: 145 (6.89 mspf)
GUT GDScript suite under Godot 4.3 headless (blocking)	Run GUT unit suite (canonical close-out invocation)	2026-09-07T12:57:09.1964809Z Project FPS: 145 (6.89 mspf)
GUT GDScript suite under Godot 4.3 headless (blocking)	Run GUT unit suite (canonical close-out invocation)	2026-09-07T12:57:10.1970462Z Project FPS: 145 (6.89 mspf)
GUT GDScript suite under Godot 4.3 headless (blocking)	Run GUT unit suite (canonical close-out invocation)	2026-09-07T12:57:11.1975563Z Project FPS: 145 (6.89 mspf)
GUT GDScript suite under Godot 4.3 headless (blocking)	Run GUT unit suite (canonical close-out invocation)	2026-09-07T12:57:12.1980575Z Project FPS: 145 (6.89 mspf)
GUT GDScript suite under Godot 4.3 headless (blocking)	Run GUT unit suite (canonical close-out invocation)	2026-09-07T12:57:13.1985786Z Project FPS: 145 (6.89 mspf)
GUT GDScript suite under Godot 4.3 headless (blocking)	Run GUT unit suite (canonical close-out invocation)	2026-09-07T12:57:14.1990940Z Project FPS: 145 (6.89 mspf)
GUT GDScript suite under Godot 4.3 headless (blocking)	Run GUT unit suite (canonical close-out invocation)	2026-09-07T12:57:15.1996401Z Project FPS: 145 (6.89 mspf)
GUT GDScript suite under Godot 4.3 headless (blocking)	Run GUT unit suite (canonical close-out invocation)	2026-09-07T12:57:16.1932457Z Project FPS: 144 (6.94 mspf)
GUT GDScript suite under Godot 4.3 headless (blocking)	Run GUT unit suite (canonical close-out invocation)	2026-09-07T12:57:17.1937748Z Project FPS: 145 (6.89 mspf)
GUT GDScript suite under Godot 4.3 headless (blocking)	Run GUT unit suite (canonical close-out invocation)	2026-09-07T12:57:18.1950975Z Project FPS: 145 (6.89 mspf)
GUT GDScript suite under Godot 4.3 headless (blocking)	Run GUT unit suite (canonical close-out invocation)	2026-09-07T12:57:19.1947740Z Project FPS: 145 (6.89 mspf)
GUT GDScript suite under Godot 4.3 headless (blocking)	Run GUT unit suite (canonical close-out invocation)	2026-09-07T12:57:20.1953321Z Project FPS: 145 (6.89 mspf)
GUT GDScript suite under Godot 4.3 headless (blocking)	Run GUT unit suite (canonical close-out invocation)	2026-09-07T12:57:21.1958665Z Project FPS: 145 (6.89 mspf)
GUT GDScript suite under Godot 4.3 headless (blocking)	Run GUT unit suite (canonical close-out invocation)	2026-09-07T12:57:22.1963590Z Project FPS: 145 (6.89 mspf)
GUT GDScript suite under Godot 4.3 headless (blocking)	Run GUT unit suite (canonical close-out invocation)	2026-09-07T12:57:23.1968976Z Project FPS: 145 (6.89 mspf)
GUT GDScript suite under Godot 4.3 headless (blocking)	Run GUT unit suite (canonical close-out invocation)	2026-09-07T12:57:24.1974214Z Project FPS: 145 (6.89 mspf)
GUT GDScript suite under Godot 4.3 headless (blocking)	Run GUT unit suite (canonical close-out invocation)	2026-09-07T12:57:25.1979246Z Project FPS: 145 (6.89 mspf)
GUT GDScript suite under Godot 4.3 headless (blocking)	Run GUT unit suite (canonical close-out invocation)	2026-09-07T12:57:26.1984348Z Project FPS: 145 (6.89 mspf)
GUT GDScript suite under Godot 4.3 headless (blocking)	Run GUT unit suite (canonical close-out invocation)	2026-09-07T12:57:27.1989673Z Project FPS: 145 (6.89 mspf)
GUT GDScript suite under Godot 4.3 headless (blocking)	Run GUT unit suite (canonical close-out invocation)	2026-09-07T12:57:28.1994892Z Project FPS: 145 (6.89 mspf)
GUT GDScript suite under Godot 4.3 headless (blocking)	Run GUT unit suite (canonical close-out invocation)	2026-09-07T12:57:29.2000063Z Project FPS: 145 (6.89 mspf)
GUT GDScript suite under Godot 4.3 headless (blocking)	Run GUT unit suite (canonical close-out invocation)	2026-09-07T12:57:30.1935930Z Project FPS: 144 (6.94 mspf)
GUT GDScript suite under Godot 4.3 headless (blocking)	Run GUT unit suite (canonical close-out invocation)	2026-09-07T12:57:31.1941116Z Project FPS: 145 (6.89 mspf)
GUT GDScript suite under Godot 4.3 headless (blocking)	Run GUT unit suite (canonical close-out invocation)	2026-09-07T12:57:32.1946255Z Project FPS: 145 (6.89 mspf)
GUT GDScript suite under Godot 4.3 headless (blocking)	Run GUT unit suite (canonical close-out invocation)	2026-09-07T12:57:33.1951699Z Project FPS: 145 (6.89 mspf)
GUT GDScript suite under Godot 4.3 headless (blocking)	Run GUT unit suite (canonical close-out invocation)	2026-09-07T12:57:34.1957177Z Project FPS: 145 (6.89 mspf)
GUT GDScript suite under Godot 4.3 headless (blocking)	Run GUT unit suite (canonical close-out invocation)	2026-09-07T12:57:35.1962461Z Project FPS: 145 (6.89 mspf)
GUT GDScript suite under Godot 4.3 headless (blocking)	Run GUT unit suite (canonical close-out invocation)	2026-09-07T12:57:36.1967671Z Project FPS: 145 (6.89 mspf)
GUT GDScript suite under Godot 4.3 headless (blocking)	Run GUT unit suite (canonical close-out invocation)	2026-09-07T12:57:37.1972067Z Project FPS: 145 (6.89 mspf)
GUT GDScript suite under Godot 4.3 headless (blocking)	Run GUT unit suite (canonical close-out invocation)	2026-09-07T12:57:38.1977865Z Project FPS: 145 (6.89 mspf)
GUT GDScript suite under Godot 4.3 headless (blocking)	Run GUT unit suite (canonical close-out invocation)	2026-09-07T12:57:39.1983066Z Project FPS: 145 (6.89 mspf)
GUT GDScript suite under Godot 4.3 headless (blocking)	Run GUT unit suite (canonical close-out invocation)	2026-09-07T12:57:40.1988181Z Project FPS: 145 (6.89 mspf)
GUT GDScript suite under Godot 4.3 headless (blocking)	Run GUT unit suite (canonical close-out invocation)	2026-09-07T12:57:41.1993361Z Project FPS: 145 (6.89 mspf)
GUT GDScript suite under Godot 4.3 headless (blocking)	Run GUT unit suite (canonical close-out invocation)	2026-09-07T12:57:42.1998831Z Project FPS: 145 (6.89 mspf)
GUT GDScript suite under Godot 4.3 headless (blocking)	Run GUT unit suite (canonical close-out invocation)	2026-09-07T12:57:43.1933889Z Project FPS: 144 (6.94 mspf)
GUT GDScript suite under Godot 4.3 headless (blocking)	Run GUT unit suite (canonical close-out invocation)	2026-09-07T12:57:44.1940254Z Project FPS: 145 (6.89 mspf)
GUT GDScript suite under Godot 4.3 headless (blocking)	Run GUT unit suite (canonical close-out invocation)	2026-09-07T12:57:45.1945485Z Project FPS: 145 (6.89 mspf)
GUT GDScript suite under Godot 4.3 headless (blocking)	Run GUT unit suite (canonical close-out invocation)	2026-09-07T12:57:46.1950670Z Project FPS: 145 (6.89 mspf)
GUT GDScript suite under Godot 4.3 headless (blocking)	Run GUT unit suite (canonical close-out invocation)	2026-09-07T12:57:47.1955555Z Project FPS: 145 (6.89 mspf)
GUT GDScript suite under Godot 4.3 headless (blocking)	Run GUT unit suite (canonical close-out invocation)	2026-09-07T12:57:48.1961110Z Project FPS: 145 (6.89 mspf)
GUT GDScript suite under Godot 4.3 headless (blocking)	Run GUT unit suite (canonical close-out invocation)	2026-09-07T12:57:49.1965510Z Project FPS: 145 (6.89 mspf)
GUT GDScript suite under Godot 4.3 headless (blocking)	Run GUT unit suite (canonical close-out invocation)	2026-09-07T12:57:50.1971502Z Project FPS: 145 (6.89 mspf)
GUT GDScript suite under Godot 4.3 headless (blocking)	Run GUT unit suite (canonical close-out invocation)	2026-09-07T12:57:51.1976796Z Project FPS: 145 (6.89 mspf)
GUT GDScript suite under Godot 4.3 headless (blocking)	Run GUT unit suite (canonical close-out invocation)	2026-09-07T12:57:52.1981990Z Project FPS: 145 (6.89 mspf)
GUT GDScript suite under Godot 4.3 headless (blocking)	Run GUT unit suite (canonical close-out invocation)	2026-09-07T12:57:53.1987198Z Project FPS: 145 (6.89 mspf)
GUT GDScript suite under Godot 4.3 headless (blocking)	Run GUT unit suite (canonical close-out invocation)	2026-09-07T12:57:54.1992422Z Project FPS: 145 (6.89 mspf)
GUT GDScript suite under Godot 4.3 headless (blocking)	Run GUT unit suite (canonical close-out invocation)	2026-09-07T12:57:55.1997010Z Project FPS: 145 (6.89 mspf)
GUT GDScript suite under Godot 4.3 headless (blocking)	Run GUT unit suite (canonical close-out invocation)	2026-09-07T12:57:56.2002993Z Project FPS: 145 (6.89 mspf)
GUT GDScript suite under Godot 4.3 headless (blocking)	Run GUT unit suite (canonical close-out invocation)	2026-09-07T12:57:57.1939004Z Project FPS: 144 (6.94 mspf)
GUT GDScript suite under Godot 4.3 headless (blocking)	Run GUT unit suite (canonical close-out invocation)	2026-09-07T12:57:58.1944198Z Project FPS: 145 (6.89 mspf)
GUT GDScript suite under Godot 4.3 headless (blocking)	Run GUT unit suite (canonical close-out invocation)	2026-09-07T12:57:59.1949332Z Project FPS: 145 (6.89 mspf)
GUT GDScript suite under Godot 4.3 headless (blocking)	Run GUT unit suite (canonical close-out invocation)	2026-09-07T12:58:00.1954549Z Project FPS: 145 (6.89 mspf)
GUT GDScript suite under Godot 4.3 headless (blocking)	Run GUT unit suite (canonical close-out invocation)	2026-09-07T12:58:01.1959811Z Project FPS: 145 (6.89 mspf)
GUT GDScript suite under Godot 4.3 headless (blocking)	Run GUT unit suite (canonical close-out invocation)	2026-09-07T12:58:02.1964813Z Project FPS: 145 (6.89 mspf)
GUT GDScript suite under Godot 4.3 headless (blocking)	Run GUT unit suite (canonical close-out invocation)	2026-09-07T12:58:03.1970367Z Project FPS: 145 (6.89 mspf)
GUT GDScript suite under Godot 4.3 headless (blocking)	Run GUT unit suite (canonical close-out invocation)	2026-09-07T12:58:04.1975111Z Project FPS: 145 (6.89 mspf)
GUT GDScript suite under Godot 4.3 headless (blocking)	Run GUT unit suite (canonical close-out invocation)	2026-09-07T12:58:05.1980407Z Project FPS: 145 (6.89 mspf)
GUT GDScript suite under Godot 4.3 headless (blocking)	Run GUT unit suite (canonical close-out invocation)	2026-09-07T12:58:06.1985602Z Project FPS: 145 (6.89 mspf)
GUT GDScript suite under Godot 4.3 headless (blocking)	Run GUT unit suite (canonical close-out invocation)	2026-09-07T12:58:07.1991039Z Project FPS: 145 (6.89 mspf)
GUT GDScript suite under Godot 4.3 headless (blocking)	Run GUT unit suite (canonical close-out invocation)	2026-09-07T12:58:08.1996117Z Project FPS: 145 (6.89 mspf)
GUT GDScript suite under Godot 4.3 headless (blocking)	Run GUT unit suite (canonical close-out invocation)	2026-09-07T12:58:09.2001120Z Project FPS: 145 (6.89 mspf)
GUT GDScript suite under Godot 4.3 headless (blocking)	Run GUT unit suite (canonical close-out invocation)	2026-09-07T12:58:10.2006641Z Project FPS: 145 (6.89 mspf)
GUT GDScript suite under Godot 4.3 headless (blocking)	Run GUT unit suite (canonical close-out invocation)	2026-09-07T12:58:11.1942861Z Project FPS: 144 (6.94 mspf)
GUT GDScript suite under Godot 4.3 headless (blocking)	Run GUT unit suite (canonical close-out invocation)	2026-09-07T12:58:12.1948486Z Project FPS: 145 (6.89 mspf)
GUT GDScript suite under Godot 4.3 headless (blocking)	Run GUT unit suite (canonical close-out invocation)	2026-09-07T12:58:13.1953338Z Project FPS: 145 (6.89 mspf)
GUT GDScript suite under Godot 4.3 headless (blocking)	Run GUT unit suite (canonical close-out invocation)	2026-09-07T12:58:14.1958299Z Project FPS: 145 (6.89 mspf)
GUT GDScript suite under Godot 4.3 headless (blocking)	Run GUT unit suite (canonical close-out invocation)	2026-09-07T12:58:15.1963554Z Project FPS: 145 (6.89 mspf)
GUT GDScript suite under Godot 4.3 headless (blocking)	Run GUT unit suite (canonical close-out invocation)	2026-09-07T12:58:16.1968691Z Project FPS: 145 (6.89 mspf)
GUT GDScript suite under Godot 4.3 headless (blocking)	Run GUT unit suite (canonical close-out invocation)	2026-09-07T12:58:17.1973896Z Project FPS: 145 (6.89 mspf)
GUT GDScript suite under Godot 4.3 headless (blocking)	Run GUT unit suite (canonical close-out invocation)	2026-09-07T12:58:18.1978968Z Project FPS: 145 (6.89 mspf)
GUT GDScript suite under Godot 4.3 headless (blocking)	Run GUT unit suite (canonical close-out invocation)	2026-09-07T12:58:19.1984554Z Project FPS: 145 (6.89 mspf)
GUT GDScript suite under Godot 4.3 headless (blocking)	Run GUT unit suite (canonical close-out invocation)	2026-09-07T12:58:20.1989722Z Project FPS: 145 (6.89 mspf)
GUT GDScript suite under Godot 4.3 headless (blocking)	Run GUT unit suite (canonical close-out invocation)	2026-09-07T12:58:21.1995393Z Project FPS: 145 (6.89 mspf)
GUT GDScript suite under Godot 4.3 headless (blocking)	Run GUT unit suite (canonical close-out invocation)	2026-09-07T12:58:22.2000439Z Project FPS: 145 (6.89 mspf)
GUT GDScript suite under Godot 4.3 headless (blocking)	Run GUT unit suite (canonical close-out invocation)	2026-09-07T12:58:23.2005552Z Project FPS: 145 (6.89 mspf)
GUT GDScript suite under Godot 4.3 headless (blocking)	Run GUT unit suite (canonical close-out invocation)	2026-09-07T12:58:24.2010905Z Project FPS: 145 (6.89 mspf)
GUT GDScript suite under Godot 4.3 headless (blocking)	Run GUT unit suite (canonical close-out invocation)	2026-09-07T12:58:25.1946702Z Project FPS: 144 (6.94 mspf)
GUT GDScript suite under Godot 4.3 headless (blocking)	Run GUT unit suite (canonical close-out invocation)	2026-09-07T12:58:26.1952237Z Project FPS: 145 (6.89 mspf)
GUT GDScript suite under Godot 4.3 headless (blocking)	Run GUT unit suite (canonical close-out invocation)	2026-09-07T12:58:27.1957477Z Project FPS: 145 (6.89 mspf)
GUT GDScript suite under Godot 4.3 headless (blocking)	Run GUT unit suite (canonical close-out invocation)	2026-09-07T12:58:28.1962785Z Project FPS: 145 (6.89 mspf)
GUT GDScript suite under Godot 4.3 headless (blocking)	Run GUT unit suite (canonical close-out invocation)	2026-09-07T12:58:29.1967867Z Project FPS: 145 (6.89 mspf)
GUT GDScript suite under Godot 4.3 headless (blocking)	Run GUT unit suite (canonical close-out invocation)	2026-09-07T12:58:30.1973017Z Project FPS: 145 (6.89 mspf)
GUT GDScript suite under Godot 4.3 headless (blocking)	Run GUT unit suite (canonical close-out invocation)	2026-09-07T12:58:31.1978184Z Project FPS: 145 (6.89 mspf)
GUT GDScript suite under Godot 4.3 headless (blocking)	Run GUT unit suite (canonical close-out invocation)	2026-09-07T12:58:32.1983850Z Project FPS: 145 (6.89 mspf)
GUT GDScript suite under Godot 4.3 headless (blocking)	Run GUT unit suite (canonical close-out invocation)	2026-09-07T12:58:33.1988622Z Project FPS: 145 (6.89 mspf)
GUT GDScript suite under Godot 4.3 headless (blocking)	Run GUT unit suite (canonical close-out invocation)	2026-09-07T12:58:34.1993962Z Project FPS: 145 (6.89 mspf)
GUT GDScript suite under Godot 4.3 headless (blocking)	Run GUT unit suite (canonical close-out invocation)	2026-09-07T12:58:35.1998915Z Project FPS: 145 (6.89 mspf)
GUT GDScript suite under Godot 4.3 headless (blocking)	Run GUT unit suite (canonical close-out invocation)	2026-09-07T12:58:36.2004424Z Project FPS: 145 (6.89 mspf)
GUT GDScript suite under Godot 4.3 headless (blocking)	Run GUT unit suite (canonical close-out invocation)	2026-09-07T12:58:37.2009439Z Project FPS: 145 (6.89 mspf)
GUT GDScript suite under Godot 4.3 headless (blocking)	Run GUT unit suite (canonical close-out invocation)	2026-09-07T12:58:38.2015095Z Project FPS: 145 (6.89 mspf)
GUT GDScript suite under Godot 4.3 headless (blocking)	Run GUT unit suite (canonical close-out invocation)	2026-09-07T12:58:39.1950915Z Project FPS: 144 (6.94 mspf)
GUT GDScript suite under Godot 4.3 headless (blocking)	Run GUT unit suite (canonical close-out invocation)	2026-09-07T12:58:40.1957004Z Project FPS: 145 (6.89 mspf)
GUT GDScript suite under Godot 4.3 headless (blocking)	Run GUT unit suite (canonical close-out invocation)	2026-09-07T12:58:41.1962273Z Project FPS: 145 (6.89 mspf)
GUT GDScript suite under Godot 4.3 headless (blocking)	Run GUT unit suite (canonical close-out invocation)	2026-09-07T12:58:42.1967396Z Project FPS: 145 (6.89 mspf)
GUT GDScript suite under Godot 4.3 headless (blocking)	Run GUT unit suite (canonical close-out invocation)	2026-09-07T12:58:43.1972723Z Project FPS: 145 (6.89 mspf)
GUT GDScript suite under Godot 4.3 headless (blocking)	Run GUT unit suite (canonical close-out invocation)	2026-09-07T12:58:44.1978429Z Project FPS: 145 (6.89 mspf)
GUT GDScript suite under Godot 4.3 headless (blocking)	Run GUT unit suite (canonical close-out invocation)	2026-09-07T12:58:45.1982475Z Project FPS: 145 (6.89 mspf)
GUT GDScript suite under Godot 4.3 headless (blocking)	Run GUT unit suite (canonical close-out invocation)	2026-09-07T12:58:46.1987755Z Project FPS: 145 (6.89 mspf)
GUT GDScript suite under Godot 4.3 headless (blocking)	Run GUT unit suite (canonical close-out invocation)	2026-09-07T12:58:47.1992708Z Project FPS: 145 (6.89 mspf)
GUT GDScript suite under Godot 4.3 headless (blocking)	Run GUT unit suite (canonical close-out invocation)	2026-09-07T12:58:48.1998008Z Project FPS: 145 (6.89 mspf)
GUT GDScript suite under Godot 4.3 headless (blocking)	Run GUT unit suite (canonical close-out invocation)	2026-09-07T12:58:49.2003314Z Project FPS: 145 (6.89 mspf)
GUT GDScript suite under Godot 4.3 headless (blocking)	Run GUT unit suite (canonical close-out invocation)	2026-09-07T12:58:50.2008977Z Project FPS: 145 (6.89 mspf)
GUT GDScript suite under Godot 4.3 headless (blocking)	Run GUT unit suite (canonical close-out invocation)	2026-09-07T12:58:51.2014158Z Project FPS: 145 (6.89 mspf)
GUT GDScript suite under Godot 4.3 headless (blocking)	Run GUT unit suite (canonical close-out invocation)	2026-09-07T12:58:52.1949977Z Project FPS: 144 (6.94 mspf)
GUT GDScript suite under Godot 4.3 headless (blocking)	Run GUT unit suite (canonical close-out invocation)	2026-09-07T12:58:53.1955231Z Project FPS: 145 (6.89 mspf)
GUT GDScript suite under Godot 4.3 headless (blocking)	Run GUT unit suite (canonical close-out invocation)	2026-09-07T12:58:54.1961147Z Project FPS: 145 (6.89 mspf)
GUT GDScript suite under Godot 4.3 headless (blocking)	Run GUT unit suite (canonical close-out invocation)	2026-09-07T12:58:55.1965611Z Project FPS: 145 (6.89 mspf)
GUT GDScript suite under Godot 4.3 headless (blocking)	Run GUT unit suite (canonical close-out invocation)	2026-09-07T12:58:56.1970746Z Project FPS: 145 (6.89 mspf)
GUT GDScript suite under Godot 4.3 headless (blocking)	Run GUT unit suite (canonical close-out invocation)	2026-09-07T12:58:57.1976026Z Project FPS: 145 (6.89 mspf)
GUT GDScript suite under Godot 4.3 headless (blocking)	Run GUT unit suite (canonical close-out invocation)	2026-09-07T12:58:58.1981468Z Project FPS: 145 (6.89 mspf)
GUT GDScript suite under Godot 4.3 headless (blocking)	Run GUT unit suite (canonical close-out invocation)	2026-09-07T12:58:59.1986638Z Project FPS: 145 (6.89 mspf)
GUT GDScript suite under Godot 4.3 headless (blocking)	Run GUT unit suite (canonical close-out invocation)	2026-09-07T12:59:00.1991193Z Project FPS: 145 (6.89 mspf)
GUT GDScript suite under Godot 4.3 headless (blocking)	Run GUT unit suite (canonical close-out invocation)	2026-09-07T12:59:01.1996462Z Project FPS: 145 (6.89 mspf)
GUT GDScript suite under Godot 4.3 headless (blocking)	Run GUT unit suite (canonical close-out invocation)	2026-09-07T12:59:02.2001652Z Project FPS: 145 (6.89 mspf)
GUT GDScript suite under Godot 4.3 headless (blocking)	Run GUT unit suite (canonical close-out invocation)	2026-09-07T12:59:03.2007164Z Project FPS: 145 (6.89 mspf)
GUT GDScript suite under Godot 4.3 headless (blocking)	Run GUT unit suite (canonical close-out invocation)	2026-09-07T12:59:04.2012543Z Project FPS: 145 (6.89 mspf)
GUT GDScript suite under Godot 4.3 headless (blocking)	Run GUT unit suite (canonical close-out invocation)	2026-09-07T12:59:05.2017686Z Project FPS: 145 (6.89 mspf)
GUT GDScript suite under Godot 4.3 headless (blocking)	Run GUT unit suite (canonical close-out invocation)	2026-09-07T12:59:06.1952365Z Project FPS: 144 (6.94 mspf)
GUT GDScript suite under Godot 4.3 headless (blocking)	Run GUT unit suite (canonical close-out invocation)	2026-09-07T12:59:07.1958193Z Project FPS: 145 (6.89 mspf)
GUT GDScript suite under Godot 4.3 headless (blocking)	Run GUT unit suite (canonical close-out invocation)	2026-09-07T12:59:08.1963424Z Project FPS: 145 (6.89 mspf)
GUT GDScript suite under Godot 4.3 headless (blocking)	Run GUT unit suite (canonical close-out invocation)	2026-09-07T12:59:09.1968175Z Project FPS: 145 (6.89 mspf)
GUT GDScript suite under Godot 4.3 headless (blocking)	Run GUT unit suite (canonical close-out invocation)	2026-09-07T12:59:10.1974396Z Project FPS: 145 (6.89 mspf)
GUT GDScript suite under Godot 4.3 headless (blocking)	Run GUT unit suite (canonical close-out invocation)	2026-09-07T12:59:11.1979038Z Project FPS: 145 (6.89 mspf)
GUT GDScript suite under Godot 4.3 headless (blocking)	Run GUT unit suite (canonical close-out invocation)	2026-09-07T12:59:12.1984347Z Project FPS: 145 (6.89 mspf)
GUT GDScript suite under Godot 4.3 headless (blocking)	Run GUT unit suite (canonical close-out invocation)	2026-09-07T12:59:13.1989801Z Project FPS: 145 (6.89 mspf)
GUT GDScript suite under Godot 4.3 headless (blocking)	Run GUT unit suite (canonical close-out invocation)	2026-09-07T12:59:14.1994641Z Project FPS: 145 (6.89 mspf)
GUT GDScript suite under Godot 4.3 headless (blocking)	Run GUT unit suite (canonical close-out invocation)	2026-09-07T12:59:15.2000769Z Project FPS: 145 (6.89 mspf)
GUT GDScript suite under Godot 4.3 headless (blocking)	Run GUT unit suite (canonical close-out invocation)	2026-09-07T12:59:16.2005425Z Project FPS: 145 (6.89 mspf)
GUT GDScript suite under Godot 4.3 headless (blocking)	Run GUT unit suite (canonical close-out invocation)	2026-09-07T12:59:17.2010878Z Project FPS: 145 (6.89 mspf)
GUT GDScript suite under Godot 4.3 headless (blocking)	Run GUT unit suite (canonical close-out invocation)	2026-09-07T12:59:18.2015912Z Project FPS: 145 (6.89 mspf)
GUT GDScript suite under Godot 4.3 headless (blocking)	Run GUT unit suite (canonical close-out invocation)	2026-09-07T12:59:19.2021656Z Project FPS: 145 (6.89 mspf)
GUT GDScript suite under Godot 4.3 headless (blocking)	Run GUT unit suite (canonical close-out invocation)	2026-09-07T12:59:20.1957455Z Project FPS: 144 (6.94 mspf)
GUT GDScript suite under Godot 4.3 headless (blocking)	Run GUT unit suite (canonical close-out invocation)	2026-09-07T12:59:21.1962019Z Project FPS: 145 (6.89 mspf)
GUT GDScript suite under Godot 4.3 headless (blocking)	Run GUT unit suite (canonical close-out invocation)	2026-09-07T12:59:22.1967539Z Project FPS: 145 (6.89 mspf)
GUT GDScript suite under Godot 4.3 headless (blocking)	Run GUT unit suite (canonical close-out invocation)	2026-09-07T12:59:23.1973045Z Project FPS: 145 (6.89 mspf)
GUT GDScript suite under Godot 4.3 headless (blocking)	Run GUT unit suite (canonical close-out invocation)	2026-09-07T12:59:24.1978156Z Project FPS: 145 (6.89 mspf)
GUT GDScript suite under Godot 4.3 headless (blocking)	Run GUT unit suite (canonical close-out invocation)	2026-09-07T12:59:25.1983464Z Project FPS: 145 (6.89 mspf)
GUT GDScript suite under Godot 4.3 headless (blocking)	Run GUT unit suite (canonical close-out invocation)	2026-09-07T12:59:26.1988061Z Project FPS: 145 (6.89 mspf)
GUT GDScript suite under Godot 4.3 headless (blocking)	Run GUT unit suite (canonical close-out invocation)	2026-09-07T12:59:27.1993252Z Project FPS: 145 (6.89 mspf)
GUT GDScript suite under Godot 4.3 headless (blocking)	Run GUT unit suite (canonical close-out invocation)	2026-09-07T12:59:28.1999035Z Project FPS: 145 (6.89 mspf)
GUT GDScript suite under Godot 4.3 headless (blocking)	Run GUT unit suite (canonical close-out invocation)	2026-09-07T12:59:29.2003919Z Project FPS: 145 (6.89 mspf)
GUT GDScript suite under Godot 4.3 headless (blocking)	Run GUT unit suite (canonical close-out invocation)	2026-09-07T12:59:30.2009483Z Project FPS: 145 (6.89 mspf)
GUT GDScript suite under Godot 4.3 headless (blocking)	Run GUT unit suite (canonical close-out invocation)	2026-09-07T12:59:31.2015010Z Project FPS: 145 (6.89 mspf)
GUT GDScript suite under Godot 4.3 headless (blocking)	Run GUT unit suite (canonical close-out invocation)	2026-09-07T12:59:32.2019502Z Project FPS: 145 (6.89 mspf)
GUT GDScript suite under Godot 4.3 headless (blocking)	Run GUT unit suite (canonical close-out invocation)	2026-09-07T12:59:33.2024406Z Project FPS: 145 (6.89 mspf)
GUT GDScript suite under Godot 4.3 headless (blocking)	Run GUT unit suite (canonical close-out invocation)	2026-09-07T12:59:34.1960493Z Project FPS: 144 (6.94 mspf)
GUT GDScript suite under Godot 4.3 headless (blocking)	Run GUT unit suite (canonical close-out invocation)	2026-09-07T12:59:35.1966052Z Project FPS: 145 (6.89 mspf)
GUT GDScript suite under Godot 4.3 headless (blocking)	Run GUT unit suite (canonical close-out invocation)	2026-09-07T12:59:36.1972028Z Project FPS: 145 (6.89 mspf)
GUT GDScript suite under Godot 4.3 headless (blocking)	Run GUT unit suite (canonical close-out invocation)	2026-09-07T12:59:37.1976748Z Project FPS: 145 (6.89 mspf)
GUT GDScript suite under Godot 4.3 headless (blocking)	Run GUT unit suite (canonical close-out invocation)	2026-09-07T12:59:38.1981592Z Project FPS: 145 (6.89 mspf)
GUT GDScript suite under Godot 4.3 headless (blocking)	Run GUT unit suite (canonical close-out invocation)	2026-09-07T12:59:39.1986738Z Project FPS: 145 (6.89 mspf)
GUT GDScript suite under Godot 4.3 headless (blocking)	Run GUT unit suite (canonical close-out invocation)	2026-09-07T12:59:40.1991828Z Project FPS: 145 (6.89 mspf)
GUT GDScript suite under Godot 4.3 headless (blocking)	Run GUT unit suite (canonical close-out invocation)	2026-09-07T12:59:41.1997176Z Project FPS: 145 (6.89 mspf)
GUT GDScript suite under Godot 4.3 headless (blocking)	Run GUT unit suite (canonical close-out invocation)	2026-09-07T12:59:42.2002953Z Project FPS: 145 (6.89 mspf)
GUT GDScript suite under Godot 4.3 headless (blocking)	Run GUT unit suite (canonical close-out invocation)	2026-09-07T12:59:43.2007128Z Project FPS: 145 (6.89 mspf)
GUT GDScript suite under Godot 4.3 headless (blocking)	Run GUT unit suite (canonical close-out invocation)	2026-09-07T12:59:44.2013408Z Project FPS: 145 (6.89 mspf)
GUT GDScript suite under Godot 4.3 headless (blocking)	Run GUT unit suite (canonical close-out invocation)	2026-09-07T12:59:45.2018231Z Project FPS: 145 (6.89 mspf)
GUT GDScript suite under Godot 4.3 headless (blocking)	Run GUT unit suite (canonical close-out invocation)	2026-09-07T12:59:46.2023335Z Project FPS: 145 (6.89 mspf)
GUT GDScript suite under Godot 4.3 headless (blocking)	Run GUT unit suite (canonical close-out invocation)	2026-09-07T12:59:47.2026967Z Project FPS: 145 (6.89 mspf)
GUT GDScript suite under Godot 4.3 headless (blocking)	Run GUT unit suite (canonical close-out invocation)	2026-09-07T12:59:48.1964409Z Project FPS: 144 (6.94 mspf)
GUT GDScript suite under Godot 4.3 headless (blocking)	Run GUT unit suite (canonical close-out invocation)	2026-09-07T12:59:49.1969571Z Project FPS: 145 (6.89 mspf)
GUT GDScript suite under Godot 4.3 headless (blocking)	Run GUT unit suite (canonical close-out invocation)	2026-09-07T12:59:50.1974590Z Project FPS: 145 (6.89 mspf)
GUT GDScript suite under Godot 4.3 headless (blocking)	Run GUT unit suite (canonical close-out invocation)	2026-09-07T12:59:51.1979843Z Project FPS: 145 (6.89 mspf)
GUT GDScript suite under Godot 4.3 headless (blocking)	Run GUT unit suite (canonical close-out invocation)	2026-09-07T12:59:52.1985324Z Project FPS: 145 (6.89 mspf)
GUT GDScript suite under Godot 4.3 headless (blocking)	Run GUT unit suite (canonical close-out invocation)	2026-09-07T12:59:53.1990886Z Project FPS: 145 (6.89 mspf)
GUT GDScript suite under Godot 4.3 headless (blocking)	Run GUT unit suite (canonical close-out invocation)	2026-09-07T12:59:54.1995842Z Project FPS: 145 (6.89 mspf)
GUT GDScript suite under Godot 4.3 headless (blocking)	Run GUT unit suite (canonical close-out invocation)	2026-09-07T12:59:55.2001041Z Project FPS: 145 (6.89 mspf)
GUT GDScript suite under Godot 4.3 headless (blocking)	Run GUT unit suite (canonical close-out invocation)	2026-09-07T12:59:56.2005687Z Project FPS: 145 (6.89 mspf)
GUT GDScript suite under Godot 4.3 headless (blocking)	Run GUT unit suite (canonical close-out invocation)	2026-09-07T12:59:57.2010345Z Project FPS: 145 (6.89 mspf)
GUT GDScript suite under Godot 4.3 headless (blocking)	Run GUT unit suite (canonical close-out invocation)	2026-09-07T12:59:58.2016174Z Project FPS: 145 (6.89 mspf)
GUT GDScript suite under Godot 4.3 headless (blocking)	Run GUT unit suite (canonical close-out invocation)	2026-09-07T12:59:59.2021751Z Project FPS: 145 (6.89 mspf)
GUT GDScript suite under Godot 4.3 headless (blocking)	Run GUT unit suite (canonical close-out invocation)	2026-09-07T13:00:00.2026864Z Project FPS: 145 (6.89 mspf)
GUT GDScript suite under Godot 4.3 headless (blocking)	Run GUT unit suite (canonical close-out invocation)	2026-09-07T13:00:01.1962612Z Project FPS: 144 (6.94 mspf)
GUT GDScript suite under Godot 4.3 headless (blocking)	Run GUT unit suite (canonical close-out invocation)	2026-09-07T13:00:02.1967737Z Project FPS: 145 (6.89 mspf)
GUT GDScript suite under Godot 4.3 headless (blocking)	Run GUT unit suite (canonical close-out invocation)	2026-09-07T13:00:03.1972809Z Project FPS: 145 (6.89 mspf)
GUT GDScript suite under Godot 4.3 headless (blocking)	Run GUT unit suite (canonical close-out invocation)	2026-09-07T13:00:04.1978571Z Project FPS: 145 (6.89 mspf)
GUT GDScript suite under Godot 4.3 headless (blocking)	Run GUT unit suite (canonical close-out invocation)	2026-09-07T13:00:05.1983375Z Project FPS: 145 (6.89 mspf)
GUT GDScript suite under Godot 4.3 headless (blocking)	Run GUT unit suite (canonical close-out invocation)	2026-09-07T13:00:06.1989161Z Project FPS: 145 (6.89 mspf)
GUT GDScript suite under Godot 4.3 headless (blocking)	Run GUT unit suite (canonical close-out invocation)	2026-09-07T13:00:07.1993479Z Project FPS: 145 (6.89 mspf)
GUT GDScript suite under Godot 4.3 headless (blocking)	Run GUT unit suite (canonical close-out invocation)	2026-09-07T13:00:08.1999547Z Project FPS: 145 (6.89 mspf)
GUT GDScript suite under Godot 4.3 headless (blocking)	Run GUT unit suite (canonical close-out invocation)	2026-09-07T13:00:09.2004442Z Project FPS: 145 (6.89 mspf)
GUT GDScript suite under Godot 4.3 headless (blocking)	Run GUT unit suite (canonical close-out invocation)	2026-09-07T13:00:10.2009333Z Project FPS: 145 (6.89 mspf)
GUT GDScript suite under Godot 4.3 headless (blocking)	Run GUT unit suite (canonical close-out invocation)	2026-09-07T13:00:11.2015107Z Project FPS: 145 (6.89 mspf)
GUT GDScript suite under Godot 4.3 headless (blocking)	Run GUT unit suite (canonical close-out invocation)	2026-09-07T13:00:12.2020030Z Project FPS: 145 (6.89 mspf)
GUT GDScript suite under Godot 4.3 headless (blocking)	Run GUT unit suite (canonical close-out invocation)	2026-09-07T13:00:13.2025155Z Project FPS: 145 (6.89 mspf)
GUT GDScript suite under Godot 4.3 headless (blocking)	Run GUT unit suite (canonical close-out invocation)	2026-09-07T13:00:14.2030462Z Project FPS: 145 (6.89 mspf)
GUT GDScript suite under Godot 4.3 headless (blocking)	Run GUT unit suite (canonical close-out invocation)	2026-09-07T13:00:15.1967589Z Project FPS: 144 (6.94 mspf)
GUT GDScript suite under Godot 4.3 headless (blocking)	Run GUT unit suite (canonical close-out invocation)	2026-09-07T13:00:16.1972346Z Project FPS: 145 (6.89 mspf)
GUT GDScript suite under Godot 4.3 headless (blocking)	Run GUT unit suite (canonical close-out invocation)	2026-09-07T13:00:17.1977330Z Project FPS: 145 (6.89 mspf)
GUT GDScript suite under Godot 4.3 headless (blocking)	Run GUT unit suite (canonical close-out invocation)	2026-09-07T13:00:18.1982610Z Project FPS: 145 (6.89 mspf)
GUT GDScript suite under Godot 4.3 headless (blocking)	Run GUT unit suite (canonical close-out invocation)	2026-09-07T13:00:19.1987379Z Project FPS: 145 (6.89 mspf)
GUT GDScript suite under Godot 4.3 headless (blocking)	Run GUT unit suite (canonical close-out invocation)	2026-09-07T13:00:20.1992341Z Project FPS: 145 (6.89 mspf)
GUT GDScript suite under Godot 4.3 headless (blocking)	Run GUT unit suite (canonical close-out invocation)	2026-09-07T13:00:21.1997129Z Project FPS: 145 (6.89 mspf)
GUT GDScript suite under Godot 4.3 headless (blocking)	Run GUT unit suite (canonical close-out invocation)	2026-09-07T13:00:22.2003179Z Project FPS: 145 (6.89 mspf)
GUT GDScript suite under Godot 4.3 headless (blocking)	Run GUT unit suite (canonical close-out invocation)	2026-09-07T13:00:23.2007738Z Project FPS: 145 (6.89 mspf)
GUT GDScript suite under Godot 4.3 headless (blocking)	Run GUT unit suite (canonical close-out invocation)	2026-09-07T13:00:24.2012680Z Project FPS: 145 (6.89 mspf)
GUT GDScript suite under Godot 4.3 headless (blocking)	Run GUT unit suite (canonical close-out invocation)	2026-09-07T13:00:25.2018142Z Project FPS: 145 (6.89 mspf)
GUT GDScript suite under Godot 4.3 headless (blocking)	Run GUT unit suite (canonical close-out invocation)	2026-09-07T13:00:26.2023836Z Project FPS: 145 (6.89 mspf)
GUT GDScript suite under Godot 4.3 headless (blocking)	Run GUT unit suite (canonical close-out invocation)	2026-09-07T13:00:27.2028535Z Project FPS: 145 (6.89 mspf)
GUT GDScript suite under Godot 4.3 headless (blocking)	Run GUT unit suite (canonical close-out invocation)	2026-09-07T13:00:28.2033848Z Project FPS: 145 (6.89 mspf)
GUT GDScript suite under Godot 4.3 headless (blocking)	Run GUT unit suite (canonical close-out invocation)	2026-09-07T13:00:29.1969873Z Project FPS: 144 (6.94 mspf)
GUT GDScript suite under Godot 4.3 headless (blocking)	Run GUT unit suite (canonical close-out invocation)	2026-09-07T13:00:30.1975749Z Project FPS: 145 (6.89 mspf)
GUT GDScript suite under Godot 4.3 headless (blocking)	Run GUT unit suite (canonical close-out invocation)	2026-09-07T13:00:31.1980886Z Project FPS: 145 (6.89 mspf)
GUT GDScript suite under Godot 4.3 headless (blocking)	Run GUT unit suite (canonical close-out invocation)	2026-09-07T13:00:32.1985971Z Project FPS: 145 (6.89 mspf)
GUT GDScript suite under Godot 4.3 headless (blocking)	Run GUT unit suite (canonical close-out invocation)	2026-09-07T13:00:33.1990771Z Project FPS: 145 (6.89 mspf)
GUT GDScript suite under Godot 4.3 headless (blocking)	Run GUT unit suite (canonical close-out invocation)	2026-09-07T13:00:34.1995844Z Project FPS: 145 (6.89 mspf)
GUT GDScript suite under Godot 4.3 headless (blocking)	Run GUT unit suite (canonical close-out invocation)	2026-09-07T13:00:35.1999960Z Project FPS: 145 (6.89 mspf)
GUT GDScript suite under Godot 4.3 headless (blocking)	Run GUT unit suite (canonical close-out invocation)	2026-09-07T13:00:36.2006419Z Project FPS: 145 (6.89 mspf)
GUT GDScript suite under Godot 4.3 headless (blocking)	Run GUT unit suite (canonical close-out invocation)	2026-09-07T13:00:37.2011136Z Project FPS: 145 (6.89 mspf)
GUT GDScript suite under Godot 4.3 headless (blocking)	Run GUT unit suite (canonical close-out invocation)	2026-09-07T13:00:38.2016850Z Project FPS: 145 (6.89 mspf)
GUT GDScript suite under Godot 4.3 headless (blocking)	Run GUT unit suite (canonical close-out invocation)	2026-09-07T13:00:39.2021997Z Project FPS: 145 (6.89 mspf)
GUT GDScript suite under Godot 4.3 headless (blocking)	Run GUT unit suite (canonical close-out invocation)	2026-09-07T13:00:40.2026592Z Project FPS: 145 (6.89 mspf)
GUT GDScript suite under Godot 4.3 headless (blocking)	Run GUT unit suite (canonical close-out invocation)	2026-09-07T13:00:41.2032326Z Project FPS: 145 (6.89 mspf)
GUT GDScript suite under Godot 4.3 headless (blocking)	Run GUT unit suite (canonical close-out invocation)	2026-09-07T13:00:42.2037443Z Project FPS: 145 (6.89 mspf)
GUT GDScript suite under Godot 4.3 headless (blocking)	Run GUT unit suite (canonical close-out invocation)	2026-09-07T13:00:43.1973182Z Project FPS: 144 (6.94 mspf)
GUT GDScript suite under Godot 4.3 headless (blocking)	Run GUT unit suite (canonical close-out invocation)	2026-09-07T13:00:44.1978262Z Project FPS: 145 (6.89 mspf)
GUT GDScript suite under Godot 4.3 headless (blocking)	Run GUT unit suite (canonical close-out invocation)	2026-09-07T13:00:45.1984384Z Project FPS: 145 (6.89 mspf)
GUT GDScript suite under Godot 4.3 headless (blocking)	Run GUT unit suite (canonical close-out invocation)	2026-09-07T13:00:46.1989161Z Project FPS: 145 (6.89 mspf)
GUT GDScript suite under Godot 4.3 headless (blocking)	Run GUT unit suite (canonical close-out invocation)	2026-09-07T13:00:47.1994305Z Project FPS: 145 (6.89 mspf)
GUT GDScript suite under Godot 4.3 headless (blocking)	Run GUT unit suite (canonical close-out invocation)	2026-09-07T13:00:48.1999932Z Project FPS: 145 (6.89 mspf)
GUT GDScript suite under Godot 4.3 headless (blocking)	Run GUT unit suite (canonical close-out invocation)	2026-09-07T13:00:49.2004767Z Project FPS: 145 (6.89 mspf)
GUT GDScript suite under Godot 4.3 headless (blocking)	Run GUT unit suite (canonical close-out invocation)	2026-09-07T13:00:50.2009306Z Project FPS: 145 (6.89 mspf)
GUT GDScript suite under Godot 4.3 headless (blocking)	Run GUT unit suite (canonical close-out invocation)	2026-09-07T13:00:51.2014879Z Project FPS: 145 (6.89 mspf)
GUT GDScript suite under Godot 4.3 headless (blocking)	Run GUT unit suite (canonical close-out invocation)	2026-09-07T13:00:52.2019649Z Project FPS: 145 (6.89 mspf)
GUT GDScript suite under Godot 4.3 headless (blocking)	Run GUT unit suite (canonical close-out invocation)	2026-09-07T13:00:53.2025934Z Project FPS: 145 (6.89 mspf)
GUT GDScript suite under Godot 4.3 headless (blocking)	Run GUT unit suite (canonical close-out invocation)	2026-09-07T13:00:54.2030933Z Project FPS: 145 (6.89 mspf)
GUT GDScript suite under Godot 4.3 headless (blocking)	Run GUT unit suite (canonical close-out invocation)	2026-09-07T13:00:55.2035836Z Project FPS: 145 (6.89 mspf)
GUT GDScript suite under Godot 4.3 headless (blocking)	Run GUT unit suite (canonical close-out invocation)	2026-09-07T13:00:56.2041525Z Project FPS: 145 (6.89 mspf)
GUT GDScript suite under Godot 4.3 headless (blocking)	Run GUT unit suite (canonical close-out invocation)	2026-09-07T13:00:57.1977434Z Project FPS: 144 (6.94 mspf)
GUT GDScript suite under Godot 4.3 headless (blocking)	Run GUT unit suite (canonical close-out invocation)	2026-09-07T13:00:58.1981672Z Project FPS: 145 (6.89 mspf)
GUT GDScript suite under Godot 4.3 headless (blocking)	Run GUT unit suite (canonical close-out invocation)	2026-09-07T13:00:59.1986636Z Project FPS: 145 (6.89 mspf)
GUT GDScript suite under Godot 4.3 headless (blocking)	Run GUT unit suite (canonical close-out invocation)	2026-09-07T13:01:00.1992061Z Project FPS: 145 (6.89 mspf)
GUT GDScript suite under Godot 4.3 headless (blocking)	Run GUT unit suite (canonical close-out invocation)	2026-09-07T13:01:01.1997746Z Project FPS: 145 (6.89 mspf)
GUT GDScript suite under Godot 4.3 headless (blocking)	Run GUT unit suite (canonical close-out invocation)	2026-09-07T13:01:02.2002177Z Project FPS: 145 (6.89 mspf)
GUT GDScript suite under Godot 4.3 headless (blocking)	Run GUT unit suite (canonical close-out invocation)	2026-09-07T13:01:03.2007635Z Project FPS: 145 (6.89 mspf)
GUT GDScript suite under Godot 4.3 headless (blocking)	Run GUT unit suite (canonical close-out invocation)	2026-09-07T13:01:04.2013614Z Project FPS: 145 (6.89 mspf)
GUT GDScript suite under Godot 4.3 headless (blocking)	Run GUT unit suite (canonical close-out invocation)	2026-09-07T13:01:05.2018273Z Project FPS: 145 (6.89 mspf)
GUT GDScript suite under Godot 4.3 headless (blocking)	Run GUT unit suite (canonical close-out invocation)	2026-09-07T13:01:06.2023243Z Project FPS: 145 (6.89 mspf)
GUT GDScript suite under Godot 4.3 headless (blocking)	Run GUT unit suite (canonical close-out invocation)	2026-09-07T13:01:07.2028647Z Project FPS: 145 (6.89 mspf)
GUT GDScript suite under Godot 4.3 headless (blocking)	Run GUT unit suite (canonical close-out invocation)	2026-09-07T13:01:08.2034478Z Project FPS: 145 (6.89 mspf)
GUT GDScript suite under Godot 4.3 headless (blocking)	Run GUT unit suite (canonical close-out invocation)	2026-09-07T13:01:09.2039281Z Project FPS: 145 (6.89 mspf)
GUT GDScript suite under Godot 4.3 headless (blocking)	Run GUT unit suite (canonical close-out invocation)	2026-09-07T13:01:10.1976013Z Project FPS: 144 (6.94 mspf)
GUT GDScript suite under Godot 4.3 headless (blocking)	Run GUT unit suite (canonical close-out invocation)	2026-09-07T13:01:11.1980765Z Project FPS: 145 (6.89 mspf)
GUT GDScript suite under Godot 4.3 headless (blocking)	Run GUT unit suite (canonical close-out invocation)	2026-09-07T13:01:12.1984915Z Project FPS: 145 (6.89 mspf)
GUT GDScript suite under Godot 4.3 headless (blocking)	Run GUT unit suite (canonical close-out invocation)	2026-09-07T13:01:13.1990808Z Project FPS: 145 (6.89 mspf)
GUT GDScript suite under Godot 4.3 headless (blocking)	Run GUT unit suite (canonical close-out invocation)	2026-09-07T13:01:14.1995454Z Project FPS: 145 (6.89 mspf)
GUT GDScript suite under Godot 4.3 headless (blocking)	Run GUT unit suite (canonical close-out invocation)	2026-09-07T13:01:15.2002422Z Project FPS: 145 (6.89 mspf)
GUT GDScript suite under Godot 4.3 headless (blocking)	Run GUT unit suite (canonical close-out invocation)	2026-09-07T13:01:16.2006327Z Project FPS: 145 (6.89 mspf)
GUT GDScript suite under Godot 4.3 headless (blocking)	Run GUT unit suite (canonical close-out invocation)	2026-09-07T13:01:17.2011043Z Project FPS: 145 (6.89 mspf)
GUT GDScript suite under Godot 4.3 headless (blocking)	Run GUT unit suite (canonical close-out invocation)	2026-09-07T13:01:18.2016191Z Project FPS: 145 (6.89 mspf)
GUT GDScript suite under Godot 4.3 headless (blocking)	Run GUT unit suite (canonical close-out invocation)	2026-09-07T13:01:19.2021737Z Project FPS: 145 (6.89 mspf)
GUT GDScript suite under Godot 4.3 headless (blocking)	Run GUT unit suite (canonical close-out invocation)	2026-09-07T13:01:20.2026586Z Project FPS: 145 (6.89 mspf)
GUT GDScript suite under Godot 4.3 headless (blocking)	Run GUT unit suite (canonical close-out invocation)	2026-09-07T13:01:21.2032321Z Project FPS: 145 (6.89 mspf)
GUT GDScript suite under Godot 4.3 headless (blocking)	Run GUT unit suite (canonical close-out invocation)	2026-09-07T13:01:22.2037337Z Project FPS: 145 (6.89 mspf)
GUT GDScript suite under Godot 4.3 headless (blocking)	Run GUT unit suite (canonical close-out invocation)	2026-09-07T13:01:23.2042480Z Project FPS: 145 (6.89 mspf)
GUT GDScript suite under Godot 4.3 headless (blocking)	Run GUT unit suite (canonical close-out invocation)	2026-09-07T13:01:24.1978832Z Project FPS: 144 (6.94 mspf)
GUT GDScript suite under Godot 4.3 headless (blocking)	Run GUT unit suite (canonical close-out invocation)	2026-09-07T13:01:25.1984786Z Project FPS: 145 (6.89 mspf)
GUT GDScript suite under Godot 4.3 headless (blocking)	Run GUT unit suite (canonical close-out invocation)	2026-09-07T13:01:26.1989160Z Project FPS: 145 (6.89 mspf)
GUT GDScript suite under Godot 4.3 headless (blocking)	Run GUT unit suite (canonical close-out invocation)	2026-09-07T13:01:27.1994362Z Project FPS: 145 (6.89 mspf)
GUT GDScript suite under Godot 4.3 headless (blocking)	Run GUT unit suite (canonical close-out invocation)	2026-09-07T13:01:28.1999695Z Project FPS: 145 (6.89 mspf)
GUT GDScript suite under Godot 4.3 headless (blocking)	Run GUT unit suite (canonical close-out invocation)	2026-09-07T13:01:29.2004987Z Project FPS: 145 (6.89 mspf)
GUT GDScript suite under Godot 4.3 headless (blocking)	Run GUT unit suite (canonical close-out invocation)	2026-09-07T13:01:30.2010766Z Project FPS: 145 (6.89 mspf)
GUT GDScript suite under Godot 4.3 headless (blocking)	Run GUT unit suite (canonical close-out invocation)	2026-09-07T13:01:31.2015652Z Project FPS: 145 (6.89 mspf)
GUT GDScript suite under Godot 4.3 headless (blocking)	Run GUT unit suite (canonical close-out invocation)	2026-09-07T13:01:32.2020643Z Project FPS: 145 (6.89 mspf)
GUT GDScript suite under Godot 4.3 headless (blocking)	Run GUT unit suite (canonical close-out invocation)	2026-09-07T13:01:33.2025988Z Project FPS: 145 (6.89 mspf)
GUT GDScript suite under Godot 4.3 headless (blocking)	Run GUT unit suite (canonical close-out invocation)	2026-09-07T13:01:34.2030938Z Project FPS: 145 (6.89 mspf)
GUT GDScript suite under Godot 4.3 headless (blocking)	Run GUT unit suite (canonical close-out invocation)	2026-09-07T13:01:35.2036088Z Project FPS: 145 (6.89 mspf)
GUT GDScript suite under Godot 4.3 headless (blocking)	Run GUT unit suite (canonical close-out invocation)	2026-09-07T13:01:36.2041257Z Project FPS: 145 (6.89 mspf)
GUT GDScript suite under Godot 4.3 headless (blocking)	Run GUT unit suite (canonical close-out invocation)	2026-09-07T13:01:37.2046316Z Project FPS: 145 (6.89 mspf)
GUT GDScript suite under Godot 4.3 headless (blocking)	Run GUT unit suite (canonical close-out invocation)	2026-09-07T13:01:38.1982370Z Project FPS: 144 (6.94 mspf)
GUT GDScript suite under Godot 4.3 headless (blocking)	Run GUT unit suite (canonical close-out invocation)	2026-09-07T13:01:39.1987615Z Project FPS: 145 (6.89 mspf)
GUT GDScript suite under Godot 4.3 headless (blocking)	Run GUT unit suite (canonical close-out invocation)	2026-09-07T13:01:40.1993092Z Project FPS: 145 (6.89 mspf)
GUT GDScript suite under Godot 4.3 headless (blocking)	Run GUT unit suite (canonical close-out invocation)	2026-09-07T13:01:41.1998288Z Project FPS: 145 (6.89 mspf)
GUT GDScript suite under Godot 4.3 headless (blocking)	Run GUT unit suite (canonical close-out invocation)	2026-09-07T13:01:42.2003505Z Project FPS: 145 (6.89 mspf)
GUT GDScript suite under Godot 4.3 headless (blocking)	Run GUT unit suite (canonical close-out invocation)	2026-09-07T13:01:43.2007694Z Project FPS: 145 (6.89 mspf)
GUT GDScript suite under Godot 4.3 headless (blocking)	Run GUT unit suite (canonical close-out invocation)	2026-09-07T13:01:44.2013182Z Project FPS: 145 (6.89 mspf)
GUT GDScript suite under Godot 4.3 headless (blocking)	Run GUT unit suite (canonical close-out invocation)	2026-09-07T13:01:45.2018193Z Project FPS: 145 (6.89 mspf)
GUT GDScript suite under Godot 4.3 headless (blocking)	Run GUT unit suite (canonical close-out invocation)	2026-09-07T13:01:46.2023230Z Project FPS: 145 (6.89 mspf)
GUT GDScript suite under Godot 4.3 headless (blocking)	Run GUT unit suite (canonical close-out invocation)	2026-09-07T13:01:47.2028154Z Project FPS: 145 (6.89 mspf)
GUT GDScript suite under Godot 4.3 headless (blocking)	Run GUT unit suite (canonical close-out invocation)	2026-09-07T13:01:48.2033894Z Project FPS: 145 (6.89 mspf)
GUT GDScript suite under Godot 4.3 headless (blocking)	Run GUT unit suite (canonical close-out invocation)	2026-09-07T13:01:49.2039199Z Project FPS: 145 (6.89 mspf)
GUT GDScript suite under Godot 4.3 headless (blocking)	Run GUT unit suite (canonical close-out invocation)	2026-09-07T13:01:50.2044179Z Project FPS: 145 (6.89 mspf)
GUT GDScript suite under Godot 4.3 headless (blocking)	Run GUT unit suite (canonical close-out invocation)	2026-09-07T13:01:51.2049117Z Project FPS: 145 (6.89 mspf)
GUT GDScript suite under Godot 4.3 headless (blocking)	Run GUT unit suite (canonical close-out invocation)	2026-09-07T13:01:52.1985917Z Project FPS: 144 (6.94 mspf)
GUT GDScript suite under Godot 4.3 headless (blocking)	Run GUT unit suite (canonical close-out invocation)	2026-09-07T13:01:53.1991056Z Project FPS: 145 (6.89 mspf)
GUT GDScript suite under Godot 4.3 headless (blocking)	Run GUT unit suite (canonical close-out invocation)	2026-09-07T13:01:54.1996686Z Project FPS: 145 (6.89 mspf)
GUT GDScript suite under Godot 4.3 headless (blocking)	Run GUT unit suite (canonical close-out invocation)	2026-09-07T13:01:55.2001837Z Project FPS: 145 (6.89 mspf)
GUT GDScript suite under Godot 4.3 headless (blocking)	Run GUT unit suite (canonical close-out invocation)	2026-09-07T13:01:56.2006900Z Project FPS: 145 (6.89 mspf)
GUT GDScript suite under Godot 4.3 headless (blocking)	Run GUT unit suite (canonical close-out invocation)	2026-09-07T13:01:57.2012009Z Project FPS: 145 (6.89 mspf)
GUT GDScript suite under Godot 4.3 headless (blocking)	Run GUT unit suite (canonical close-out invocation)	2026-09-07T13:01:58.2017172Z Project FPS: 145 (6.89 mspf)
GUT GDScript suite under Godot 4.3 headless (blocking)	Run GUT unit suite (canonical close-out invocation)	2026-09-07T13:01:59.2022274Z Project FPS: 145 (6.89 mspf)
GUT GDScript suite under Godot 4.3 headless (blocking)	Run GUT unit suite (canonical close-out invocation)	2026-09-07T13:02:00.2026977Z Project FPS: 145 (6.89 mspf)
GUT GDScript suite under Godot 4.3 headless (blocking)	Run GUT unit suite (canonical close-out invocation)	2026-09-07T13:02:01.2032355Z Project FPS: 145 (6.89 mspf)
GUT GDScript suite under Godot 4.3 headless (blocking)	Run GUT unit suite (canonical close-out invocation)	2026-09-07T13:02:02.2038341Z Project FPS: 145 (6.89 mspf)
GUT GDScript suite under Godot 4.3 headless (blocking)	Run GUT unit suite (canonical close-out invocation)	2026-09-07T13:02:03.2043312Z Project FPS: 145 (6.89 mspf)
GUT GDScript suite under Godot 4.3 headless (blocking)	Run GUT unit suite (canonical close-out invocation)	2026-09-07T13:02:04.2048633Z Project FPS: 145 (6.89 mspf)
GUT GDScript suite under Godot 4.3 headless (blocking)	Run GUT unit suite (canonical close-out invocation)	2026-09-07T13:02:05.2053714Z Project FPS: 145 (6.89 mspf)
GUT GDScript suite under Godot 4.3 headless (blocking)	Run GUT unit suite (canonical close-out invocation)	2026-09-07T13:02:06.1989665Z Project FPS: 144 (6.94 mspf)
GUT GDScript suite under Godot 4.3 headless (blocking)	Run GUT unit suite (canonical close-out invocation)	2026-09-07T13:02:07.1995213Z Project FPS: 145 (6.89 mspf)
GUT GDScript suite under Godot 4.3 headless (blocking)	Run GUT unit suite (canonical close-out invocation)	2026-09-07T13:02:08.1999540Z Project FPS: 145 (6.89 mspf)
GUT GDScript suite under Godot 4.3 headless (blocking)	Run GUT unit suite (canonical close-out invocation)	2026-09-07T13:02:09.2005803Z Project FPS: 145 (6.89 mspf)
GUT GDScript suite under Godot 4.3 headless (blocking)	Run GUT unit suite (canonical close-out invocation)	2026-09-07T13:02:10.2010489Z Project FPS: 145 (6.89 mspf)
GUT GDScript suite under Godot 4.3 headless (blocking)	Run GUT unit suite (canonical close-out invocation)	2026-09-07T13:02:11.2015852Z Project FPS: 145 (6.89 mspf)
GUT GDScript suite under Godot 4.3 headless (blocking)	Run GUT unit suite (canonical close-out invocation)	2026-09-07T13:02:12.2021577Z Project FPS: 145 (6.89 mspf)
GUT GDScript suite under Godot 4.3 headless (blocking)	Run GUT unit suite (canonical close-out invocation)	2026-09-07T13:02:13.2025733Z Project FPS: 145 (6.89 mspf)
GUT GDScript suite under Godot 4.3 headless (blocking)	Run GUT unit suite (canonical close-out invocation)	2026-09-07T13:02:14.2031315Z Project FPS: 145 (6.89 mspf)
GUT GDScript suite under Godot 4.3 headless (blocking)	Run GUT unit suite (canonical close-out invocation)	2026-09-07T13:02:15.2036790Z Project FPS: 145 (6.89 mspf)
GUT GDScript suite under Godot 4.3 headless (blocking)	Run GUT unit suite (canonical close-out invocation)	2026-09-07T13:02:16.2042293Z Project FPS: 145 (6.89 mspf)
GUT GDScript suite under Godot 4.3 headless (blocking)	Run GUT unit suite (canonical close-out invocation)	2026-09-07T13:02:17.2047059Z Project FPS: 145 (6.89 mspf)
GUT GDScript suite under Godot 4.3 headless (blocking)	Run GUT unit suite (canonical close-out invocation)	2026-09-07T13:02:18.2051130Z Project FPS: 145 (6.89 mspf)
GUT GDScript suite under Godot 4.3 headless (blocking)	Run GUT unit suite (canonical close-out invocation)	2026-09-07T13:02:19.1988328Z Project FPS: 144 (6.94 mspf)
GUT GDScript suite under Godot 4.3 headless (blocking)	Run GUT unit suite (canonical close-out invocation)	2026-09-07T13:02:20.1993360Z Project FPS: 145 (6.89 mspf)
GUT GDScript suite under Godot 4.3 headless (blocking)	Run GUT unit suite (canonical close-out invocation)	2026-09-07T13:02:21.1999047Z Project FPS: 145 (6.89 mspf)
GUT GDScript suite under Godot 4.3 headless (blocking)	Run GUT unit suite (canonical close-out invocation)	2026-09-07T13:02:22.2003915Z Project FPS: 145 (6.89 mspf)
GUT GDScript suite under Godot 4.3 headless (blocking)	Run GUT unit suite (canonical close-out invocation)	2026-09-07T13:02:23.2009408Z Project FPS: 145 (6.89 mspf)
GUT GDScript suite under Godot 4.3 headless (blocking)	Run GUT unit suite (canonical close-out invocation)	2026-09-07T13:02:24.2014444Z Project FPS: 145 (6.89 mspf)
GUT GDScript suite under Godot 4.3 headless (blocking)	Run GUT unit suite (canonical close-out invocation)	2026-09-07T13:02:25.2019535Z Project FPS: 145 (6.89 mspf)
GUT GDScript suite under Godot 4.3 headless (blocking)	Run GUT unit suite (canonical close-out invocation)	2026-09-07T13:02:26.2025028Z Project FPS: 145 (6.89 mspf)
GUT GDScript suite under Godot 4.3 headless (blocking)	Run GUT unit suite (canonical close-out invocation)	2026-09-07T13:02:27.2029938Z Project FPS: 145 (6.89 mspf)
GUT GDScript suite under Godot 4.3 headless (blocking)	Run GUT unit suite (canonical close-out invocation)	2026-09-07T13:02:28.2034596Z Project FPS: 145 (6.89 mspf)
GUT GDScript suite under Godot 4.3 headless (blocking)	Run GUT unit suite (canonical close-out invocation)	2026-09-07T13:02:29.2039791Z Project FPS: 145 (6.89 mspf)
GUT GDScript suite under Godot 4.3 headless (blocking)	Run GUT unit suite (canonical close-out invocation)	2026-09-07T13:02:30.2045195Z Project FPS: 145 (6.89 mspf)
GUT GDScript suite under Godot 4.3 headless (blocking)	Run GUT unit suite (canonical close-out invocation)	2026-09-07T13:02:31.2050867Z Project FPS: 145 (6.89 mspf)
GUT GDScript suite under Godot 4.3 headless (blocking)	Run GUT unit suite (canonical close-out invocation)	2026-09-07T13:02:32.2056116Z Project FPS: 145 (6.89 mspf)
GUT GDScript suite under Godot 4.3 headless (blocking)	Run GUT unit suite (canonical close-out invocation)	2026-09-07T13:02:33.1991894Z Project FPS: 144 (6.94 mspf)
GUT GDScript suite under Godot 4.3 headless (blocking)	Run GUT unit suite (canonical close-out invocation)	2026-09-07T13:02:34.1996642Z Project FPS: 145 (6.89 mspf)
GUT GDScript suite under Godot 4.3 headless (blocking)	Run GUT unit suite (canonical close-out invocation)	2026-09-07T13:02:35.2002239Z Project FPS: 145 (6.89 mspf)
GUT GDScript suite under Godot 4.3 headless (blocking)	Run GUT unit suite (canonical close-out invocation)	2026-09-07T13:02:36.2007381Z Project FPS: 145 (6.89 mspf)
GUT GDScript suite under Godot 4.3 headless (blocking)	Run GUT unit suite (canonical close-out invocation)	2026-09-07T13:02:37.2012550Z Project FPS: 145 (6.89 mspf)
GUT GDScript suite under Godot 4.3 headless (blocking)	Run GUT unit suite (canonical close-out invocation)	2026-09-07T13:02:38.2017715Z Project FPS: 145 (6.89 mspf)
GUT GDScript suite under Godot 4.3 headless (blocking)	Run GUT unit suite (canonical close-out invocation)	2026-09-07T13:02:39.2023082Z Project FPS: 145 (6.89 mspf)
GUT GDScript suite under Godot 4.3 headless (blocking)	Run GUT unit suite (canonical close-out invocation)	2026-09-07T13:02:40.2028535Z Project FPS: 145 (6.89 mspf)
GUT GDScript suite under Godot 4.3 headless (blocking)	Run GUT unit suite (canonical close-out invocation)	2026-09-07T13:02:41.2033473Z Project FPS: 145 (6.89 mspf)
GUT GDScript suite under Godot 4.3 headless (blocking)	Run GUT unit suite (canonical close-out invocation)	2026-09-07T13:02:42.2038629Z Project FPS: 145 (6.89 mspf)
GUT GDScript suite under Godot 4.3 headless (blocking)	Run GUT unit suite (canonical close-out invocation)	2026-09-07T13:02:43.2043934Z Project FPS: 145 (6.89 mspf)
GUT GDScript suite under Godot 4.3 headless (blocking)	Run GUT unit suite (canonical close-out invocation)	2026-09-07T13:02:44.2048271Z Project FPS: 145 (6.89 mspf)
GUT GDScript suite under Godot 4.3 headless (blocking)	Run GUT unit suite (canonical close-out invocation)	2026-09-07T13:02:45.2054076Z Project FPS: 145 (6.89 mspf)
GUT GDScript suite under Godot 4.3 headless (blocking)	Run GUT unit suite (canonical close-out invocation)	2026-09-07T13:02:46.2059259Z Project FPS: 145 (6.89 mspf)
GUT GDScript suite under Godot 4.3 headless (blocking)	Run GUT unit suite (canonical close-out invocation)	2026-09-07T13:02:47.1994609Z Project FPS: 144 (6.94 mspf)
GUT GDScript suite under Godot 4.3 headless (blocking)	Run GUT unit suite (canonical close-out invocation)	2026-09-07T13:02:48.2000989Z Project FPS: 145 (6.89 mspf)
GUT GDScript suite under Godot 4.3 headless (blocking)	Run GUT unit suite (canonical close-out invocation)	2026-09-07T13:02:49.2006107Z Project FPS: 145 (6.89 mspf)
GUT GDScript suite under Godot 4.3 headless (blocking)	Run GUT unit suite (canonical close-out invocation)	2026-09-07T13:02:50.2011784Z Project FPS: 145 (6.89 mspf)
GUT GDScript suite under Godot 4.3 headless (blocking)	Run GUT unit suite (canonical close-out invocation)	2026-09-07T13:02:51.2016692Z Project FPS: 145 (6.89 mspf)
GUT GDScript suite under Godot 4.3 headless (blocking)	Run GUT unit suite (canonical close-out invocation)	2026-09-07T13:02:52.2021720Z Project FPS: 145 (6.89 mspf)
GUT GDScript suite under Godot 4.3 headless (blocking)	Run GUT unit suite (canonical close-out invocation)	2026-09-07T13:02:53.2027095Z Project FPS: 145 (6.89 mspf)
GUT GDScript suite under Godot 4.3 headless (blocking)	Run GUT unit suite (canonical close-out invocation)	2026-09-07T13:02:54.2032136Z Project FPS: 145 (6.89 mspf)
GUT GDScript suite under Godot 4.3 headless (blocking)	Run GUT unit suite (canonical close-out invocation)	2026-09-07T13:02:55.2037390Z Project FPS: 145 (6.89 mspf)
GUT GDScript suite under Godot 4.3 headless (blocking)	Run GUT unit suite (canonical close-out invocation)	2026-09-07T13:02:56.2042722Z Project FPS: 145 (6.89 mspf)
GUT GDScript suite under Godot 4.3 headless (blocking)	Run GUT unit suite (canonical close-out invocation)	2026-09-07T13:02:57.2047562Z Project FPS: 145 (6.89 mspf)
GUT GDScript suite under Godot 4.3 headless (blocking)	Run GUT unit suite (canonical close-out invocation)	2026-09-07T13:02:58.2053369Z Project FPS: 145 (6.89 mspf)
GUT GDScript suite under Godot 4.3 headless (blocking)	Run GUT unit suite (canonical close-out invocation)	2026-09-07T13:02:59.2058867Z Project FPS: 145 (6.89 mspf)
GUT GDScript suite under Godot 4.3 headless (blocking)	Run GUT unit suite (canonical close-out invocation)	2026-09-07T13:03:00.2064083Z Project FPS: 145 (6.89 mspf)
GUT GDScript suite under Godot 4.3 headless (blocking)	Run GUT unit suite (canonical close-out invocation)	2026-09-07T13:03:01.2000378Z Project FPS: 144 (6.94 mspf)
GUT GDScript suite under Godot 4.3 headless (blocking)	Run GUT unit suite (canonical close-out invocation)	2026-09-07T13:03:02.2004919Z Project FPS: 145 (6.89 mspf)
GUT GDScript suite under Godot 4.3 headless (blocking)	Run GUT unit suite (canonical close-out invocation)	2026-09-07T13:03:03.2010263Z Project FPS: 145 (6.89 mspf)
GUT GDScript suite under Godot 4.3 headless (blocking)	Run GUT unit suite (canonical close-out invocation)	2026-09-07T13:03:04.2015225Z Project FPS: 145 (6.89 mspf)
GUT GDScript suite under Godot 4.3 headless (blocking)	Run GUT unit suite (canonical close-out invocation)	2026-09-07T13:03:05.2020548Z Project FPS: 145 (6.89 mspf)
GUT GDScript suite under Godot 4.3 headless (blocking)	Run GUT unit suite (canonical close-out invocation)	2026-09-07T13:03:06.2026208Z Project FPS: 145 (6.89 mspf)
GUT GDScript suite under Godot 4.3 headless (blocking)	Run GUT unit suite (canonical close-out invocation)	2026-09-07T13:03:07.2031262Z Project FPS: 145 (6.89 mspf)
GUT GDScript suite under Godot 4.3 headless (blocking)	Run GUT unit suite (canonical close-out invocation)	2026-09-07T13:03:08.2036432Z Project FPS: 145 (6.89 mspf)
GUT GDScript suite under Godot 4.3 headless (blocking)	Run GUT unit suite (canonical close-out invocation)	2026-09-07T13:03:09.2041773Z Project FPS: 145 (6.89 mspf)
GUT GDScript suite under Godot 4.3 headless (blocking)	Run GUT unit suite (canonical close-out invocation)	2026-09-07T13:03:10.2046718Z Project FPS: 145 (6.89 mspf)
GUT GDScript suite under Godot 4.3 headless (blocking)	Run GUT unit suite (canonical close-out invocation)	2026-09-07T13:03:11.2052029Z Project FPS: 145 (6.89 mspf)
GUT GDScript suite under Godot 4.3 headless (blocking)	Run GUT unit suite (canonical close-out invocation)	2026-09-07T13:03:12.2057303Z Project FPS: 145 (6.89 mspf)
GUT GDScript suite under Godot 4.3 headless (blocking)	Run GUT unit suite (canonical close-out invocation)	2026-09-07T13:03:13.2062327Z Project FPS: 145 (6.89 mspf)
GUT GDScript suite under Godot 4.3 headless (blocking)	Run GUT unit suite (canonical close-out invocation)	2026-09-07T13:03:14.2067573Z Project FPS: 145 (6.89 mspf)
GUT GDScript suite under Godot 4.3 headless (blocking)	Run GUT unit suite (canonical close-out invocation)	2026-09-07T13:03:15.2003995Z Project FPS: 144 (6.94 mspf)
GUT GDScript suite under Godot 4.3 headless (blocking)	Run GUT unit suite (canonical close-out invocation)	2026-09-07T13:03:16.2009168Z Project FPS: 145 (6.89 mspf)
GUT GDScript suite under Godot 4.3 headless (blocking)	Run GUT unit suite (canonical close-out invocation)	2026-09-07T13:03:17.2014288Z Project FPS: 145 (6.89 mspf)
GUT GDScript suite under Godot 4.3 headless (blocking)	Run GUT unit suite (canonical close-out invocation)	2026-09-07T13:03:18.2019183Z Project FPS: 145 (6.89 mspf)
GUT GDScript suite under Godot 4.3 headless (blocking)	Run GUT unit suite (canonical close-out invocation)	2026-09-07T13:03:19.2024794Z Project FPS: 145 (6.89 mspf)
GUT GDScript suite under Godot 4.3 headless (blocking)	Run GUT unit suite (canonical close-out invocation)	2026-09-07T13:03:20.2029803Z Project FPS: 145 (6.89 mspf)
GUT GDScript suite under Godot 4.3 headless (blocking)	Run GUT unit suite (canonical close-out invocation)	2026-09-07T13:03:21.2034956Z Project FPS: 145 (6.89 mspf)
GUT GDScript suite under Godot 4.3 headless (blocking)	Run GUT unit suite (canonical close-out invocation)	2026-09-07T13:03:22.2040144Z Project FPS: 145 (6.89 mspf)
GUT GDScript suite under Godot 4.3 headless (blocking)	Run GUT unit suite (canonical close-out invocation)	2026-09-07T13:03:23.2045194Z Project FPS: 145 (6.89 mspf)
GUT GDScript suite under Godot 4.3 headless (blocking)	Run GUT unit suite (canonical close-out invocation)	2026-09-07T13:03:24.2050717Z Project FPS: 145 (6.89 mspf)
GUT GDScript suite under Godot 4.3 headless (blocking)	Run GUT unit suite (canonical close-out invocation)	2026-09-07T13:03:25.2055654Z Project FPS: 145 (6.89 mspf)
GUT GDScript suite under Godot 4.3 headless (blocking)	Run GUT unit suite (canonical close-out invocation)	2026-09-07T13:03:26.2061146Z Project FPS: 145 (6.89 mspf)
GUT GDScript suite under Godot 4.3 headless (blocking)	Run GUT unit suite (canonical close-out invocation)	2026-09-07T13:03:27.2066181Z Project FPS: 145 (6.89 mspf)
GUT GDScript suite under Godot 4.3 headless (blocking)	Run GUT unit suite (canonical close-out invocation)	2026-09-07T13:03:28.2002640Z Project FPS: 144 (6.94 mspf)
GUT GDScript suite under Godot 4.3 headless (blocking)	Run GUT unit suite (canonical close-out invocation)	2026-09-07T13:03:29.2007893Z Project FPS: 145 (6.89 mspf)
GUT GDScript suite under Godot 4.3 headless (blocking)	Run GUT unit suite (canonical close-out invocation)	2026-09-07T13:03:30.2013273Z Project FPS: 145 (6.89 mspf)
GUT GDScript suite under Godot 4.3 headless (blocking)	Run GUT unit suite (canonical close-out invocation)	2026-09-07T13:03:31.2018463Z Project FPS: 145 (6.89 mspf)
GUT GDScript suite under Godot 4.3 headless (blocking)	Run GUT unit suite (canonical close-out invocation)	2026-09-07T13:03:32.2023485Z Project FPS: 145 (6.89 mspf)
GUT GDScript suite under Godot 4.3 headless (blocking)	Run GUT unit suite (canonical close-out invocation)	2026-09-07T13:03:33.2028982Z Project FPS: 145 (6.89 mspf)
GUT GDScript suite under Godot 4.3 headless (blocking)	Run GUT unit suite (canonical close-out invocation)	2026-09-07T13:03:34.2033820Z Project FPS: 145 (6.89 mspf)
GUT GDScript suite under Godot 4.3 headless (blocking)	Run GUT unit suite (canonical close-out invocation)	2026-09-07T13:03:35.2038995Z Project FPS: 145 (6.89 mspf)
GUT GDScript suite under Godot 4.3 headless (blocking)	Run GUT unit suite (canonical close-out invocation)	2026-09-07T13:03:36.2044122Z Project FPS: 145 (6.89 mspf)
GUT GDScript suite under Godot 4.3 headless (blocking)	Run GUT unit suite (canonical close-out invocation)	2026-09-07T13:03:37.2049371Z Project FPS: 145 (6.89 mspf)
GUT GDScript suite under Godot 4.3 headless (blocking)	Run GUT unit suite (canonical close-out invocation)	2026-09-07T13:03:38.2054269Z Project FPS: 145 (6.89 mspf)
GUT GDScript suite under Godot 4.3 headless (blocking)	Run GUT unit suite (canonical close-out invocation)	2026-09-07T13:03:39.2059595Z Project FPS: 145 (6.89 mspf)
GUT GDScript suite under Godot 4.3 headless (blocking)	Run GUT unit suite (canonical close-out invocation)	2026-09-07T13:03:40.2065197Z Project FPS: 145 (6.89 mspf)
GUT GDScript suite under Godot 4.3 headless (blocking)	Run GUT unit suite (canonical close-out invocation)	2026-09-07T13:03:41.2070412Z Project FPS: 145 (6.89 mspf)
GUT GDScript suite under Godot 4.3 headless (blocking)	Run GUT unit suite (canonical close-out invocation)	2026-09-07T13:03:42.2006915Z Project FPS: 144 (6.94 mspf)
GUT GDScript suite under Godot 4.3 headless (blocking)	Run GUT unit suite (canonical close-out invocation)	2026-09-07T13:03:43.2011126Z Project FPS: 145 (6.89 mspf)
GUT GDScript suite under Godot 4.3 headless (blocking)	Run GUT unit suite (canonical close-out invocation)	2026-09-07T13:03:44.2016273Z Project FPS: 145 (6.89 mspf)
GUT GDScript suite under Godot 4.3 headless (blocking)	Run GUT unit suite (canonical close-out invocation)	2026-09-07T13:03:45.2021682Z Project FPS: 145 (6.89 mspf)
GUT GDScript suite under Godot 4.3 headless (blocking)	Run GUT unit suite (canonical close-out invocation)	2026-09-07T13:03:46.2026564Z Project FPS: 145 (6.89 mspf)
GUT GDScript suite under Godot 4.3 headless (blocking)	Run GUT unit suite (canonical close-out invocation)	2026-09-07T13:03:47.2031613Z Project FPS: 145 (6.89 mspf)
GUT GDScript suite under Godot 4.3 headless (blocking)	Run GUT unit suite (canonical close-out invocation)	2026-09-07T13:03:48.2037520Z Project FPS: 145 (6.89 mspf)
GUT GDScript suite under Godot 4.3 headless (blocking)	Run GUT unit suite (canonical close-out invocation)	2026-09-07T13:03:49.2042643Z Project FPS: 145 (6.89 mspf)
GUT GDScript suite under Godot 4.3 headless (blocking)	Run GUT unit suite (canonical close-out invocation)	2026-09-07T13:03:50.2048225Z Project FPS: 145 (6.89 mspf)
GUT GDScript suite under Godot 4.3 headless (blocking)	Run GUT unit suite (canonical close-out invocation)	2026-09-07T13:03:51.2053031Z Project FPS: 145 (6.89 mspf)
GUT GDScript suite under Godot 4.3 headless (blocking)	Run GUT unit suite (canonical close-out invocation)	2026-09-07T13:03:52.2058200Z Project FPS: 145 (6.89 mspf)
GUT GDScript suite under Godot 4.3 headless (blocking)	Run GUT unit suite (canonical close-out invocation)	2026-09-07T13:03:53.2063507Z Project FPS: 145 (6.89 mspf)
GUT GDScript suite under Godot 4.3 headless (blocking)	Run GUT unit suite (canonical close-out invocation)	2026-09-07T13:03:54.2068620Z Project FPS: 145 (6.89 mspf)
GUT GDScript suite under Godot 4.3 headless (blocking)	Run GUT unit suite (canonical close-out invocation)	2026-09-07T13:03:55.2073902Z Project FPS: 145 (6.89 mspf)
GUT GDScript suite under Godot 4.3 headless (blocking)	Run GUT unit suite (canonical close-out invocation)	2026-09-07T13:03:56.2010027Z Project FPS: 144 (6.94 mspf)
GUT GDScript suite under Godot 4.3 headless (blocking)	Run GUT unit suite (canonical close-out invocation)	2026-09-07T13:03:57.2015292Z Project FPS: 145 (6.89 mspf)
GUT GDScript suite under Godot 4.3 headless (blocking)	Run GUT unit suite (canonical close-out invocation)	2026-09-07T13:03:58.2020455Z Project FPS: 145 (6.89 mspf)
GUT GDScript suite under Godot 4.3 headless (blocking)	Run GUT unit suite (canonical close-out invocation)	2026-09-07T13:03:59.2025762Z Project FPS: 145 (6.89 mspf)
GUT GDScript suite under Godot 4.3 headless (blocking)	Run GUT unit suite (canonical close-out invocation)	2026-09-07T13:04:00.2030722Z Project FPS: 145 (6.89 mspf)
GUT GDScript suite under Godot 4.3 headless (blocking)	Run GUT unit suite (canonical close-out invocation)	2026-09-07T13:04:01.2035706Z Project FPS: 145 (6.89 mspf)
GUT GDScript suite under Godot 4.3 headless (blocking)	Run GUT unit suite (canonical close-out invocation)	2026-09-07T13:04:02.2040911Z Project FPS: 145 (6.89 mspf)
GUT GDScript suite under Godot 4.3 headless (blocking)	Run GUT unit suite (canonical close-out invocation)	2026-09-07T13:04:03.2046109Z Project FPS: 145 (6.89 mspf)
GUT GDScript suite under Godot 4.3 headless (blocking)	Run GUT unit suite (canonical close-out invocation)	2026-09-07T13:04:04.2051726Z Project FPS: 145 (6.89 mspf)
GUT GDScript suite under Godot 4.3 headless (blocking)	Run GUT unit suite (canonical close-out invocation)	2026-09-07T13:04:05.2056692Z Project FPS: 145 (6.89 mspf)
GUT GDScript suite under Godot 4.3 headless (blocking)	Run GUT unit suite (canonical close-out invocation)	2026-09-07T13:04:06.2062235Z Project FPS: 145 (6.89 mspf)
GUT GDScript suite under Godot 4.3 headless (blocking)	Run GUT unit suite (canonical close-out invocation)	2026-09-07T13:04:07.2067197Z Project FPS: 145 (6.89 mspf)
GUT GDScript suite under Godot 4.3 headless (blocking)	Run GUT unit suite (canonical close-out invocation)	2026-09-07T13:04:08.2072187Z Project FPS: 145 (6.89 mspf)
GUT GDScript suite under Godot 4.3 headless (blocking)	Run GUT unit suite (canonical close-out invocation)	2026-09-07T13:04:09.2077636Z Project FPS: 145 (6.89 mspf)
GUT GDScript suite under Godot 4.3 headless (blocking)	Run GUT unit suite (canonical close-out invocation)	2026-09-07T13:04:10.2013605Z Project FPS: 144 (6.94 mspf)
GUT GDScript suite under Godot 4.3 headless (blocking)	Run GUT unit suite (canonical close-out invocation)	2026-09-07T13:04:11.2019303Z Project FPS: 145 (6.89 mspf)
GUT GDScript suite under Godot 4.3 headless (blocking)	Run GUT unit suite (canonical close-out invocation)	2026-09-07T13:04:12.2023998Z Project FPS: 145 (6.89 mspf)
GUT GDScript suite under Godot 4.3 headless (blocking)	Run GUT unit suite (canonical close-out invocation)	2026-09-07T13:04:13.2029393Z Project FPS: 145 (6.89 mspf)
GUT GDScript suite under Godot 4.3 headless (blocking)	Run GUT unit suite (canonical close-out invocation)	2026-09-07T13:04:14.2034191Z Project FPS: 145 (6.89 mspf)
GUT GDScript suite under Godot 4.3 headless (blocking)	Run GUT unit suite (canonical close-out invocation)	2026-09-07T13:04:15.2039580Z Project FPS: 145 (6.89 mspf)
GUT GDScript suite under Godot 4.3 headless (blocking)	Run GUT unit suite (canonical close-out invocation)	2026-09-07T13:04:16.2044975Z Project FPS: 145 (6.89 mspf)
GUT GDScript suite under Godot 4.3 headless (blocking)	Run GUT unit suite (canonical close-out invocation)	2026-09-07T13:04:17.2049970Z Project FPS: 145 (6.89 mspf)
GUT GDScript suite under Godot 4.3 headless (blocking)	Run GUT unit suite (canonical close-out invocation)	2026-09-07T13:04:18.2055280Z Project FPS: 145 (6.89 mspf)
GUT GDScript suite under Godot 4.3 headless (blocking)	Run GUT unit suite (canonical close-out invocation)	2026-09-07T13:04:19.2060955Z Project FPS: 145 (6.89 mspf)
GUT GDScript suite under Godot 4.3 headless (blocking)	Run GUT unit suite (canonical close-out invocation)	2026-09-07T13:04:20.2065908Z Project FPS: 145 (6.89 mspf)
GUT GDScript suite under Godot 4.3 headless (blocking)	Run GUT unit suite (canonical close-out invocation)	2026-09-07T13:04:21.2071717Z Project FPS: 145 (6.89 mspf)
GUT GDScript suite under Godot 4.3 headless (blocking)	Run GUT unit suite (canonical close-out invocation)	2026-09-07T13:04:22.2076436Z Project FPS: 145 (6.89 mspf)
GUT GDScript suite under Godot 4.3 headless (blocking)	Run GUT unit suite (canonical close-out invocation)	2026-09-07T13:04:23.2081881Z Project FPS: 145 (6.89 mspf)
GUT GDScript suite under Godot 4.3 headless (blocking)	Run GUT unit suite (canonical close-out invocation)	2026-09-07T13:04:24.2017416Z Project FPS: 144 (6.94 mspf)
GUT GDScript suite under Godot 4.3 headless (blocking)	Run GUT unit suite (canonical close-out invocation)	2026-09-07T13:04:25.2022663Z Project FPS: 145 (6.89 mspf)
GUT GDScript suite under Godot 4.3 headless (blocking)	Run GUT unit suite (canonical close-out invocation)	2026-09-07T13:04:26.2028015Z Project FPS: 145 (6.89 mspf)
GUT GDScript suite under Godot 4.3 headless (blocking)	Run GUT unit suite (canonical close-out invocation)	2026-09-07T13:04:27.2033224Z Project FPS: 145 (6.89 mspf)
GUT GDScript suite under Godot 4.3 headless (blocking)	Run GUT unit suite (canonical close-out invocation)	2026-09-07T13:04:28.2038671Z Project FPS: 145 (6.89 mspf)
GUT GDScript suite under Godot 4.3 headless (blocking)	Run GUT unit suite (canonical close-out invocation)	2026-09-07T13:04:29.2043461Z Project FPS: 145 (6.89 mspf)
GUT GDScript suite under Godot 4.3 headless (blocking)	Run GUT unit suite (canonical close-out invocation)	2026-09-07T13:04:30.2048834Z Project FPS: 145 (6.89 mspf)
GUT GDScript suite under Godot 4.3 headless (blocking)	Run GUT unit suite (canonical close-out invocation)	2026-09-07T13:04:31.2053660Z Project FPS: 145 (6.89 mspf)
GUT GDScript suite under Godot 4.3 headless (blocking)	Run GUT unit suite (canonical close-out invocation)	2026-09-07T13:04:32.2059298Z Project FPS: 145 (6.89 mspf)
GUT GDScript suite under Godot 4.3 headless (blocking)	Run GUT unit suite (canonical close-out invocation)	2026-09-07T13:04:33.2064433Z Project FPS: 145 (6.89 mspf)
GUT GDScript suite under Godot 4.3 headless (blocking)	Run GUT unit suite (canonical close-out invocation)	2026-09-07T13:04:34.2069596Z Project FPS: 145 (6.89 mspf)
GUT GDScript suite under Godot 4.3 headless (blocking)	Run GUT unit suite (canonical close-out invocation)	2026-09-07T13:04:35.2074413Z Project FPS: 145 (6.89 mspf)
GUT GDScript suite under Godot 4.3 headless (blocking)	Run GUT unit suite (canonical close-out invocation)	2026-09-07T13:04:36.2080034Z Project FPS: 145 (6.89 mspf)
GUT GDScript suite under Godot 4.3 headless (blocking)	Run GUT unit suite (canonical close-out invocation)	2026-09-07T13:04:37.2015905Z Project FPS: 144 (6.94 mspf)
GUT GDScript suite under Godot 4.3 headless (blocking)	Run GUT unit suite (canonical close-out invocation)	2026-09-07T13:04:38.2021568Z Project FPS: 145 (6.89 mspf)
GUT GDScript suite under Godot 4.3 headless (blocking)	Run GUT unit suite (canonical close-out invocation)	2026-09-07T13:04:39.2026673Z Project FPS: 145 (6.89 mspf)
GUT GDScript suite under Godot 4.3 headless (blocking)	Run GUT unit suite (canonical close-out invocation)	2026-09-07T13:04:40.2031892Z Project FPS: 145 (6.89 mspf)
GUT GDScript suite under Godot 4.3 headless (blocking)	Run GUT unit suite (canonical close-out invocation)	2026-09-07T13:04:41.2036784Z Project FPS: 145 (6.89 mspf)
GUT GDScript suite under Godot 4.3 headless (blocking)	Run GUT unit suite (canonical close-out invocation)	2026-09-07T13:04:42.2041410Z Project FPS: 145 (6.89 mspf)
GUT GDScript suite under Godot 4.3 headless (blocking)	Run GUT unit suite (canonical close-out invocation)	2026-09-07T13:04:43.2046703Z Project FPS: 145 (6.89 mspf)
GUT GDScript suite under Godot 4.3 headless (blocking)	Run GUT unit suite (canonical close-out invocation)	2026-09-07T13:04:44.2052273Z Project FPS: 145 (6.89 mspf)
GUT GDScript suite under Godot 4.3 headless (blocking)	Run GUT unit suite (canonical close-out invocation)	2026-09-07T13:04:45.2057345Z Project FPS: 145 (6.89 mspf)
GUT GDScript suite under Godot 4.3 headless (blocking)	Run GUT unit suite (canonical close-out invocation)	2026-09-07T13:04:46.2062435Z Project FPS: 145 (6.89 mspf)
GUT GDScript suite under Godot 4.3 headless (blocking)	Run GUT unit suite (canonical close-out invocation)	2026-09-07T13:04:47.2068147Z Project FPS: 145 (6.89 mspf)
GUT GDScript suite under Godot 4.3 headless (blocking)	Run GUT unit suite (canonical close-out invocation)	2026-09-07T13:04:48.2072750Z Project FPS: 145 (6.89 mspf)
GUT GDScript suite under Godot 4.3 headless (blocking)	Run GUT unit suite (canonical close-out invocation)	2026-09-07T13:04:49.2078438Z Project FPS: 145 (6.89 mspf)
GUT GDScript suite under Godot 4.3 headless (blocking)	Run GUT unit suite (canonical close-out invocation)	2026-09-07T13:04:50.2083205Z Project FPS: 145 (6.89 mspf)
GUT GDScript suite under Godot 4.3 headless (blocking)	Run GUT unit suite (canonical close-out invocation)	2026-09-07T13:04:51.2019351Z Project FPS: 144 (6.94 mspf)
GUT GDScript suite under Godot 4.3 headless (blocking)	Run GUT unit suite (canonical close-out invocation)	2026-09-07T13:04:52.2024479Z Project FPS: 145 (6.89 mspf)
GUT GDScript suite under Godot 4.3 headless (blocking)	Run GUT unit suite (canonical close-out invocation)	2026-09-07T13:04:53.2029977Z Project FPS: 145 (6.89 mspf)
GUT GDScript suite under Godot 4.3 headless (blocking)	Run GUT unit suite (canonical close-out invocation)	2026-09-07T13:04:54.2035011Z Project FPS: 145 (6.89 mspf)
GUT GDScript suite under Godot 4.3 headless (blocking)	Run GUT unit suite (canonical close-out invocation)	2026-09-07T13:04:55.2040488Z Project FPS: 145 (6.89 mspf)
GUT GDScript suite under Godot 4.3 headless (blocking)	Run GUT unit suite (canonical close-out invocation)	2026-09-07T13:04:56.2045929Z Project FPS: 145 (6.89 mspf)
GUT GDScript suite under Godot 4.3 headless (blocking)	Run GUT unit suite (canonical close-out invocation)	2026-09-07T13:04:57.2050811Z Project FPS: 145 (6.89 mspf)
GUT GDScript suite under Godot 4.3 headless (blocking)	Run GUT unit suite (canonical close-out invocation)	2026-09-07T13:04:58.2056359Z Project FPS: 145 (6.89 mspf)
GUT GDScript suite under Godot 4.3 headless (blocking)	Run GUT unit suite (canonical close-out invocation)	2026-09-07T13:04:59.2061288Z Project FPS: 145 (6.89 mspf)
GUT GDScript suite under Godot 4.3 headless (blocking)	Run GUT unit suite (canonical close-out invocation)	2026-09-07T13:05:00.2066677Z Project FPS: 145 (6.89 mspf)
GUT GDScript suite under Godot 4.3 headless (blocking)	Run GUT unit suite (canonical close-out invocation)	2026-09-07T13:05:01.2071893Z Project FPS: 145 (6.89 mspf)
GUT GDScript suite under Godot 4.3 headless (blocking)	Run GUT unit suite (canonical close-out invocation)	2026-09-07T13:05:02.2077049Z Project FPS: 145 (6.89 mspf)
GUT GDScript suite under Godot 4.3 headless (blocking)	Run GUT unit suite (canonical close-out invocation)	2026-09-07T13:05:03.2082381Z Project FPS: 145 (6.89 mspf)
GUT GDScript suite under Godot 4.3 headless (blocking)	Run GUT unit suite (canonical close-out invocation)	2026-09-07T13:05:04.2086929Z Project FPS: 145 (6.89 mspf)
GUT GDScript suite under Godot 4.3 headless (blocking)	Run GUT unit suite (canonical close-out invocation)	2026-09-07T13:05:05.2023950Z Project FPS: 144 (6.94 mspf)
GUT GDScript suite under Godot 4.3 headless (blocking)	Run GUT unit suite (canonical close-out invocation)	2026-09-07T13:05:06.2029302Z Project FPS: 145 (6.89 mspf)
GUT GDScript suite under Godot 4.3 headless (blocking)	Run GUT unit suite (canonical close-out invocation)	2026-09-07T13:05:07.2034263Z Project FPS: 145 (6.89 mspf)
GUT GDScript suite under Godot 4.3 headless (blocking)	Run GUT unit suite (canonical close-out invocation)	2026-09-07T13:05:08.2039557Z Project FPS: 145 (6.89 mspf)
GUT GDScript suite under Godot 4.3 headless (blocking)	Run GUT unit suite (canonical close-out invocation)	2026-09-07T13:05:09.2044661Z Project FPS: 145 (6.89 mspf)
GUT GDScript suite under Godot 4.3 headless (blocking)	Run GUT unit suite (canonical close-out invocation)	2026-09-07T13:05:10.2049813Z Project FPS: 145 (6.89 mspf)
GUT GDScript suite under Godot 4.3 headless (blocking)	Run GUT unit suite (canonical close-out invocation)	2026-09-07T13:05:11.2054956Z Project FPS: 145 (6.89 mspf)
GUT GDScript suite under Godot 4.3 headless (blocking)	Run GUT unit suite (canonical close-out invocation)	2026-09-07T13:05:12.2060305Z Project FPS: 145 (6.89 mspf)
GUT GDScript suite under Godot 4.3 headless (blocking)	Run GUT unit suite (canonical close-out invocation)	2026-09-07T13:05:13.2065730Z Project FPS: 145 (6.89 mspf)
GUT GDScript suite under Godot 4.3 headless (blocking)	Run GUT unit suite (canonical close-out invocation)	2026-09-07T13:05:14.2070941Z Project FPS: 145 (6.89 mspf)
GUT GDScript suite under Godot 4.3 headless (blocking)	Run GUT unit suite (canonical close-out invocation)	2026-09-07T13:05:15.2076111Z Project FPS: 145 (6.89 mspf)
GUT GDScript suite under Godot 4.3 headless (blocking)	Run GUT unit suite (canonical close-out invocation)	2026-09-07T13:05:16.2081601Z Project FPS: 145 (6.89 mspf)
GUT GDScript suite under Godot 4.3 headless (blocking)	Run GUT unit suite (canonical close-out invocation)	2026-09-07T13:05:17.2086217Z Project FPS: 145 (6.89 mspf)
GUT GDScript suite under Godot 4.3 headless (blocking)	Run GUT unit suite (canonical close-out invocation)	2026-09-07T13:05:18.2091413Z Project FPS: 145 (6.89 mspf)
GUT GDScript suite under Godot 4.3 headless (blocking)	Run GUT unit suite (canonical close-out invocation)	2026-09-07T13:05:19.2027334Z Project FPS: 144 (6.94 mspf)
GUT GDScript suite under Godot 4.3 headless (blocking)	Run GUT unit suite (canonical close-out invocation)	2026-09-07T13:05:20.2032775Z Project FPS: 145 (6.89 mspf)
GUT GDScript suite under Godot 4.3 headless (blocking)	Run GUT unit suite (canonical close-out invocation)	2026-09-07T13:05:21.2038094Z Project FPS: 145 (6.89 mspf)
GUT GDScript suite under Godot 4.3 headless (blocking)	Run GUT unit suite (canonical close-out invocation)	2026-09-07T13:05:22.2043387Z Project FPS: 145 (6.89 mspf)
GUT GDScript suite under Godot 4.3 headless (blocking)	Run GUT unit suite (canonical close-out invocation)	2026-09-07T13:05:23.2048588Z Project FPS: 145 (6.89 mspf)
GUT GDScript suite under Godot 4.3 headless (blocking)	Run GUT unit suite (canonical close-out invocation)	2026-09-07T13:05:24.2053492Z Project FPS: 145 (6.89 mspf)
GUT GDScript suite under Godot 4.3 headless (blocking)	Run GUT unit suite (canonical close-out invocation)	2026-09-07T13:05:25.2058017Z Project FPS: 145 (6.89 mspf)
GUT GDScript suite under Godot 4.3 headless (blocking)	Run GUT unit suite (canonical close-out invocation)	2026-09-07T13:05:26.2063994Z Project FPS: 145 (6.89 mspf)
GUT GDScript suite under Godot 4.3 headless (blocking)	Run GUT unit suite (canonical close-out invocation)	2026-09-07T13:05:27.2069235Z Project FPS: 145 (6.89 mspf)
GUT GDScript suite under Godot 4.3 headless (blocking)	Run GUT unit suite (canonical close-out invocation)	2026-09-07T13:05:28.2074358Z Project FPS: 145 (6.89 mspf)
GUT GDScript suite under Godot 4.3 headless (blocking)	Run GUT unit suite (canonical close-out invocation)	2026-09-07T13:05:29.2079701Z Project FPS: 145 (6.89 mspf)
GUT GDScript suite under Godot 4.3 headless (blocking)	Run GUT unit suite (canonical close-out invocation)	2026-09-07T13:05:30.2084754Z Project FPS: 145 (6.89 mspf)
GUT GDScript suite under Godot 4.3 headless (blocking)	Run GUT unit suite (canonical close-out invocation)	2026-09-07T13:05:31.2089973Z Project FPS: 145 (6.89 mspf)
GUT GDScript suite under Godot 4.3 headless (blocking)	Run GUT unit suite (canonical close-out invocation)	2026-09-07T13:05:32.2095212Z Project FPS: 145 (6.89 mspf)
GUT GDScript suite under Godot 4.3 headless (blocking)	Run GUT unit suite (canonical close-out invocation)	2026-09-07T13:05:33.2031302Z Project FPS: 144 (6.94 mspf)
GUT GDScript suite under Godot 4.3 headless (blocking)	Run GUT unit suite (canonical close-out invocation)	2026-09-07T13:05:34.2036586Z Project FPS: 145 (6.89 mspf)
GUT GDScript suite under Godot 4.3 headless (blocking)	Run GUT unit suite (canonical close-out invocation)	2026-09-07T13:05:35.2042179Z Project FPS: 145 (6.89 mspf)
GUT GDScript suite under Godot 4.3 headless (blocking)	Run GUT unit suite (canonical close-out invocation)	2026-09-07T13:05:36.2046907Z Project FPS: 145 (6.89 mspf)
GUT GDScript suite under Godot 4.3 headless (blocking)	Run GUT unit suite (canonical close-out invocation)	2026-09-07T13:05:37.2052350Z Project FPS: 145 (6.89 mspf)
GUT GDScript suite under Godot 4.3 headless (blocking)	Run GUT unit suite (canonical close-out invocation)	2026-09-07T13:05:38.2057248Z Project FPS: 145 (6.89 mspf)
GUT GDScript suite under Godot 4.3 headless (blocking)	Run GUT unit suite (canonical close-out invocation)	2026-09-07T13:05:39.2062306Z Project FPS: 145 (6.89 mspf)
GUT GDScript suite under Godot 4.3 headless (blocking)	Run GUT unit suite (canonical close-out invocation)	2026-09-07T13:05:40.2068025Z Project FPS: 145 (6.89 mspf)
GUT GDScript suite under Godot 4.3 headless (blocking)	Run GUT unit suite (canonical close-out invocation)	2026-09-07T13:05:41.2072897Z Project FPS: 145 (6.89 mspf)
GUT GDScript suite under Godot 4.3 headless (blocking)	Run GUT unit suite (canonical close-out invocation)	2026-09-07T13:05:42.2078423Z Project FPS: 145 (6.89 mspf)
GUT GDScript suite under Godot 4.3 headless (blocking)	Run GUT unit suite (canonical close-out invocation)	2026-09-07T13:05:43.2083503Z Project FPS: 145 (6.89 mspf)
GUT GDScript suite under Godot 4.3 headless (blocking)	Run GUT unit suite (canonical close-out invocation)	2026-09-07T13:05:44.2088232Z Project FPS: 145 (6.89 mspf)
GUT GDScript suite under Godot 4.3 headless (blocking)	Run GUT unit suite (canonical close-out invocation)	2026-09-07T13:05:45.2093197Z Project FPS: 145 (6.89 mspf)
GUT GDScript suite under Godot 4.3 headless (blocking)	Run GUT unit suite (canonical close-out invocation)	2026-09-07T13:05:46.2029703Z Project FPS: 144 (6.94 mspf)
GUT GDScript suite under Godot 4.3 headless (blocking)	Run GUT unit suite (canonical close-out invocation)	2026-09-07T13:05:47.2034471Z Project FPS: 145 (6.89 mspf)
GUT GDScript suite under Godot 4.3 headless (blocking)	Run GUT unit suite (canonical close-out invocation)	2026-09-07T13:05:48.2039849Z Project FPS: 145 (6.89 mspf)
GUT GDScript suite under Godot 4.3 headless (blocking)	Run GUT unit suite (canonical close-out invocation)	2026-09-07T13:05:49.2045098Z Project FPS: 145 (6.89 mspf)
GUT GDScript suite under Godot 4.3 headless (blocking)	Run GUT unit suite (canonical close-out invocation)	2026-09-07T13:05:50.2050546Z Project FPS: 145 (6.89 mspf)
GUT GDScript suite under Godot 4.3 headless (blocking)	Run GUT unit suite (canonical close-out invocation)	2026-09-07T13:05:51.2055817Z Project FPS: 145 (6.89 mspf)
GUT GDScript suite under Godot 4.3 headless (blocking)	Run GUT unit suite (canonical close-out invocation)	2026-09-07T13:05:52.2061020Z Project FPS: 145 (6.89 mspf)
GUT GDScript suite under Godot 4.3 headless (blocking)	Run GUT unit suite (canonical close-out invocation)	2026-09-07T13:05:53.2066484Z Project FPS: 145 (6.89 mspf)
GUT GDScript suite under Godot 4.3 headless (blocking)	Run GUT unit suite (canonical close-out invocation)	2026-09-07T13:05:54.2071531Z Project FPS: 145 (6.89 mspf)
GUT GDScript suite under Godot 4.3 headless (blocking)	Run GUT unit suite (canonical close-out invocation)	2026-09-07T13:05:55.2077080Z Project FPS: 145 (6.89 mspf)
GUT GDScript suite under Godot 4.3 headless (blocking)	Run GUT unit suite (canonical close-out invocation)	2026-09-07T13:05:56.2081723Z Project FPS: 145 (6.89 mspf)
GUT GDScript suite under Godot 4.3 headless (blocking)	Run GUT unit suite (canonical close-out invocation)	2026-09-07T13:05:57.2087090Z Project FPS: 145 (6.89 mspf)
GUT GDScript suite under Godot 4.3 headless (blocking)	Run GUT unit suite (canonical close-out invocation)	2026-09-07T13:05:58.2092244Z Project FPS: 145 (6.89 mspf)
GUT GDScript suite under Godot 4.3 headless (blocking)	Run GUT unit suite (canonical close-out invocation)	2026-09-07T13:05:59.2097549Z Project FPS: 145 (6.89 mspf)
GUT GDScript suite under Godot 4.3 headless (blocking)	Run GUT unit suite (canonical close-out invocation)	2026-09-07T13:06:00.2033952Z Project FPS: 144 (6.94 mspf)
GUT GDScript suite under Godot 4.3 headless (blocking)	Run GUT unit suite (canonical close-out invocation)	2026-09-07T13:06:01.2039135Z Project FPS: 145 (6.89 mspf)
GUT GDScript suite under Godot 4.3 headless (blocking)	Run GUT unit suite (canonical close-out invocation)	2026-09-07T13:06:02.2044212Z Project FPS: 145 (6.89 mspf)
GUT GDScript suite under Godot 4.3 headless (blocking)	Run GUT unit suite (canonical close-out invocation)	2026-09-07T13:06:03.2049474Z Project FPS: 145 (6.89 mspf)
GUT GDScript suite under Godot 4.3 headless (blocking)	Run GUT unit suite (canonical close-out invocation)	2026-09-07T13:06:04.2054811Z Project FPS: 145 (6.89 mspf)
GUT GDScript suite under Godot 4.3 headless (blocking)	Run GUT unit suite (canonical close-out invocation)	2026-09-07T13:06:05.2060114Z Project FPS: 145 (6.89 mspf)
GUT GDScript suite under Godot 4.3 headless (blocking)	Run GUT unit suite (canonical close-out invocation)	2026-09-07T13:06:06.2064952Z Project FPS: 145 (6.89 mspf)
GUT GDScript suite under Godot 4.3 headless (blocking)	Run GUT unit suite (canonical close-out invocation)	2026-09-07T13:06:07.2070351Z Project FPS: 145 (6.89 mspf)
GUT GDScript suite under Godot 4.3 headless (blocking)	Run GUT unit suite (canonical close-out invocation)	2026-09-07T13:06:08.2075382Z Project FPS: 145 (6.89 mspf)
GUT GDScript suite under Godot 4.3 headless (blocking)	Run GUT unit suite (canonical close-out invocation)	2026-09-07T13:06:09.2080708Z Project FPS: 145 (6.89 mspf)
GUT GDScript suite under Godot 4.3 headless (blocking)	Run GUT unit suite (canonical close-out invocation)	2026-09-07T13:06:10.2085723Z Project FPS: 145 (6.89 mspf)
GUT GDScript suite under Godot 4.3 headless (blocking)	Run GUT unit suite (canonical close-out invocation)	2026-09-07T13:06:11.2091175Z Project FPS: 145 (6.89 mspf)
GUT GDScript suite under Godot 4.3 headless (blocking)	Run GUT unit suite (canonical close-out invocation)	2026-09-07T13:06:12.2096649Z Project FPS: 145 (6.89 mspf)
GUT GDScript suite under Godot 4.3 headless (blocking)	Run GUT unit suite (canonical close-out invocation)	2026-09-07T13:06:13.2101218Z Project FPS: 145 (6.89 mspf)
GUT GDScript suite under Godot 4.3 headless (blocking)	Run GUT unit suite (canonical close-out invocation)	2026-09-07T13:06:14.2038019Z Project FPS: 144 (6.94 mspf)
GUT GDScript suite under Godot 4.3 headless (blocking)	Run GUT unit suite (canonical close-out invocation)	2026-09-07T13:06:15.2043027Z Project FPS: 145 (6.89 mspf)
GUT GDScript suite under Godot 4.3 headless (blocking)	Run GUT unit suite (canonical close-out invocation)	2026-09-07T13:06:16.2047900Z Project FPS: 145 (6.89 mspf)
GUT GDScript suite under Godot 4.3 headless (blocking)	Run GUT unit suite (canonical close-out invocation)	2026-09-07T13:06:17.2053765Z Project FPS: 145 (6.89 mspf)
GUT GDScript suite under Godot 4.3 headless (blocking)	Run GUT unit suite (canonical close-out invocation)	2026-09-07T13:06:18.2058585Z Project FPS: 145 (6.89 mspf)
GUT GDScript suite under Godot 4.3 headless (blocking)	Run GUT unit suite (canonical close-out invocation)	2026-09-07T13:06:19.2064105Z Project FPS: 145 (6.89 mspf)
GUT GDScript suite under Godot 4.3 headless (blocking)	Run GUT unit suite (canonical close-out invocation)	2026-09-07T13:06:20.2069218Z Project FPS: 145 (6.89 mspf)
GUT GDScript suite under Godot 4.3 headless (blocking)	Run GUT unit suite (canonical close-out invocation)	2026-09-07T13:06:21.2074732Z Project FPS: 145 (6.89 mspf)
GUT GDScript suite under Godot 4.3 headless (blocking)	Run GUT unit suite (canonical close-out invocation)	2026-09-07T13:06:22.2079045Z Project FPS: 145 (6.89 mspf)
GUT GDScript suite under Godot 4.3 headless (blocking)	Run GUT unit suite (canonical close-out invocation)	2026-09-07T13:06:23.2084989Z Project FPS: 145 (6.89 mspf)
GUT GDScript suite under Godot 4.3 headless (blocking)	Run GUT unit suite (canonical close-out invocation)	2026-09-07T13:06:24.2089994Z Project FPS: 145 (6.89 mspf)
GUT GDScript suite under Godot 4.3 headless (blocking)	Run GUT unit suite (canonical close-out invocation)	2026-09-07T13:06:25.2095127Z Project FPS: 145 (6.89 mspf)
GUT GDScript suite under Godot 4.3 headless (blocking)	Run GUT unit suite (canonical close-out invocation)	2026-09-07T13:06:26.2100236Z Project FPS: 145 (6.89 mspf)
GUT GDScript suite under Godot 4.3 headless (blocking)	Run GUT unit suite (canonical close-out invocation)	2026-09-07T13:06:27.2105424Z Project FPS: 145 (6.89 mspf)
GUT GDScript suite under Godot 4.3 headless (blocking)	Run GUT unit suite (canonical close-out invocation)	2026-09-07T13:06:28.2042195Z Project FPS: 144 (6.94 mspf)
GUT GDScript suite under Godot 4.3 headless (blocking)	Run GUT unit suite (canonical close-out invocation)	2026-09-07T13:06:29.2046713Z Project FPS: 145 (6.89 mspf)
GUT GDScript suite under Godot 4.3 headless (blocking)	Run GUT unit suite (canonical close-out invocation)	2026-09-07T13:06:30.2052413Z Project FPS: 145 (6.89 mspf)
GUT GDScript suite under Godot 4.3 headless (blocking)	Run GUT unit suite (canonical close-out invocation)	2026-09-07T13:06:31.2057664Z Project FPS: 145 (6.89 mspf)
GUT GDScript suite under Godot 4.3 headless (blocking)	Run GUT unit suite (canonical close-out invocation)	2026-09-07T13:06:32.2062229Z Project FPS: 145 (6.89 mspf)
GUT GDScript suite under Godot 4.3 headless (blocking)	Run GUT unit suite (canonical close-out invocation)	2026-09-07T13:06:33.2067682Z Project FPS: 145 (6.89 mspf)
GUT GDScript suite under Godot 4.3 headless (blocking)	Run GUT unit suite (canonical close-out invocation)	2026-09-07T13:06:34.2073218Z Project FPS: 145 (6.89 mspf)
GUT GDScript suite under Godot 4.3 headless (blocking)	Run GUT unit suite (canonical close-out invocation)	2026-09-07T13:06:35.2078271Z Project FPS: 145 (6.89 mspf)
GUT GDScript suite under Godot 4.3 headless (blocking)	Run GUT unit suite (canonical close-out invocation)	2026-09-07T13:06:36.2083450Z Project FPS: 145 (6.89 mspf)
GUT GDScript suite under Godot 4.3 headless (blocking)	Run GUT unit suite (canonical close-out invocation)	2026-09-07T13:06:37.2088784Z Project FPS: 145 (6.89 mspf)
GUT GDScript suite under Godot 4.3 headless (blocking)	Run GUT unit suite (canonical close-out invocation)	2026-09-07T13:06:38.2093632Z Project FPS: 145 (6.89 mspf)
GUT GDScript suite under Godot 4.3 headless (blocking)	Run GUT unit suite (canonical close-out invocation)	2026-09-07T13:06:39.2098773Z Project FPS: 145 (6.89 mspf)
GUT GDScript suite under Godot 4.3 headless (blocking)	Run GUT unit suite (canonical close-out invocation)	2026-09-07T13:06:40.2104304Z Project FPS: 145 (6.89 mspf)
GUT GDScript suite under Godot 4.3 headless (blocking)	Run GUT unit suite (canonical close-out invocation)	2026-09-07T13:06:41.2109164Z Project FPS: 145 (6.89 mspf)
GUT GDScript suite under Godot 4.3 headless (blocking)	Run GUT unit suite (canonical close-out invocation)	2026-09-07T13:06:42.2045558Z Project FPS: 144 (6.94 mspf)
GUT GDScript suite under Godot 4.3 headless (blocking)	Run GUT unit suite (canonical close-out invocation)	2026-09-07T13:06:43.2050953Z Project FPS: 145 (6.89 mspf)
GUT GDScript suite under Godot 4.3 headless (blocking)	Run GUT unit suite (canonical close-out invocation)	2026-09-07T13:06:44.2055416Z Project FPS: 145 (6.89 mspf)
GUT GDScript suite under Godot 4.3 headless (blocking)	Run GUT unit suite (canonical close-out invocation)	2026-09-07T13:06:45.2061755Z Project FPS: 145 (6.89 mspf)
GUT GDScript suite under Godot 4.3 headless (blocking)	Run GUT unit suite (canonical close-out invocation)	2026-09-07T13:06:46.2066548Z Project FPS: 145 (6.89 mspf)
GUT GDScript suite under Godot 4.3 headless (blocking)	Run GUT unit suite (canonical close-out invocation)	2026-09-07T13:06:47.2071950Z Project FPS: 145 (6.89 mspf)
GUT GDScript suite under Godot 4.3 headless (blocking)	Run GUT unit suite (canonical close-out invocation)	2026-09-07T13:06:48.2076887Z Project FPS: 145 (6.89 mspf)
GUT GDScript suite under Godot 4.3 headless (blocking)	Run GUT unit suite (canonical close-out invocation)	2026-09-07T13:06:49.2082259Z Project FPS: 145 (6.89 mspf)
GUT GDScript suite under Godot 4.3 headless (blocking)	Run GUT unit suite (canonical close-out invocation)	2026-09-07T13:06:50.2086746Z Project FPS: 145 (6.89 mspf)
GUT GDScript suite under Godot 4.3 headless (blocking)	Run GUT unit suite (canonical close-out invocation)	2026-09-07T13:06:51.2092586Z Project FPS: 145 (6.89 mspf)
GUT GDScript suite under Godot 4.3 headless (blocking)	Run GUT unit suite (canonical close-out invocation)	2026-09-07T13:06:52.2097729Z Project FPS: 145 (6.89 mspf)
GUT GDScript suite under Godot 4.3 headless (blocking)	Run GUT unit suite (canonical close-out invocation)	2026-09-07T13:06:53.2102930Z Project FPS: 145 (6.89 mspf)
GUT GDScript suite under Godot 4.3 headless (blocking)	Run GUT unit suite (canonical close-out invocation)	2026-09-07T13:06:54.2108493Z Project FPS: 145 (6.89 mspf)
GUT GDScript suite under Godot 4.3 headless (blocking)	Run GUT unit suite (canonical close-out invocation)	2026-09-07T13:06:55.2044025Z Project FPS: 144 (6.94 mspf)
GUT GDScript suite under Godot 4.3 headless (blocking)	Run GUT unit suite (canonical close-out invocation)	2026-09-07T13:06:56.2048318Z Project FPS: 145 (6.89 mspf)
GUT GDScript suite under Godot 4.3 headless (blocking)	Run GUT unit suite (canonical close-out invocation)	2026-09-07T13:06:57.2054521Z Project FPS: 145 (6.89 mspf)
GUT GDScript suite under Godot 4.3 headless (blocking)	Run GUT unit suite (canonical close-out invocation)	2026-09-07T13:06:58.2059571Z Project FPS: 145 (6.89 mspf)
GUT GDScript suite under Godot 4.3 headless (blocking)	Run GUT unit suite (canonical close-out invocation)	2026-09-07T13:06:59.2064962Z Project FPS: 145 (6.89 mspf)
GUT GDScript suite under Godot 4.3 headless (blocking)	Run GUT unit suite (canonical close-out invocation)	2026-09-07T13:07:00.2070053Z Project FPS: 145 (6.89 mspf)
GUT GDScript suite under Godot 4.3 headless (blocking)	Run GUT unit suite (canonical close-out invocation)	2026-09-07T13:07:01.2075363Z Project FPS: 145 (6.89 mspf)
GUT GDScript suite under Godot 4.3 headless (blocking)	Run GUT unit suite (canonical close-out invocation)	2026-09-07T13:07:02.2080393Z Project FPS: 145 (6.89 mspf)
GUT GDScript suite under Godot 4.3 headless (blocking)	Run GUT unit suite (canonical close-out invocation)	2026-09-07T13:07:03.2085969Z Project FPS: 145 (6.89 mspf)
GUT GDScript suite under Godot 4.3 headless (blocking)	Run GUT unit suite (canonical close-out invocation)	2026-09-07T13:07:04.2091162Z Project FPS: 145 (6.89 mspf)
GUT GDScript suite under Godot 4.3 headless (blocking)	Run GUT unit suite (canonical close-out invocation)	2026-09-07T13:07:05.2095981Z Project FPS: 145 (6.89 mspf)
GUT GDScript suite under Godot 4.3 headless (blocking)	Run GUT unit suite (canonical close-out invocation)	2026-09-07T13:07:06.2101927Z Project FPS: 145 (6.89 mspf)
GUT GDScript suite under Godot 4.3 headless (blocking)	Run GUT unit suite (canonical close-out invocation)	2026-09-07T13:07:07.2106908Z Project FPS: 145 (6.89 mspf)
GUT GDScript suite under Godot 4.3 headless (blocking)	Run GUT unit suite (canonical close-out invocation)	2026-09-07T13:07:08.2111748Z Project FPS: 145 (6.89 mspf)
GUT GDScript suite under Godot 4.3 headless (blocking)	Run GUT unit suite (canonical close-out invocation)	2026-09-07T13:07:09.2047980Z Project FPS: 144 (6.94 mspf)
GUT GDScript suite under Godot 4.3 headless (blocking)	Run GUT unit suite (canonical close-out invocation)	2026-09-07T13:07:10.2052858Z Project FPS: 145 (6.89 mspf)
GUT GDScript suite under Godot 4.3 headless (blocking)	Run GUT unit suite (canonical close-out invocation)	2026-09-07T13:07:11.2058257Z Project FPS: 145 (6.89 mspf)
GUT GDScript suite under Godot 4.3 headless (blocking)	Run GUT unit suite (canonical close-out invocation)	2026-09-07T13:07:12.2063589Z Project FPS: 145 (6.89 mspf)
GUT GDScript suite under Godot 4.3 headless (blocking)	Run GUT unit suite (canonical close-out invocation)	2026-09-07T13:07:13.2069372Z Project FPS: 145 (6.89 mspf)
GUT GDScript suite under Godot 4.3 headless (blocking)	Run GUT unit suite (canonical close-out invocation)	2026-09-07T13:07:14.2074753Z Project FPS: 145 (6.89 mspf)
GUT GDScript suite under Godot 4.3 headless (blocking)	Run GUT unit suite (canonical close-out invocation)	2026-09-07T13:07:15.2080126Z Project FPS: 145 (6.89 mspf)
GUT GDScript suite under Godot 4.3 headless (blocking)	Run GUT unit suite (canonical close-out invocation)	2026-09-07T13:07:16.2084658Z Project FPS: 145 (6.89 mspf)
GUT GDScript suite under Godot 4.3 headless (blocking)	Run GUT unit suite (canonical close-out invocation)	2026-09-07T13:07:17.2089973Z Project FPS: 145 (6.89 mspf)
GUT GDScript suite under Godot 4.3 headless (blocking)	Run GUT unit suite (canonical close-out invocation)	2026-09-07T13:07:18.2094993Z Project FPS: 145 (6.89 mspf)
GUT GDScript suite under Godot 4.3 headless (blocking)	Run GUT unit suite (canonical close-out invocation)	2026-09-07T13:07:19.2100033Z Project FPS: 145 (6.89 mspf)
GUT GDScript suite under Godot 4.3 headless (blocking)	Run GUT unit suite (canonical close-out invocation)	2026-09-07T13:07:20.2105095Z Project FPS: 145 (6.89 mspf)
GUT GDScript suite under Godot 4.3 headless (blocking)	Run GUT unit suite (canonical close-out invocation)	2026-09-07T13:07:21.2110492Z Project FPS: 145 (6.89 mspf)
GUT GDScript suite under Godot 4.3 headless (blocking)	Run GUT unit suite (canonical close-out invocation)	2026-09-07T13:07:22.2115255Z Project FPS: 145 (6.89 mspf)
GUT GDScript suite under Godot 4.3 headless (blocking)	Run GUT unit suite (canonical close-out invocation)	2026-09-07T13:07:23.2052142Z Project FPS: 144 (6.94 mspf)
GUT GDScript suite under Godot 4.3 headless (blocking)	Run GUT unit suite (canonical close-out invocation)	2026-09-07T13:07:24.2057262Z Project FPS: 145 (6.89 mspf)
GUT GDScript suite under Godot 4.3 headless (blocking)	Run GUT unit suite (canonical close-out invocation)	2026-09-07T13:07:25.2062619Z Project FPS: 145 (6.89 mspf)
GUT GDScript suite under Godot 4.3 headless (blocking)	Run GUT unit suite (canonical close-out invocation)	2026-09-07T13:07:26.2067939Z Project FPS: 145 (6.89 mspf)
GUT GDScript suite under Godot 4.3 headless (blocking)	Run GUT unit suite (canonical close-out invocation)	2026-09-07T13:07:27.2072885Z Project FPS: 145 (6.89 mspf)
GUT GDScript suite under Godot 4.3 headless (blocking)	Run GUT unit suite (canonical close-out invocation)	2026-09-07T13:07:28.2078186Z Project FPS: 145 (6.89 mspf)
GUT GDScript suite under Godot 4.3 headless (blocking)	Run GUT unit suite (canonical close-out invocation)	2026-09-07T13:07:29.2083276Z Project FPS: 145 (6.89 mspf)
GUT GDScript suite under Godot 4.3 headless (blocking)	Run GUT unit suite (canonical close-out invocation)	2026-09-07T13:07:30.2088687Z Project FPS: 145 (6.89 mspf)
GUT GDScript suite under Godot 4.3 headless (blocking)	Run GUT unit suite (canonical close-out invocation)	2026-09-07T13:07:31.2093676Z Project FPS: 145 (6.89 mspf)
GUT GDScript suite under Godot 4.3 headless (blocking)	Run GUT unit suite (canonical close-out invocation)	2026-09-07T13:07:32.2098642Z Project FPS: 145 (6.89 mspf)
GUT GDScript suite under Godot 4.3 headless (blocking)	Run GUT unit suite (canonical close-out invocation)	2026-09-07T13:07:33.2104211Z Project FPS: 145 (6.89 mspf)
GUT GDScript suite under Godot 4.3 headless (blocking)	Run GUT unit suite (canonical close-out invocation)	2026-09-07T13:07:34.2109997Z Project FPS: 145 (6.89 mspf)
GUT GDScript suite under Godot 4.3 headless (blocking)	Run GUT unit suite (canonical close-out invocation)	2026-09-07T13:07:35.2114656Z Project FPS: 145 (6.89 mspf)
GUT GDScript suite under Godot 4.3 headless (blocking)	Run GUT unit suite (canonical close-out invocation)	2026-09-07T13:07:36.2119809Z Project FPS: 145 (6.89 mspf)
GUT GDScript suite under Godot 4.3 headless (blocking)	Run GUT unit suite (canonical close-out invocation)	2026-09-07T13:07:37.2055969Z Project FPS: 144 (6.94 mspf)
GUT GDScript suite under Godot 4.3 headless (blocking)	Run GUT unit suite (canonical close-out invocation)	2026-09-07T13:07:38.2061583Z Project FPS: 145 (6.89 mspf)
GUT GDScript suite under Godot 4.3 headless (blocking)	Run GUT unit suite (canonical close-out invocation)	2026-09-07T13:07:39.2067350Z Project FPS: 145 (6.89 mspf)
GUT GDScript suite under Godot 4.3 headless (blocking)	Run GUT unit suite (canonical close-out invocation)	2026-09-07T13:07:40.2071582Z Project FPS: 145 (6.89 mspf)
GUT GDScript suite under Godot 4.3 headless (blocking)	Run GUT unit suite (canonical close-out invocation)	2026-09-07T13:07:41.2076820Z Project FPS: 145 (6.89 mspf)
GUT GDScript suite under Godot 4.3 headless (blocking)	Run GUT unit suite (canonical close-out invocation)	2026-09-07T13:07:42.2081817Z Project FPS: 145 (6.89 mspf)
GUT GDScript suite under Godot 4.3 headless (blocking)	Run GUT unit suite (canonical close-out invocation)	2026-09-07T13:07:43.2086847Z Project FPS: 145 (6.89 mspf)
GUT GDScript suite under Godot 4.3 headless (blocking)	Run GUT unit suite (canonical close-out invocation)	2026-09-07T13:07:44.2092470Z Project FPS: 145 (6.89 mspf)
GUT GDScript suite under Godot 4.3 headless (blocking)	Run GUT unit suite (canonical close-out invocation)	2026-09-07T13:07:45.2097804Z Project FPS: 145 (6.89 mspf)
GUT GDScript suite under Godot 4.3 headless (blocking)	Run GUT unit suite (canonical close-out invocation)	2026-09-07T13:07:46.2102165Z Project FPS: 145 (6.89 mspf)
GUT GDScript suite under Godot 4.3 headless (blocking)	Run GUT unit suite (canonical close-out invocation)	2026-09-07T13:07:47.2107775Z Project FPS: 145 (6.89 mspf)
GUT GDScript suite under Godot 4.3 headless (blocking)	Run GUT unit suite (canonical close-out invocation)	2026-09-07T13:07:48.2112943Z Project FPS: 145 (6.89 mspf)
GUT GDScript suite under Godot 4.3 headless (blocking)	Run GUT unit suite (canonical close-out invocation)	2026-09-07T13:07:49.2118070Z Project FPS: 145 (6.89 mspf)
GUT GDScript suite under Godot 4.3 headless (blocking)	Run GUT unit suite (canonical close-out invocation)	2026-09-07T13:07:50.2123290Z Project FPS: 145 (6.89 mspf)
GUT GDScript suite under Godot 4.3 headless (blocking)	Run GUT unit suite (canonical close-out invocation)	2026-09-07T13:07:51.2059886Z Project FPS: 144 (6.94 mspf)
GUT GDScript suite under Godot 4.3 headless (blocking)	Run GUT unit suite (canonical close-out invocation)	2026-09-07T13:07:52.2065005Z Project FPS: 145 (6.89 mspf)
GUT GDScript suite under Godot 4.3 headless (blocking)	Run GUT unit suite (canonical close-out invocation)	2026-09-07T13:07:53.2070134Z Project FPS: 145 (6.89 mspf)
GUT GDScript suite under Godot 4.3 headless (blocking)	Run GUT unit suite (canonical close-out invocation)	2026-09-07T13:07:54.2075515Z Project FPS: 145 (6.89 mspf)
GUT GDScript suite under Godot 4.3 headless (blocking)	Run GUT unit suite (canonical close-out invocation)	2026-09-07T13:07:55.2080435Z Project FPS: 145 (6.89 mspf)
GUT GDScript suite under Godot 4.3 headless (blocking)	Run GUT unit suite (canonical close-out invocation)	2026-09-07T13:07:56.2085836Z Project FPS: 145 (6.89 mspf)
GUT GDScript suite under Godot 4.3 headless (blocking)	Run GUT unit suite (canonical close-out invocation)	2026-09-07T13:07:57.2091007Z Project FPS: 145 (6.89 mspf)
GUT GDScript suite under Godot 4.3 headless (blocking)	Run GUT unit suite (canonical close-out invocation)	2026-09-07T13:07:58.2095911Z Project FPS: 145 (6.89 mspf)
GUT GDScript suite under Godot 4.3 headless (blocking)	Run GUT unit suite (canonical close-out invocation)	2026-09-07T13:07:59.2100664Z Project FPS: 145 (6.89 mspf)
GUT GDScript suite under Godot 4.3 headless (blocking)	Run GUT unit suite (canonical close-out invocation)	2026-09-07T13:08:00.2105607Z Project FPS: 145 (6.89 mspf)
GUT GDScript suite under Godot 4.3 headless (blocking)	Run GUT unit suite (canonical close-out invocation)	2026-09-07T13:08:01.2111865Z Project FPS: 145 (6.89 mspf)
GUT GDScript suite under Godot 4.3 headless (blocking)	Run GUT unit suite (canonical close-out invocation)	2026-09-07T13:08:02.2116587Z Project FPS: 145 (6.89 mspf)
GUT GDScript suite under Godot 4.3 headless (blocking)	Run GUT unit suite (canonical close-out invocation)	2026-09-07T13:08:03.2122293Z Project FPS: 145 (6.89 mspf)
GUT GDScript suite under Godot 4.3 headless (blocking)	Run GUT unit suite (canonical close-out invocation)	2026-09-07T13:08:04.2058593Z Project FPS: 144 (6.94 mspf)
GUT GDScript suite under Godot 4.3 headless (blocking)	Run GUT unit suite (canonical close-out invocation)	2026-09-07T13:08:05.2063559Z Project FPS: 145 (6.89 mspf)
GUT GDScript suite under Godot 4.3 headless (blocking)	Run GUT unit suite (canonical close-out invocation)	2026-09-07T13:08:06.2068894Z Project FPS: 145 (6.89 mspf)
GUT GDScript suite under Godot 4.3 headless (blocking)	Run GUT unit suite (canonical close-out invocation)	2026-09-07T13:08:07.2074178Z Project FPS: 145 (6.89 mspf)
GUT GDScript suite under Godot 4.3 headless (blocking)	Run GUT unit suite (canonical close-out invocation)	2026-09-07T13:08:08.2078631Z Project FPS: 145 (6.89 mspf)
GUT GDScript suite under Godot 4.3 headless (blocking)	Run GUT unit suite (canonical close-out invocation)	2026-09-07T13:08:09.2083789Z Project FPS: 145 (6.89 mspf)
GUT GDScript suite under Godot 4.3 headless (blocking)	Run GUT unit suite (canonical close-out invocation)	2026-09-07T13:08:10.2089606Z Project FPS: 145 (6.89 mspf)
GUT GDScript suite under Godot 4.3 headless (blocking)	Run GUT unit suite (canonical close-out invocation)	2026-09-07T13:08:11.2095275Z Project FPS: 145 (6.89 mspf)
GUT GDScript suite under Godot 4.3 headless (blocking)	Run GUT unit suite (canonical close-out invocation)	2026-09-07T13:08:12.2099805Z Project FPS: 145 (6.89 mspf)
GUT GDScript suite under Godot 4.3 headless (blocking)	Run GUT unit suite (canonical close-out invocation)	2026-09-07T13:08:13.2105022Z Project FPS: 145 (6.89 mspf)
GUT GDScript suite under Godot 4.3 headless (blocking)	Run GUT unit suite (canonical close-out invocation)	2026-09-07T13:08:14.2110544Z Project FPS: 145 (6.89 mspf)
GUT GDScript suite under Godot 4.3 headless (blocking)	Run GUT unit suite (canonical close-out invocation)	2026-09-07T13:08:15.2115756Z Project FPS: 145 (6.89 mspf)
GUT GDScript suite under Godot 4.3 headless (blocking)	Run GUT unit suite (canonical close-out invocation)	2026-09-07T13:08:16.2121135Z Project FPS: 145 (6.89 mspf)
GUT GDScript suite under Godot 4.3 headless (blocking)	Run GUT unit suite (canonical close-out invocation)	2026-09-07T13:08:17.2125788Z Project FPS: 145 (6.89 mspf)
GUT GDScript suite under Godot 4.3 headless (blocking)	Run GUT unit suite (canonical close-out invocation)	2026-09-07T13:08:18.2062150Z Project FPS: 144 (6.94 mspf)
GUT GDScript suite under Godot 4.3 headless (blocking)	Run GUT unit suite (canonical close-out invocation)	2026-09-07T13:08:19.2067207Z Project FPS: 145 (6.89 mspf)
GUT GDScript suite under Godot 4.3 headless (blocking)	Run GUT unit suite (canonical close-out invocation)	2026-09-07T13:08:20.2072654Z Project FPS: 145 (6.89 mspf)
GUT GDScript suite under Godot 4.3 headless (blocking)	Run GUT unit suite (canonical close-out invocation)	2026-09-07T13:08:21.2077967Z Project FPS: 145 (6.89 mspf)
GUT GDScript suite under Godot 4.3 headless (blocking)	Run GUT unit suite (canonical close-out invocation)	2026-09-07T13:08:22.2082805Z Project FPS: 145 (6.89 mspf)
GUT GDScript suite under Godot 4.3 headless (blocking)	Run GUT unit suite (canonical close-out invocation)	2026-09-07T13:08:23.2088155Z Project FPS: 145 (6.89 mspf)
GUT GDScript suite under Godot 4.3 headless (blocking)	Run GUT unit suite (canonical close-out invocation)	2026-09-07T13:08:24.2093065Z Project FPS: 145 (6.89 mspf)
GUT GDScript suite under Godot 4.3 headless (blocking)	Run GUT unit suite (canonical close-out invocation)	2026-09-07T13:08:25.2098393Z Project FPS: 145 (6.89 mspf)
GUT GDScript suite under Godot 4.3 headless (blocking)	Run GUT unit suite (canonical close-out invocation)	2026-09-07T13:08:26.2104369Z Project FPS: 145 (6.89 mspf)
GUT GDScript suite under Godot 4.3 headless (blocking)	Run GUT unit suite (canonical close-out invocation)	2026-09-07T13:08:27.2109120Z Project FPS: 145 (6.89 mspf)
GUT GDScript suite under Godot 4.3 headless (blocking)	Run GUT unit suite (canonical close-out invocation)	2026-09-07T13:08:28.2114061Z Project FPS: 145 (6.89 mspf)
GUT GDScript suite under Godot 4.3 headless (blocking)	Run GUT unit suite (canonical close-out invocation)	2026-09-07T13:08:29.2119506Z Project FPS: 145 (6.89 mspf)
GUT GDScript suite under Godot 4.3 headless (blocking)	Run GUT unit suite (canonical close-out invocation)	2026-09-07T13:08:30.2124325Z Project FPS: 145 (6.89 mspf)
GUT GDScript suite under Godot 4.3 headless (blocking)	Run GUT unit suite (canonical close-out invocation)	2026-09-07T13:08:31.2129900Z Project FPS: 145 (6.89 mspf)
GUT GDScript suite under Godot 4.3 headless (blocking)	Run GUT unit suite (canonical close-out invocation)	2026-09-07T13:08:32.2066121Z Project FPS: 144 (6.94 mspf)
GUT GDScript suite under Godot 4.3 headless (blocking)	Run GUT unit suite (canonical close-out invocation)	2026-09-07T13:08:33.2071338Z Project FPS: 145 (6.89 mspf)
GUT GDScript suite under Godot 4.3 headless (blocking)	Run GUT unit suite (canonical close-out invocation)	2026-09-07T13:08:34.2076801Z Project FPS: 145 (6.89 mspf)
GUT GDScript suite under Godot 4.3 headless (blocking)	Run GUT unit suite (canonical close-out invocation)	2026-09-07T13:08:35.2082105Z Project FPS: 145 (6.89 mspf)
GUT GDScript suite under Godot 4.3 headless (blocking)	Run GUT unit suite (canonical close-out invocation)	2026-09-07T13:08:36.2086965Z Project FPS: 145 (6.89 mspf)
GUT GDScript suite under Godot 4.3 headless (blocking)	Run GUT unit suite (canonical close-out invocation)	2026-09-07T13:08:37.2092390Z Project FPS: 145 (6.89 mspf)
GUT GDScript suite under Godot 4.3 headless (blocking)	Run GUT unit suite (canonical close-out invocation)	2026-09-07T13:08:38.2097429Z Project FPS: 145 (6.89 mspf)
GUT GDScript suite under Godot 4.3 headless (blocking)	Run GUT unit suite (canonical close-out invocation)	2026-09-07T13:08:39.2102315Z Project FPS: 145 (6.89 mspf)
GUT GDScript suite under Godot 4.3 headless (blocking)	Run GUT unit suite (canonical close-out invocation)	2026-09-07T13:08:40.2108427Z Project FPS: 145 (6.89 mspf)
GUT GDScript suite under Godot 4.3 headless (blocking)	Run GUT unit suite (canonical close-out invocation)	2026-09-07T13:08:41.2112501Z Project FPS: 145 (6.89 mspf)
GUT GDScript suite under Godot 4.3 headless (blocking)	Run GUT unit suite (canonical close-out invocation)	2026-09-07T13:08:42.2118084Z Project FPS: 145 (6.89 mspf)
GUT GDScript suite under Godot 4.3 headless (blocking)	Run GUT unit suite (canonical close-out invocation)	2026-09-07T13:08:43.2123474Z Project FPS: 145 (6.89 mspf)
GUT GDScript suite under Godot 4.3 headless (blocking)	Run GUT unit suite (canonical close-out invocation)	2026-09-07T13:08:44.2128463Z Project FPS: 145 (6.89 mspf)
GUT GDScript suite under Godot 4.3 headless (blocking)	Run GUT unit suite (canonical close-out invocation)	2026-09-07T13:08:45.2133832Z Project FPS: 145 (6.89 mspf)
GUT GDScript suite under Godot 4.3 headless (blocking)	Run GUT unit suite (canonical close-out invocation)	2026-09-07T13:08:46.2070332Z Project FPS: 144 (6.94 mspf)
GUT GDScript suite under Godot 4.3 headless (blocking)	Run GUT unit suite (canonical close-out invocation)	2026-09-07T13:08:47.2075178Z Project FPS: 145 (6.89 mspf)
GUT GDScript suite under Godot 4.3 headless (blocking)	Run GUT unit suite (canonical close-out invocation)	2026-09-07T13:08:48.2080468Z Project FPS: 145 (6.89 mspf)
GUT GDScript suite under Godot 4.3 headless (blocking)	Run GUT unit suite (canonical close-out invocation)	2026-09-07T13:08:49.2085394Z Project FPS: 145 (6.89 mspf)
GUT GDScript suite under Godot 4.3 headless (blocking)	Run GUT unit suite (canonical close-out invocation)	2026-09-07T13:08:50.2090367Z Project FPS: 145 (6.89 mspf)
GUT GDScript suite under Godot 4.3 headless (blocking)	Run GUT unit suite (canonical close-out invocation)	2026-09-07T13:08:51.2096135Z Project FPS: 145 (6.89 mspf)
GUT GDScript suite under Godot 4.3 headless (blocking)	Run GUT unit suite (canonical close-out invocation)	2026-09-07T13:08:52.2100659Z Project FPS: 145 (6.89 mspf)
GUT GDScript suite under Godot 4.3 headless (blocking)	Run GUT unit suite (canonical close-out invocation)	2026-09-07T13:08:53.2106431Z Project FPS: 145 (6.89 mspf)
GUT GDScript suite under Godot 4.3 headless (blocking)	Run GUT unit suite (canonical close-out invocation)	2026-09-07T13:08:54.2112246Z Project FPS: 145 (6.89 mspf)
GUT GDScript suite under Godot 4.3 headless (blocking)	Run GUT unit suite (canonical close-out invocation)	2026-09-07T13:08:55.2116939Z Project FPS: 145 (6.89 mspf)
GUT GDScript suite under Godot 4.3 headless (blocking)	Run GUT unit suite (canonical close-out invocation)	2026-09-07T13:08:56.2121751Z Project FPS: 145 (6.89 mspf)
GUT GDScript suite under Godot 4.3 headless (blocking)	Run GUT unit suite (canonical close-out invocation)	2026-09-07T13:08:57.2127326Z Project FPS: 145 (6.89 mspf)
GUT GDScript suite under Godot 4.3 headless (blocking)	Run GUT unit suite (canonical close-out invocation)	2026-09-07T13:08:58.2132585Z Project FPS: 145 (6.89 mspf)
GUT GDScript suite under Godot 4.3 headless (blocking)	Run GUT unit suite (canonical close-out invocation)	2026-09-07T13:08:59.2137784Z Project FPS: 145 (6.89 mspf)
GUT GDScript suite under Godot 4.3 headless (blocking)	Run GUT unit suite (canonical close-out invocation)	2026-09-07T13:09:00.2073313Z Project FPS: 144 (6.94 mspf)
GUT GDScript suite under Godot 4.3 headless (blocking)	Run GUT unit suite (canonical close-out invocation)	2026-09-07T13:09:01.2078938Z Project FPS: 145 (6.89 mspf)
GUT GDScript suite under Godot 4.3 headless (blocking)	Run GUT unit suite (canonical close-out invocation)	2026-09-07T13:09:02.2083755Z Project FPS: 145 (6.89 mspf)
GUT GDScript suite under Godot 4.3 headless (blocking)	Run GUT unit suite (canonical close-out invocation)	2026-09-07T13:09:03.2089451Z Project FPS: 145 (6.89 mspf)
GUT GDScript suite under Godot 4.3 headless (blocking)	Run GUT unit suite (canonical close-out invocation)	2026-09-07T13:09:04.2094618Z Project FPS: 145 (6.89 mspf)
GUT GDScript suite under Godot 4.3 headless (blocking)	Run GUT unit suite (canonical close-out invocation)	2026-09-07T13:09:05.2099923Z Project FPS: 145 (6.89 mspf)
GUT GDScript suite under Godot 4.3 headless (blocking)	Run GUT unit suite (canonical close-out invocation)	2026-09-07T13:09:06.2105110Z Project FPS: 145 (6.89 mspf)
GUT GDScript suite under Godot 4.3 headless (blocking)	Run GUT unit suite (canonical close-out invocation)	2026-09-07T13:09:07.2110098Z Project FPS: 145 (6.89 mspf)
GUT GDScript suite under Godot 4.3 headless (blocking)	Run GUT unit suite (canonical close-out invocation)	2026-09-07T13:09:08.2115658Z Project FPS: 145 (6.89 mspf)
GUT GDScript suite under Godot 4.3 headless (blocking)	Run GUT unit suite (canonical close-out invocation)	2026-09-07T13:09:09.2120673Z Project FPS: 145 (6.89 mspf)
GUT GDScript suite under Godot 4.3 headless (blocking)	Run GUT unit suite (canonical close-out invocation)	2026-09-07T13:09:10.2125139Z Project FPS: 145 (6.89 mspf)
GUT GDScript suite under Godot 4.3 headless (blocking)	Run GUT unit suite (canonical close-out invocation)	2026-09-07T13:09:11.2131037Z Project FPS: 145 (6.89 mspf)
GUT GDScript suite under Godot 4.3 headless (blocking)	Run GUT unit suite (canonical close-out invocation)	2026-09-07T13:09:12.2136380Z Project FPS: 145 (6.89 mspf)
GUT GDScript suite under Godot 4.3 headless (blocking)	Run GUT unit suite (canonical close-out invocation)	2026-09-07T13:09:13.2072730Z Project FPS: 144 (6.94 mspf)
GUT GDScript suite under Godot 4.3 headless (blocking)	Run GUT unit suite (canonical close-out invocation)	2026-09-07T13:09:14.2077753Z Project FPS: 145 (6.89 mspf)
GUT GDScript suite under Godot 4.3 headless (blocking)	Run GUT unit suite (canonical close-out invocation)	2026-09-07T13:09:15.2082976Z Project FPS: 145 (6.89 mspf)
GUT GDScript suite under Godot 4.3 headless (blocking)	Run GUT unit suite (canonical close-out invocation)	2026-09-07T13:09:16.2088093Z Project FPS: 145 (6.89 mspf)
GUT GDScript suite under Godot 4.3 headless (blocking)	Run GUT unit suite (canonical close-out invocation)	2026-09-07T13:09:17.2093330Z Project FPS: 145 (6.89 mspf)
GUT GDScript suite under Godot 4.3 headless (blocking)	Run GUT unit suite (canonical close-out invocation)	2026-09-07T13:09:18.2098448Z Project FPS: 145 (6.89 mspf)
GUT GDScript suite under Godot 4.3 headless (blocking)	Run GUT unit suite (canonical close-out invocation)	2026-09-07T13:09:19.2103727Z Project FPS: 145 (6.89 mspf)
GUT GDScript suite under Godot 4.3 headless (blocking)	Run GUT unit suite (canonical close-out invocation)	2026-09-07T13:09:20.2107846Z Project FPS: 145 (6.89 mspf)
GUT GDScript suite under Godot 4.3 headless (blocking)	Run GUT unit suite (canonical close-out invocation)	2026-09-07T13:09:21.2114191Z Project FPS: 145 (6.89 mspf)
GUT GDScript suite under Godot 4.3 headless (blocking)	Run GUT unit suite (canonical close-out invocation)	2026-09-07T13:09:22.2118967Z Project FPS: 145 (6.89 mspf)
GUT GDScript suite under Godot 4.3 headless (blocking)	Run GUT unit suite (canonical close-out invocation)	2026-09-07T13:09:23.2124566Z Project FPS: 145 (6.89 mspf)
GUT GDScript suite under Godot 4.3 headless (blocking)	Run GUT unit suite (canonical close-out invocation)	2026-09-07T13:09:24.2129876Z Project FPS: 145 (6.89 mspf)
GUT GDScript suite under Godot 4.3 headless (blocking)	Run GUT unit suite (canonical close-out invocation)	2026-09-07T13:09:25.2134515Z Project FPS: 145 (6.89 mspf)
GUT GDScript suite under Godot 4.3 headless (blocking)	Run GUT unit suite (canonical close-out invocation)	2026-09-07T13:09:26.2140406Z Project FPS: 145 (6.89 mspf)
GUT GDScript suite under Godot 4.3 headless (blocking)	Run GUT unit suite (canonical close-out invocation)	2026-09-07T13:09:27.2076039Z Project FPS: 144 (6.94 mspf)
GUT GDScript suite under Godot 4.3 headless (blocking)	Run GUT unit suite (canonical close-out invocation)	2026-09-07T13:09:28.2082170Z Project FPS: 145 (6.89 mspf)
GUT GDScript suite under Godot 4.3 headless (blocking)	Run GUT unit suite (canonical close-out invocation)	2026-09-07T13:09:29.2086895Z Project FPS: 145 (6.89 mspf)
GUT GDScript suite under Godot 4.3 headless (blocking)	Run GUT unit suite (canonical close-out invocation)	2026-09-07T13:09:30.2092459Z Project FPS: 145 (6.89 mspf)
GUT GDScript suite under Godot 4.3 headless (blocking)	Run GUT unit suite (canonical close-out invocation)	2026-09-07T13:09:31.2097021Z Project FPS: 145 (6.89 mspf)
GUT GDScript suite under Godot 4.3 headless (blocking)	Run GUT unit suite (canonical close-out invocation)	2026-09-07T13:09:32.2102706Z Project FPS: 145 (6.89 mspf)
GUT GDScript suite under Godot 4.3 headless (blocking)	Run GUT unit suite (canonical close-out invocation)	2026-09-07T13:09:33.2107414Z Project FPS: 145 (6.89 mspf)
GUT GDScript suite under Godot 4.3 headless (blocking)	Run GUT unit suite (canonical close-out invocation)	2026-09-07T13:09:34.2113060Z Project FPS: 145 (6.89 mspf)
GUT GDScript suite under Godot 4.3 headless (blocking)	Run GUT unit suite (canonical close-out invocation)	2026-09-07T13:09:35.2118330Z Project FPS: 145 (6.89 mspf)
GUT GDScript suite under Godot 4.3 headless (blocking)	Run GUT unit suite (canonical close-out invocation)	2026-09-07T13:09:36.2123084Z Project FPS: 145 (6.89 mspf)
GUT GDScript suite under Godot 4.3 headless (blocking)	Run GUT unit suite (canonical close-out invocation)	2026-09-07T13:09:37.2128682Z Project FPS: 145 (6.89 mspf)
GUT GDScript suite under Godot 4.3 headless (blocking)	Run GUT unit suite (canonical close-out invocation)	2026-09-07T13:09:38.2133719Z Project FPS: 145 (6.89 mspf)
GUT GDScript suite under Godot 4.3 headless (blocking)	Run GUT unit suite (canonical close-out invocation)	2026-09-07T13:09:39.2138553Z Project FPS: 145 (6.89 mspf)
GUT GDScript suite under Godot 4.3 headless (blocking)	Run GUT unit suite (canonical close-out invocation)	2026-09-07T13:09:40.2144492Z Project FPS: 145 (6.89 mspf)
GUT GDScript suite under Godot 4.3 headless (blocking)	Run GUT unit suite (canonical close-out invocation)	2026-09-07T13:09:41.2080160Z Project FPS: 144 (6.94 mspf)
GUT GDScript suite under Godot 4.3 headless (blocking)	Run GUT unit suite (canonical close-out invocation)	2026-09-07T13:09:42.2085831Z Project FPS: 145 (6.89 mspf)
GUT GDScript suite under Godot 4.3 headless (blocking)	Run GUT unit suite (canonical close-out invocation)	2026-09-07T13:09:43.2090877Z Project FPS: 145 (6.89 mspf)
GUT GDScript suite under Godot 4.3 headless (blocking)	Run GUT unit suite (canonical close-out invocation)	2026-09-07T13:09:44.2095743Z Project FPS: 145 (6.89 mspf)
GUT GDScript suite under Godot 4.3 headless (blocking)	Run GUT unit suite (canonical close-out invocation)	2026-09-07T13:09:45.2101214Z Project FPS: 145 (6.89 mspf)
GUT GDScript suite under Godot 4.3 headless (blocking)	Run GUT unit suite (canonical close-out invocation)	2026-09-07T13:09:46.2105975Z Project FPS: 145 (6.89 mspf)
GUT GDScript suite under Godot 4.3 headless (blocking)	Run GUT unit suite (canonical close-out invocation)	2026-09-07T13:09:47.2111869Z Project FPS: 145 (6.89 mspf)
GUT GDScript suite under Godot 4.3 headless (blocking)	Run GUT unit suite (canonical close-out invocation)	2026-09-07T13:09:48.2116580Z Project FPS: 145 (6.89 mspf)
GUT GDScript suite under Godot 4.3 headless (blocking)	Run GUT unit suite (canonical close-out invocation)	2026-09-07T13:09:49.2121623Z Project FPS: 145 (6.89 mspf)
GUT GDScript suite under Godot 4.3 headless (blocking)	Run GUT unit suite (canonical close-out invocation)	2026-09-07T13:09:50.2126834Z Project FPS: 145 (6.89 mspf)
GUT GDScript suite under Godot 4.3 headless (blocking)	Run GUT unit suite (canonical close-out invocation)	2026-09-07T13:09:51.2132276Z Project FPS: 145 (6.89 mspf)
GUT GDScript suite under Godot 4.3 headless (blocking)	Run GUT unit suite (canonical close-out invocation)	2026-09-07T13:09:52.2137128Z Project FPS: 145 (6.89 mspf)
GUT GDScript suite under Godot 4.3 headless (blocking)	Run GUT unit suite (canonical close-out invocation)	2026-09-07T13:09:53.2142435Z Project FPS: 145 (6.89 mspf)
GUT GDScript suite under Godot 4.3 headless (blocking)	Run GUT unit suite (canonical close-out invocation)	2026-09-07T13:09:54.2147267Z Project FPS: 145 (6.89 mspf)
GUT GDScript suite under Godot 4.3 headless (blocking)	Run GUT unit suite (canonical close-out invocation)	2026-09-07T13:09:55.2084142Z Project FPS: 144 (6.94 mspf)
GUT GDScript suite under Godot 4.3 headless (blocking)	Run GUT unit suite (canonical close-out invocation)	2026-09-07T13:09:56.2089488Z Project FPS: 145 (6.89 mspf)
GUT GDScript suite under Godot 4.3 headless (blocking)	Run GUT unit suite (canonical close-out invocation)	2026-09-07T13:09:57.2094245Z Project FPS: 145 (6.89 mspf)
GUT GDScript suite under Godot 4.3 headless (blocking)	Run GUT unit suite (canonical close-out invocation)	2026-09-07T13:09:58.2099968Z Project FPS: 145 (6.89 mspf)
GUT GDScript suite under Godot 4.3 headless (blocking)	Run GUT unit suite (canonical close-out invocation)	2026-09-07T13:09:59.2104630Z Project FPS: 145 (6.89 mspf)
GUT GDScript suite under Godot 4.3 headless (blocking)	Run GUT unit suite (canonical close-out invocation)	2026-09-07T13:10:00.2110311Z Project FPS: 145 (6.89 mspf)
GUT GDScript suite under Godot 4.3 headless (blocking)	Run GUT unit suite (canonical close-out invocation)	2026-09-07T13:10:01.2115644Z Project FPS: 145 (6.89 mspf)
GUT GDScript suite under Godot 4.3 headless (blocking)	Run GUT unit suite (canonical close-out invocation)	2026-09-07T13:10:02.2120753Z Project FPS: 145 (6.89 mspf)
GUT GDScript suite under Godot 4.3 headless (blocking)	Run GUT unit suite (canonical close-out invocation)	2026-09-07T13:10:03.2125642Z Project FPS: 145 (6.89 mspf)
GUT GDScript suite under Godot 4.3 headless (blocking)	Run GUT unit suite (canonical close-out invocation)	2026-09-07T13:10:04.2131096Z Project FPS: 145 (6.89 mspf)
GUT GDScript suite under Godot 4.3 headless (blocking)	Run GUT unit suite (canonical close-out invocation)	2026-09-07T13:10:05.2136777Z Project FPS: 145 (6.89 mspf)
GUT GDScript suite under Godot 4.3 headless (blocking)	Run GUT unit suite (canonical close-out invocation)	2026-09-07T13:10:06.2141606Z Project FPS: 145 (6.89 mspf)
GUT GDScript suite under Godot 4.3 headless (blocking)	Run GUT unit suite (canonical close-out invocation)	2026-09-07T13:10:07.2146521Z Project FPS: 145 (6.89 mspf)
GUT GDScript suite under Godot 4.3 headless (blocking)	Run GUT unit suite (canonical close-out invocation)	2026-09-07T13:10:08.2151246Z Project FPS: 145 (6.89 mspf)
GUT GDScript suite under Godot 4.3 headless (blocking)	Run GUT unit suite (canonical close-out invocation)	2026-09-07T13:10:09.2088545Z Project FPS: 144 (6.94 mspf)
GUT GDScript suite under Godot 4.3 headless (blocking)	Run GUT unit suite (canonical close-out invocation)	2026-09-07T13:10:10.2092978Z Project FPS: 145 (6.89 mspf)
GUT GDScript suite under Godot 4.3 headless (blocking)	Run GUT unit suite (canonical close-out invocation)	2026-09-07T13:10:11.2098525Z Project FPS: 145 (6.89 mspf)
GUT GDScript suite under Godot 4.3 headless (blocking)	Run GUT unit suite (canonical close-out invocation)	2026-09-07T13:10:12.2103510Z Project FPS: 145 (6.89 mspf)
GUT GDScript suite under Godot 4.3 headless (blocking)	Run GUT unit suite (canonical close-out invocation)	2026-09-07T13:10:13.2108808Z Project FPS: 145 (6.89 mspf)
GUT GDScript suite under Godot 4.3 headless (blocking)	Run GUT unit suite (canonical close-out invocation)	2026-09-07T13:10:14.2113664Z Project FPS: 145 (6.89 mspf)
GUT GDScript suite under Godot 4.3 headless (blocking)	Run GUT unit suite (canonical close-out invocation)	2026-09-07T13:10:15.2120385Z Project FPS: 145 (6.89 mspf)
GUT GDScript suite under Godot 4.3 headless (blocking)	Run GUT unit suite (canonical close-out invocation)	2026-09-07T13:10:16.2124033Z Project FPS: 145 (6.89 mspf)
GUT GDScript suite under Godot 4.3 headless (blocking)	Run GUT unit suite (canonical close-out invocation)	2026-09-07T13:10:17.2129355Z Project FPS: 145 (6.89 mspf)
GUT GDScript suite under Godot 4.3 headless (blocking)	Run GUT unit suite (canonical close-out invocation)	2026-09-07T13:10:18.2134397Z Project FPS: 145 (6.89 mspf)
GUT GDScript suite under Godot 4.3 headless (blocking)	Run GUT unit suite (canonical close-out invocation)	2026-09-07T13:10:19.2140167Z Project FPS: 145 (6.89 mspf)
GUT GDScript suite under Godot 4.3 headless (blocking)	Run GUT unit suite (canonical close-out invocation)	2026-09-07T13:10:20.2144863Z Project FPS: 145 (6.89 mspf)
GUT GDScript suite under Godot 4.3 headless (blocking)	Run GUT unit suite (canonical close-out invocation)	2026-09-07T13:10:21.2150535Z Project FPS: 145 (6.89 mspf)
GUT GDScript suite under Godot 4.3 headless (blocking)	Run GUT unit suite (canonical close-out invocation)	2026-09-07T13:10:22.2086160Z Project FPS: 144 (6.94 mspf)
GUT GDScript suite under Godot 4.3 headless (blocking)	Run GUT unit suite (canonical close-out invocation)	2026-09-07T13:10:23.2092192Z Project FPS: 145 (6.89 mspf)
GUT GDScript suite under Godot 4.3 headless (blocking)	Run GUT unit suite (canonical close-out invocation)	2026-09-07T13:10:24.2096478Z Project FPS: 145 (6.89 mspf)
GUT GDScript suite under Godot 4.3 headless (blocking)	Run GUT unit suite (canonical close-out invocation)	2026-09-07T13:10:25.2102326Z Project FPS: 145 (6.89 mspf)
GUT GDScript suite under Godot 4.3 headless (blocking)	Run GUT unit suite (canonical close-out invocation)	2026-09-07T13:10:26.2107186Z Project FPS: 145 (6.89 mspf)
GUT GDScript suite under Godot 4.3 headless (blocking)	Run GUT unit suite (canonical close-out invocation)	2026-09-07T13:10:27.2112668Z Project FPS: 145 (6.89 mspf)
GUT GDScript suite under Godot 4.3 headless (blocking)	Run GUT unit suite (canonical close-out invocation)	2026-09-07T13:10:28.2117677Z Project FPS: 145 (6.89 mspf)
GUT GDScript suite under Godot 4.3 headless (blocking)	Run GUT unit suite (canonical close-out invocation)	2026-09-07T13:10:29.2122972Z Project FPS: 145 (6.89 mspf)
GUT GDScript suite under Godot 4.3 headless (blocking)	Run GUT unit suite (canonical close-out invocation)	2026-09-07T13:10:30.2128368Z Project FPS: 145 (6.89 mspf)
GUT GDScript suite under Godot 4.3 headless (blocking)	Run GUT unit suite (canonical close-out invocation)	2026-09-07T13:10:31.2133104Z Project FPS: 145 (6.89 mspf)
GUT GDScript suite under Godot 4.3 headless (blocking)	Run GUT unit suite (canonical close-out invocation)	2026-09-07T13:10:32.2138424Z Project FPS: 145 (6.89 mspf)
GUT GDScript suite under Godot 4.3 headless (blocking)	Run GUT unit suite (canonical close-out invocation)	2026-09-07T13:10:33.2143483Z Project FPS: 145 (6.89 mspf)
GUT GDScript suite under Godot 4.3 headless (blocking)	Run GUT unit suite (canonical close-out invocation)	2026-09-07T13:10:34.2148981Z Project FPS: 145 (6.89 mspf)
GUT GDScript suite under Godot 4.3 headless (blocking)	Run GUT unit suite (canonical close-out invocation)	2026-09-07T13:10:35.2153912Z Project FPS: 145 (6.89 mspf)
GUT GDScript suite under Godot 4.3 headless (blocking)	Run GUT unit suite (canonical close-out invocation)	2026-09-07T13:10:36.2091609Z Project FPS: 144 (6.94 mspf)
GUT GDScript suite under Godot 4.3 headless (blocking)	Run GUT unit suite (canonical close-out invocation)	2026-09-07T13:10:37.2095814Z Project FPS: 145 (6.89 mspf)
GUT GDScript suite under Godot 4.3 headless (blocking)	Run GUT unit suite (canonical close-out invocation)	2026-09-07T13:10:38.2101529Z Project FPS: 145 (6.89 mspf)
GUT GDScript suite under Godot 4.3 headless (blocking)	Run GUT unit suite (canonical close-out invocation)	2026-09-07T13:10:39.2105903Z Project FPS: 145 (6.89 mspf)
GUT GDScript suite under Godot 4.3 headless (blocking)	Run GUT unit suite (canonical close-out invocation)	2026-09-07T13:10:40.2111047Z Project FPS: 145 (6.89 mspf)
GUT GDScript suite under Godot 4.3 headless (blocking)	Run GUT unit suite (canonical close-out invocation)	2026-09-07T13:10:41.2116172Z Project FPS: 145 (6.89 mspf)
GUT GDScript suite under Godot 4.3 headless (blocking)	Run GUT unit suite (canonical close-out invocation)	2026-09-07T13:10:42.2121791Z Project FPS: 145 (6.89 mspf)
GUT GDScript suite under Godot 4.3 headless (blocking)	Run GUT unit suite (canonical close-out invocation)	2026-09-07T13:10:43.2126953Z Project FPS: 145 (6.89 mspf)
GUT GDScript suite under Godot 4.3 headless (blocking)	Run GUT unit suite (canonical close-out invocation)	2026-09-07T13:10:44.2131880Z Project FPS: 145 (6.89 mspf)
GUT GDScript suite under Godot 4.3 headless (blocking)	Run GUT unit suite (canonical close-out invocation)	2026-09-07T13:10:45.2137347Z Project FPS: 145 (6.89 mspf)
GUT GDScript suite under Godot 4.3 headless (blocking)	Run GUT unit suite (canonical close-out invocation)	2026-09-07T13:10:46.2142422Z Project FPS: 145 (6.89 mspf)
GUT GDScript suite under Godot 4.3 headless (blocking)	Run GUT unit suite (canonical close-out invocation)	2026-09-07T13:10:47.2146799Z Project FPS: 145 (6.89 mspf)
GUT GDScript suite under Godot 4.3 headless (blocking)	Run GUT unit suite (canonical close-out invocation)	2026-09-07T13:10:48.2152858Z Project FPS: 145 (6.89 mspf)
GUT GDScript suite under Godot 4.3 headless (blocking)	Run GUT unit suite (canonical close-out invocation)	2026-09-07T13:10:49.2158029Z Project FPS: 145 (6.89 mspf)
GUT GDScript suite under Godot 4.3 headless (blocking)	Run GUT unit suite (canonical close-out invocation)	2026-09-07T13:10:50.2094015Z Project FPS: 144 (6.94 mspf)
GUT GDScript suite under Godot 4.3 headless (blocking)	Run GUT unit suite (canonical close-out invocation)	2026-09-07T13:10:51.2099202Z Project FPS: 145 (6.89 mspf)
GUT GDScript suite under Godot 4.3 headless (blocking)	Run GUT unit suite (canonical close-out invocation)	2026-09-07T13:10:52.2104742Z Project FPS: 145 (6.89 mspf)
GUT GDScript suite under Godot 4.3 headless (blocking)	Run GUT unit suite (canonical close-out invocation)	2026-09-07T13:10:53.2109736Z Project FPS: 145 (6.89 mspf)
GUT GDScript suite under Godot 4.3 headless (blocking)	Run GUT unit suite (canonical close-out invocation)	2026-09-07T13:10:54.2115322Z Project FPS: 145 (6.89 mspf)
GUT GDScript suite under Godot 4.3 headless (blocking)	Run GUT unit suite (canonical close-out invocation)	2026-09-07T13:10:55.2120365Z Project FPS: 145 (6.89 mspf)
GUT GDScript suite under Godot 4.3 headless (blocking)	Run GUT unit suite (canonical close-out invocation)	2026-09-07T13:10:56.2125774Z Project FPS: 145 (6.89 mspf)
GUT GDScript suite under Godot 4.3 headless (blocking)	Run GUT unit suite (canonical close-out invocation)	2026-09-07T13:10:57.2130540Z Project FPS: 145 (6.89 mspf)
GUT GDScript suite under Godot 4.3 headless (blocking)	Run GUT unit suite (canonical close-out invocation)	2026-09-07T13:10:58.2135674Z Project FPS: 145 (6.89 mspf)
GUT GDScript suite under Godot 4.3 headless (blocking)	Run GUT unit suite (canonical close-out invocation)	2026-09-07T13:10:59.2140591Z Project FPS: 145 (6.89 mspf)
GUT GDScript suite under Godot 4.3 headless (blocking)	Run GUT unit suite (canonical close-out invocation)	2026-09-07T13:11:00.2146241Z Project FPS: 145 (6.89 mspf)
GUT GDScript suite under Godot 4.3 headless (blocking)	Run GUT unit suite (canonical close-out invocation)	2026-09-07T13:11:01.2151018Z Project FPS: 145 (6.89 mspf)
GUT GDScript suite under Godot 4.3 headless (blocking)	Run GUT unit suite (canonical close-out invocation)	2026-09-07T13:11:02.2156784Z Project FPS: 145 (6.89 mspf)
GUT GDScript suite under Godot 4.3 headless (blocking)	Run GUT unit suite (canonical close-out invocation)	2026-09-07T13:11:03.2161881Z Project FPS: 145 (6.89 mspf)
GUT GDScript suite under Godot 4.3 headless (blocking)	Run GUT unit suite (canonical close-out invocation)	2026-09-07T13:11:04.2098579Z Project FPS: 144 (6.94 mspf)
GUT GDScript suite under Godot 4.3 headless (blocking)	Run GUT unit suite (canonical close-out invocation)	2026-09-07T13:11:05.2103131Z Project FPS: 145 (6.89 mspf)
GUT GDScript suite under Godot 4.3 headless (blocking)	Run GUT unit suite (canonical close-out invocation)	2026-09-07T13:11:06.2108122Z Project FPS: 145 (6.89 mspf)
GUT GDScript suite under Godot 4.3 headless (blocking)	Run GUT unit suite (canonical close-out invocation)	2026-09-07T13:11:07.2113805Z Project FPS: 145 (6.89 mspf)
GUT GDScript suite under Godot 4.3 headless (blocking)	Run GUT unit suite (canonical close-out invocation)	2026-09-07T13:11:08.2119345Z Project FPS: 145 (6.89 mspf)
GUT GDScript suite under Godot 4.3 headless (blocking)	Run GUT unit suite (canonical close-out invocation)	2026-09-07T13:11:09.2124363Z Project FPS: 145 (6.89 mspf)
GUT GDScript suite under Godot 4.3 headless (blocking)	Run GUT unit suite (canonical close-out invocation)	2026-09-07T13:11:10.2129761Z Project FPS: 145 (6.89 mspf)
GUT GDScript suite under Godot 4.3 headless (blocking)	Run GUT unit suite (canonical close-out invocation)	2026-09-07T13:11:11.2134808Z Project FPS: 145 (6.89 mspf)
GUT GDScript suite under Godot 4.3 headless (blocking)	Run GUT unit suite (canonical close-out invocation)	2026-09-07T13:11:12.2139757Z Project FPS: 145 (6.89 mspf)
GUT GDScript suite under Godot 4.3 headless (blocking)	Run GUT unit suite (canonical close-out invocation)	2026-09-07T13:11:13.2145089Z Project FPS: 145 (6.89 mspf)
GUT GDScript suite under Godot 4.3 headless (blocking)	Run GUT unit suite (canonical close-out invocation)	2026-09-07T13:11:14.2150192Z Project FPS: 145 (6.89 mspf)
GUT GDScript suite under Godot 4.3 headless (blocking)	Run GUT unit suite (canonical close-out invocation)	2026-09-07T13:11:15.2155390Z Project FPS: 145 (6.89 mspf)
GUT GDScript suite under Godot 4.3 headless (blocking)	Run GUT unit suite (canonical close-out invocation)	2026-09-07T13:11:16.2160785Z Project FPS: 145 (6.89 mspf)
GUT GDScript suite under Godot 4.3 headless (blocking)	Run GUT unit suite (canonical close-out invocation)	2026-09-07T13:11:17.2165722Z Project FPS: 145 (6.89 mspf)
GUT GDScript suite under Godot 4.3 headless (blocking)	Run GUT unit suite (canonical close-out invocation)	2026-09-07T13:11:18.2102116Z Project FPS: 144 (6.94 mspf)
GUT GDScript suite under Godot 4.3 headless (blocking)	Run GUT unit suite (canonical close-out invocation)	2026-09-07T13:11:19.2107155Z Project FPS: 145 (6.89 mspf)
GUT GDScript suite under Godot 4.3 headless (blocking)	Run GUT unit suite (canonical close-out invocation)	2026-09-07T13:11:20.2112871Z Project FPS: 145 (6.89 mspf)
GUT GDScript suite under Godot 4.3 headless (blocking)	Run GUT unit suite (canonical close-out invocation)	2026-09-07T13:11:21.2117626Z Project FPS: 145 (6.89 mspf)
GUT GDScript suite under Godot 4.3 headless (blocking)	Run GUT unit suite (canonical close-out invocation)	2026-09-07T13:11:22.2123053Z Project FPS: 145 (6.89 mspf)
GUT GDScript suite under Godot 4.3 headless (blocking)	Run GUT unit suite (canonical close-out invocation)	2026-09-07T13:11:23.2128674Z Project FPS: 145 (6.89 mspf)
GUT GDScript suite under Godot 4.3 headless (blocking)	Run GUT unit suite (canonical close-out invocation)	2026-09-07T13:11:24.2133628Z Project FPS: 145 (6.89 mspf)
GUT GDScript suite under Godot 4.3 headless (blocking)	Run GUT unit suite (canonical close-out invocation)	2026-09-07T13:11:25.2139021Z Project FPS: 145 (6.89 mspf)
GUT GDScript suite under Godot 4.3 headless (blocking)	Run GUT unit suite (canonical close-out invocation)	2026-09-07T13:11:26.2144075Z Project FPS: 145 (6.89 mspf)
GUT GDScript suite under Godot 4.3 headless (blocking)	Run GUT unit suite (canonical close-out invocation)	2026-09-07T13:11:27.2149189Z Project FPS: 145 (6.89 mspf)
GUT GDScript suite under Godot 4.3 headless (blocking)	Run GUT unit suite (canonical close-out invocation)	2026-09-07T13:11:28.2154534Z Project FPS: 145 (6.89 mspf)
GUT GDScript suite under Godot 4.3 headless (blocking)	Run GUT unit suite (canonical close-out invocation)	2026-09-07T13:11:29.2159547Z Project FPS: 145 (6.89 mspf)
GUT GDScript suite under Godot 4.3 headless (blocking)	Run GUT unit suite (canonical close-out invocation)	2026-09-07T13:11:30.2164875Z Project FPS: 145 (6.89 mspf)
GUT GDScript suite under Godot 4.3 headless (blocking)	Run GUT unit suite (canonical close-out invocation)	2026-09-07T13:11:31.2101150Z Project FPS: 144 (6.94 mspf)
GUT GDScript suite under Godot 4.3 headless (blocking)	Run GUT unit suite (canonical close-out invocation)	2026-09-07T13:11:32.2106361Z Project FPS: 145 (6.89 mspf)
GUT GDScript suite under Godot 4.3 headless (blocking)	Run GUT unit suite (canonical close-out invocation)	2026-09-07T13:11:33.2111948Z Project FPS: 145 (6.89 mspf)
GUT GDScript suite under Godot 4.3 headless (blocking)	Run GUT unit suite (canonical close-out invocation)	2026-09-07T13:11:34.2116558Z Project FPS: 145 (6.89 mspf)
GUT GDScript suite under Godot 4.3 headless (blocking)	Run GUT unit suite (canonical close-out invocation)	2026-09-07T13:11:35.2122399Z Project FPS: 145 (6.89 mspf)
GUT GDScript suite under Godot 4.3 headless (blocking)	Run GUT unit suite (canonical close-out invocation)	2026-09-07T13:11:36.2127304Z Project FPS: 145 (6.89 mspf)
GUT GDScript suite under Godot 4.3 headless (blocking)	Run GUT unit suite (canonical close-out invocation)	2026-09-07T13:11:37.2132442Z Project FPS: 145 (6.89 mspf)
GUT GDScript suite under Godot 4.3 headless (blocking)	Run GUT unit suite (canonical close-out invocation)	2026-09-07T13:11:38.2137411Z Project FPS: 145 (6.89 mspf)
GUT GDScript suite under Godot 4.3 headless (blocking)	Run GUT unit suite (canonical close-out invocation)	2026-09-07T13:11:39.2142855Z Project FPS: 145 (6.89 mspf)
GUT GDScript suite under Godot 4.3 headless (blocking)	Run GUT unit suite (canonical close-out invocation)	2026-09-07T13:11:40.2148019Z Project FPS: 145 (6.89 mspf)
GUT GDScript suite under Godot 4.3 headless (blocking)	Run GUT unit suite (canonical close-out invocation)	2026-09-07T13:11:41.2153043Z Project FPS: 145 (6.89 mspf)
GUT GDScript suite under Godot 4.3 headless (blocking)	Run GUT unit suite (canonical close-out invocation)	2026-09-07T13:11:42.2158070Z Project FPS: 145 (6.89 mspf)
GUT GDScript suite under Godot 4.3 headless (blocking)	Run GUT unit suite (canonical close-out invocation)	2026-09-07T13:11:43.2163580Z Project FPS: 145 (6.89 mspf)
GUT GDScript suite under Godot 4.3 headless (blocking)	Run GUT unit suite (canonical close-out invocation)	2026-09-07T13:11:44.2168648Z Project FPS: 145 (6.89 mspf)
GUT GDScript suite under Godot 4.3 headless (blocking)	Run GUT unit suite (canonical close-out invocation)	2026-09-07T13:11:45.2104587Z Project FPS: 144 (6.94 mspf)
GUT GDScript suite under Godot 4.3 headless (blocking)	Run GUT unit suite (canonical close-out invocation)	2026-09-07T13:11:46.2110012Z Project FPS: 145 (6.89 mspf)
GUT GDScript suite under Godot 4.3 headless (blocking)	Run GUT unit suite (canonical close-out invocation)	2026-09-07T13:11:47.2115004Z Project FPS: 145 (6.89 mspf)
GUT GDScript suite under Godot 4.3 headless (blocking)	Run GUT unit suite (canonical close-out invocation)	2026-09-07T13:11:48.2120484Z Project FPS: 145 (6.89 mspf)
GUT GDScript suite under Godot 4.3 headless (blocking)	Run GUT unit suite (canonical close-out invocation)	2026-09-07T13:11:49.2125669Z Project FPS: 145 (6.89 mspf)
GUT GDScript suite under Godot 4.3 headless (blocking)	Run GUT unit suite (canonical close-out invocation)	2026-09-07T13:11:50.2130818Z Project FPS: 145 (6.89 mspf)
GUT GDScript suite under Godot 4.3 headless (blocking)	Run GUT unit suite (canonical close-out invocation)	2026-09-07T13:11:51.2136293Z Project FPS: 145 (6.89 mspf)
GUT GDScript suite under Godot 4.3 headless (blocking)	Run GUT unit suite (canonical close-out invocation)	2026-09-07T13:11:52.2141702Z Project FPS: 145 (6.89 mspf)
GUT GDScript suite under Godot 4.3 headless (blocking)	Run GUT unit suite (canonical close-out invocation)	2026-09-07T13:11:53.2146677Z Project FPS: 145 (6.89 mspf)
GUT GDScript suite under Godot 4.3 headless (blocking)	Run GUT unit suite (canonical close-out invocation)	2026-09-07T13:11:54.2152044Z Project FPS: 145 (6.89 mspf)
GUT GDScript suite under Godot 4.3 headless (blocking)	Run GUT unit suite (canonical close-out invocation)	2026-09-07T13:11:55.2157155Z Project FPS: 145 (6.89 mspf)
GUT GDScript suite under Godot 4.3 headless (blocking)	Run GUT unit suite (canonical close-out invocation)	2026-09-07T13:11:56.2162514Z Project FPS: 145 (6.89 mspf)
GUT GDScript suite under Godot 4.3 headless (blocking)	Run GUT unit suite (canonical close-out invocation)	2026-09-07T13:11:57.2167370Z Project FPS: 145 (6.89 mspf)
GUT GDScript suite under Godot 4.3 headless (blocking)	Run GUT unit suite (canonical close-out invocation)	2026-09-07T13:11:58.2172533Z Project FPS: 145 (6.89 mspf)
GUT GDScript suite under Godot 4.3 headless (blocking)	Run GUT unit suite (canonical close-out invocation)	2026-09-07T13:11:59.2108915Z Project FPS: 144 (6.94 mspf)
GUT GDScript suite under Godot 4.3 headless (blocking)	Run GUT unit suite (canonical close-out invocation)	2026-09-07T13:12:00.2113773Z Project FPS: 145 (6.89 mspf)
GUT GDScript suite under Godot 4.3 headless (blocking)	Run GUT unit suite (canonical close-out invocation)	2026-09-07T13:12:01.2119001Z Project FPS: 145 (6.89 mspf)
GUT GDScript suite under Godot 4.3 headless (blocking)	Run GUT unit suite (canonical close-out invocation)	2026-09-07T13:12:02.2124286Z Project FPS: 145 (6.89 mspf)
GUT GDScript suite under Godot 4.3 headless (blocking)	Run GUT unit suite (canonical close-out invocation)	2026-09-07T13:12:03.2129510Z Project FPS: 145 (6.89 mspf)
GUT GDScript suite under Godot 4.3 headless (blocking)	Run GUT unit suite (canonical close-out invocation)	2026-09-07T13:12:04.2134606Z Project FPS: 145 (6.89 mspf)
GUT GDScript suite under Godot 4.3 headless (blocking)	Run GUT unit suite (canonical close-out invocation)	2026-09-07T13:12:05.2139842Z Project FPS: 145 (6.89 mspf)
GUT GDScript suite under Godot 4.3 headless (blocking)	Run GUT unit suite (canonical close-out invocation)	2026-09-07T13:12:06.2144880Z Project FPS: 145 (6.89 mspf)
GUT GDScript suite under Godot 4.3 headless (blocking)	Run GUT unit suite (canonical close-out invocation)	2026-09-07T13:12:07.2150069Z Project FPS: 145 (6.89 mspf)
GUT GDScript suite under Godot 4.3 headless (blocking)	Run GUT unit suite (canonical close-out invocation)	2026-09-07T13:12:08.2155754Z Project FPS: 145 (6.89 mspf)
GUT GDScript suite under Godot 4.3 headless (blocking)	Run GUT unit suite (canonical close-out invocation)	2026-09-07T13:12:09.2160756Z Project FPS: 145 (6.89 mspf)
GUT GDScript suite under Godot 4.3 headless (blocking)	Run GUT unit suite (canonical close-out invocation)	2026-09-07T13:12:10.2166043Z Project FPS: 145 (6.89 mspf)
GUT GDScript suite under Godot 4.3 headless (blocking)	Run GUT unit suite (canonical close-out invocation)	2026-09-07T13:12:11.2171183Z Project FPS: 145 (6.89 mspf)
GUT GDScript suite under Godot 4.3 headless (blocking)	Run GUT unit suite (canonical close-out invocation)	2026-09-07T13:12:12.2176567Z Project FPS: 145 (6.89 mspf)
GUT GDScript suite under Godot 4.3 headless (blocking)	Run GUT unit suite (canonical close-out invocation)	2026-09-07T13:12:13.2112703Z Project FPS: 144 (6.94 mspf)
GUT GDScript suite under Godot 4.3 headless (blocking)	Run GUT unit suite (canonical close-out invocation)	2026-09-07T13:12:14.2117790Z Project FPS: 145 (6.89 mspf)
GUT GDScript suite under Godot 4.3 headless (blocking)	Run GUT unit suite (canonical close-out invocation)	2026-09-07T13:12:15.2123030Z Project FPS: 145 (6.89 mspf)
GUT GDScript suite under Godot 4.3 headless (blocking)	Run GUT unit suite (canonical close-out invocation)	2026-09-07T13:12:16.2128475Z Project FPS: 145 (6.89 mspf)
GUT GDScript suite under Godot 4.3 headless (blocking)	Run GUT unit suite (canonical close-out invocation)	2026-09-07T13:12:17.2133205Z Project FPS: 145 (6.89 mspf)
GUT GDScript suite under Godot 4.3 headless (blocking)	Run GUT unit suite (canonical close-out invocation)	2026-09-07T13:12:18.2138478Z Project FPS: 145 (6.89 mspf)
GUT GDScript suite under Godot 4.3 headless (blocking)	Run GUT unit suite (canonical close-out invocation)	2026-09-07T13:12:19.2143786Z Project FPS: 145 (6.89 mspf)
GUT GDScript suite under Godot 4.3 headless (blocking)	Run GUT unit suite (canonical close-out invocation)	2026-09-07T13:12:20.2148847Z Project FPS: 145 (6.89 mspf)
GUT GDScript suite under Godot 4.3 headless (blocking)	Run GUT unit suite (canonical close-out invocation)	2026-09-07T13:12:21.2154219Z Project FPS: 145 (6.89 mspf)
GUT GDScript suite under Godot 4.3 headless (blocking)	Run GUT unit suite (canonical close-out invocation)	2026-09-07T13:12:22.2159542Z Project FPS: 145 (6.89 mspf)
GUT GDScript suite under Godot 4.3 headless (blocking)	Run GUT unit suite (canonical close-out invocation)	2026-09-07T13:12:23.2164396Z Project FPS: 145 (6.89 mspf)
GUT GDScript suite under Godot 4.3 headless (blocking)	Run GUT unit suite (canonical close-out invocation)	2026-09-07T13:12:24.2169970Z Project FPS: 145 (6.89 mspf)
GUT GDScript suite under Godot 4.3 headless (blocking)	Run GUT unit suite (canonical close-out invocation)	2026-09-07T13:12:25.2175704Z Project FPS: 145 (6.89 mspf)
GUT GDScript suite under Godot 4.3 headless (blocking)	Run GUT unit suite (canonical close-out invocation)	2026-09-07T13:12:26.2180100Z Project FPS: 145 (6.89 mspf)
GUT GDScript suite under Godot 4.3 headless (blocking)	Run GUT unit suite (canonical close-out invocation)	2026-09-07T13:12:27.2116104Z Project FPS: 144 (6.94 mspf)
GUT GDScript suite under Godot 4.3 headless (blocking)	Run GUT unit suite (canonical close-out invocation)	2026-09-07T13:12:28.2122075Z Project FPS: 145 (6.89 mspf)
GUT GDScript suite under Godot 4.3 headless (blocking)	Run GUT unit suite (canonical close-out invocation)	2026-09-07T13:12:29.2127020Z Project FPS: 145 (6.89 mspf)
GUT GDScript suite under Godot 4.3 headless (blocking)	Run GUT unit suite (canonical close-out invocation)	2026-09-07T13:12:30.2132481Z Project FPS: 145 (6.89 mspf)
GUT GDScript suite under Godot 4.3 headless (blocking)	Run GUT unit suite (canonical close-out invocation)	2026-09-07T13:12:31.2137392Z Project FPS: 145 (6.89 mspf)
GUT GDScript suite under Godot 4.3 headless (blocking)	Run GUT unit suite (canonical close-out invocation)	2026-09-07T13:12:32.2142866Z Project FPS: 145 (6.89 mspf)
GUT GDScript suite under Godot 4.3 headless (blocking)	Run GUT unit suite (canonical close-out invocation)	2026-09-07T13:12:33.2148077Z Project FPS: 145 (6.89 mspf)
GUT GDScript suite under Godot 4.3 headless (blocking)	Run GUT unit suite (canonical close-out invocation)	2026-09-07T13:12:34.2152849Z Project FPS: 145 (6.89 mspf)
GUT GDScript suite under Godot 4.3 headless (blocking)	Run GUT unit suite (canonical close-out invocation)	2026-09-07T13:12:35.2158363Z Project FPS: 145 (6.89 mspf)
GUT GDScript suite under Godot 4.3 headless (blocking)	Run GUT unit suite (canonical close-out invocation)	2026-09-07T13:12:36.2163101Z Project FPS: 145 (6.89 mspf)
GUT GDScript suite under Godot 4.3 headless (blocking)	Run GUT unit suite (canonical close-out invocation)	2026-09-07T13:12:37.2168183Z Project FPS: 145 (6.89 mspf)
GUT GDScript suite under Godot 4.3 headless (blocking)	Run GUT unit suite (canonical close-out invocation)	2026-09-07T13:12:38.2173973Z Project FPS: 145 (6.89 mspf)
GUT GDScript suite under Godot 4.3 headless (blocking)	Run GUT unit suite (canonical close-out invocation)	2026-09-07T13:12:39.2179237Z Project FPS: 145 (6.89 mspf)
GUT GDScript suite under Godot 4.3 headless (blocking)	Run GUT unit suite (canonical close-out invocation)	2026-09-07T13:12:40.2114986Z Project FPS: 144 (6.94 mspf)
GUT GDScript suite under Godot 4.3 headless (blocking)	Run GUT unit suite (canonical close-out invocation)	2026-09-07T13:12:41.2120585Z Project FPS: 145 (6.89 mspf)
GUT GDScript suite under Godot 4.3 headless (blocking)	Run GUT unit suite (canonical close-out invocation)	2026-09-07T13:12:42.2125540Z Project FPS: 145 (6.89 mspf)
GUT GDScript suite under Godot 4.3 headless (blocking)	Run GUT unit suite (canonical close-out invocation)	2026-09-07T13:12:43.2130848Z Project FPS: 145 (6.89 mspf)
GUT GDScript suite under Godot 4.3 headless (blocking)	Run GUT unit suite (canonical close-out invocation)	2026-09-07T13:12:44.2136357Z Project FPS: 145 (6.89 mspf)
GUT GDScript suite under Godot 4.3 headless (blocking)	Run GUT unit suite (canonical close-out invocation)	2026-09-07T13:12:45.2141293Z Project FPS: 145 (6.89 mspf)
GUT GDScript suite under Godot 4.3 headless (blocking)	Run GUT unit suite (canonical close-out invocation)	2026-09-07T13:12:46.2146468Z Project FPS: 145 (6.89 mspf)
GUT GDScript suite under Godot 4.3 headless (blocking)	Run GUT unit suite (canonical close-out invocation)	2026-09-07T13:12:47.2151848Z Project FPS: 145 (6.89 mspf)
GUT GDScript suite under Godot 4.3 headless (blocking)	Run GUT unit suite (canonical close-out invocation)	2026-09-07T13:12:48.2157077Z Project FPS: 145 (6.89 mspf)
GUT GDScript suite under Godot 4.3 headless (blocking)	Run GUT unit suite (canonical close-out invocation)	2026-09-07T13:12:49.2162441Z Project FPS: 145 (6.89 mspf)
GUT GDScript suite under Godot 4.3 headless (blocking)	Run GUT unit suite (canonical close-out invocation)	2026-09-07T13:12:50.2167477Z Project FPS: 145 (6.89 mspf)
GUT GDScript suite under Godot 4.3 headless (blocking)	Run GUT unit suite (canonical close-out invocation)	2026-09-07T13:12:51.2172765Z Project FPS: 145 (6.89 mspf)
GUT GDScript suite under Godot 4.3 headless (blocking)	Run GUT unit suite (canonical close-out invocation)	2026-09-07T13:12:52.2178144Z Project FPS: 145 (6.89 mspf)
GUT GDScript suite under Godot 4.3 headless (blocking)	Run GUT unit suite (canonical close-out invocation)	2026-09-07T13:12:53.2183554Z Project FPS: 145 (6.89 mspf)
GUT GDScript suite under Godot 4.3 headless (blocking)	Run GUT unit suite (canonical close-out invocation)	2026-09-07T13:12:54.2119424Z Project FPS: 144 (6.94 mspf)
GUT GDScript suite under Godot 4.3 headless (blocking)	Run GUT unit suite (canonical close-out invocation)	2026-09-07T13:12:55.2124775Z Project FPS: 145 (6.89 mspf)
GUT GDScript suite under Godot 4.3 headless (blocking)	Run GUT unit suite (canonical close-out invocation)	2026-09-07T13:12:56.2129912Z Project FPS: 145 (6.89 mspf)
GUT GDScript suite under Godot 4.3 headless (blocking)	Run GUT unit suite (canonical close-out invocation)	2026-09-07T13:12:57.2135163Z Project FPS: 145 (6.89 mspf)
GUT GDScript suite under Godot 4.3 headless (blocking)	Run GUT unit suite (canonical close-out invocation)	2026-09-07T13:12:58.2140286Z Project FPS: 145 (6.89 mspf)
GUT GDScript suite under Godot 4.3 headless (blocking)	Run GUT unit suite (canonical close-out invocation)	2026-09-07T13:12:59.2145334Z Project FPS: 145 (6.89 mspf)
GUT GDScript suite under Godot 4.3 headless (blocking)	Run GUT unit suite (canonical close-out invocation)	2026-09-07T13:13:00.2150339Z Project FPS: 145 (6.89 mspf)
GUT GDScript suite under Godot 4.3 headless (blocking)	Run GUT unit suite (canonical close-out invocation)	2026-09-07T13:13:01.2155973Z Project FPS: 145 (6.89 mspf)
GUT GDScript suite under Godot 4.3 headless (blocking)	Run GUT unit suite (canonical close-out invocation)	2026-09-07T13:13:02.2160700Z Project FPS: 145 (6.89 mspf)
GUT GDScript suite under Godot 4.3 headless (blocking)	Run GUT unit suite (canonical close-out invocation)	2026-09-07T13:13:03.2166259Z Project FPS: 145 (6.89 mspf)
GUT GDScript suite under Godot 4.3 headless (blocking)	Run GUT unit suite (canonical close-out invocation)	2026-09-07T13:13:04.2171236Z Project FPS: 145 (6.89 mspf)
GUT GDScript suite under Godot 4.3 headless (blocking)	Run GUT unit suite (canonical close-out invocation)	2026-09-07T13:13:05.2176444Z Project FPS: 145 (6.89 mspf)
GUT GDScript suite under Godot 4.3 headless (blocking)	Run GUT unit suite (canonical close-out invocation)	2026-09-07T13:13:06.2181577Z Project FPS: 145 (6.89 mspf)
GUT GDScript suite under Godot 4.3 headless (blocking)	Run GUT unit suite (canonical close-out invocation)	2026-09-07T13:13:07.2186892Z Project FPS: 145 (6.89 mspf)
GUT GDScript suite under Godot 4.3 headless (blocking)	Run GUT unit suite (canonical close-out invocation)	2026-09-07T13:13:08.2123523Z Project FPS: 144 (6.94 mspf)
GUT GDScript suite under Godot 4.3 headless (blocking)	Run GUT unit suite (canonical close-out invocation)	2026-09-07T13:13:09.2128587Z Project FPS: 145 (6.89 mspf)
GUT GDScript suite under Godot 4.3 headless (blocking)	Run GUT unit suite (canonical close-out invocation)	2026-09-07T13:13:10.2133886Z Project FPS: 145 (6.89 mspf)
GUT GDScript suite under Godot 4.3 headless (blocking)	Run GUT unit suite (canonical close-out invocation)	2026-09-07T13:13:11.2139096Z Project FPS: 145 (6.89 mspf)
GUT GDScript suite under Godot 4.3 headless (blocking)	Run GUT unit suite (canonical close-out invocation)	2026-09-07T13:13:12.2144572Z Project FPS: 145 (6.89 mspf)
GUT GDScript suite under Godot 4.3 headless (blocking)	Run GUT unit suite (canonical close-out invocation)	2026-09-07T13:13:13.2149154Z Project FPS: 145 (6.89 mspf)
GUT GDScript suite under Godot 4.3 headless (blocking)	Run GUT unit suite (canonical close-out invocation)	2026-09-07T13:13:14.2154436Z Project FPS: 145 (6.89 mspf)
GUT GDScript suite under Godot 4.3 headless (blocking)	Run GUT unit suite (canonical close-out invocation)	2026-09-07T13:13:15.2159604Z Project FPS: 145 (6.89 mspf)
GUT GDScript suite under Godot 4.3 headless (blocking)	Run GUT unit suite (canonical close-out invocation)	2026-09-07T13:13:16.2165024Z Project FPS: 145 (6.89 mspf)
GUT GDScript suite under Godot 4.3 headless (blocking)	Run GUT unit suite (canonical close-out invocation)	2026-09-07T13:13:17.2170116Z Project FPS: 145 (6.89 mspf)
GUT GDScript suite under Godot 4.3 headless (blocking)	Run GUT unit suite (canonical close-out invocation)	2026-09-07T13:13:18.2175358Z Project FPS: 145 (6.89 mspf)
GUT GDScript suite under Godot 4.3 headless (blocking)	Run GUT unit suite (canonical close-out invocation)	2026-09-07T13:13:19.2180568Z Project FPS: 145 (6.89 mspf)
GUT GDScript suite under Godot 4.3 headless (blocking)	Run GUT unit suite (canonical close-out invocation)	2026-09-07T13:13:20.2185431Z Project FPS: 145 (6.89 mspf)
GUT GDScript suite under Godot 4.3 headless (blocking)	Run GUT unit suite (canonical close-out invocation)	2026-09-07T13:13:21.2190868Z Project FPS: 145 (6.89 mspf)
GUT GDScript suite under Godot 4.3 headless (blocking)	Run GUT unit suite (canonical close-out invocation)	2026-09-07T13:13:22.2127237Z Project FPS: 144 (6.94 mspf)
GUT GDScript suite under Godot 4.3 headless (blocking)	Run GUT unit suite (canonical close-out invocation)	2026-09-07T13:13:23.2132469Z Project FPS: 145 (6.89 mspf)
GUT GDScript suite under Godot 4.3 headless (blocking)	Run GUT unit suite (canonical close-out invocation)	2026-09-07T13:13:24.2137664Z Project FPS: 145 (6.89 mspf)
GUT GDScript suite under Godot 4.3 headless (blocking)	Run GUT unit suite (canonical close-out invocation)	2026-09-07T13:13:25.2142958Z Project FPS: 145 (6.89 mspf)
GUT GDScript suite under Godot 4.3 headless (blocking)	Run GUT unit suite (canonical close-out invocation)	2026-09-07T13:13:26.2148033Z Project FPS: 145 (6.89 mspf)
GUT GDScript suite under Godot 4.3 headless (blocking)	Run GUT unit suite (canonical close-out invocation)	2026-09-07T13:13:27.2152973Z Project FPS: 145 (6.89 mspf)
GUT GDScript suite under Godot 4.3 headless (blocking)	Run GUT unit suite (canonical close-out invocation)	2026-09-07T13:13:28.2158509Z Project FPS: 145 (6.89 mspf)
GUT GDScript suite under Godot 4.3 headless (blocking)	Run GUT unit suite (canonical close-out invocation)	2026-09-07T13:13:29.2163823Z Project FPS: 145 (6.89 mspf)
GUT GDScript suite under Godot 4.3 headless (blocking)	Run GUT unit suite (canonical close-out invocation)	2026-09-07T13:13:30.2168884Z Project FPS: 145 (6.89 mspf)
GUT GDScript suite under Godot 4.3 headless (blocking)	Run GUT unit suite (canonical close-out invocation)	2026-09-07T13:13:31.2173723Z Project FPS: 145 (6.89 mspf)
GUT GDScript suite under Godot 4.3 headless (blocking)	Run GUT unit suite (canonical close-out invocation)	2026-09-07T13:13:32.2179086Z Project FPS: 145 (6.89 mspf)
GUT GDScript suite under Godot 4.3 headless (blocking)	Run GUT unit suite (canonical close-out invocation)	2026-09-07T13:13:33.2184522Z Project FPS: 145 (6.89 mspf)
GUT GDScript suite under Godot 4.3 headless (blocking)	Run GUT unit suite (canonical close-out invocation)	2026-09-07T13:13:34.2189484Z Project FPS: 145 (6.89 mspf)
GUT GDScript suite under Godot 4.3 headless (blocking)	Run GUT unit suite (canonical close-out invocation)	2026-09-07T13:13:35.2194678Z Project FPS: 145 (6.89 mspf)
GUT GDScript suite under Godot 4.3 headless (blocking)	Run GUT unit suite (canonical close-out invocation)	2026-09-07T13:13:36.2131553Z Project FPS: 144 (6.94 mspf)
GUT GDScript suite under Godot 4.3 headless (blocking)	Run GUT unit suite (canonical close-out invocation)	2026-09-07T13:13:37.2136321Z Project FPS: 145 (6.89 mspf)
GUT GDScript suite under Godot 4.3 headless (blocking)	Run GUT unit suite (canonical close-out invocation)	2026-09-07T13:13:38.2142008Z Project FPS: 145 (6.89 mspf)
GUT GDScript suite under Godot 4.3 headless (blocking)	Run GUT unit suite (canonical close-out invocation)	2026-09-07T13:13:39.2147002Z Project FPS: 145 (6.89 mspf)
GUT GDScript suite under Godot 4.3 headless (blocking)	Run GUT unit suite (canonical close-out invocation)	2026-09-07T13:13:40.2152334Z Project FPS: 145 (6.89 mspf)
GUT GDScript suite under Godot 4.3 headless (blocking)	Run GUT unit suite (canonical close-out invocation)	2026-09-07T13:13:41.2156866Z Project FPS: 145 (6.89 mspf)
GUT GDScript suite under Godot 4.3 headless (blocking)	Run GUT unit suite (canonical close-out invocation)	2026-09-07T13:13:42.2162596Z Project FPS: 145 (6.89 mspf)
GUT GDScript suite under Godot 4.3 headless (blocking)	Run GUT unit suite (canonical close-out invocation)	2026-09-07T13:13:43.2167704Z Project FPS: 145 (6.89 mspf)
GUT GDScript suite under Godot 4.3 headless (blocking)	Run GUT unit suite (canonical close-out invocation)	2026-09-07T13:13:44.2172806Z Project FPS: 145 (6.89 mspf)
GUT GDScript suite under Godot 4.3 headless (blocking)	Run GUT unit suite (canonical close-out invocation)	2026-09-07T13:13:45.2178038Z Project FPS: 145 (6.89 mspf)
GUT GDScript suite under Godot 4.3 headless (blocking)	Run GUT unit suite (canonical close-out invocation)	2026-09-07T13:13:46.2183226Z Project FPS: 145 (6.89 mspf)
GUT GDScript suite under Godot 4.3 headless (blocking)	Run GUT unit suite (canonical close-out invocation)	2026-09-07T13:13:47.2188388Z Project FPS: 145 (6.89 mspf)
GUT GDScript suite under Godot 4.3 headless (blocking)	Run GUT unit suite (canonical close-out invocation)	2026-09-07T13:13:48.2193662Z Project FPS: 145 (6.89 mspf)
GUT GDScript suite under Godot 4.3 headless (blocking)	Run GUT unit suite (canonical close-out invocation)	2026-09-07T13:13:49.2129781Z Project FPS: 144 (6.94 mspf)
GUT GDScript suite under Godot 4.3 headless (blocking)	Run GUT unit suite (canonical close-out invocation)	2026-09-07T13:13:50.2134826Z Project FPS: 145 (6.89 mspf)
GUT GDScript suite under Godot 4.3 headless (blocking)	Run GUT unit suite (canonical close-out invocation)	2026-09-07T13:13:51.2140335Z Project FPS: 145 (6.89 mspf)
GUT GDScript suite under Godot 4.3 headless (blocking)	Run GUT unit suite (canonical close-out invocation)	2026-09-07T13:13:52.2145714Z Project FPS: 145 (6.89 mspf)
GUT GDScript suite under Godot 4.3 headless (blocking)	Run GUT unit suite (canonical close-out invocation)	2026-09-07T13:13:53.2150744Z Project FPS: 145 (6.89 mspf)
GUT GDScript suite under Godot 4.3 headless (blocking)	Run GUT unit suite (canonical close-out invocation)	2026-09-07T13:13:54.2156052Z Project FPS: 145 (6.89 mspf)
GUT GDScript suite under Godot 4.3 headless (blocking)	Run GUT unit suite (canonical close-out invocation)	2026-09-07T13:13:55.2161459Z Project FPS: 145 (6.89 mspf)
GUT GDScript suite under Godot 4.3 headless (blocking)	Run GUT unit suite (canonical close-out invocation)	2026-09-07T13:13:56.2166375Z Project FPS: 145 (6.89 mspf)
GUT GDScript suite under Godot 4.3 headless (blocking)	Run GUT unit suite (canonical close-out invocation)	2026-09-07T13:13:57.2171092Z Project FPS: 145 (6.89 mspf)
GUT GDScript suite under Godot 4.3 headless (blocking)	Run GUT unit suite (canonical close-out invocation)	2026-09-07T13:13:58.2176328Z Project FPS: 145 (6.89 mspf)
GUT GDScript suite under Godot 4.3 headless (blocking)	Run GUT unit suite (canonical close-out invocation)	2026-09-07T13:13:59.2181429Z Project FPS: 145 (6.89 mspf)
GUT GDScript suite under Godot 4.3 headless (blocking)	Run GUT unit suite (canonical close-out invocation)	2026-09-07T13:14:00.2186916Z Project FPS: 145 (6.89 mspf)
GUT GDScript suite under Godot 4.3 headless (blocking)	Run GUT unit suite (canonical close-out invocation)	2026-09-07T13:14:01.2191867Z Project FPS: 145 (6.89 mspf)
GUT GDScript suite under Godot 4.3 headless (blocking)	Run GUT unit suite (canonical close-out invocation)	2026-09-07T13:14:02.2197024Z Project FPS: 145 (6.89 mspf)
GUT GDScript suite under Godot 4.3 headless (blocking)	Run GUT unit suite (canonical close-out invocation)	2026-09-07T13:14:03.2133265Z Project FPS: 144 (6.94 mspf)
GUT GDScript suite under Godot 4.3 headless (blocking)	Run GUT unit suite (canonical close-out invocation)	2026-09-07T13:14:04.2138509Z Project FPS: 145 (6.89 mspf)
GUT GDScript suite under Godot 4.3 headless (blocking)	Run GUT unit suite (canonical close-out invocation)	2026-09-07T13:14:05.2144272Z Project FPS: 145 (6.89 mspf)
GUT GDScript suite under Godot 4.3 headless (blocking)	Run GUT unit suite (canonical close-out invocation)	2026-09-07T13:14:06.2149562Z Project FPS: 145 (6.89 mspf)
GUT GDScript suite under Godot 4.3 headless (blocking)	Run GUT unit suite (canonical close-out invocation)	2026-09-07T13:14:07.2154841Z Project FPS: 145 (6.89 mspf)
GUT GDScript suite under Godot 4.3 headless (blocking)	Run GUT unit suite (canonical close-out invocation)	2026-09-07T13:14:08.2160055Z Project FPS: 145 (6.89 mspf)
GUT GDScript suite under Godot 4.3 headless (blocking)	Run GUT unit suite (canonical close-out invocation)	2026-09-07T13:14:09.2164842Z Project FPS: 145 (6.89 mspf)
GUT GDScript suite under Godot 4.3 headless (blocking)	Run GUT unit suite (canonical close-out invocation)	2026-09-07T13:14:10.2170129Z Project FPS: 145 (6.89 mspf)
GUT GDScript suite under Godot 4.3 headless (blocking)	Run GUT unit suite (canonical close-out invocation)	2026-09-07T13:14:11.2175521Z Project FPS: 145 (6.89 mspf)
GUT GDScript suite under Godot 4.3 headless (blocking)	Run GUT unit suite (canonical close-out invocation)	2026-09-07T13:14:12.2180498Z Project FPS: 145 (6.89 mspf)
GUT GDScript suite under Godot 4.3 headless (blocking)	Run GUT unit suite (canonical close-out invocation)	2026-09-07T13:14:13.2185562Z Project FPS: 145 (6.89 mspf)
GUT GDScript suite under Godot 4.3 headless (blocking)	Run GUT unit suite (canonical close-out invocation)	2026-09-07T13:14:14.2191095Z Project FPS: 145 (6.89 mspf)
GUT GDScript suite under Godot 4.3 headless (blocking)	Run GUT unit suite (canonical close-out invocation)	2026-09-07T13:14:15.2196549Z Project FPS: 145 (6.89 mspf)
GUT GDScript suite under Godot 4.3 headless (blocking)	Run GUT unit suite (canonical close-out invocation)	2026-09-07T13:14:16.2201322Z Project FPS: 145 (6.89 mspf)
GUT GDScript suite under Godot 4.3 headless (blocking)	Run GUT unit suite (canonical close-out invocation)	2026-09-07T13:14:17.2137470Z Project FPS: 144 (6.94 mspf)
GUT GDScript suite under Godot 4.3 headless (blocking)	Run GUT unit suite (canonical close-out invocation)	2026-09-07T13:14:18.2142554Z Project FPS: 145 (6.89 mspf)
GUT GDScript suite under Godot 4.3 headless (blocking)	Run GUT unit suite (canonical close-out invocation)	2026-09-07T13:14:19.2147729Z Project FPS: 145 (6.89 mspf)
GUT GDScript suite under Godot 4.3 headless (blocking)	Run GUT unit suite (canonical close-out invocation)	2026-09-07T13:14:20.2152913Z Project FPS: 145 (6.89 mspf)
GUT GDScript suite under Godot 4.3 headless (blocking)	Run GUT unit suite (canonical close-out invocation)	2026-09-07T13:14:21.2157976Z Project FPS: 145 (6.89 mspf)
GUT GDScript suite under Godot 4.3 headless (blocking)	Run GUT unit suite (canonical close-out invocation)	2026-09-07T13:14:22.2163694Z Project FPS: 145 (6.89 mspf)
GUT GDScript suite under Godot 4.3 headless (blocking)	Run GUT unit suite (canonical close-out invocation)	2026-09-07T13:14:23.2168815Z Project FPS: 145 (6.89 mspf)
GUT GDScript suite under Godot 4.3 headless (blocking)	Run GUT unit suite (canonical close-out invocation)	2026-09-07T13:14:24.2173464Z Project FPS: 145 (6.89 mspf)
GUT GDScript suite under Godot 4.3 headless (blocking)	Run GUT unit suite (canonical close-out invocation)	2026-09-07T13:14:25.2178615Z Project FPS: 145 (6.89 mspf)
GUT GDScript suite under Godot 4.3 headless (blocking)	Run GUT unit suite (canonical close-out invocation)	2026-09-07T13:14:26.2183861Z Project FPS: 145 (6.89 mspf)
GUT GDScript suite under Godot 4.3 headless (blocking)	Run GUT unit suite (canonical close-out invocation)	2026-09-07T13:14:27.2188793Z Project FPS: 145 (6.89 mspf)
GUT GDScript suite under Godot 4.3 headless (blocking)	Run GUT unit suite (canonical close-out invocation)	2026-09-07T13:14:28.2194619Z Project FPS: 145 (6.89 mspf)
GUT GDScript suite under Godot 4.3 headless (blocking)	Run GUT unit suite (canonical close-out invocation)	2026-09-07T13:14:29.2200009Z Project FPS: 145 (6.89 mspf)
GUT GDScript suite under Godot 4.3 headless (blocking)	Run GUT unit suite (canonical close-out invocation)	2026-09-07T13:14:30.2205221Z Project FPS: 145 (6.89 mspf)
GUT GDScript suite under Godot 4.3 headless (blocking)	Run GUT unit suite (canonical close-out invocation)	2026-09-07T13:14:31.2140959Z Project FPS: 144 (6.94 mspf)
GUT GDScript suite under Godot 4.3 headless (blocking)	Run GUT unit suite (canonical close-out invocation)	2026-09-07T13:14:32.2145854Z Project FPS: 145 (6.89 mspf)
GUT GDScript suite under Godot 4.3 headless (blocking)	Run GUT unit suite (canonical close-out invocation)	2026-09-07T13:14:33.2151418Z Project FPS: 145 (6.89 mspf)
GUT GDScript suite under Godot 4.3 headless (blocking)	Run GUT unit suite (canonical close-out invocation)	2026-09-07T13:14:34.2156641Z Project FPS: 145 (6.89 mspf)
GUT GDScript suite under Godot 4.3 headless (blocking)	Run GUT unit suite (canonical close-out invocation)	2026-09-07T13:14:35.2161340Z Project FPS: 145 (6.89 mspf)
GUT GDScript suite under Godot 4.3 headless (blocking)	Run GUT unit suite (canonical close-out invocation)	2026-09-07T13:14:36.2166653Z Project FPS: 145 (6.89 mspf)
GUT GDScript suite under Godot 4.3 headless (blocking)	Run GUT unit suite (canonical close-out invocation)	2026-09-07T13:14:37.2172113Z Project FPS: 145 (6.89 mspf)
GUT GDScript suite under Godot 4.3 headless (blocking)	Run GUT unit suite (canonical close-out invocation)	2026-09-07T13:14:38.2177185Z Project FPS: 145 (6.89 mspf)
GUT GDScript suite under Godot 4.3 headless (blocking)	Run GUT unit suite (canonical close-out invocation)	2026-09-07T13:14:39.2182362Z Project FPS: 145 (6.89 mspf)
GUT GDScript suite under Godot 4.3 headless (blocking)	Run GUT unit suite (canonical close-out invocation)	2026-09-07T13:14:40.2187565Z Project FPS: 145 (6.89 mspf)
GUT GDScript suite under Godot 4.3 headless (blocking)	Run GUT unit suite (canonical close-out invocation)	2026-09-07T13:14:41.2193124Z Project FPS: 145 (6.89 mspf)
GUT GDScript suite under Godot 4.3 headless (blocking)	Run GUT unit suite (canonical close-out invocation)	2026-09-07T13:14:42.2198272Z Project FPS: 145 (6.89 mspf)
GUT GDScript suite under Godot 4.3 headless (blocking)	Run GUT unit suite (canonical close-out invocation)	2026-09-07T13:14:43.2203098Z Project FPS: 145 (6.89 mspf)
GUT GDScript suite under Godot 4.3 headless (blocking)	Run GUT unit suite (canonical close-out invocation)	2026-09-07T13:14:44.2208124Z Project FPS: 145 (6.89 mspf)
GUT GDScript suite under Godot 4.3 headless (blocking)	Run GUT unit suite (canonical close-out invocation)	2026-09-07T13:14:45.2144380Z Project FPS: 144 (6.94 mspf)
GUT GDScript suite under Godot 4.3 headless (blocking)	Run GUT unit suite (canonical close-out invocation)	2026-09-07T13:14:46.2149602Z Project FPS: 145 (6.89 mspf)
GUT GDScript suite under Godot 4.3 headless (blocking)	Run GUT unit suite (canonical close-out invocation)	2026-09-07T13:14:47.2155281Z Project FPS: 145 (6.89 mspf)
GUT GDScript suite under Godot 4.3 headless (blocking)	Run GUT unit suite (canonical close-out invocation)	2026-09-07T13:14:48.2160268Z Project FPS: 145 (6.89 mspf)
GUT GDScript suite under Godot 4.3 headless (blocking)	Run GUT unit suite (canonical close-out invocation)	2026-09-07T13:14:49.2165932Z Project FPS: 145 (6.89 mspf)
GUT GDScript suite under Godot 4.3 headless (blocking)	Run GUT unit suite (canonical close-out invocation)	2026-09-07T13:14:50.2170864Z Project FPS: 145 (6.89 mspf)
GUT GDScript suite under Godot 4.3 headless (blocking)	Run GUT unit suite (canonical close-out invocation)	2026-09-07T13:14:51.2176214Z Project FPS: 145 (6.89 mspf)
GUT GDScript suite under Godot 4.3 headless (blocking)	Run GUT unit suite (canonical close-out invocation)	2026-09-07T13:14:52.2181369Z Project FPS: 145 (6.89 mspf)
GUT GDScript suite under Godot 4.3 headless (blocking)	Run GUT unit suite (canonical close-out invocation)	2026-09-07T13:14:53.2185915Z Project FPS: 145 (6.89 mspf)
GUT GDScript suite under Godot 4.3 headless (blocking)	Run GUT unit suite (canonical close-out invocation)	2026-09-07T13:14:54.2191882Z Project FPS: 145 (6.89 mspf)
GUT GDScript suite under Godot 4.3 headless (blocking)	Run GUT unit suite (canonical close-out invocation)	2026-09-07T13:14:55.2196789Z Project FPS: 145 (6.89 mspf)
GUT GDScript suite under Godot 4.3 headless (blocking)	Run GUT unit suite (canonical close-out invocation)	2026-09-07T13:14:56.2201826Z Project FPS: 145 (6.89 mspf)
GUT GDScript suite under Godot 4.3 headless (blocking)	Run GUT unit suite (canonical close-out invocation)	2026-09-07T13:14:57.2207422Z Project FPS: 145 (6.89 mspf)
GUT GDScript suite under Godot 4.3 headless (blocking)	Run GUT unit suite (canonical close-out invocation)	2026-09-07T13:14:58.2143292Z Project FPS: 144 (6.94 mspf)
GUT GDScript suite under Godot 4.3 headless (blocking)	Run GUT unit suite (canonical close-out invocation)	2026-09-07T13:14:59.2148694Z Project FPS: 145 (6.89 mspf)
GUT GDScript suite under Godot 4.3 headless (blocking)	Run GUT unit suite (canonical close-out invocation)	2026-09-07T13:15:00.2153847Z Project FPS: 145 (6.89 mspf)
GUT GDScript suite under Godot 4.3 headless (blocking)	Run GUT unit suite (canonical close-out invocation)	2026-09-07T13:15:01.2158788Z Project FPS: 145 (6.89 mspf)
GUT GDScript suite under Godot 4.3 headless (blocking)	Run GUT unit suite (canonical close-out invocation)	2026-09-07T13:15:02.2164071Z Project FPS: 145 (6.89 mspf)
GUT GDScript suite under Godot 4.3 headless (blocking)	Run GUT unit suite (canonical close-out invocation)	2026-09-07T13:15:03.2169337Z Project FPS: 145 (6.89 mspf)
GUT GDScript suite under Godot 4.3 headless (blocking)	Run GUT unit suite (canonical close-out invocation)	2026-09-07T13:15:04.2174470Z Project FPS: 145 (6.89 mspf)
GUT GDScript suite under Godot 4.3 headless (blocking)	Run GUT unit suite (canonical close-out invocation)	2026-09-07T13:15:05.2179412Z Project FPS: 145 (6.89 mspf)
GUT GDScript suite under Godot 4.3 headless (blocking)	Run GUT unit suite (canonical close-out invocation)	2026-09-07T13:15:06.2184851Z Project FPS: 145 (6.89 mspf)
GUT GDScript suite under Godot 4.3 headless (blocking)	Run GUT unit suite (canonical close-out invocation)	2026-09-07T13:15:07.2190618Z Project FPS: 145 (6.89 mspf)
GUT GDScript suite under Godot 4.3 headless (blocking)	Run GUT unit suite (canonical close-out invocation)	2026-09-07T13:15:08.2195775Z Project FPS: 145 (6.89 mspf)
GUT GDScript suite under Godot 4.3 headless (blocking)	Run GUT unit suite (canonical close-out invocation)	2026-09-07T13:15:09.2200954Z Project FPS: 145 (6.89 mspf)
GUT GDScript suite under Godot 4.3 headless (blocking)	Run GUT unit suite (canonical close-out invocation)	2026-09-07T13:15:10.2205950Z Project FPS: 145 (6.89 mspf)
GUT GDScript suite under Godot 4.3 headless (blocking)	Run GUT unit suite (canonical close-out invocation)	2026-09-07T13:15:11.2211508Z Project FPS: 145 (6.89 mspf)
GUT GDScript suite under Godot 4.3 headless (blocking)	Run GUT unit suite (canonical close-out invocation)	2026-09-07T13:15:12.2147570Z Project FPS: 144 (6.94 mspf)
GUT GDScript suite under Godot 4.3 headless (blocking)	Run GUT unit suite (canonical close-out invocation)	2026-09-07T13:15:13.2152852Z Project FPS: 145 (6.89 mspf)
GUT GDScript suite under Godot 4.3 headless (blocking)	Run GUT unit suite (canonical close-out invocation)	2026-09-07T13:15:14.2157986Z Project FPS: 145 (6.89 mspf)
GUT GDScript suite under Godot 4.3 headless (blocking)	Run GUT unit suite (canonical close-out invocation)	2026-09-07T13:15:15.2162942Z Project FPS: 145 (6.89 mspf)
GUT GDScript suite under Godot 4.3 headless (blocking)	Run GUT unit suite (canonical close-out invocation)	2026-09-07T13:15:16.2168352Z Project FPS: 145 (6.89 mspf)
GUT GDScript suite under Godot 4.3 headless (blocking)	Run GUT unit suite (canonical close-out invocation)	2026-09-07T13:15:17.2173423Z Project FPS: 145 (6.89 mspf)
GUT GDScript suite under Godot 4.3 headless (blocking)	Run GUT unit suite (canonical close-out invocation)	2026-09-07T13:15:18.2178700Z Project FPS: 145 (6.89 mspf)
GUT GDScript suite under Godot 4.3 headless (blocking)	Run GUT unit suite (canonical close-out invocation)	2026-09-07T13:15:19.2183597Z Project FPS: 145 (6.89 mspf)
GUT GDScript suite under Godot 4.3 headless (blocking)	Run GUT unit suite (canonical close-out invocation)	2026-09-07T13:15:20.2188992Z Project FPS: 145 (6.89 mspf)
GUT GDScript suite under Godot 4.3 headless (blocking)	Run GUT unit suite (canonical close-out invocation)	2026-09-07T13:15:21.2194142Z Project FPS: 145 (6.89 mspf)
GUT GDScript suite under Godot 4.3 headless (blocking)	Run GUT unit suite (canonical close-out invocation)	2026-09-07T13:15:22.2199149Z Project FPS: 145 (6.89 mspf)
GUT GDScript suite under Godot 4.3 headless (blocking)	Run GUT unit suite (canonical close-out invocation)	2026-09-07T13:15:23.2204209Z Project FPS: 145 (6.89 mspf)
GUT GDScript suite under Godot 4.3 headless (blocking)	Run GUT unit suite (canonical close-out invocation)	2026-09-07T13:15:24.2209505Z Project FPS: 145 (6.89 mspf)
GUT GDScript suite under Godot 4.3 headless (blocking)	Run GUT unit suite (canonical close-out invocation)	2026-09-07T13:15:25.2214615Z Project FPS: 145 (6.89 mspf)
GUT GDScript suite under Godot 4.3 headless (blocking)	Run GUT unit suite (canonical close-out invocation)	2026-09-07T13:15:26.2151206Z Project FPS: 144 (6.94 mspf)
GUT GDScript suite under Godot 4.3 headless (blocking)	Run GUT unit suite (canonical close-out invocation)	2026-09-07T13:15:27.2156410Z Project FPS: 145 (6.89 mspf)
GUT GDScript suite under Godot 4.3 headless (blocking)	Run GUT unit suite (canonical close-out invocation)	2026-09-07T13:15:28.2161616Z Project FPS: 145 (6.89 mspf)
GUT GDScript suite under Godot 4.3 headless (blocking)	Run GUT unit suite (canonical close-out invocation)	2026-09-07T13:15:29.2166557Z Project FPS: 145 (6.89 mspf)
GUT GDScript suite under Godot 4.3 headless (blocking)	Run GUT unit suite (canonical close-out invocation)	2026-09-07T13:15:30.2172170Z Project FPS: 145 (6.89 mspf)
GUT GDScript suite under Godot 4.3 headless (blocking)	Run GUT unit suite (canonical close-out invocation)	2026-09-07T13:15:31.2177434Z Project FPS: 145 (6.89 mspf)
GUT GDScript suite under Godot 4.3 headless (blocking)	Run GUT unit suite (canonical close-out invocation)	2026-09-07T13:15:32.2182617Z Project FPS: 145 (6.89 mspf)
GUT GDScript suite under Godot 4.3 headless (blocking)	Run GUT unit suite (canonical close-out invocation)	2026-09-07T13:15:33.2188266Z Project FPS: 145 (6.89 mspf)
GUT GDScript suite under Godot 4.3 headless (blocking)	Run GUT unit suite (canonical close-out invocation)	2026-09-07T13:15:34.2193044Z Project FPS: 145 (6.89 mspf)
GUT GDScript suite under Godot 4.3 headless (blocking)	Run GUT unit suite (canonical close-out invocation)	2026-09-07T13:15:35.2198154Z Project FPS: 145 (6.89 mspf)
GUT GDScript suite under Godot 4.3 headless (blocking)	Run GUT unit suite (canonical close-out invocation)	2026-09-07T13:15:36.2203439Z Project FPS: 145 (6.89 mspf)
GUT GDScript suite under Godot 4.3 headless (blocking)	Run GUT unit suite (canonical close-out invocation)	2026-09-07T13:15:37.2208569Z Project FPS: 145 (6.89 mspf)
GUT GDScript suite under Godot 4.3 headless (blocking)	Run GUT unit suite (canonical close-out invocation)	2026-09-07T13:15:38.2213777Z Project FPS: 145 (6.89 mspf)
GUT GDScript suite under Godot 4.3 headless (blocking)	Run GUT unit suite (canonical close-out invocation)	2026-09-07T13:15:39.2219095Z Project FPS: 145 (6.89 mspf)
GUT GDScript suite under Godot 4.3 headless (blocking)	Run GUT unit suite (canonical close-out invocation)	2026-09-07T13:15:40.2155080Z Project FPS: 144 (6.94 mspf)
GUT GDScript suite under Godot 4.3 headless (blocking)	Run GUT unit suite (canonical close-out invocation)	2026-09-07T13:15:41.2160401Z Project FPS: 145 (6.89 mspf)
GUT GDScript suite under Godot 4.3 headless (blocking)	Run GUT unit suite (canonical close-out invocation)	2026-09-07T13:15:42.2165556Z Project FPS: 145 (6.89 mspf)
GUT GDScript suite under Godot 4.3 headless (blocking)	Run GUT unit suite (canonical close-out invocation)	2026-09-07T13:15:43.2170748Z Project FPS: 145 (6.89 mspf)
GUT GDScript suite under Godot 4.3 headless (blocking)	Run GUT unit suite (canonical close-out invocation)	2026-09-07T13:15:44.2176370Z Project FPS: 145 (6.89 mspf)
GUT GDScript suite under Godot 4.3 headless (blocking)	Run GUT unit suite (canonical close-out invocation)	2026-09-07T13:15:45.2180847Z Project FPS: 145 (6.89 mspf)
GUT GDScript suite under Godot 4.3 headless (blocking)	Run GUT unit suite (canonical close-out invocation)	2026-09-07T13:15:46.2186508Z Project FPS: 145 (6.89 mspf)
GUT GDScript suite under Godot 4.3 headless (blocking)	Run GUT unit suite (canonical close-out invocation)	2026-09-07T13:15:47.2191752Z Project FPS: 145 (6.89 mspf)
GUT GDScript suite under Godot 4.3 headless (blocking)	Run GUT unit suite (canonical close-out invocation)	2026-09-07T13:15:48.2196941Z Project FPS: 145 (6.89 mspf)
GUT GDScript suite under Godot 4.3 headless (blocking)	Run GUT unit suite (canonical close-out invocation)	2026-09-07T13:15:49.2202108Z Project FPS: 145 (6.89 mspf)
GUT GDScript suite under Godot 4.3 headless (blocking)	Run GUT unit suite (canonical close-out invocation)	2026-09-07T13:15:50.2207483Z Project FPS: 145 (6.89 mspf)
GUT GDScript suite under Godot 4.3 headless (blocking)	Run GUT unit suite (canonical close-out invocation)	2026-09-07T13:15:51.2212502Z Project FPS: 145 (6.89 mspf)
GUT GDScript suite under Godot 4.3 headless (blocking)	Run GUT unit suite (canonical close-out invocation)	2026-09-07T13:15:52.2217635Z Project FPS: 145 (6.89 mspf)
GUT GDScript suite under Godot 4.3 headless (blocking)	Run GUT unit suite (canonical close-out invocation)	2026-09-07T13:15:53.2222399Z Project FPS: 145 (6.89 mspf)
GUT GDScript suite under Godot 4.3 headless (blocking)	Run GUT unit suite (canonical close-out invocation)	2026-09-07T13:15:54.2159055Z Project FPS: 144 (6.94 mspf)
GUT GDScript suite under Godot 4.3 headless (blocking)	Run GUT unit suite (canonical close-out invocation)	2026-09-07T13:15:55.2164430Z Project FPS: 145 (6.89 mspf)
GUT GDScript suite under Godot 4.3 headless (blocking)	Run GUT unit suite (canonical close-out invocation)	2026-09-07T13:15:56.2169570Z Project FPS: 145 (6.89 mspf)
GUT GDScript suite under Godot 4.3 headless (blocking)	Run GUT unit suite (canonical close-out invocation)	2026-09-07T13:15:57.2174788Z Project FPS: 145 (6.89 mspf)
GUT GDScript suite under Godot 4.3 headless (blocking)	Run GUT unit suite (canonical close-out invocation)	2026-09-07T13:15:58.2179376Z Project FPS: 145 (6.89 mspf)
GUT GDScript suite under Godot 4.3 headless (blocking)	Run GUT unit suite (canonical close-out invocation)	2026-09-07T13:15:59.2185299Z Project FPS: 145 (6.89 mspf)
GUT GDScript suite under Godot 4.3 headless (blocking)	Run GUT unit suite (canonical close-out invocation)	2026-09-07T13:16:00.2189850Z Project FPS: 145 (6.89 mspf)
GUT GDScript suite under Godot 4.3 headless (blocking)	Run GUT unit suite (canonical close-out invocation)	2026-09-07T13:16:01.2195558Z Project FPS: 145 (6.89 mspf)
GUT GDScript suite under Godot 4.3 headless (blocking)	Run GUT unit suite (canonical close-out invocation)	2026-09-07T13:16:02.2200792Z Project FPS: 145 (6.89 mspf)
GUT GDScript suite under Godot 4.3 headless (blocking)	Run GUT unit suite (canonical close-out invocation)	2026-09-07T13:16:03.2206075Z Project FPS: 145 (6.89 mspf)
GUT GDScript suite under Godot 4.3 headless (blocking)	Run GUT unit suite (canonical close-out invocation)	2026-09-07T13:16:04.2211176Z Project FPS: 145 (6.89 mspf)
GUT GDScript suite under Godot 4.3 headless (blocking)	Run GUT unit suite (canonical close-out invocation)	2026-09-07T13:16:05.2216455Z Project FPS: 145 (6.89 mspf)
GUT GDScript suite under Godot 4.3 headless (blocking)	Run GUT unit suite (canonical close-out invocation)	2026-09-07T13:16:06.2221635Z Project FPS: 145 (6.89 mspf)
GUT GDScript suite under Godot 4.3 headless (blocking)	Run GUT unit suite (canonical close-out invocation)	2026-09-07T13:16:07.2157490Z Project FPS: 144 (6.94 mspf)
GUT GDScript suite under Godot 4.3 headless (blocking)	Run GUT unit suite (canonical close-out invocation)	2026-09-07T13:16:08.2162985Z Project FPS: 145 (6.89 mspf)
GUT GDScript suite under Godot 4.3 headless (blocking)	Run GUT unit suite (canonical close-out invocation)	2026-09-07T13:16:09.2168272Z Project FPS: 145 (6.89 mspf)
GUT GDScript suite under Godot 4.3 headless (blocking)	Run GUT unit suite (canonical close-out invocation)	2026-09-07T13:16:10.2173233Z Project FPS: 145 (6.89 mspf)
GUT GDScript suite under Godot 4.3 headless (blocking)	Run GUT unit suite (canonical close-out invocation)	2026-09-07T13:16:11.2178253Z Project FPS: 145 (6.89 mspf)
GUT GDScript suite under Godot 4.3 headless (blocking)	Run GUT unit suite (canonical close-out invocation)	2026-09-07T13:16:12.2183898Z Project FPS: 145 (6.89 mspf)
GUT GDScript suite under Godot 4.3 headless (blocking)	Run GUT unit suite (canonical close-out invocation)	2026-09-07T13:16:13.2189097Z Project FPS: 145 (6.89 mspf)
GUT GDScript suite under Godot 4.3 headless (blocking)	Run GUT unit suite (canonical close-out invocation)	2026-09-07T13:16:14.2194225Z Project FPS: 145 (6.89 mspf)
GUT GDScript suite under Godot 4.3 headless (blocking)	Run GUT unit suite (canonical close-out invocation)	2026-09-07T13:16:15.2198736Z Project FPS: 145 (6.89 mspf)
GUT GDScript suite under Godot 4.3 headless (blocking)	Run GUT unit suite (canonical close-out invocation)	2026-09-07T13:16:16.2204660Z Project FPS: 145 (6.89 mspf)
GUT GDScript suite under Godot 4.3 headless (blocking)	Run GUT unit suite (canonical close-out invocation)	2026-09-07T13:16:17.2209653Z Project FPS: 145 (6.89 mspf)
GUT GDScript suite under Godot 4.3 headless (blocking)	Run GUT unit suite (canonical close-out invocation)	2026-09-07T13:16:18.2215050Z Project FPS: 145 (6.89 mspf)
GUT GDScript suite under Godot 4.3 headless (blocking)	Run GUT unit suite (canonical close-out invocation)	2026-09-07T13:16:19.2220085Z Project FPS: 145 (6.89 mspf)
GUT GDScript suite under Godot 4.3 headless (blocking)	Run GUT unit suite (canonical close-out invocation)	2026-09-07T13:16:20.2225280Z Project FPS: 145 (6.89 mspf)
GUT GDScript suite under Godot 4.3 headless (blocking)	Run GUT unit suite (canonical close-out invocation)	2026-09-07T13:16:21.2160755Z Project FPS: 144 (6.94 mspf)
GUT GDScript suite under Godot 4.3 headless (blocking)	Run GUT unit suite (canonical close-out invocation)	2026-09-07T13:16:22.2166470Z Project FPS: 145 (6.89 mspf)
GUT GDScript suite under Godot 4.3 headless (blocking)	Run GUT unit suite (canonical close-out invocation)	2026-09-07T13:16:23.2171898Z Project FPS: 145 (6.89 mspf)
GUT GDScript suite under Godot 4.3 headless (blocking)	Run GUT unit suite (canonical close-out invocation)	2026-09-07T13:16:24.2176701Z Project FPS: 145 (6.89 mspf)
GUT GDScript suite under Godot 4.3 headless (blocking)	Run GUT unit suite (canonical close-out invocation)	2026-09-07T13:16:25.2182037Z Project FPS: 145 (6.89 mspf)
GUT GDScript suite under Godot 4.3 headless (blocking)	Run GUT unit suite (canonical close-out invocation)	2026-09-07T13:16:26.2187245Z Project FPS: 145 (6.89 mspf)
GUT GDScript suite under Godot 4.3 headless (blocking)	Run GUT unit suite (canonical close-out invocation)	2026-09-07T13:16:27.2191815Z Project FPS: 145 (6.89 mspf)
GUT GDScript suite under Godot 4.3 headless (blocking)	Run GUT unit suite (canonical close-out invocation)	2026-09-07T13:16:28.2197383Z Project FPS: 145 (6.89 mspf)
GUT GDScript suite under Godot 4.3 headless (blocking)	Run GUT unit suite (canonical close-out invocation)	2026-09-07T13:16:29.2202405Z Project FPS: 145 (6.89 mspf)
GUT GDScript suite under Godot 4.3 headless (blocking)	Run GUT unit suite (canonical close-out invocation)	2026-09-07T13:16:30.2208408Z Project FPS: 145 (6.89 mspf)
GUT GDScript suite under Godot 4.3 headless (blocking)	Run GUT unit suite (canonical close-out invocation)	2026-09-07T13:16:31.2213047Z Project FPS: 145 (6.89 mspf)
GUT GDScript suite under Godot 4.3 headless (blocking)	Run GUT unit suite (canonical close-out invocation)	2026-09-07T13:16:32.2218361Z Project FPS: 145 (6.89 mspf)
GUT GDScript suite under Godot 4.3 headless (blocking)	Run GUT unit suite (canonical close-out invocation)	2026-09-07T13:16:33.2223004Z Project FPS: 145 (6.89 mspf)
GUT GDScript suite under Godot 4.3 headless (blocking)	Run GUT unit suite (canonical close-out invocation)	2026-09-07T13:16:34.2228634Z Project FPS: 145 (6.89 mspf)
GUT GDScript suite under Godot 4.3 headless (blocking)	Run GUT unit suite (canonical close-out invocation)	2026-09-07T13:16:35.2165494Z Project FPS: 144 (6.94 mspf)
GUT GDScript suite under Godot 4.3 headless (blocking)	Run GUT unit suite (canonical close-out invocation)	2026-09-07T13:16:36.2170201Z Project FPS: 145 (6.89 mspf)
GUT GDScript suite under Godot 4.3 headless (blocking)	Run GUT unit suite (canonical close-out invocation)	2026-09-07T13:16:37.2174827Z Project FPS: 145 (6.89 mspf)
GUT GDScript suite under Godot 4.3 headless (blocking)	Run GUT unit suite (canonical close-out invocation)	2026-09-07T13:16:38.2180380Z Project FPS: 145 (6.89 mspf)
GUT GDScript suite under Godot 4.3 headless (blocking)	Run GUT unit suite (canonical close-out invocation)	2026-09-07T13:16:39.2185579Z Project FPS: 145 (6.89 mspf)
GUT GDScript suite under Godot 4.3 headless (blocking)	Run GUT unit suite (canonical close-out invocation)	2026-09-07T13:16:40.2190372Z Project FPS: 145 (6.89 mspf)
GUT GDScript suite under Godot 4.3 headless (blocking)	Run GUT unit suite (canonical close-out invocation)	2026-09-07T13:16:41.2196183Z Project FPS: 145 (6.89 mspf)
GUT GDScript suite under Godot 4.3 headless (blocking)	Run GUT unit suite (canonical close-out invocation)	2026-09-07T13:16:42.2201296Z Project FPS: 145 (6.89 mspf)
GUT GDScript suite under Godot 4.3 headless (blocking)	Run GUT unit suite (canonical close-out invocation)	2026-09-07T13:16:43.2205690Z Project FPS: 145 (6.89 mspf)
GUT GDScript suite under Godot 4.3 headless (blocking)	Run GUT unit suite (canonical close-out invocation)	2026-09-07T13:16:44.2211524Z Project FPS: 145 (6.89 mspf)
GUT GDScript suite under Godot 4.3 headless (blocking)	Run GUT unit suite (canonical close-out invocation)	2026-09-07T13:16:45.2216706Z Project FPS: 145 (6.89 mspf)
GUT GDScript suite under Godot 4.3 headless (blocking)	Run GUT unit suite (canonical close-out invocation)	2026-09-07T13:16:46.2221817Z Project FPS: 145 (6.89 mspf)
GUT GDScript suite under Godot 4.3 headless (blocking)	Run GUT unit suite (canonical close-out invocation)	2026-09-07T13:16:47.2227191Z Project FPS: 145 (6.89 mspf)
GUT GDScript suite under Godot 4.3 headless (blocking)	Run GUT unit suite (canonical close-out invocation)	2026-09-07T13:16:48.2232539Z Project FPS: 145 (6.89 mspf)
GUT GDScript suite under Godot 4.3 headless (blocking)	Run GUT unit suite (canonical close-out invocation)	2026-09-07T13:16:48.6400897Z ##[error]The operation was canceled.
GUT GDScript suite under Godot 4.3 headless (blocking)	Upload JUnit report	﻿2026-09-07T13:16:48.6472639Z Node 20 is being deprecated. This workflow is running with Node 24 by default. If you need to temporarily use Node 20, you can set the ACTIONS_ALLOW_USE_UNSECURE_NODE_VERSION=true environment variable. For more information see: https://github.blog/changelog/2025-09-19-deprecation-of-node-20-on-github-actions-runners/
GUT GDScript suite under Godot 4.3 headless (blocking)	Upload JUnit report	2026-09-07T13:16:48.6474310Z ##[group]Run actions/upload-artifact@ea165f8d65b6e75b540449e92b4886f43607fa02
GUT GDScript suite under Godot 4.3 headless (blocking)	Upload JUnit report	2026-09-07T13:16:48.6474682Z with:
GUT GDScript suite under Godot 4.3 headless (blocking)	Upload JUnit report	2026-09-07T13:16:48.6474882Z   name: gut-junit
GUT GDScript suite under Godot 4.3 headless (blocking)	Upload JUnit report	2026-09-07T13:16:48.6475101Z   path: xr-client/tests/report/junit.xml
GUT GDScript suite under Godot 4.3 headless (blocking)	Upload JUnit report	2026-09-07T13:16:48.6475372Z   if-no-files-found: warn
GUT GDScript suite under Godot 4.3 headless (blocking)	Upload JUnit report	2026-09-07T13:16:48.6475614Z   compression-level: 6
GUT GDScript suite under Godot 4.3 headless (blocking)	Upload JUnit report	2026-09-07T13:16:48.6475817Z   overwrite: false
GUT GDScript suite under Godot 4.3 headless (blocking)	Upload JUnit report	2026-09-07T13:16:48.6476019Z   include-hidden-files: false
GUT GDScript suite under Godot 4.3 headless (blocking)	Upload JUnit report	2026-09-07T13:16:48.6476236Z env:
GUT GDScript suite under Godot 4.3 headless (blocking)	Upload JUnit report	2026-09-07T13:16:48.6476411Z   CARGO_TERM_COLOR: always
GUT GDScript suite under Godot 4.3 headless (blocking)	Upload JUnit report	2026-09-07T13:16:48.6476624Z   RUST_BACKTRACE: 1
GUT GDScript suite under Godot 4.3 headless (blocking)	Upload JUnit report	2026-09-07T13:16:48.6476819Z   GODOT_VERSION: 4.3-stable
GUT GDScript suite under Godot 4.3 headless (blocking)	Upload JUnit report	2026-09-07T13:16:48.6477031Z   GUT_VERSION: 9.3.1
GUT GDScript suite under Godot 4.3 headless (blocking)	Upload JUnit report	2026-09-07T13:16:48.6477272Z   CARGO_HOME: /home/runner/.cargo
GUT GDScript suite under Godot 4.3 headless (blocking)	Upload JUnit report	2026-09-07T13:16:48.6477506Z   CARGO_INCREMENTAL: 0
GUT GDScript suite under Godot 4.3 headless (blocking)	Upload JUnit report	2026-09-07T13:16:48.6477704Z ##[endgroup]
GUT GDScript suite under Godot 4.3 headless (blocking)	Upload JUnit report	2026-09-07T13:16:48.8131059Z (node:5050) [DEP0040] DeprecationWarning: The `punycode` module is deprecated. Please use a userland alternative instead.
GUT GDScript suite under Godot 4.3 headless (blocking)	Upload JUnit report	2026-09-07T13:16:48.8132699Z (Use `node --trace-deprecation ...` to show where the warning was created)
GUT GDScript suite under Godot 4.3 headless (blocking)	Upload JUnit report	2026-09-07T13:16:48.8241862Z ##[warning]No files were found with the provided path: xr-client/tests/report/junit.xml. No artifacts will be uploaded.
GUT GDScript suite under Godot 4.3 headless (blocking)	Post Run actions/checkout@11d5960a326750d5838078e36cf38b85af677262	﻿2026-09-07T13:16:48.8425968Z Node 20 is being deprecated. This workflow is running with Node 24 by default. If you need to temporarily use Node 20, you can set the ACTIONS_ALLOW_USE_UNSECURE_NODE_VERSION=true environment variable. For more information see: https://github.blog/changelog/2025-09-19-deprecation-of-node-20-on-github-actions-runners/
GUT GDScript suite under Godot 4.3 headless (blocking)	Post Run actions/checkout@11d5960a326750d5838078e36cf38b85af677262	2026-09-07T13:16:48.8430103Z Post job cleanup.
GUT GDScript suite under Godot 4.3 headless (blocking)	Post Run actions/checkout@11d5960a326750d5838078e36cf38b85af677262	2026-09-07T13:16:48.9550842Z [command]/usr/bin/git version
GUT GDScript suite under Godot 4.3 headless (blocking)	Post Run actions/checkout@11d5960a326750d5838078e36cf38b85af677262	2026-09-07T13:16:48.9551746Z git version 2.55.0
GUT GDScript suite under Godot 4.3 headless (blocking)	Post Run actions/checkout@11d5960a326750d5838078e36cf38b85af677262	2026-09-07T13:16:48.9556400Z Temporarily overriding HOME='/home/runner/work/_temp/76ca1fdd-6814-4c48-b9b1-987edc093fa7' before making global git config changes
GUT GDScript suite under Godot 4.3 headless (blocking)	Post Run actions/checkout@11d5960a326750d5838078e36cf38b85af677262	2026-09-07T13:16:48.9557653Z Adding repository directory to the temporary git global config as a safe directory
GUT GDScript suite under Godot 4.3 headless (blocking)	Post Run actions/checkout@11d5960a326750d5838078e36cf38b85af677262	2026-09-07T13:16:48.9558668Z [command]/usr/bin/git config --global --add safe.directory /home/runner/work/VisionClaw/VisionClaw
GUT GDScript suite under Godot 4.3 headless (blocking)	Post Run actions/checkout@11d5960a326750d5838078e36cf38b85af677262	2026-09-07T13:16:48.9589492Z [command]/usr/bin/git config --local --name-only --get-regexp core\.sshCommand
GUT GDScript suite under Godot 4.3 headless (blocking)	Post Run actions/checkout@11d5960a326750d5838078e36cf38b85af677262	2026-09-07T13:16:48.9636198Z [command]/usr/bin/git submodule foreach --recursive sh -c "git config --local --name-only --get-regexp 'core\.sshCommand' && git config --local --unset-all 'core.sshCommand' || :"
GUT GDScript suite under Godot 4.3 headless (blocking)	Post Run actions/checkout@11d5960a326750d5838078e36cf38b85af677262	2026-09-07T13:16:48.9963587Z [command]/usr/bin/git config --local --name-only --get-regexp http\.https\:\/\/github\.com\/\.extraheader
GUT GDScript suite under Godot 4.3 headless (blocking)	Post Run actions/checkout@11d5960a326750d5838078e36cf38b85af677262	2026-09-07T13:16:49.0029651Z http.https://github.com/.extraheader
GUT GDScript suite under Godot 4.3 headless (blocking)	Post Run actions/checkout@11d5960a326750d5838078e36cf38b85af677262	2026-09-07T13:16:49.0049518Z [command]/usr/bin/git config --local --unset-all http.https://github.com/.extraheader
GUT GDScript suite under Godot 4.3 headless (blocking)	Post Run actions/checkout@11d5960a326750d5838078e36cf38b85af677262	2026-09-07T13:16:49.0097778Z [command]/usr/bin/git submodule foreach --recursive sh -c "git config --local --name-only --get-regexp 'http\.https\:\/\/github\.com\/\.extraheader' && git config --local --unset-all 'http.https://github.com/.extraheader' || :"
GUT GDScript suite under Godot 4.3 headless (blocking)	Post Run actions/checkout@11d5960a326750d5838078e36cf38b85af677262	2026-09-07T13:16:49.0443152Z [command]/usr/bin/git config --local --name-only --get-regexp ^includeIf\.gitdir:
GUT GDScript suite under Godot 4.3 headless (blocking)	Post Run actions/checkout@11d5960a326750d5838078e36cf38b85af677262	2026-09-07T13:16:49.0496929Z [command]/usr/bin/git submodule foreach --recursive git config --local --show-origin --name-only --get-regexp remote.origin.url
GUT GDScript suite under Godot 4.3 headless (blocking)	Complete job	﻿2026-09-07T13:16:49.0976111Z Cleaning up orphan processes
GUT GDScript suite under Godot 4.3 headless (blocking)	Complete job	2026-09-07T13:16:49.1262415Z Terminate orphan process: pid (4430) (godot)
GUT GDScript suite under Godot 4.3 headless (blocking)	Complete job	2026-09-07T13:16:49.1344194Z ##[warning]Node.js 20 is deprecated. The following actions target Node.js 20 but are being forced to run on Node.js 24: actions/checkout@11d5960a326750d5838078e36cf38b85af677262, actions/upload-artifact@ea165f8d65b6e75b540449e92b4886f43607fa02. For more information see: https://github.blog/changelog/2025-09-19-deprecation-of-node-20-on-github-actions-runners/
