contracts	Format	﻿2026-09-07T12:24:59.3153998Z ##[group]Run cargo +1.98.0 fmt --all --check
contracts	Format	2026-09-07T12:24:59.3154380Z ^[[36;1mcargo +1.98.0 fmt --all --check^[[0m
contracts	Format	2026-09-07T12:24:59.3195118Z shell: /usr/bin/bash -e {0}
contracts	Format	2026-09-07T12:24:59.3195381Z ##[endgroup]
contracts	Format	2026-09-07T12:25:02.9162274Z Diff in /home/runner/work/loom/loom/ruvector/crates/ruvector-robotics/benches/robotics_benchmarks.rs:17:
contracts	Format	2026-09-07T12:25:02.9169120Z  use criterion::{black_box, criterion_group, criterion_main, BenchmarkId, Criterion, Throughput};
contracts	Format	2026-09-07T12:25:02.9169986Z  use std::collections::HashMap;
contracts	Format	2026-09-07T12:25:02.9170248Z  
contracts	Format	2026-09-07T12:25:02.9170575Z +use ruvector_robotics::bridge::gaussian::{gaussians_from_cloud, to_viewer_json};
contracts	Format	2026-09-07T12:25:02.9170982Z  use ruvector_robotics::bridge::{
contracts	Format	2026-09-07T12:25:02.9171416Z      GaussianConfig, Obstacle, OccupancyGrid, Point3D, PointCloud, RobotState, SceneObject,
contracts	Format	2026-09-07T12:25:02.9171844Z      SpatialIndex,
contracts	Format	2026-09-07T12:25:02.9172290Z Diff in /home/runner/work/loom/loom/ruvector/crates/ruvector-robotics/benches/robotics_benchmarks.rs:23:
contracts	Format	2026-09-07T12:25:02.9172878Z  };
contracts	Format	2026-09-07T12:25:02.9173198Z -use ruvector_robotics::bridge::gaussian::{gaussians_from_cloud, to_viewer_json};
contracts	Format	2026-09-07T12:25:02.9173848Z  use ruvector_robotics::cognitive::behavior_tree::{BehaviorNode, BehaviorStatus, BehaviorTree};
contracts	Format	2026-09-07T12:25:02.9174344Z  use ruvector_robotics::mcp::executor::ToolExecutor;
contracts	Format	2026-09-07T12:25:02.9174686Z  use ruvector_robotics::mcp::ToolRequest;
contracts	Format	2026-09-07T12:25:02.9175182Z Diff in /home/runner/work/loom/loom/ruvector/crates/ruvector-robotics/benches/robotics_benchmarks.rs:75:
contracts	Format	2026-09-07T12:25:02.9175652Z          .map(|i| {
contracts	Format	2026-09-07T12:25:02.9175958Z              let angle = (i as f64) * 2.0 * std::f64::consts::PI / (n as f64);
contracts	Format	2026-09-07T12:25:02.9176335Z              let r = 5.0 + (i as f64) * 0.1;
contracts	Format	2026-09-07T12:25:02.9176625Z -            let mut obj = SceneObject::new(
contracts	Format	2026-09-07T12:25:02.9176887Z -                i,
contracts	Format	2026-09-07T12:25:02.9177133Z -                [r * angle.cos(), r * angle.sin(), 0.0],
contracts	Format	2026-09-07T12:25:02.9177434Z -                [0.5, 0.5, 1.8],
contracts	Format	2026-09-07T12:25:02.9177664Z -            );
contracts	Format	2026-09-07T12:25:02.9177876Z +            let mut obj =
contracts	Format	2026-09-07T12:25:02.9178280Z +                SceneObject::new(i, [r * angle.cos(), r * angle.sin(), 0.0], [0.5, 0.5, 1.8]);
contracts	Format	2026-09-07T12:25:02.9178676Z              obj.label = if i % 3 == 0 {
contracts	Format	2026-09-07T12:25:02.9179095Z                  "person".to_string()
contracts	Format	2026-09-07T12:25:02.9179354Z              } else if i % 3 == 1 {
contracts	Format	2026-09-07T12:25:02.9179887Z Diff in /home/runner/work/loom/loom/ruvector/crates/ruvector-robotics/benches/robotics_benchmarks.rs:108:
contracts	Format	2026-09-07T12:25:02.9180668Z      for size in [100, 1_000, 10_000, 100_000] {
contracts	Format	2026-09-07T12:25:02.9181203Z          group.throughput(Throughput::Elements(size as u64));
contracts	Format	2026-09-07T12:25:02.9181530Z  
contracts	Format	2026-09-07T12:25:02.9181731Z -        group.bench_with_input(
contracts	Format	2026-09-07T12:25:02.9182039Z -            BenchmarkId::new("to_flat_vectors", size),
contracts	Format	2026-09-07T12:25:02.9182333Z -            &size,
contracts	Format	2026-09-07T12:25:02.9182865Z -            |b, &n| {
contracts	Format	2026-09-07T12:25:02.9183112Z -                let points = generate_point_cloud(n);
contracts	Format	2026-09-07T12:25:02.9183405Z -                b.iter(|| {
contracts	Format	2026-09-07T12:25:02.9183803Z -                    let vectors: Vec<Vec<f32>> = points.iter().map(|p| p.to_vec()).collect();
contracts	Format	2026-09-07T12:25:02.9184231Z -                    black_box(vectors)
contracts	Format	2026-09-07T12:25:02.9184488Z -                })
contracts	Format	2026-09-07T12:25:02.9184685Z -            },
contracts	Format	2026-09-07T12:25:02.9184877Z -        );
contracts	Format	2026-09-07T12:25:02.9185232Z +        group.bench_with_input(BenchmarkId::new("to_flat_vectors", size), &size, |b, &n| {
contracts	Format	2026-09-07T12:25:02.9185674Z +            let points = generate_point_cloud(n);
contracts	Format	2026-09-07T12:25:02.9185959Z +            b.iter(|| {
contracts	Format	2026-09-07T12:25:02.9186296Z +                let vectors: Vec<Vec<f32>> = points.iter().map(|p| p.to_vec()).collect();
contracts	Format	2026-09-07T12:25:02.9186671Z +                black_box(vectors)
contracts	Format	2026-09-07T12:25:02.9186912Z +            })
contracts	Format	2026-09-07T12:25:02.9187331Z +        });
contracts	Format	2026-09-07T12:25:02.9187515Z  
contracts	Format	2026-09-07T12:25:02.9187712Z -        group.bench_with_input(
contracts	Format	2026-09-07T12:25:02.9188000Z -            BenchmarkId::new("to_flat_array", size),
contracts	Format	2026-09-07T12:25:02.9188290Z -            &size,
contracts	Format	2026-09-07T12:25:02.9188496Z -            |b, &n| {
contracts	Format	2026-09-07T12:25:02.9188740Z -                let points = generate_point_cloud(n);
contracts	Format	2026-09-07T12:25:02.9189142Z -                b.iter(|| {
contracts	Format	2026-09-07T12:25:02.9189394Z -                    let flat: Vec<f32> = points
contracts	Format	2026-09-07T12:25:02.9189668Z -                        .iter()
contracts	Format	2026-09-07T12:25:02.9189931Z -                        .flat_map(|p| [p.x, p.y, p.z])
contracts	Format	2026-09-07T12:25:02.9190374Z -                        .collect();
contracts	Format	2026-09-07T12:25:02.9190746Z -                    black_box(flat)
contracts	Format	2026-09-07T12:25:02.9191094Z -                })
contracts	Format	2026-09-07T12:25:02.9191351Z -            },
contracts	Format	2026-09-07T12:25:02.9191550Z -        );
contracts	Format	2026-09-07T12:25:02.9191912Z +        group.bench_with_input(BenchmarkId::new("to_flat_array", size), &size, |b, &n| {
contracts	Format	2026-09-07T12:25:02.9192430Z +            let points = generate_point_cloud(n);
contracts	Format	2026-09-07T12:25:02.9192709Z +            b.iter(|| {
contracts	Format	2026-09-07T12:25:02.9193053Z +                let flat: Vec<f32> = points.iter().flat_map(|p| [p.x, p.y, p.z]).collect();
contracts	Format	2026-09-07T12:25:02.9193434Z +                black_box(flat)
contracts	Format	2026-09-07T12:25:02.9193656Z +            })
contracts	Format	2026-09-07T12:25:02.9193848Z +        });
contracts	Format	2026-09-07T12:25:02.9194031Z      }
contracts	Format	2026-09-07T12:25:02.9194209Z  
contracts	Format	2026-09-07T12:25:02.9194395Z      group.finish();
contracts	Format	2026-09-07T12:25:02.9194845Z Diff in /home/runner/work/loom/loom/ruvector/crates/ruvector-robotics/benches/robotics_benchmarks.rs:331:
contracts	Format	2026-09-07T12:25:02.9195397Z                          let s4: f64 = times.iter().map(|t| t * t * t * t).sum();
contracts	Format	2026-09-07T12:25:02.9195751Z                          let sy: f64 = vals.iter().sum();
contracts	Format	2026-09-07T12:25:02.9196141Z                          let sty: f64 = times.iter().zip(vals.iter()).map(|(t, y)| t * y).sum();
contracts	Format	2026-09-07T12:25:02.9196526Z -                        let st2y: f64 =
contracts	Format	2026-09-07T12:25:02.9196888Z -                            times.iter().zip(vals.iter()).map(|(t, y)| t * t * y).sum();
contracts	Format	2026-09-07T12:25:02.9197463Z +                        let st2y: f64 = times.iter().zip(vals.iter()).map(|(t, y)| t * t * y).sum();
contracts	Format	2026-09-07T12:25:02.9198051Z  
contracts	Format	2026-09-07T12:25:02.9198360Z -                        let det = nn * (s2 * s4 - s3 * s3)
contracts	Format	2026-09-07T12:25:02.9198741Z -                            - s1 * (s1 * s4 - s3 * s2)
contracts	Format	2026-09-07T12:25:02.9199176Z +                        let det = nn * (s2 * s4 - s3 * s3) - s1 * (s1 * s4 - s3 * s2)
contracts	Format	2026-09-07T12:25:02.9199529Z                              + s2 * (s1 * s3 - s2 * s2);
contracts	Format	2026-09-07T12:25:02.9199815Z                          if det.abs() > 1e-12 {
contracts	Format	2026-09-07T12:25:02.9200134Z                              coeffs[axis][0] = (sy * (s2 * s4 - s3 * s3)
contracts	Format	2026-09-07T12:25:02.9200656Z Diff in /home/runner/work/loom/loom/ruvector/crates/ruvector-robotics/benches/robotics_benchmarks.rs:461:
contracts	Format	2026-09-07T12:25:02.9201328Z          let n_leaves = 1usize << depth;
contracts	Format	2026-09-07T12:25:02.9201685Z          group.throughput(Throughput::Elements(n_leaves as u64));
contracts	Format	2026-09-07T12:25:02.9202004Z  
contracts	Format	2026-09-07T12:25:02.9202199Z -        group.bench_with_input(
contracts	Format	2026-09-07T12:25:02.9202486Z -            BenchmarkId::new("sequence_tree", depth),
contracts	Format	2026-09-07T12:25:02.9202774Z -            &depth,
contracts	Format	2026-09-07T12:25:02.9202983Z -            |b, &d| {
contracts	Format	2026-09-07T12:25:02.9203239Z -                fn build_seq(depth: usize) -> BehaviorNode {
contracts	Format	2026-09-07T12:25:02.9203549Z -                    if depth == 0 {
contracts	Format	2026-09-07T12:25:02.9203851Z -                        BehaviorNode::Action("leaf".into())
contracts	Format	2026-09-07T12:25:02.9204138Z -                    } else {
contracts	Format	2026-09-07T12:25:02.9204387Z -                        BehaviorNode::Sequence(vec![
contracts	Format	2026-09-07T12:25:02.9204685Z -                            build_seq(depth - 1),
contracts	Format	2026-09-07T12:25:02.9205009Z -                            BehaviorNode::Action("leaf".into()),
contracts	Format	2026-09-07T12:25:02.9205537Z -                        ])
contracts	Format	2026-09-07T12:25:02.9205860Z -                    }
contracts	Format	2026-09-07T12:25:02.9206401Z +        group.bench_with_input(BenchmarkId::new("sequence_tree", depth), &depth, |b, &d| {
contracts	Format	2026-09-07T12:25:02.9206953Z +            fn build_seq(depth: usize) -> BehaviorNode {
contracts	Format	2026-09-07T12:25:02.9207253Z +                if depth == 0 {
contracts	Format	2026-09-07T12:25:02.9207535Z +                    BehaviorNode::Action("leaf".into())
contracts	Format	2026-09-07T12:25:02.9207814Z +                } else {
contracts	Format	2026-09-07T12:25:02.9208051Z +                    BehaviorNode::Sequence(vec![
contracts	Format	2026-09-07T12:25:02.9208342Z +                        build_seq(depth - 1),
contracts	Format	2026-09-07T12:25:02.9208650Z +                        BehaviorNode::Action("leaf".into()),
contracts	Format	2026-09-07T12:25:02.9209034Z +                    ])
contracts	Format	2026-09-07T12:25:02.9209247Z                  }
contracts	Format	2026-09-07T12:25:02.9209464Z -                let root = build_seq(d);
contracts	Format	2026-09-07T12:25:02.9209762Z -                let mut tree = BehaviorTree::new(root);
contracts	Format	2026-09-07T12:25:02.9210126Z -                tree.set_action_result("leaf", BehaviorStatus::Success);
contracts	Format	2026-09-07T12:25:02.9210471Z +            }
contracts	Format	2026-09-07T12:25:02.9210679Z +            let root = build_seq(d);
contracts	Format	2026-09-07T12:25:02.9210967Z +            let mut tree = BehaviorTree::new(root);
contracts	Format	2026-09-07T12:25:02.9211306Z +            tree.set_action_result("leaf", BehaviorStatus::Success);
contracts	Format	2026-09-07T12:25:02.9211621Z  
contracts	Format	2026-09-07T12:25:02.9211806Z -                b.iter(|| {
contracts	Format	2026-09-07T12:25:02.9212049Z -                    let status = tree.tick();
contracts	Format	2026-09-07T12:25:02.9212324Z -                    black_box(status)
contracts	Format	2026-09-07T12:25:02.9212565Z -                })
contracts	Format	2026-09-07T12:25:02.9212758Z -            },
contracts	Format	2026-09-07T12:25:02.9212954Z -        );
contracts	Format	2026-09-07T12:25:02.9213143Z +            b.iter(|| {
contracts	Format	2026-09-07T12:25:02.9213366Z +                let status = tree.tick();
contracts	Format	2026-09-07T12:25:02.9213630Z +                black_box(status)
contracts	Format	2026-09-07T12:25:02.9213863Z +            })
contracts	Format	2026-09-07T12:25:02.9214051Z +        });
contracts	Format	2026-09-07T12:25:02.9214243Z  
contracts	Format	2026-09-07T12:25:02.9214433Z -        group.bench_with_input(
contracts	Format	2026-09-07T12:25:02.9214710Z -            BenchmarkId::new("selector_tree", depth),
contracts	Format	2026-09-07T12:25:02.9214998Z -            &depth,
contracts	Format	2026-09-07T12:25:02.9215201Z -            |b, &d| {
contracts	Format	2026-09-07T12:25:02.9215452Z -                fn build_sel(depth: usize) -> BehaviorNode {
contracts	Format	2026-09-07T12:25:02.9215761Z -                    if depth == 0 {
contracts	Format	2026-09-07T12:25:02.9216040Z -                        BehaviorNode::Action("leaf".into())
contracts	Format	2026-09-07T12:25:02.9216322Z -                    } else {
contracts	Format	2026-09-07T12:25:02.9216569Z -                        BehaviorNode::Selector(vec![
contracts	Format	2026-09-07T12:25:02.9216883Z -                            BehaviorNode::Action("fail".into()),
contracts	Format	2026-09-07T12:25:02.9217198Z -                            build_sel(depth - 1),
contracts	Format	2026-09-07T12:25:02.9217471Z -                        ])
contracts	Format	2026-09-07T12:25:02.9217686Z -                    }
contracts	Format	2026-09-07T12:25:02.9218226Z +        group.bench_with_input(BenchmarkId::new("selector_tree", depth), &depth, |b, &d| {
contracts	Format	2026-09-07T12:25:02.9219258Z +            fn build_sel(depth: usize) -> BehaviorNode {
contracts	Format	2026-09-07T12:25:02.9219613Z +                if depth == 0 {
contracts	Format	2026-09-07T12:25:02.9219914Z +                    BehaviorNode::Action("leaf".into())
contracts	Format	2026-09-07T12:25:02.9220203Z +                } else {
contracts	Format	2026-09-07T12:25:02.9220447Z +                    BehaviorNode::Selector(vec![
contracts	Format	2026-09-07T12:25:02.9220777Z +                        BehaviorNode::Action("fail".into()),
contracts	Format	2026-09-07T12:25:02.9221087Z +                        build_sel(depth - 1),
contracts	Format	2026-09-07T12:25:02.9221353Z +                    ])
contracts	Format	2026-09-07T12:25:02.9221559Z                  }
contracts	Format	2026-09-07T12:25:02.9221778Z -                let root = build_sel(d);
contracts	Format	2026-09-07T12:25:02.9222081Z -                let mut tree = BehaviorTree::new(root);
contracts	Format	2026-09-07T12:25:02.9222435Z -                tree.set_action_result("fail", BehaviorStatus::Failure);
contracts	Format	2026-09-07T12:25:02.9222830Z -                tree.set_action_result("leaf", BehaviorStatus::Success);
contracts	Format	2026-09-07T12:25:02.9223292Z +            }
contracts	Format	2026-09-07T12:25:02.9223497Z +            let root = build_sel(d);
contracts	Format	2026-09-07T12:25:02.9223792Z +            let mut tree = BehaviorTree::new(root);
contracts	Format	2026-09-07T12:25:02.9224139Z +            tree.set_action_result("fail", BehaviorStatus::Failure);
contracts	Format	2026-09-07T12:25:02.9224519Z +            tree.set_action_result("leaf", BehaviorStatus::Success);
contracts	Format	2026-09-07T12:25:02.9224821Z  
contracts	Format	2026-09-07T12:25:02.9225007Z -                b.iter(|| {
contracts	Format	2026-09-07T12:25:02.9225251Z -                    let status = tree.tick();
contracts	Format	2026-09-07T12:25:02.9225525Z -                    black_box(status)
contracts	Format	2026-09-07T12:25:02.9225766Z -                })
contracts	Format	2026-09-07T12:25:02.9225983Z -            },
contracts	Format	2026-09-07T12:25:02.9226174Z -        );
contracts	Format	2026-09-07T12:25:02.9226371Z +            b.iter(|| {
contracts	Format	2026-09-07T12:25:02.9226604Z +                let status = tree.tick();
contracts	Format	2026-09-07T12:25:02.9226866Z +                black_box(status)
contracts	Format	2026-09-07T12:25:02.9227101Z +            })
contracts	Format	2026-09-07T12:25:02.9227296Z +        });
contracts	Format	2026-09-07T12:25:02.9227479Z      }
contracts	Format	2026-09-07T12:25:02.9227654Z  
contracts	Format	2026-09-07T12:25:02.9227834Z      group.finish();
contracts	Format	2026-09-07T12:25:02.9228261Z Diff in /home/runner/work/loom/loom/ruvector/crates/ruvector-robotics/benches/robotics_benchmarks.rs:615:
contracts	Format	2026-09-07T12:25:02.9228988Z                  let query: Vec<f32> = (0..dim).map(|d| pseudo_random_f32(9999, d)).collect();
contracts	Format	2026-09-07T12:25:02.9229355Z  
contracts	Format	2026-09-07T12:25:02.9229544Z                  b.iter(|| {
contracts	Format	2026-09-07T12:25:02.9229780Z -                    let q_norm: f32 =
contracts	Format	2026-09-07T12:25:02.9230122Z -                        query.iter().map(|x| x * x).sum::<f32>().sqrt().max(1e-10);
contracts	Format	2026-09-07T12:25:02.9230585Z +                    let q_norm: f32 = query.iter().map(|x| x * x).sum::<f32>().sqrt().max(1e-10);
contracts	Format	2026-09-07T12:25:02.9230998Z                      let mut sims: Vec<(usize, f32)> = episodes
contracts	Format	2026-09-07T12:25:02.9231288Z                          .iter()
contracts	Format	2026-09-07T12:25:02.9231526Z                          .enumerate()
contracts	Format	2026-09-07T12:25:02.9232018Z Diff in /home/runner/work/loom/loom/ruvector/crates/ruvector-robotics/benches/robotics_benchmarks.rs:623:
contracts	Format	2026-09-07T12:25:02.9232510Z                          .map(|(i, ep)| {
contracts	Format	2026-09-07T12:25:02.9232775Z -                            let dot: f32 =
contracts	Format	2026-09-07T12:25:02.9233114Z -                                query.iter().zip(ep.iter()).map(|(a, b)| a * b).sum();
contracts	Format	2026-09-07T12:25:02.9233558Z +                            let dot: f32 = query.iter().zip(ep.iter()).map(|(a, b)| a * b).sum();
contracts	Format	2026-09-07T12:25:02.9233934Z                              let ep_norm: f32 =
contracts	Format	2026-09-07T12:25:02.9234295Z                                  ep.iter().map(|x| x * x).sum::<f32>().sqrt().max(1e-10);
contracts	Format	2026-09-07T12:25:02.9234666Z                              (i, dot / (q_norm * ep_norm))
contracts	Format	2026-09-07T12:25:02.9235163Z Diff in /home/runner/work/loom/loom/ruvector/crates/ruvector-robotics/benches/robotics_benchmarks.rs:647:
contracts	Format	2026-09-07T12:25:02.9235643Z                              .collect()
contracts	Format	2026-09-07T12:25:02.9236054Z                      })
contracts	Format	2026-09-07T12:25:02.9236272Z                      .collect();
contracts	Format	2026-09-07T12:25:02.9236519Z -                let query: Vec<f32> =
contracts	Format	2026-09-07T12:25:02.9236837Z -                    (0..dim).map(|d| pseudo_random_f32(8888, d)).collect();
contracts	Format	2026-09-07T12:25:02.9237271Z +                let query: Vec<f32> = (0..dim).map(|d| pseudo_random_f32(8888, d)).collect();
contracts	Format	2026-09-07T12:25:02.9237634Z  
contracts	Format	2026-09-07T12:25:02.9237821Z                  b.iter(|| {
contracts	Format	2026-09-07T12:25:02.9238091Z                      let mut dists: Vec<(usize, f32)> = episodes
contracts	Format	2026-09-07T12:25:02.9238590Z Diff in /home/runner/work/loom/loom/ruvector/crates/ruvector-robotics/benches/robotics_benchmarks.rs:850:
contracts	Format	2026-09-07T12:25:02.9239179Z                              for ti in 0..nt {
contracts	Format	2026-09-07T12:25:02.9239491Z                                  let dx = robots[ri][0] - tasks[ti][0];
contracts	Format	2026-09-07T12:25:02.9239824Z                                  let dy = robots[ri][1] - tasks[ti][1];
contracts	Format	2026-09-07T12:25:02.9240262Z -                                let value =
contracts	Format	2026-09-07T12:25:02.9240587Z -                                    100.0 - (dx * dx + dy * dy).sqrt() - prices[ti];
contracts	Format	2026-09-07T12:25:02.9241004Z +                                let value = 100.0 - (dx * dx + dy * dy).sqrt() - prices[ti];
contracts	Format	2026-09-07T12:25:02.9241373Z                                  if value > best_val {
contracts	Format	2026-09-07T12:25:02.9241670Z                                      second_val = best_val;
contracts	Format	2026-09-07T12:25:02.9241970Z                                      best_val = value;
contracts	Format	2026-09-07T12:25:02.9242450Z Diff in /home/runner/work/loom/loom/ruvector/crates/ruvector-robotics/benches/robotics_benchmarks.rs:1135:
contracts	Format	2026-09-07T12:25:02.9242954Z      // Benchmark predict_trajectory (lightweight)
contracts	Format	2026-09-07T12:25:02.9243308Z      group.bench_function("predict_trajectory_10steps", |b| {
contracts	Format	2026-09-07T12:25:02.9243650Z          let mut exec = ToolExecutor::new();
contracts	Format	2026-09-07T12:25:02.9243966Z -        let args: HashMap<String, serde_json::Value> =
contracts	Format	2026-09-07T12:25:02.9244304Z -            serde_json::from_value(serde_json::json!({
contracts	Format	2026-09-07T12:25:02.9244595Z -                "position": [0.0, 0.0, 0.0],
contracts	Format	2026-09-07T12:25:02.9244866Z -                "velocity": [1.0, 0.5, 0.0],
contracts	Format	2026-09-07T12:25:02.9245126Z -                "steps": 10,
contracts	Format	2026-09-07T12:25:02.9245357Z -                "dt": 0.1,
contracts	Format	2026-09-07T12:25:02.9245574Z -            }))
contracts	Format	2026-09-07T12:25:02.9245773Z -            .unwrap();
contracts	Format	2026-09-07T12:25:02.9246142Z +        let args: HashMap<String, serde_json::Value> = serde_json::from_value(serde_json::json!({
contracts	Format	2026-09-07T12:25:02.9246567Z +            "position": [0.0, 0.0, 0.0],
contracts	Format	2026-09-07T12:25:02.9246838Z +            "velocity": [1.0, 0.5, 0.0],
contracts	Format	2026-09-07T12:25:02.9247085Z +            "steps": 10,
contracts	Format	2026-09-07T12:25:02.9247408Z +            "dt": 0.1,
contracts	Format	2026-09-07T12:25:02.9247701Z +        }))
contracts	Format	2026-09-07T12:25:02.9247920Z +        .unwrap();
contracts	Format	2026-09-07T12:25:02.9248251Z          let req = ToolRequest {
contracts	Format	2026-09-07T12:25:02.9248534Z              tool_name: "predict_trajectory".to_string(),
contracts	Format	2026-09-07T12:25:02.9248845Z              arguments: args,
contracts	Format	2026-09-07T12:25:02.9249476Z Diff in /home/runner/work/loom/loom/ruvector/crates/ruvector-robotics/benches/robotics_benchmarks.rs:1201:
contracts	Format	2026-09-07T12:25:02.9249986Z          let points = generate_point_cloud(500);
contracts	Format	2026-09-07T12:25:02.9250313Z          let cloud = PointCloud::new(points, 1000);
contracts	Format	2026-09-07T12:25:02.9250670Z          let cloud_json = serde_json::to_string(&cloud).unwrap();
contracts	Format	2026-09-07T12:25:02.9251022Z -        let args: HashMap<String, serde_json::Value> =
contracts	Format	2026-09-07T12:25:02.9251341Z -            serde_json::from_value(serde_json::json!({
contracts	Format	2026-09-07T12:25:02.9251633Z -                "point_cloud_json": cloud_json,
contracts	Format	2026-09-07T12:25:02.9251911Z -                "robot_position": [5.0, 5.0, 0.0],
contracts	Format	2026-09-07T12:25:02.9252173Z -            }))
contracts	Format	2026-09-07T12:25:02.9252370Z -            .unwrap();
contracts	Format	2026-09-07T12:25:02.9252728Z +        let args: HashMap<String, serde_json::Value> = serde_json::from_value(serde_json::json!({
contracts	Format	2026-09-07T12:25:02.9253340Z +            "point_cloud_json": cloud_json,
contracts	Format	2026-09-07T12:25:02.9253634Z +            "robot_position": [5.0, 5.0, 0.0],
contracts	Format	2026-09-07T12:25:02.9253893Z +        }))
contracts	Format	2026-09-07T12:25:02.9254075Z +        .unwrap();
contracts	Format	2026-09-07T12:25:02.9254289Z          let req = ToolRequest {
contracts	Format	2026-09-07T12:25:02.9254563Z              tool_name: "detect_obstacles".to_string(),
contracts	Format	2026-09-07T12:25:02.9254847Z              arguments: args,
contracts	Format	2026-09-07T12:25:02.9255319Z Diff in /home/runner/work/loom/loom/ruvector/crates/ruvector-robotics/examples/behavior_tree.rs:5:
contracts	Format	2026-09-07T12:25:02.9255822Z  //! - Ticking the tree and observing status changes
contracts	Format	2026-09-07T12:25:02.9256170Z  //! - Using the blackboard for inter-node communication
contracts	Format	2026-09-07T12:25:02.9256454Z  
contracts	Format	2026-09-07T12:25:02.9256661Z -use ruvector_robotics::cognitive::{
contracts	Format	2026-09-07T12:25:02.9256995Z -    BehaviorNode, BehaviorStatus, BehaviorTree, DecoratorType,
contracts	Format	2026-09-07T12:25:02.9257314Z -};
contracts	Format	2026-09-07T12:25:02.9257676Z +use ruvector_robotics::cognitive::{BehaviorNode, BehaviorStatus, BehaviorTree, DecoratorType};
contracts	Format	2026-09-07T12:25:02.9258245Z  
contracts	Format	2026-09-07T12:25:02.9258425Z  fn main() {
contracts	Format	2026-09-07T12:25:02.9258649Z      println!("=== Behavior Tree Demo ===\n");
contracts	Format	2026-09-07T12:25:02.9259324Z Diff in /home/runner/work/loom/loom/ruvector/crates/ruvector-robotics/examples/behavior_tree.rs:76:
contracts	Format	2026-09-07T12:25:02.9259769Z  
contracts	Format	2026-09-07T12:25:02.9259945Z      for i in 1..=4 {
contracts	Format	2026-09-07T12:25:02.9260161Z          let s = t2.tick();
contracts	Format	2026-09-07T12:25:02.9260397Z -        println!("  Tick {}: {:?}{}", i, s,
contracts	Format	2026-09-07T12:25:02.9260740Z -            if s == BehaviorStatus::Failure { " (TIMED OUT)" } else { "" }
contracts	Format	2026-09-07T12:25:02.9261074Z +        println!(
contracts	Format	2026-09-07T12:25:02.9261278Z +            "  Tick {}: {:?}{}",
contracts	Format	2026-09-07T12:25:02.9261514Z +            i,
contracts	Format	2026-09-07T12:25:02.9261700Z +            s,
contracts	Format	2026-09-07T12:25:02.9261914Z +            if s == BehaviorStatus::Failure {
contracts	Format	2026-09-07T12:25:02.9262190Z +                " (TIMED OUT)"
contracts	Format	2026-09-07T12:25:02.9262429Z +            } else {
contracts	Format	2026-09-07T12:25:02.9262626Z +                ""
contracts	Format	2026-09-07T12:25:02.9262824Z +            }
contracts	Format	2026-09-07T12:25:02.9263007Z          );
contracts	Format	2026-09-07T12:25:02.9263186Z      }
contracts	Format	2026-09-07T12:25:02.9263399Z  
contracts	Format	2026-09-07T12:25:02.9263777Z Diff in /home/runner/work/loom/loom/ruvector/crates/ruvector-robotics/examples/cognitive_loop.rs:54:
contracts	Format	2026-09-07T12:25:02.9264223Z              // Act
contracts	Format	2026-09-07T12:25:02.9264435Z              let cmd = core.act(decision);
contracts	Format	2026-09-07T12:25:02.9264703Z              match &cmd.action {
contracts	Format	2026-09-07T12:25:02.9265150Z -                ActionType::Move(pos) => println!("  Action: Move to [{:.1}, {:.1}, {:.1}]", pos[0], pos[1], pos[2]),
contracts	Format	2026-09-07T12:25:02.9265610Z +                ActionType::Move(pos) => println!(
contracts	Format	2026-09-07T12:25:02.9265919Z +                    "  Action: Move to [{:.1}, {:.1}, {:.1}]",
contracts	Format	2026-09-07T12:25:02.9266214Z +                    pos[0], pos[1], pos[2]
contracts	Format	2026-09-07T12:25:02.9266459Z +                ),
contracts	Format	2026-09-07T12:25:02.9266747Z                  ActionType::Wait(ms) => println!("  Action: Wait {}ms", ms),
contracts	Format	2026-09-07T12:25:02.9267124Z                  _ => println!("  Action: {:?}", cmd.action),
contracts	Format	2026-09-07T12:25:02.9267408Z              }
contracts	Format	2026-09-07T12:25:02.9267808Z Diff in /home/runner/work/loom/loom/ruvector/crates/ruvector-robotics/examples/obstacle_detection.rs:6:
contracts	Format	2026-09-07T12:25:02.9268331Z  //! - Classifying obstacles as Static, Dynamic, or Unknown
contracts	Format	2026-09-07T12:25:02.9268629Z  
contracts	Format	2026-09-07T12:25:02.9269009Z  use ruvector_robotics::bridge::{Point3D, PointCloud};
contracts	Format	2026-09-07T12:25:02.9269450Z -use ruvector_robotics::perception::{ObstacleDetector, ObstacleClass};
contracts	Format	2026-09-07T12:25:02.9269896Z  use ruvector_robotics::perception::config::ObstacleConfig;
contracts	Format	2026-09-07T12:25:02.9270326Z +use ruvector_robotics::perception::{ObstacleClass, ObstacleDetector};
contracts	Format	2026-09-07T12:25:02.9270674Z  
contracts	Format	2026-09-07T12:25:02.9270857Z  fn main() {
contracts	Format	2026-09-07T12:25:02.9271103Z      println!("=== Obstacle Detection Demo ===\n");
contracts	Format	2026-09-07T12:25:02.9271771Z Diff in /home/runner/work/loom/loom/ruvector/crates/ruvector-robotics/examples/spatial_indexing.rs:16:
contracts	Format	2026-09-07T12:25:02.9272264Z      // Shelves along the x-axis.
contracts	Format	2026-09-07T12:25:02.9272513Z      for row in 0..5 {
contracts	Format	2026-09-07T12:25:02.9272736Z          for col in 0..10 {
contracts	Format	2026-09-07T12:25:02.9273117Z -            points.push(Point3D::new(
contracts	Format	2026-09-07T12:25:02.9292539Z -                col as f32 * 2.0,
contracts	Format	2026-09-07T12:25:02.9292922Z -                row as f32 * 3.0,
contracts	Format	2026-09-07T12:25:02.9293263Z -                0.0,
contracts	Format	2026-09-07T12:25:02.9293553Z -            ));
contracts	Format	2026-09-07T12:25:02.9293912Z +            points.push(Point3D::new(col as f32 * 2.0, row as f32 * 3.0, 0.0));
contracts	Format	2026-09-07T12:25:02.9294273Z          }
contracts	Format	2026-09-07T12:25:02.9294463Z      }
contracts	Format	2026-09-07T12:25:02.9294700Z      // A few elevated points (items on shelves).
contracts	Format	2026-09-07T12:25:02.9295238Z Diff in /home/runner/work/loom/loom/ruvector/crates/ruvector-robotics/examples/swarm_coordination.rs:50:
contracts	Format	2026-09-07T12:25:02.9295716Z  
contracts	Format	2026-09-07T12:25:02.9296142Z      for robot in &robots {
contracts	Format	2026-09-07T12:25:02.9296460Z          let registered = coordinator.register_robot(robot.clone());
contracts	Format	2026-09-07T12:25:02.9296888Z -        println!("Registered robot {} (speed={}, sensors={:?}): {}",
contracts	Format	2026-09-07T12:25:02.9297305Z -            robot.id, robot.max_speed, robot.sensors, registered);
contracts	Format	2026-09-07T12:25:02.9297640Z +        println!(
contracts	Format	2026-09-07T12:25:02.9297910Z +            "Registered robot {} (speed={}, sensors={:?}): {}",
contracts	Format	2026-09-07T12:25:02.9298289Z +            robot.id, robot.max_speed, robot.sensors, registered
contracts	Format	2026-09-07T12:25:02.9298594Z +        );
contracts	Format	2026-09-07T12:25:02.9298782Z      }
contracts	Format	2026-09-07T12:25:02.9299252Z      println!("\nActive robots: {}\n", coordinator.robot_count());
contracts	Format	2026-09-07T12:25:02.9299583Z  
contracts	Format	2026-09-07T12:25:02.9300003Z Diff in /home/runner/work/loom/loom/ruvector/crates/ruvector-robotics/examples/swarm_coordination.rs:105:
contracts	Format	2026-09-07T12:25:02.9300564Z          let positions = coordinator.compute_formation(&formation);
contracts	Format	2026-09-07T12:25:02.9300926Z          println!("  {} formation:", name);
contracts	Format	2026-09-07T12:25:02.9301248Z          for (i, pos) in positions.iter().enumerate() {
contracts	Format	2026-09-07T12:25:02.9301639Z -            println!("    Robot {}: [{:.2}, {:.2}, {:.2}]", i, pos[0], pos[1], pos[2]);
contracts	Format	2026-09-07T12:25:02.9302018Z +            println!(
contracts	Format	2026-09-07T12:25:02.9302256Z +                "    Robot {}: [{:.2}, {:.2}, {:.2}]",
contracts	Format	2026-09-07T12:25:02.9302542Z +                i, pos[0], pos[1], pos[2]
contracts	Format	2026-09-07T12:25:02.9302800Z +            );
contracts	Format	2026-09-07T12:25:02.9302994Z          }
contracts	Format	2026-09-07T12:25:02.9303170Z      }
contracts	Format	2026-09-07T12:25:02.9303347Z  
contracts	Format	2026-09-07T12:25:02.9303760Z Diff in /home/runner/work/loom/loom/ruvector/crates/ruvector-robotics/examples/swarm_coordination.rs:115:
contracts	Format	2026-09-07T12:25:02.9304229Z      println!(
contracts	Format	2026-09-07T12:25:02.9304467Z          "  Proposal: '{}' -> {} (for={}, against={})",
contracts	Format	2026-09-07T12:25:02.9304769Z          result.proposal,
contracts	Format	2026-09-07T12:25:02.9305063Z -        if result.accepted { "ACCEPTED" } else { "REJECTED" },
contracts	Format	2026-09-07T12:25:02.9305407Z +        if result.accepted {
contracts	Format	2026-09-07T12:25:02.9305650Z +            "ACCEPTED"
contracts	Format	2026-09-07T12:25:02.9305858Z +        } else {
contracts	Format	2026-09-07T12:25:02.9306056Z +            "REJECTED"
contracts	Format	2026-09-07T12:25:02.9306257Z +        },
contracts	Format	2026-09-07T12:25:02.9306455Z          result.votes_for,
contracts	Format	2026-09-07T12:25:02.9306695Z          result.votes_against,
contracts	Format	2026-09-07T12:25:02.9306926Z      );
contracts	Format	2026-09-07T12:25:02.9398544Z Diff in /home/runner/work/loom/loom/ruvector/crates/ruvector-robotics/src/bridge/converters.rs:90:
contracts	Format	2026-09-07T12:25:02.9399460Z  }
contracts	Format	2026-09-07T12:25:02.9399654Z  
contracts	Format	2026-09-07T12:25:02.9399994Z  /// Reconstruct a [`RobotState`] from a 9-element vector and a timestamp.
contracts	Format	2026-09-07T12:25:02.9400403Z -pub fn vector_to_robot_state(
contracts	Format	2026-09-07T12:25:02.9400674Z -    v: &[f64],
contracts	Format	2026-09-07T12:25:02.9400887Z -    timestamp: i64,
contracts	Format	2026-09-07T12:25:02.9401142Z -) -> Result<RobotState, ConversionError> {
contracts	Format	2026-09-07T12:25:02.9401609Z +pub fn vector_to_robot_state(v: &[f64], timestamp: i64) -> Result<RobotState, ConversionError> {
contracts	Format	2026-09-07T12:25:02.9402310Z      if v.len() != 9 {
contracts	Format	2026-09-07T12:25:02.9402616Z          return Err(ConversionError::LengthMismatch {
contracts	Format	2026-09-07T12:25:02.9402930Z              expected: 9,
contracts	Format	2026-09-07T12:25:02.9403368Z Diff in /home/runner/work/loom/loom/ruvector/crates/ruvector-robotics/src/bridge/converters.rs:144:
contracts	Format	2026-09-07T12:25:02.9403853Z  type NodeFeatures = Vec<Vec<f64>>;
contracts	Format	2026-09-07T12:25:02.9404138Z  type EdgeList = Vec<(usize, usize, f64)>;
contracts	Format	2026-09-07T12:25:02.9404404Z  
contracts	Format	2026-09-07T12:25:02.9404603Z -pub fn scene_graph_to_adjacency(
contracts	Format	2026-09-07T12:25:02.9404863Z -    scene: &SceneGraph,
contracts	Format	2026-09-07T12:25:02.9405104Z -) -> (NodeFeatures, EdgeList) {
contracts	Format	2026-09-07T12:25:02.9405481Z +pub fn scene_graph_to_adjacency(scene: &SceneGraph) -> (NodeFeatures, EdgeList) {
contracts	Format	2026-09-07T12:25:02.9405895Z      let nodes: Vec<Vec<f64>> = scene
contracts	Format	2026-09-07T12:25:02.9406148Z          .objects
contracts	Format	2026-09-07T12:25:02.9406350Z          .iter()
contracts	Format	2026-09-07T12:25:02.9406745Z Diff in /home/runner/work/loom/loom/ruvector/crates/ruvector-robotics/src/bridge/converters.rs:208:
contracts	Format	2026-09-07T12:25:02.9407526Z          let mut cloud = PointCloud::new(vec![Point3D::new(1.0, 2.0, 3.0)], 0);
contracts	Format	2026-09-07T12:25:02.9407900Z          cloud.intensities = vec![];
contracts	Format	2026-09-07T12:25:02.9408270Z          let err = point_cloud_to_vectors_with_intensity(&cloud).unwrap_err();
contracts	Format	2026-09-07T12:25:02.9408776Z -        assert_eq!(err, ConversionError::LengthMismatch { expected: 1, got: 0 });
contracts	Format	2026-09-07T12:25:02.9409299Z +        assert_eq!(
contracts	Format	2026-09-07T12:25:02.9409515Z +            err,
contracts	Format	2026-09-07T12:25:02.9409751Z +            ConversionError::LengthMismatch {
contracts	Format	2026-09-07T12:25:02.9410040Z +                expected: 1,
contracts	Format	2026-09-07T12:25:02.9410275Z +                got: 0
contracts	Format	2026-09-07T12:25:02.9410487Z +            }
contracts	Format	2026-09-07T12:25:02.9410675Z +        );
contracts	Format	2026-09-07T12:25:02.9410860Z      }
contracts	Format	2026-09-07T12:25:02.9411040Z  
contracts	Format	2026-09-07T12:25:02.9411218Z      #[test]
contracts	Format	2026-09-07T12:25:02.9411610Z Diff in /home/runner/work/loom/loom/ruvector/crates/ruvector-robotics/src/bridge/converters.rs:231:
contracts	Format	2026-09-07T12:25:02.9412113Z      fn test_vectors_to_point_cloud_wrong_dim() {
contracts	Format	2026-09-07T12:25:02.9412418Z          let vecs = vec![vec![1.0, 2.0]];
contracts	Format	2026-09-07T12:25:02.9412743Z          let err = vectors_to_point_cloud(&vecs, 0).unwrap_err();
contracts	Format	2026-09-07T12:25:02.9413181Z -        assert_eq!(err, ConversionError::LengthMismatch { expected: 3, got: 2 });
contracts	Format	2026-09-07T12:25:02.9413552Z +        assert_eq!(
contracts	Format	2026-09-07T12:25:02.9413756Z +            err,
contracts	Format	2026-09-07T12:25:02.9413984Z +            ConversionError::LengthMismatch {
contracts	Format	2026-09-07T12:25:02.9414266Z +                expected: 3,
contracts	Format	2026-09-07T12:25:02.9414496Z +                got: 2
contracts	Format	2026-09-07T12:25:02.9414704Z +            }
contracts	Format	2026-09-07T12:25:02.9414896Z +        );
contracts	Format	2026-09-07T12:25:02.9415081Z      }
contracts	Format	2026-09-07T12:25:02.9415261Z  
contracts	Format	2026-09-07T12:25:02.9415437Z      #[test]
contracts	Format	2026-09-07T12:25:02.9415825Z Diff in /home/runner/work/loom/loom/ruvector/crates/ruvector-robotics/src/bridge/converters.rs:269:
contracts	Format	2026-09-07T12:25:02.9416326Z      fn test_vector_to_robot_state_wrong_len() {
contracts	Format	2026-09-07T12:25:02.9416783Z          let v = vec![1.0, 2.0, 3.0];
contracts	Format	2026-09-07T12:25:02.9417241Z          let err = vector_to_robot_state(&v, 0).unwrap_err();
contracts	Format	2026-09-07T12:25:02.9417891Z -        assert_eq!(err, ConversionError::LengthMismatch { expected: 9, got: 3 });
contracts	Format	2026-09-07T12:25:02.9418422Z +        assert_eq!(
contracts	Format	2026-09-07T12:25:02.9418629Z +            err,
contracts	Format	2026-09-07T12:25:02.9418985Z +            ConversionError::LengthMismatch {
contracts	Format	2026-09-07T12:25:02.9419274Z +                expected: 9,
contracts	Format	2026-09-07T12:25:02.9419503Z +                got: 3
contracts	Format	2026-09-07T12:25:02.9419713Z +            }
contracts	Format	2026-09-07T12:25:02.9419900Z +        );
contracts	Format	2026-09-07T12:25:02.9420079Z      }
contracts	Format	2026-09-07T12:25:02.9420254Z  
contracts	Format	2026-09-07T12:25:02.9420428Z      #[test]
contracts	Format	2026-09-07T12:25:02.9420804Z Diff in /home/runner/work/loom/loom/ruvector/crates/ruvector-robotics/src/bridge/converters.rs:383:
contracts	Format	2026-09-07T12:25:02.9421252Z  
contracts	Format	2026-09-07T12:25:02.9421423Z      #[test]
contracts	Format	2026-09-07T12:25:02.9421850Z      fn test_conversion_error_display() {
contracts	Format	2026-09-07T12:25:02.9422212Z -        let e1 = ConversionError::LengthMismatch { expected: 3, got: 5 };
contracts	Format	2026-09-07T12:25:02.9422601Z +        let e1 = ConversionError::LengthMismatch {
contracts	Format	2026-09-07T12:25:02.9422897Z +            expected: 3,
contracts	Format	2026-09-07T12:25:02.9423116Z +            got: 5,
contracts	Format	2026-09-07T12:25:02.9423311Z +        };
contracts	Format	2026-09-07T12:25:02.9423594Z          assert!(format!("{e1}").contains("3") && format!("{e1}").contains("5"));
contracts	Format	2026-09-07T12:25:02.9424051Z          assert!(format!("{}", ConversionError::EmptyInput).contains("empty"));
contracts	Format	2026-09-07T12:25:02.9424397Z      }
contracts	Format	2026-09-07T12:25:02.9424794Z Diff in /home/runner/work/loom/loom/ruvector/crates/ruvector-robotics/src/bridge/gaussian.rs:75:
contracts	Format	2026-09-07T12:25:02.9425226Z  
contracts	Format	2026-09-07T12:25:02.9425537Z  /// Convert a [`PointCloud`] into a [`GaussianSplatCloud`] by clustering nearby
contracts	Format	2026-09-07T12:25:02.9425950Z  /// points and computing per-cluster statistics.
contracts	Format	2026-09-07T12:25:02.9426395Z -pub fn gaussians_from_cloud(
contracts	Format	2026-09-07T12:25:02.9426643Z -    cloud: &PointCloud,
contracts	Format	2026-09-07T12:25:02.9426926Z -    config: &GaussianConfig,
contracts	Format	2026-09-07T12:25:02.9427172Z -) -> GaussianSplatCloud {
contracts	Format	2026-09-07T12:25:02.9427600Z +pub fn gaussians_from_cloud(cloud: &PointCloud, config: &GaussianConfig) -> GaussianSplatCloud {
contracts	Format	2026-09-07T12:25:02.9428080Z      if cloud.is_empty() || config.cell_size <= 0.0 {
contracts	Format	2026-09-07T12:25:02.9428391Z          return GaussianSplatCloud {
contracts	Format	2026-09-07T12:25:02.9428669Z              gaussians: Vec::new(),
contracts	Format	2026-09-07T12:25:02.9429205Z Diff in /home/runner/work/loom/loom/ruvector/crates/ruvector-robotics/src/bridge/gaussian.rs:191:
contracts	Format	2026-09-07T12:25:02.9429647Z  
contracts	Format	2026-09-07T12:25:02.9429823Z      #[test]
contracts	Format	2026-09-07T12:25:02.9430032Z      fn test_single_cluster() {
contracts	Format	2026-09-07T12:25:02.9430309Z -        let cloud = make_cloud(
contracts	Format	2026-09-07T12:25:02.9430595Z -            &[[1.0, 0.0, 0.0], [1.1, 0.0, 0.0], [1.0, 0.1, 0.0]],
contracts	Format	2026-09-07T12:25:02.9430885Z -            1000,
contracts	Format	2026-09-07T12:25:02.9431093Z -        );
contracts	Format	2026-09-07T12:25:02.9431394Z +        let cloud = make_cloud(&[[1.0, 0.0, 0.0], [1.1, 0.0, 0.0], [1.0, 0.1, 0.0]], 1000);
contracts	Format	2026-09-07T12:25:02.9431860Z          let gs = gaussians_from_cloud(&cloud, &GaussianConfig::default());
contracts	Format	2026-09-07T12:25:02.9432221Z          assert_eq!(gs.len(), 1);
contracts	Format	2026-09-07T12:25:02.9432483Z          let g = &gs.gaussians[0];
contracts	Format	2026-09-07T12:25:02.9432923Z Diff in /home/runner/work/loom/loom/ruvector/crates/ruvector-robotics/src/bridge/gaussian.rs:206:
contracts	Format	2026-09-07T12:25:02.9433383Z      fn test_two_clusters() {
contracts	Format	2026-09-07T12:25:02.9433644Z          let cloud = make_cloud(
contracts	Format	2026-09-07T12:25:02.9433877Z              &[
contracts	Format	2026-09-07T12:25:02.9434096Z -                [0.0, 0.0, 0.0], [0.1, 0.0, 0.0],
contracts	Format	2026-09-07T12:25:02.9434388Z -                [10.0, 10.0, 0.0], [10.1, 10.0, 0.0],
contracts	Format	2026-09-07T12:25:02.9434663Z +                [0.0, 0.0, 0.0],
contracts	Format	2026-09-07T12:25:02.9434892Z +                [0.1, 0.0, 0.0],
contracts	Format	2026-09-07T12:25:02.9435118Z +                [10.0, 10.0, 0.0],
contracts	Format	2026-09-07T12:25:02.9435366Z +                [10.1, 10.0, 0.0],
contracts	Format	2026-09-07T12:25:02.9435592Z              ],
contracts	Format	2026-09-07T12:25:02.9435785Z              2000,
contracts	Format	2026-09-07T12:25:02.9435977Z          );
contracts	Format	2026-09-07T12:25:02.9436350Z Diff in /home/runner/work/loom/loom/ruvector/crates/ruvector-robotics/src/bridge/gaussian.rs:217:
contracts	Format	2026-09-07T12:25:02.9436782Z  
contracts	Format	2026-09-07T12:25:02.9436953Z      #[test]
contracts	Format	2026-09-07T12:25:02.9437165Z      fn test_min_cluster_size_filtering() {
contracts	Format	2026-09-07T12:25:02.9437449Z -        let cloud = make_cloud(
contracts	Format	2026-09-07T12:25:02.9437706Z -            &[[0.0, 0.0, 0.0], [10.0, 10.0, 0.0]],
contracts	Format	2026-09-07T12:25:02.9437969Z -            0,
contracts	Format	2026-09-07T12:25:02.9438157Z -        );
contracts	Format	2026-09-07T12:25:02.9438459Z -        let config = GaussianConfig { min_cluster_size: 3, ..Default::default() };
contracts	Format	2026-09-07T12:25:02.9439027Z +        let cloud = make_cloud(&[[0.0, 0.0, 0.0], [10.0, 10.0, 0.0]], 0);
contracts	Format	2026-09-07T12:25:02.9439401Z +        let config = GaussianConfig {
contracts	Format	2026-09-07T12:25:02.9439821Z +            min_cluster_size: 3,
contracts	Format	2026-09-07T12:25:02.9440078Z +            ..Default::default()
contracts	Format	2026-09-07T12:25:02.9440301Z +        };
contracts	Format	2026-09-07T12:25:02.9440529Z          let gs = gaussians_from_cloud(&cloud, &config);
contracts	Format	2026-09-07T12:25:02.9440824Z          assert!(gs.is_empty());
contracts	Format	2026-09-07T12:25:02.9441051Z      }
contracts	Format	2026-09-07T12:25:02.9441431Z Diff in /home/runner/work/loom/loom/ruvector/crates/ruvector-robotics/src/bridge/gaussian.rs:229:
contracts	Format	2026-09-07T12:25:02.9441864Z      #[test]
contracts	Format	2026-09-07T12:25:02.9442068Z      fn test_scale_reflects_spread() {
contracts	Format	2026-09-07T12:25:02.9442426Z          // Use a larger cell size so all three points end up in one cluster.
contracts	Format	2026-09-07T12:25:02.9442783Z -        let cloud = make_cloud(
contracts	Format	2026-09-07T12:25:02.9443059Z -            &[[0.0, 0.0, 0.0], [0.3, 0.0, 0.0], [0.15, 0.0, 0.0]],
contracts	Format	2026-09-07T12:25:02.9443348Z -            0,
contracts	Format	2026-09-07T12:25:02.9443536Z -        );
contracts	Format	2026-09-07T12:25:02.9443818Z +        let cloud = make_cloud(&[[0.0, 0.0, 0.0], [0.3, 0.0, 0.0], [0.15, 0.0, 0.0]], 0);
contracts	Format	2026-09-07T12:25:02.9444416Z          let gs = gaussians_from_cloud(&cloud, &GaussianConfig::default());
contracts	Format	2026-09-07T12:25:02.9444772Z          assert_eq!(gs.len(), 1);
contracts	Format	2026-09-07T12:25:02.9445020Z          let g = &gs.gaussians[0];
contracts	Format	2026-09-07T12:25:02.9445449Z Diff in /home/runner/work/loom/loom/ruvector/crates/ruvector-robotics/src/bridge/gaussian.rs:265:
contracts	Format	2026-09-07T12:25:02.9445890Z      #[test]
contracts	Format	2026-09-07T12:25:02.9446145Z      fn test_zero_cell_size() {
contracts	Format	2026-09-07T12:25:02.9446552Z          let cloud = make_cloud(&[[1.0, 0.0, 0.0]], 0);
contracts	Format	2026-09-07T12:25:02.9447148Z -        let config = GaussianConfig { cell_size: 0.0, ..Default::default() };
contracts	Format	2026-09-07T12:25:02.9447727Z +        let config = GaussianConfig {
contracts	Format	2026-09-07T12:25:02.9448034Z +            cell_size: 0.0,
contracts	Format	2026-09-07T12:25:02.9448269Z +            ..Default::default()
contracts	Format	2026-09-07T12:25:02.9448498Z +        };
contracts	Format	2026-09-07T12:25:02.9448722Z          let gs = gaussians_from_cloud(&cloud, &config);
contracts	Format	2026-09-07T12:25:02.9449120Z          assert!(gs.is_empty());
contracts	Format	2026-09-07T12:25:02.9449366Z      }
contracts	Format	2026-09-07T12:25:02.9449757Z Diff in /home/runner/work/loom/loom/ruvector/crates/ruvector-robotics/src/bridge/indexing.rs:96:
contracts	Format	2026-09-07T12:25:02.9450432Z  
contracts	Format	2026-09-07T12:25:02.9450608Z  #[inline]
contracts	Format	2026-09-07T12:25:02.9450846Z  fn manhattan_distance(a: &[f32], b: &[f32]) -> f32 {
contracts	Format	2026-09-07T12:25:02.9451134Z -    a.iter()
contracts	Format	2026-09-07T12:25:02.9451330Z -        .zip(b.iter())
contracts	Format	2026-09-07T12:25:02.9451598Z -        .map(|(x, y)| (x - y).abs())
contracts	Format	2026-09-07T12:25:02.9451848Z -        .sum()
contracts	Format	2026-09-07T12:25:02.9452099Z +    a.iter().zip(b.iter()).map(|(x, y)| (x - y).abs()).sum()
contracts	Format	2026-09-07T12:25:02.9452404Z  }
contracts	Format	2026-09-07T12:25:02.9452577Z  
contracts	Format	2026-09-07T12:25:02.9452854Z  /// Cosine distance in a single fused loop (dot + both norms together).
contracts	Format	2026-09-07T12:25:02.9453386Z Diff in /home/runner/work/loom/loom/ruvector/crates/ruvector-robotics/src/bridge/indexing.rs:174:
contracts	Format	2026-09-07T12:25:02.9453817Z      ///
contracts	Format	2026-09-07T12:25:02.9454102Z      /// For the Euclidean metric, squared distances are used internally and
contracts	Format	2026-09-07T12:25:02.9454515Z      /// only the final `k` results are square-rooted.
contracts	Format	2026-09-07T12:25:02.9454822Z -    pub fn search_nearest(
contracts	Format	2026-09-07T12:25:02.9455049Z -        &self,
contracts	Format	2026-09-07T12:25:02.9455243Z -        query: &[f32],
contracts	Format	2026-09-07T12:25:02.9455452Z -        k: usize,
contracts	Format	2026-09-07T12:25:02.9455686Z -    ) -> Result<Vec<(usize, f32)>, IndexError> {
contracts	Format	2026-09-07T12:25:02.9456131Z +    pub fn search_nearest(&self, query: &[f32], k: usize) -> Result<Vec<(usize, f32)>, IndexError> {
contracts	Format	2026-09-07T12:25:02.9456553Z          let n = self.len();
contracts	Format	2026-09-07T12:25:02.9456777Z          if n == 0 {
contracts	Format	2026-09-07T12:25:02.9457031Z              return Err(IndexError::EmptyIndex);
contracts	Format	2026-09-07T12:25:02.9457494Z Diff in /home/runner/work/loom/loom/ruvector/crates/ruvector-robotics/src/bridge/indexing.rs:220:
contracts	Format	2026-09-07T12:25:02.9457963Z          let mut result: Vec<(usize, f32)> = heap
contracts	Format	2026-09-07T12:25:02.9458238Z              .into_iter()
contracts	Format	2026-09-07T12:25:02.9458461Z              .map(|e| {
contracts	Format	2026-09-07T12:25:02.9459138Z -                let dist = if use_sq { e.distance.sqrt() } else { e.distance };
contracts	Format	2026-09-07T12:25:02.9459498Z +                let dist = if use_sq {
contracts	Format	2026-09-07T12:25:02.9459762Z +                    e.distance.sqrt()
contracts	Format	2026-09-07T12:25:02.9460011Z +                } else {
contracts	Format	2026-09-07T12:25:02.9460226Z +                    e.distance
contracts	Format	2026-09-07T12:25:02.9460450Z +                };
contracts	Format	2026-09-07T12:25:02.9460663Z                  (e.index, dist)
contracts	Format	2026-09-07T12:25:02.9460897Z              })
contracts	Format	2026-09-07T12:25:02.9461098Z              .collect();
contracts	Format	2026-09-07T12:25:02.9461492Z Diff in /home/runner/work/loom/loom/ruvector/crates/ruvector-robotics/src/bridge/indexing.rs:401:
contracts	Format	2026-09-07T12:25:02.9461954Z          let mut idx = SpatialIndex::new(3);
contracts	Format	2026-09-07T12:25:02.9462250Z          idx.insert_vectors(&[vec![1.0, 2.0, 3.0]]);
contracts	Format	2026-09-07T12:25:02.9462651Z          let err = idx.search_nearest(&[0.0, 0.0], 1).unwrap_err();
contracts	Format	2026-09-07T12:25:02.9463322Z -        assert_eq!(err, IndexError::DimensionMismatch { expected: 3, got: 2 });
contracts	Format	2026-09-07T12:25:02.9464053Z +        assert_eq!(
contracts	Format	2026-09-07T12:25:02.9464345Z +            err,
contracts	Format	2026-09-07T12:25:02.9464578Z +            IndexError::DimensionMismatch {
contracts	Format	2026-09-07T12:25:02.9464863Z +                expected: 3,
contracts	Format	2026-09-07T12:25:02.9465095Z +                got: 2
contracts	Format	2026-09-07T12:25:02.9465301Z +            }
contracts	Format	2026-09-07T12:25:02.9465488Z +        );
contracts	Format	2026-09-07T12:25:02.9465669Z      }
contracts	Format	2026-09-07T12:25:02.9465851Z  
contracts	Format	2026-09-07T12:25:02.9466031Z      #[test]
contracts	Format	2026-09-07T12:25:02.9466407Z Diff in /home/runner/work/loom/loom/ruvector/crates/ruvector-robotics/src/bridge/indexing.rs:499:
contracts	Format	2026-09-07T12:25:02.9466847Z  
contracts	Format	2026-09-07T12:25:02.9467020Z      #[test]
contracts	Format	2026-09-07T12:25:02.9467222Z      fn test_index_error_display() {
contracts	Format	2026-09-07T12:25:02.9467565Z -        let e = IndexError::DimensionMismatch { expected: 3, got: 5 };
contracts	Format	2026-09-07T12:25:02.9467941Z +        let e = IndexError::DimensionMismatch {
contracts	Format	2026-09-07T12:25:02.9468223Z +            expected: 3,
contracts	Format	2026-09-07T12:25:02.9468457Z +            got: 5,
contracts	Format	2026-09-07T12:25:02.9468658Z +        };
contracts	Format	2026-09-07T12:25:02.9468971Z          assert!(format!("{e}").contains("3"));
contracts	Format	2026-09-07T12:25:02.9469338Z          assert!(format!("{}", IndexError::EmptyIndex).contains("empty"));
contracts	Format	2026-09-07T12:25:02.9469677Z      }
contracts	Format	2026-09-07T12:25:02.9470046Z Diff in /home/runner/work/loom/loom/ruvector/crates/ruvector-robotics/src/bridge/mod.rs:72:
contracts	Format	2026-09-07T12:25:02.9470474Z  
contracts	Format	2026-09-07T12:25:02.9470670Z  impl Default for Quaternion {
contracts	Format	2026-09-07T12:25:02.9470917Z      fn default() -> Self {
contracts	Format	2026-09-07T12:25:02.9471168Z -        Self { x: 0.0, y: 0.0, z: 0.0, w: 1.0 }
contracts	Format	2026-09-07T12:25:02.9471436Z +        Self {
contracts	Format	2026-09-07T12:25:02.9471630Z +            x: 0.0,
contracts	Format	2026-09-07T12:25:02.9471825Z +            y: 0.0,
contracts	Format	2026-09-07T12:25:02.9472016Z +            z: 0.0,
contracts	Format	2026-09-07T12:25:02.9472209Z +            w: 1.0,
contracts	Format	2026-09-07T12:25:02.9472399Z +        }
contracts	Format	2026-09-07T12:25:02.9472582Z      }
contracts	Format	2026-09-07T12:25:02.9472758Z  }
contracts	Format	2026-09-07T12:25:02.9472946Z  
contracts	Format	2026-09-07T12:25:02.9473287Z Diff in /home/runner/work/loom/loom/ruvector/crates/ruvector-robotics/src/bridge/mod.rs:250:
contracts	Format	2026-09-07T12:25:02.9473703Z  
contracts	Format	2026-09-07T12:25:02.9473881Z  impl SceneGraph {
contracts	Format	2026-09-07T12:25:02.9474231Z      pub fn new(objects: Vec<SceneObject>, edges: Vec<SceneEdge>, timestamp: i64) -> Self {
contracts	Format	2026-09-07T12:25:02.9474646Z -        Self { objects, edges, timestamp }
contracts	Format	2026-09-07T12:25:02.9474906Z +        Self {
contracts	Format	2026-09-07T12:25:02.9475096Z +            objects,
contracts	Format	2026-09-07T12:25:02.9475301Z +            edges,
contracts	Format	2026-09-07T12:25:02.9475506Z +            timestamp,
contracts	Format	2026-09-07T12:25:02.9475715Z +        }
contracts	Format	2026-09-07T12:25:02.9475901Z      }
contracts	Format	2026-09-07T12:25:02.9476073Z  }
contracts	Format	2026-09-07T12:25:02.9476240Z  
contracts	Format	2026-09-07T12:25:02.9476583Z Diff in /home/runner/work/loom/loom/ruvector/crates/ruvector-robotics/src/bridge/mod.rs:264:
contracts	Format	2026-09-07T12:25:02.9476997Z  
contracts	Format	2026-09-07T12:25:02.9477170Z  impl Trajectory {
contracts	Format	2026-09-07T12:25:02.9477510Z      pub fn new(waypoints: Vec<[f64; 3]>, timestamps: Vec<i64>, confidence: f64) -> Self {
contracts	Format	2026-09-07T12:25:02.9478115Z -        Self { waypoints, timestamps, confidence }
contracts	Format	2026-09-07T12:25:02.9478406Z +        Self {
contracts	Format	2026-09-07T12:25:02.9478607Z +            waypoints,
contracts	Format	2026-09-07T12:25:02.9478826Z +            timestamps,
contracts	Format	2026-09-07T12:25:02.9479177Z +            confidence,
contracts	Format	2026-09-07T12:25:02.9479386Z +        }
contracts	Format	2026-09-07T12:25:02.9479572Z      }
contracts	Format	2026-09-07T12:25:02.9479752Z  
contracts	Format	2026-09-07T12:25:02.9479945Z      pub fn len(&self) -> usize {
contracts	Format	2026-09-07T12:25:02.9480381Z Diff in /home/runner/work/loom/loom/ruvector/crates/ruvector-robotics/src/bridge/mod.rs:364:
contracts	Format	2026-09-07T12:25:02.9480807Z  
contracts	Format	2026-09-07T12:25:02.9480981Z      #[test]
contracts	Format	2026-09-07T12:25:02.9481183Z      fn test_trajectory() {
contracts	Format	2026-09-07T12:25:02.9481433Z -        let t = Trajectory::new(
contracts	Format	2026-09-07T12:25:02.9481692Z -            vec![[1.0, 2.0, 3.0], [4.0, 5.0, 6.0]],
contracts	Format	2026-09-07T12:25:02.9481968Z -            vec![100, 200],
contracts	Format	2026-09-07T12:25:02.9482214Z -            0.95,
contracts	Format	2026-09-07T12:25:02.9482547Z -        );
contracts	Format	2026-09-07T12:25:02.9482863Z +        let t = Trajectory::new(vec![[1.0, 2.0, 3.0], [4.0, 5.0, 6.0]], vec![100, 200], 0.95);
contracts	Format	2026-09-07T12:25:02.9483247Z          assert_eq!(t.len(), 2);
contracts	Format	2026-09-07T12:25:02.9483500Z          assert!(!t.is_empty());
contracts	Format	2026-09-07T12:25:02.9483726Z      }
contracts	Format	2026-09-07T12:25:02.9486447Z Diff in /home/runner/work/loom/loom/ruvector/crates/ruvector-robotics/src/bridge/pipeline.rs:185:
contracts	Format	2026-09-07T12:25:02.9487193Z          let n = self.position_history.len();
contracts	Format	2026-09-07T12:25:02.9487598Z          let prev = &self.position_history[n - 2];
contracts	Format	2026-09-07T12:25:02.9487915Z          let curr = &self.position_history[n - 1];
contracts	Format	2026-09-07T12:25:02.9488183Z -        let vel = [
contracts	Format	2026-09-07T12:25:02.9488399Z -            curr[0] - prev[0],
contracts	Format	2026-09-07T12:25:02.9488638Z -            curr[1] - prev[1],
contracts	Format	2026-09-07T12:25:02.9489013Z -            curr[2] - prev[2],
contracts	Format	2026-09-07T12:25:02.9489232Z -        ];
contracts	Format	2026-09-07T12:25:02.9489503Z +        let vel = [curr[0] - prev[0], curr[1] - prev[1], curr[2] - prev[2]];
contracts	Format	2026-09-07T12:25:02.9489853Z  
contracts	Format	2026-09-07T12:25:02.9490124Z          // Predict 5 steps into the future with constant velocity.
contracts	Format	2026-09-07T12:25:02.9490450Z          let steps = 5;
contracts	Format	2026-09-07T12:25:02.9490851Z Diff in /home/runner/work/loom/loom/ruvector/crates/ruvector-robotics/src/bridge/pipeline.rs:215:
contracts	Format	2026-09-07T12:25:02.9491300Z      use super::*;
contracts	Format	2026-09-07T12:25:02.9491599Z      use crate::bridge::{Point3D, PointCloud, RobotState, SensorFrame};
contracts	Format	2026-09-07T12:25:02.9491940Z  
contracts	Format	2026-09-07T12:25:02.9492115Z -    fn make_frame(
contracts	Format	2026-09-07T12:25:02.9492329Z -        points: Vec<Point3D>,
contracts	Format	2026-09-07T12:25:02.9492580Z -        position: [f64; 3],
contracts	Format	2026-09-07T12:25:02.9492809Z -        ts: i64,
contracts	Format	2026-09-07T12:25:02.9493013Z -    ) -> SensorFrame {
contracts	Format	2026-09-07T12:25:02.9493359Z +    fn make_frame(points: Vec<Point3D>, position: [f64; 3], ts: i64) -> SensorFrame {
contracts	Format	2026-09-07T12:25:02.9493748Z          SensorFrame {
contracts	Format	2026-09-07T12:25:02.9493999Z              cloud: Some(PointCloud::new(points, ts)),
contracts	Format	2026-09-07T12:25:02.9494305Z              state: Some(RobotState {
contracts	Format	2026-09-07T12:25:02.9494750Z Diff in /home/runner/work/loom/loom/ruvector/crates/ruvector-robotics/src/bridge/pipeline.rs:272:
contracts	Format	2026-09-07T12:25:02.9495204Z              ..Default::default()
contracts	Format	2026-09-07T12:25:02.9495439Z          };
contracts	Format	2026-09-07T12:25:02.9495694Z          let mut pipeline = PerceptionPipeline::new(config);
contracts	Format	2026-09-07T12:25:02.9496014Z -        let frame = make_frame(
contracts	Format	2026-09-07T12:25:02.9496280Z -            vec![Point3D::new(10.0, 10.0, 10.0)],
contracts	Format	2026-09-07T12:25:02.9496557Z -            [0.0, 0.0, 0.0],
contracts	Format	2026-09-07T12:25:02.9496779Z -            1000,
contracts	Format	2026-09-07T12:25:02.9496972Z -        );
contracts	Format	2026-09-07T12:25:02.9497285Z +        let frame = make_frame(vec![Point3D::new(10.0, 10.0, 10.0)], [0.0, 0.0, 0.0], 1000);
contracts	Format	2026-09-07T12:25:02.9497714Z          let result = pipeline.process_frame(&frame);
contracts	Format	2026-09-07T12:25:02.9498031Z          assert!(result.obstacles.is_empty());
contracts	Format	2026-09-07T12:25:02.9498301Z      }
contracts	Format	2026-09-07T12:25:02.9498848Z Diff in /home/runner/work/loom/loom/ruvector/crates/ruvector-robotics/src/bridge/pipeline.rs:335:
contracts	Format	2026-09-07T12:25:02.9499415Z          };
contracts	Format	2026-09-07T12:25:02.9499659Z          let mut pipeline = PerceptionPipeline::new(config);
contracts	Format	2026-09-07T12:25:02.9499972Z          let frame = make_frame(
contracts	Format	2026-09-07T12:25:02.9500205Z -            vec![
contracts	Format	2026-09-07T12:25:02.9500428Z -                Point3D::new(1.0, 0.0, 0.0),
contracts	Format	2026-09-07T12:25:02.9500706Z -                Point3D::new(2.0, 0.0, 0.0),
contracts	Format	2026-09-07T12:25:02.9500958Z -            ],
contracts	Format	2026-09-07T12:25:02.9501233Z +            vec![Point3D::new(1.0, 0.0, 0.0), Point3D::new(2.0, 0.0, 0.0)],
contracts	Format	2026-09-07T12:25:02.9501570Z              [0.0, 0.0, 0.0],
contracts	Format	2026-09-07T12:25:02.9501802Z              0,
contracts	Format	2026-09-07T12:25:02.9501985Z          );
contracts	Format	2026-09-07T12:25:02.9502345Z Diff in /home/runner/work/loom/loom/ruvector/crates/ruvector-robotics/src/bridge/pipeline.rs:368:
contracts	Format	2026-09-07T12:25:02.9502768Z          };
contracts	Format	2026-09-07T12:25:02.9503000Z          let mut pipeline = PerceptionPipeline::new(config);
contracts	Format	2026-09-07T12:25:02.9503431Z  
contracts	Format	2026-09-07T12:25:02.9503616Z -        let f1 = make_frame(
contracts	Format	2026-09-07T12:25:02.9503877Z -            vec![Point3D::new(1.0, 0.0, 0.0)],
contracts	Format	2026-09-07T12:25:02.9504144Z -            [0.0, 0.0, 0.0],
contracts	Format	2026-09-07T12:25:02.9504356Z -            0,
contracts	Format	2026-09-07T12:25:02.9504539Z -        );
contracts	Format	2026-09-07T12:25:02.9504824Z +        let f1 = make_frame(vec![Point3D::new(1.0, 0.0, 0.0)], [0.0, 0.0, 0.0], 0);
contracts	Format	2026-09-07T12:25:02.9505195Z          pipeline.process_frame(&f1);
contracts	Format	2026-09-07T12:25:02.9505475Z          assert_eq!(pipeline.index().len(), 1);
contracts	Format	2026-09-07T12:25:02.9505737Z  
contracts	Format	2026-09-07T12:25:02.9512994Z Diff in /home/runner/work/loom/loom/ruvector/crates/ruvector-robotics/src/cognitive/behavior_tree.rs:112:
contracts	Format	2026-09-07T12:25:02.9513757Z  
contracts	Format	2026-09-07T12:25:02.9513986Z      /// Set the result that a named action should return.
contracts	Format	2026-09-07T12:25:02.9514407Z      pub fn set_action_result(&mut self, name: &str, status: BehaviorStatus) {
contracts	Format	2026-09-07T12:25:02.9514791Z -        self.context
contracts	Format	2026-09-07T12:25:02.9515010Z -            .action_results
contracts	Format	2026-09-07T12:25:02.9515266Z -            .insert(name.to_string(), status);
contracts	Format	2026-09-07T12:25:02.9515628Z +        self.context.action_results.insert(name.to_string(), status);
contracts	Format	2026-09-07T12:25:02.9515962Z      }
contracts	Format	2026-09-07T12:25:02.9516133Z  
contracts	Format	2026-09-07T12:25:02.9516330Z      /// Read-only access to the context.
contracts	Format	2026-09-07T12:25:02.9529821Z Diff in /home/runner/work/loom/loom/ruvector/crates/ruvector-robotics/src/cognitive/cognitive_core.rs:155:
contracts	Format	2026-09-07T12:25:02.9530577Z          }
contracts	Format	2026-09-07T12:25:02.9530778Z  
contracts	Format	2026-09-07T12:25:02.9531088Z          // Simple heuristic: pick the most confident percept and derive an action.
contracts	Format	2026-09-07T12:25:02.9531467Z -        let best = self
contracts	Format	2026-09-07T12:25:02.9531699Z -            .percept_buffer
contracts	Format	2026-09-07T12:25:02.9531921Z -            .iter()
contracts	Format	2026-09-07T12:25:02.9532337Z -            .max_by(|a, b| a.confidence.partial_cmp(&b.confidence).unwrap_or(std::cmp::Ordering::Equal))?;
contracts	Format	2026-09-07T12:25:02.9532878Z +        let best = self.percept_buffer.iter().max_by(|a, b| {
contracts	Format	2026-09-07T12:25:02.9533201Z +            a.confidence
contracts	Format	2026-09-07T12:25:02.9533445Z +                .partial_cmp(&b.confidence)
contracts	Format	2026-09-07T12:25:02.9533745Z +                .unwrap_or(std::cmp::Ordering::Equal)
contracts	Format	2026-09-07T12:25:02.9534019Z +        })?;
contracts	Format	2026-09-07T12:25:02.9534202Z  
contracts	Format	2026-09-07T12:25:02.9534417Z          let action_type = if best.data.len() >= 3 {
contracts	Format	2026-09-07T12:25:02.9534792Z              ActionType::Move([best.data[0], best.data[1], best.data[2]])
contracts	Format	2026-09-07T12:25:02.9535363Z Diff in /home/runner/work/loom/loom/ruvector/crates/ruvector-robotics/src/cognitive/cognitive_core.rs:176:
contracts	Format	2026-09-07T12:25:02.9535842Z                  },
contracts	Format	2026-09-07T12:25:02.9536065Z                  confidence: best.confidence,
contracts	Format	2026-09-07T12:25:02.9536326Z              },
contracts	Format	2026-09-07T12:25:02.9536688Z -            reasoning: format!("Best percept from '{}' (conf={:.2})", best.source, best.confidence),
contracts	Format	2026-09-07T12:25:02.9537288Z +            reasoning: format!(
contracts	Format	2026-09-07T12:25:02.9537565Z +                "Best percept from '{}' (conf={:.2})",
contracts	Format	2026-09-07T12:25:02.9537869Z +                best.source, best.confidence
contracts	Format	2026-09-07T12:25:02.9538123Z +            ),
contracts	Format	2026-09-07T12:25:02.9538329Z              utility: best.confidence,
contracts	Format	2026-09-07T12:25:02.9538578Z          };
contracts	Format	2026-09-07T12:25:02.9538757Z  
contracts	Format	2026-09-07T12:25:02.9539316Z Diff in /home/runner/work/loom/loom/ruvector/crates/ruvector-robotics/src/cognitive/cognitive_core.rs:197:
contracts	Format	2026-09-07T12:25:02.9539790Z  
contracts	Format	2026-09-07T12:25:02.9540044Z          // Adjust attention threshold based on success/failure.
contracts	Format	2026-09-07T12:25:02.9540382Z          if outcome.success {
contracts	Format	2026-09-07T12:25:02.9540657Z -            self.config.attention_threshold =
contracts	Format	2026-09-07T12:25:02.9541004Z -                (self.config.attention_threshold - 0.01).max(0.1);
contracts	Format	2026-09-07T12:25:02.9541489Z +            self.config.attention_threshold = (self.config.attention_threshold - 0.01).max(0.1);
contracts	Format	2026-09-07T12:25:02.9542049Z          } else {
contracts	Format	2026-09-07T12:25:02.9542282Z -            self.config.attention_threshold =
contracts	Format	2026-09-07T12:25:02.9542620Z -                (self.config.attention_threshold + 0.01).min(0.9);
contracts	Format	2026-09-07T12:25:02.9543073Z +            self.config.attention_threshold = (self.config.attention_threshold + 0.01).min(0.9);
contracts	Format	2026-09-07T12:25:02.9543475Z          }
contracts	Format	2026-09-07T12:25:02.9543661Z  
contracts	Format	2026-09-07T12:25:02.9543915Z          // Clear processed percepts so the next cycle starts fresh.
contracts	Format	2026-09-07T12:25:02.9557403Z Diff in /home/runner/work/loom/loom/ruvector/crates/ruvector-robotics/src/cognitive/memory_system.rs:42:
contracts	Format	2026-09-07T12:25:02.9558205Z      pub fn add(&mut self, item: MemoryItem) {
contracts	Format	2026-09-07T12:25:02.9558518Z          if self.items.len() >= self.max_size {
contracts	Format	2026-09-07T12:25:02.9558823Z              // Evict least important.
contracts	Format	2026-09-07T12:25:02.9559229Z -            if let Some((idx, _)) = self
contracts	Format	2026-09-07T12:25:02.9559490Z -                .items
contracts	Format	2026-09-07T12:25:02.9559703Z -                .iter()
contracts	Format	2026-09-07T12:25:02.9559946Z -                .enumerate()
contracts	Format	2026-09-07T12:25:02.9560188Z -                .min_by(|(_, a), (_, b)| {
contracts	Format	2026-09-07T12:25:02.9560463Z -                    a.importance
contracts	Format	2026-09-07T12:25:02.9560733Z -                        .partial_cmp(&b.importance)
contracts	Format	2026-09-07T12:25:02.9561065Z -                        .unwrap_or(std::cmp::Ordering::Equal)
contracts	Format	2026-09-07T12:25:02.9561357Z -                })
contracts	Format	2026-09-07T12:25:02.9561559Z -            {
contracts	Format	2026-09-07T12:25:02.9561879Z +            if let Some((idx, _)) = self.items.iter().enumerate().min_by(|(_, a), (_, b)| {
contracts	Format	2026-09-07T12:25:02.9562253Z +                a.importance
contracts	Format	2026-09-07T12:25:02.9562499Z +                    .partial_cmp(&b.importance)
contracts	Format	2026-09-07T12:25:02.9562813Z +                    .unwrap_or(std::cmp::Ordering::Equal)
contracts	Format	2026-09-07T12:25:02.9563091Z +            }) {
contracts	Format	2026-09-07T12:25:02.9563307Z                  self.items.remove(idx);
contracts	Format	2026-09-07T12:25:02.9563563Z              }
contracts	Format	2026-09-07T12:25:02.9563746Z          }
contracts	Format	2026-09-07T12:25:02.9710214Z Diff in /home/runner/work/loom/loom/ruvector/crates/ruvector-robotics/src/domain_expansion.rs:25:
contracts	Format	2026-09-07T12:25:02.9711060Z  //!   graph traversal) directly appear in perception and planning kernels.
contracts	Format	2026-09-07T12:25:02.9711609Z  
contracts	Format	2026-09-07T12:25:02.9711867Z  use rand::Rng;
contracts	Format	2026-09-07T12:25:02.9712435Z -use ruvector_domain_expansion::domain::{Domain, DomainEmbedding, DomainId, Evaluation, Solution, Task};
contracts	Format	2026-09-07T12:25:02.9713104Z +use ruvector_domain_expansion::domain::{
contracts	Format	2026-09-07T12:25:02.9713597Z +    Domain, DomainEmbedding, DomainId, Evaluation, Solution, Task,
contracts	Format	2026-09-07T12:25:02.9714107Z +};
contracts	Format	2026-09-07T12:25:02.9714431Z  use serde::{Deserialize, Serialize};
contracts	Format	2026-09-07T12:25:02.9714823Z  
contracts	Format	2026-09-07T12:25:02.9715101Z  const EMBEDDING_DIM: usize = 64;
contracts	Format	2026-09-07T12:25:02.9715812Z Diff in /home/runner/work/loom/loom/ruvector/crates/ruvector-robotics/src/domain_expansion.rs:120:
contracts	Format	2026-09-07T12:25:02.9716799Z      // -- task generators ---------------------------------------------------
contracts	Format	2026-09-07T12:25:02.9717897Z  
contracts	Format	2026-09-07T12:25:02.9718425Z      fn gen_clustering(&self, difficulty: f32, rng: &mut impl Rng) -> RoboticsTaskSpec {
contracts	Format	2026-09-07T12:25:02.9719500Z -        let num_clusters = if difficulty < 0.3 { 2 } else if difficulty < 0.7 { 5 } else { 10 };
contracts	Format	2026-09-07T12:25:02.9720181Z +        let num_clusters = if difficulty < 0.3 {
contracts	Format	2026-09-07T12:25:02.9720628Z +            2
contracts	Format	2026-09-07T12:25:02.9720954Z +        } else if difficulty < 0.7 {
contracts	Format	2026-09-07T12:25:02.9721379Z +            5
contracts	Format	2026-09-07T12:25:02.9721685Z +        } else {
contracts	Format	2026-09-07T12:25:02.9721981Z +            10
contracts	Format	2026-09-07T12:25:02.9722263Z +        };
contracts	Format	2026-09-07T12:25:02.9722664Z          let pts_per_cluster = if difficulty < 0.3 { 10 } else { 20 };
contracts	Format	2026-09-07T12:25:02.9723262Z          let spread = if difficulty < 0.5 { 0.5 } else { 2.0 };
contracts	Format	2026-09-07T12:25:02.9723572Z  
contracts	Format	2026-09-07T12:25:02.9723965Z Diff in /home/runner/work/loom/loom/ruvector/crates/ruvector-robotics/src/domain_expansion.rs:155:
contracts	Format	2026-09-07T12:25:02.9724617Z      }
contracts	Format	2026-09-07T12:25:02.9724809Z  
contracts	Format	2026-09-07T12:25:02.9725143Z      fn gen_avoidance(&self, difficulty: f32, rng: &mut impl Rng) -> RoboticsTaskSpec {
contracts	Format	2026-09-07T12:25:02.9725748Z -        let num_obstacles = if difficulty < 0.3 { 3 } else if difficulty < 0.7 { 8 } else { 15 };
contracts	Format	2026-09-07T12:25:02.9726192Z +        let num_obstacles = if difficulty < 0.3 {
contracts	Format	2026-09-07T12:25:02.9726477Z +            3
contracts	Format	2026-09-07T12:25:02.9726692Z +        } else if difficulty < 0.7 {
contracts	Format	2026-09-07T12:25:02.9726940Z +            8
contracts	Format	2026-09-07T12:25:02.9727126Z +        } else {
contracts	Format	2026-09-07T12:25:02.9727330Z +            15
contracts	Format	2026-09-07T12:25:02.9727520Z +        };
contracts	Format	2026-09-07T12:25:02.9727745Z          let mut obstacles = Vec::new();
contracts	Format	2026-09-07T12:25:02.9728026Z          for _ in 0..num_obstacles {
contracts	Format	2026-09-07T12:25:02.9728300Z              obstacles.push(TaskObstacle {
contracts	Format	2026-09-07T12:25:02.9728786Z Diff in /home/runner/work/loom/loom/ruvector/crates/ruvector-robotics/src/domain_expansion.rs:162:
contracts	Format	2026-09-07T12:25:02.9729398Z -                center: [
contracts	Format	2026-09-07T12:25:02.9729654Z -                    rng.gen_range(1.0..9.0),
contracts	Format	2026-09-07T12:25:02.9729934Z -                    rng.gen_range(1.0..9.0),
contracts	Format	2026-09-07T12:25:02.9730191Z -                    0.0,
contracts	Format	2026-09-07T12:25:02.9730407Z -                ],
contracts	Format	2026-09-07T12:25:02.9730706Z +                center: [rng.gen_range(1.0..9.0), rng.gen_range(1.0..9.0), 0.0],
contracts	Format	2026-09-07T12:25:02.9731084Z                  radius: rng.gen_range(0.3..1.5),
contracts	Format	2026-09-07T12:25:02.9731346Z              });
contracts	Format	2026-09-07T12:25:02.9731539Z          }
contracts	Format	2026-09-07T12:25:02.9731918Z Diff in /home/runner/work/loom/loom/ruvector/crates/ruvector-robotics/src/domain_expansion.rs:185:
contracts	Format	2026-09-07T12:25:02.9732360Z      }
contracts	Format	2026-09-07T12:25:02.9732545Z  
contracts	Format	2026-09-07T12:25:02.9732870Z      fn gen_scene_graph(&self, difficulty: f32, rng: &mut impl Rng) -> RoboticsTaskSpec {
contracts	Format	2026-09-07T12:25:02.9733420Z -        let num_objects = if difficulty < 0.3 { 3 } else if difficulty < 0.7 { 8 } else { 15 };
contracts	Format	2026-09-07T12:25:02.9733846Z +        let num_objects = if difficulty < 0.3 {
contracts	Format	2026-09-07T12:25:02.9734124Z +            3
contracts	Format	2026-09-07T12:25:02.9734341Z +        } else if difficulty < 0.7 {
contracts	Format	2026-09-07T12:25:02.9734583Z +            8
contracts	Format	2026-09-07T12:25:02.9734767Z +        } else {
contracts	Format	2026-09-07T12:25:02.9734958Z +            15
contracts	Format	2026-09-07T12:25:02.9735154Z +        };
contracts	Format	2026-09-07T12:25:02.9735363Z          let mut obstacles = Vec::new();
contracts	Format	2026-09-07T12:25:02.9735631Z          for _ in 0..num_objects {
contracts	Format	2026-09-07T12:25:02.9735899Z              obstacles.push(TaskObstacle {
contracts	Format	2026-09-07T12:25:02.9736367Z Diff in /home/runner/work/loom/loom/ruvector/crates/ruvector-robotics/src/domain_expansion.rs:221:
contracts	Format	2026-09-07T12:25:02.9736899Z              vec!["scan", "approach", "align", "grasp", "lift", "place"]
contracts	Format	2026-09-07T12:25:02.9737225Z          } else {
contracts	Format	2026-09-07T12:25:02.9737434Z              vec![
contracts	Format	2026-09-07T12:25:02.9737690Z -                "scan", "classify", "approach", "align", "grasp",
contracts	Format	2026-09-07T12:25:02.9738035Z -                "lift", "navigate", "place", "verify", "retreat",
contracts	Format	2026-09-07T12:25:02.9738610Z +                "scan", "classify", "approach", "align", "grasp", "lift", "navigate", "place",
contracts	Format	2026-09-07T12:25:02.9739108Z +                "verify", "retreat",
contracts	Format	2026-09-07T12:25:02.9739351Z              ]
contracts	Format	2026-09-07T12:25:02.9739539Z          };
contracts	Format	2026-09-07T12:25:02.9739720Z  
contracts	Format	2026-09-07T12:25:02.9740083Z Diff in /home/runner/work/loom/loom/ruvector/crates/ruvector-robotics/src/domain_expansion.rs:258:
contracts	Format	2026-09-07T12:25:02.9740522Z      }
contracts	Format	2026-09-07T12:25:02.9740709Z  
contracts	Format	2026-09-07T12:25:02.9741053Z      fn gen_swarm_formation(&self, difficulty: f32, _rng: &mut impl Rng) -> RoboticsTaskSpec {
contracts	Format	2026-09-07T12:25:02.9741604Z -        let num_robots = if difficulty < 0.3 { 4 } else if difficulty < 0.7 { 8 } else { 16 };
contracts	Format	2026-09-07T12:25:02.9742021Z +        let num_robots = if difficulty < 0.3 {
contracts	Format	2026-09-07T12:25:02.9742291Z +            4
contracts	Format	2026-09-07T12:25:02.9742494Z +        } else if difficulty < 0.7 {
contracts	Format	2026-09-07T12:25:02.9742738Z +            8
contracts	Format	2026-09-07T12:25:02.9743061Z +        } else {
contracts	Format	2026-09-07T12:25:02.9743258Z +            16
contracts	Format	2026-09-07T12:25:02.9743443Z +        };
contracts	Format	2026-09-07T12:25:02.9743724Z          let formation = if difficulty < 0.5 { "circle" } else { "grid" };
contracts	Format	2026-09-07T12:25:02.9744068Z  
contracts	Format	2026-09-07T12:25:02.9744257Z          RoboticsTaskSpec {
contracts	Format	2026-09-07T12:25:02.9744683Z Diff in /home/runner/work/loom/loom/ruvector/crates/ruvector-robotics/src/domain_expansion.rs:265:
contracts	Format	2026-09-07T12:25:02.9745191Z              category: RoboticsCategory::SwarmFormation,
contracts	Format	2026-09-07T12:25:02.9745501Z -            description: format!(
contracts	Format	2026-09-07T12:25:02.9745782Z -                "Assign {} robots to a {} formation.",
contracts	Format	2026-09-07T12:25:02.9746078Z -                num_robots, formation,
contracts	Format	2026-09-07T12:25:02.9746330Z -            ),
contracts	Format	2026-09-07T12:25:02.9746681Z +            description: format!("Assign {} robots to a {} formation.", num_robots, formation,),
contracts	Format	2026-09-07T12:25:02.9747097Z              size: num_robots,
contracts	Format	2026-09-07T12:25:02.9747348Z              world_bounds: [20.0, 20.0, 1.0],
contracts	Format	2026-09-07T12:25:02.9747767Z              obstacles: Vec::new(),
contracts	Format	2026-09-07T12:25:02.9748448Z Diff in /home/runner/work/loom/loom/ruvector/crates/ruvector-robotics/src/domain_expansion.rs:297:
contracts	Format	2026-09-07T12:25:02.9749280Z          };
contracts	Format	2026-09-07T12:25:02.9749549Z  
contracts	Format	2026-09-07T12:25:02.9749850Z          let correctness = cluster_accuracy;
contracts	Format	2026-09-07T12:25:02.9750462Z -        let efficiency = if sol.cluster_ids.len() == spec.size { 1.0 } else { 0.5 };
contracts	Format	2026-09-07T12:25:02.9751024Z -        let elegance = if actual_clusters <= expected_clusters * 2 { 0.8 } else { 0.3 };
contracts	Format	2026-09-07T12:25:02.9751489Z +        let efficiency = if sol.cluster_ids.len() == spec.size {
contracts	Format	2026-09-07T12:25:02.9751800Z +            1.0
contracts	Format	2026-09-07T12:25:02.9751998Z +        } else {
contracts	Format	2026-09-07T12:25:02.9752196Z +            0.5
contracts	Format	2026-09-07T12:25:02.9752384Z +        };
contracts	Format	2026-09-07T12:25:02.9752649Z +        let elegance = if actual_clusters <= expected_clusters * 2 {
contracts	Format	2026-09-07T12:25:02.9752975Z +            0.8
contracts	Format	2026-09-07T12:25:02.9753178Z +        } else {
contracts	Format	2026-09-07T12:25:02.9753369Z +            0.3
contracts	Format	2026-09-07T12:25:02.9753554Z +        };
contracts	Format	2026-09-07T12:25:02.9753735Z  
contracts	Format	2026-09-07T12:25:02.9754042Z          if (actual_clusters as i32 - expected_clusters as i32).unsigned_abs() > 2 {
contracts	Format	2026-09-07T12:25:02.9754436Z              notes.push(format!(
contracts	Format	2026-09-07T12:25:02.9754865Z Diff in /home/runner/work/loom/loom/ruvector/crates/ruvector-robotics/src/domain_expansion.rs:342:
contracts	Format	2026-09-07T12:25:02.9755302Z          }
contracts	Format	2026-09-07T12:25:02.9755483Z  
contracts	Format	2026-09-07T12:25:02.9755718Z          let correctness = if reaches_goal { 0.6 } else { 0.2 }
contracts	Format	2026-09-07T12:25:02.9756234Z -            + (1.0 - (collisions as f32 / (sol.waypoints.len() * spec.obstacles.len()).max(1) as f32).min(1.0)) * 0.4;
contracts	Format	2026-09-07T12:25:02.9756684Z +            + (1.0
contracts	Format	2026-09-07T12:25:02.9757028Z +                - (collisions as f32 / (sol.waypoints.len() * spec.obstacles.len()).max(1) as f32)
contracts	Format	2026-09-07T12:25:02.9757434Z +                    .min(1.0))
contracts	Format	2026-09-07T12:25:02.9757823Z +                * 0.4;
contracts	Format	2026-09-07T12:25:02.9758139Z          let efficiency = 1.0 - (sol.waypoints.len() as f32 / 100.0).min(1.0);
contracts	Format	2026-09-07T12:25:02.9758547Z          let elegance = if collisions == 0 { 0.9 } else { 0.3 };
contracts	Format	2026-09-07T12:25:02.9758852Z  
contracts	Format	2026-09-07T12:25:02.9759371Z Diff in /home/runner/work/loom/loom/ruvector/crates/ruvector-robotics/src/domain_expansion.rs:439:
contracts	Format	2026-09-07T12:25:02.9759929Z          let dep_penalty = violations as f32 / expected_skills.max(1) as f32;
contracts	Format	2026-09-07T12:25:02.9760283Z  
contracts	Format	2026-09-07T12:25:02.9760589Z          let correctness = (coverage.min(1.0) * (1.0 - dep_penalty.min(1.0))).max(0.0);
contracts	Format	2026-09-07T12:25:02.9761122Z -        let efficiency = if sol.skill_sequence.len() <= expected_skills + 2 { 0.9 } else { 0.5 };
contracts	Format	2026-09-07T12:25:02.9761632Z +        let efficiency = if sol.skill_sequence.len() <= expected_skills + 2 {
contracts	Format	2026-09-07T12:25:02.9761981Z +            0.9
contracts	Format	2026-09-07T12:25:02.9762180Z +        } else {
contracts	Format	2026-09-07T12:25:02.9762519Z +            0.5
contracts	Format	2026-09-07T12:25:02.9762706Z +        };
contracts	Format	2026-09-07T12:25:02.9762952Z          let elegance = if violations == 0 { 0.9 } else { 0.3 };
contracts	Format	2026-09-07T12:25:02.9763255Z  
contracts	Format	2026-09-07T12:25:02.9763439Z          Evaluation {
contracts	Format	2026-09-07T12:25:02.9763841Z Diff in /home/runner/work/loom/loom/ruvector/crates/ruvector-robotics/src/domain_expansion.rs:800:
contracts	Format	2026-09-07T12:25:02.9764336Z          let tasks = domain.generate_tasks(20, 0.5);
contracts	Format	2026-09-07T12:25:02.9764639Z          for task in &tasks {
contracts	Format	2026-09-07T12:25:02.9764927Z              let ref_sol = domain.reference_solution(task);
contracts	Format	2026-09-07T12:25:02.9765341Z -            assert!(ref_sol.is_some(), "Reference solution missing for {}", task.id);
contracts	Format	2026-09-07T12:25:02.9765712Z +            assert!(
contracts	Format	2026-09-07T12:25:02.9765934Z +                ref_sol.is_some(),
contracts	Format	2026-09-07T12:25:02.9766217Z +                "Reference solution missing for {}",
contracts	Format	2026-09-07T12:25:02.9766498Z +                task.id
contracts	Format	2026-09-07T12:25:02.9766712Z +            );
contracts	Format	2026-09-07T12:25:02.9766923Z          }
contracts	Format	2026-09-07T12:25:02.9767107Z      }
contracts	Format	2026-09-07T12:25:02.9767289Z  
contracts	Format	2026-09-07T12:25:02.9767619Z Diff in /home/runner/work/loom/loom/ruvector/crates/ruvector-robotics/src/lib.rs:50:
contracts	Format	2026-09-07T12:25:02.9768010Z  
contracts	Format	2026-09-07T12:25:02.9768256Z  // Convenience re-exports of the most commonly used types.
contracts	Format	2026-09-07T12:25:02.9768586Z  pub use bridge::{
contracts	Format	2026-09-07T12:25:02.9769093Z -    BridgeConfig, DistanceMetric, OccupancyGrid, Obstacle as BridgeObstacle, Point3D, PointCloud,
contracts	Format	2026-09-07T12:25:02.9769718Z +    BridgeConfig, DistanceMetric, Obstacle as BridgeObstacle, OccupancyGrid, Point3D, PointCloud,
contracts	Format	2026-09-07T12:25:02.9770330Z      Pose, Quaternion, RobotState, SceneEdge, SceneGraph, SceneObject, SensorFrame, SpatialIndex,
contracts	Format	2026-09-07T12:25:02.9770753Z      Trajectory,
contracts	Format	2026-09-07T12:25:02.9770953Z  };
contracts	Format	2026-09-07T12:25:02.9771282Z Diff in /home/runner/work/loom/loom/ruvector/crates/ruvector-robotics/src/lib.rs:57:
contracts	Format	2026-09-07T12:25:02.9771979Z  pub use cognitive::{BehaviorNode, BehaviorStatus, BehaviorTree, CognitiveCore, CognitiveState};
contracts	Format	2026-09-07T12:25:02.9772574Z -pub use perception::{
contracts	Format	2026-09-07T12:25:02.9773068Z -    ObstacleDetector, PerceptionConfig, PerceptionPipeline, SceneGraphBuilder,
contracts	Format	2026-09-07T12:25:02.9773878Z -};
contracts	Format	2026-09-07T12:25:02.9774384Z +pub use perception::{ObstacleDetector, PerceptionConfig, PerceptionPipeline, SceneGraphBuilder};
contracts	Format	2026-09-07T12:25:02.9775038Z  pub use planning::{GridPath, VelocityCommand};
contracts	Format	2026-09-07T12:25:02.9775474Z  
contracts	Format	2026-09-07T12:25:02.9776038Z Diff in /home/runner/work/loom/loom/ruvector/crates/ruvector-robotics/src/mcp/executor.rs:157:
contracts	Format	2026-09-07T12:25:02.9776716Z              .arguments
contracts	Format	2026-09-07T12:25:02.9777064Z              .get("query")
contracts	Format	2026-09-07T12:25:02.9787932Z              .and_then(|v| v.as_array())
contracts	Format	2026-09-07T12:25:02.9788482Z -            .map(|a| a.iter().filter_map(|v| v.as_f64().map(|f| f as f32)).collect())
contracts	Format	2026-09-07T12:25:02.9789038Z +            .map(|a| {
contracts	Format	2026-09-07T12:25:02.9789270Z +                a.iter()
contracts	Format	2026-09-07T12:25:02.9789778Z +                    .filter_map(|v| v.as_f64().map(|f| f as f32))
contracts	Format	2026-09-07T12:25:02.9790098Z +                    .collect()
contracts	Format	2026-09-07T12:25:02.9790326Z +            })
contracts	Format	2026-09-07T12:25:02.9790544Z              .ok_or("missing 'query'")?;
contracts	Format	2026-09-07T12:25:02.9790811Z -        let k = req
contracts	Format	2026-09-07T12:25:02.9791023Z -            .arguments
contracts	Format	2026-09-07T12:25:02.9791237Z -            .get("k")
contracts	Format	2026-09-07T12:25:02.9791464Z -            .and_then(|v| v.as_u64())
contracts	Format	2026-09-07T12:25:02.9791732Z -            .unwrap_or(5) as usize;
contracts	Format	2026-09-07T12:25:02.9792120Z +        let k = req.arguments.get("k").and_then(|v| v.as_u64()).unwrap_or(5) as usize;
contracts	Format	2026-09-07T12:25:02.9792516Z  
contracts	Format	2026-09-07T12:25:02.9792708Z          let results = self
contracts	Format	2026-09-07T12:25:02.9792937Z              .index
contracts	Format	2026-09-07T12:25:02.9793338Z Diff in /home/runner/work/loom/loom/ruvector/crates/ruvector-robotics/src/mcp/executor.rs:196:
contracts	Format	2026-09-07T12:25:02.9794026Z  
contracts	Format	2026-09-07T12:25:02.9794467Z  // -- argument parsers -------------------------------------------------------
contracts	Format	2026-09-07T12:25:02.9795209Z  
contracts	Format	2026-09-07T12:25:02.9795488Z -fn parse_point_cloud(
contracts	Format	2026-09-07T12:25:02.9795850Z -    req: &ToolRequest,
contracts	Format	2026-09-07T12:25:02.9796173Z -    key: &str,
contracts	Format	2026-09-07T12:25:02.9796542Z -) -> std::result::Result<PointCloud, String> {
contracts	Format	2026-09-07T12:25:02.9797282Z +fn parse_point_cloud(req: &ToolRequest, key: &str) -> std::result::Result<PointCloud, String> {
contracts	Format	2026-09-07T12:25:02.9797940Z      let raw = req
contracts	Format	2026-09-07T12:25:02.9798234Z          .arguments
contracts	Format	2026-09-07T12:25:02.9798526Z          .get(key)
contracts	Format	2026-09-07T12:25:02.9799147Z Diff in /home/runner/work/loom/loom/ruvector/crates/ruvector-robotics/src/mcp/executor.rs:212:
contracts	Format	2026-09-07T12:25:02.9799587Z      }
contracts	Format	2026-09-07T12:25:02.9799777Z  }
contracts	Format	2026-09-07T12:25:02.9799952Z  
contracts	Format	2026-09-07T12:25:02.9800141Z -fn parse_position(
contracts	Format	2026-09-07T12:25:02.9800363Z -    req: &ToolRequest,
contracts	Format	2026-09-07T12:25:02.9800580Z -    key: &str,
contracts	Format	2026-09-07T12:25:02.9800816Z -) -> std::result::Result<[f64; 3], String> {
contracts	Format	2026-09-07T12:25:02.9801260Z +fn parse_position(req: &ToolRequest, key: &str) -> std::result::Result<[f64; 3], String> {
contracts	Format	2026-09-07T12:25:02.9801674Z      let arr = req
contracts	Format	2026-09-07T12:25:02.9801874Z          .arguments
contracts	Format	2026-09-07T12:25:02.9802074Z          .get(key)
contracts	Format	2026-09-07T12:25:02.9802452Z Diff in /home/runner/work/loom/loom/ruvector/crates/ruvector-robotics/src/mcp/executor.rs:253:
contracts	Format	2026-09-07T12:25:02.9802910Z      use std::collections::HashMap;
contracts	Format	2026-09-07T12:25:02.9803157Z  
contracts	Format	2026-09-07T12:25:02.9803434Z      fn make_request(tool: &str, args: serde_json::Value) -> ToolRequest {
contracts	Format	2026-09-07T12:25:02.9803851Z -        let arguments: HashMap<String, serde_json::Value> =
contracts	Format	2026-09-07T12:25:02.9804200Z -            serde_json::from_value(args).unwrap();
contracts	Format	2026-09-07T12:25:02.9804549Z -        ToolRequest { tool_name: tool.to_string(), arguments }
contracts	Format	2026-09-07T12:25:02.9805026Z +        let arguments: HashMap<String, serde_json::Value> = serde_json::from_value(args).unwrap();
contracts	Format	2026-09-07T12:25:02.9805451Z +        ToolRequest {
contracts	Format	2026-09-07T12:25:02.9805693Z +            tool_name: tool.to_string(),
contracts	Format	2026-09-07T12:25:02.9805956Z +            arguments,
contracts	Format	2026-09-07T12:25:02.9806165Z +        }
contracts	Format	2026-09-07T12:25:02.9806351Z      }
contracts	Format	2026-09-07T12:25:02.9806529Z  
contracts	Format	2026-09-07T12:25:02.9806706Z      #[test]
contracts	Format	2026-09-07T12:25:02.9807091Z Diff in /home/runner/work/loom/loom/ruvector/crates/ruvector-robotics/src/mcp/executor.rs:270:
contracts	Format	2026-09-07T12:25:02.9807719Z              1000,
contracts	Format	2026-09-07T12:25:02.9808014Z          );
contracts	Format	2026-09-07T12:25:02.9808400Z          let cloud_json = serde_json::to_string(&cloud).unwrap();
contracts	Format	2026-09-07T12:25:02.9809011Z -        let req = make_request("detect_obstacles", serde_json::json!({
contracts	Format	2026-09-07T12:25:02.9809371Z -            "point_cloud_json": cloud_json,
contracts	Format	2026-09-07T12:25:02.9809661Z -            "robot_position": [0.0, 0.0, 0.0],
contracts	Format	2026-09-07T12:25:02.9809927Z -        }));
contracts	Format	2026-09-07T12:25:02.9810134Z +        let req = make_request(
contracts	Format	2026-09-07T12:25:02.9810381Z +            "detect_obstacles",
contracts	Format	2026-09-07T12:25:02.9810782Z +            serde_json::json!({
contracts	Format	2026-09-07T12:25:02.9811032Z +                "point_cloud_json": cloud_json,
contracts	Format	2026-09-07T12:25:02.9811328Z +                "robot_position": [0.0, 0.0, 0.0],
contracts	Format	2026-09-07T12:25:02.9811593Z +            }),
contracts	Format	2026-09-07T12:25:02.9811782Z +        );
contracts	Format	2026-09-07T12:25:02.9811988Z          let resp = exec.execute(&req);
contracts	Format	2026-09-07T12:25:02.9812251Z          assert!(resp.success);
contracts	Format	2026-09-07T12:25:02.9812476Z      }
contracts	Format	2026-09-07T12:25:02.9812832Z Diff in /home/runner/work/loom/loom/ruvector/crates/ruvector-robotics/src/mcp/executor.rs:281:
contracts	Format	2026-09-07T12:25:02.9813260Z      #[test]
contracts	Format	2026-09-07T12:25:02.9813469Z      fn test_predict_trajectory() {
contracts	Format	2026-09-07T12:25:02.9813739Z          let mut exec = ToolExecutor::new();
contracts	Format	2026-09-07T12:25:02.9814086Z -        let req = make_request("predict_trajectory", serde_json::json!({
contracts	Format	2026-09-07T12:25:02.9814441Z -            "position": [0.0, 0.0, 0.0],
contracts	Format	2026-09-07T12:25:02.9814692Z -            "velocity": [1.0, 0.0, 0.0],
contracts	Format	2026-09-07T12:25:02.9815075Z -            "steps": 5,
contracts	Format	2026-09-07T12:25:02.9815299Z -            "dt": 0.5,
contracts	Format	2026-09-07T12:25:02.9815509Z -        }));
contracts	Format	2026-09-07T12:25:02.9815709Z +        let req = make_request(
contracts	Format	2026-09-07T12:25:02.9815962Z +            "predict_trajectory",
contracts	Format	2026-09-07T12:25:02.9816223Z +            serde_json::json!({
contracts	Format	2026-09-07T12:25:02.9816485Z +                "position": [0.0, 0.0, 0.0],
contracts	Format	2026-09-07T12:25:02.9816762Z +                "velocity": [1.0, 0.0, 0.0],
contracts	Format	2026-09-07T12:25:02.9817015Z +                "steps": 5,
contracts	Format	2026-09-07T12:25:02.9817245Z +                "dt": 0.5,
contracts	Format	2026-09-07T12:25:02.9817461Z +            }),
contracts	Format	2026-09-07T12:25:02.9817654Z +        );
contracts	Format	2026-09-07T12:25:02.9817858Z          let resp = exec.execute(&req);
contracts	Format	2026-09-07T12:25:02.9818126Z          assert!(resp.success);
contracts	Format	2026-09-07T12:25:02.9818369Z          let traj = resp.result;
contracts	Format	2026-09-07T12:25:02.9818781Z Diff in /home/runner/work/loom/loom/ruvector/crates/ruvector-robotics/src/mcp/executor.rs:304:
contracts	Format	2026-09-07T12:25:02.9819359Z              Point3D::new(10.0, 0.0, 0.0),
contracts	Format	2026-09-07T12:25:02.9819623Z          ];
contracts	Format	2026-09-07T12:25:02.9819892Z          let points_json = serde_json::to_string(&points).unwrap();
contracts	Format	2026-09-07T12:25:02.9820291Z -        let req = make_request("insert_points", serde_json::json!({
contracts	Format	2026-09-07T12:25:02.9820635Z -            "points_json": points_json,
contracts	Format	2026-09-07T12:25:02.9820888Z -        }));
contracts	Format	2026-09-07T12:25:02.9821088Z +        let req = make_request(
contracts	Format	2026-09-07T12:25:02.9821329Z +            "insert_points",
contracts	Format	2026-09-07T12:25:02.9821569Z +            serde_json::json!({
contracts	Format	2026-09-07T12:25:02.9821820Z +                "points_json": points_json,
contracts	Format	2026-09-07T12:25:02.9822081Z +            }),
contracts	Format	2026-09-07T12:25:02.9822269Z +        );
contracts	Format	2026-09-07T12:25:02.9822466Z          let resp = exec.execute(&req);
contracts	Format	2026-09-07T12:25:02.9822727Z          assert!(resp.success);
contracts	Format	2026-09-07T12:25:02.9822978Z          assert_eq!(resp.result["total"], 3);
contracts	Format	2026-09-07T12:25:02.9823423Z Diff in /home/runner/work/loom/loom/ruvector/crates/ruvector-robotics/src/mcp/executor.rs:313:
contracts	Format	2026-09-07T12:25:02.9823860Z  
contracts	Format	2026-09-07T12:25:02.9824040Z          // Search
contracts	Format	2026-09-07T12:25:02.9824318Z -        let req = make_request("spatial_search", serde_json::json!({
contracts	Format	2026-09-07T12:25:02.9824656Z -            "query": [1.0, 0.0, 0.0],
contracts	Format	2026-09-07T12:25:02.9824896Z -            "k": 2,
contracts	Format	2026-09-07T12:25:02.9825100Z -        }));
contracts	Format	2026-09-07T12:25:02.9825333Z +        let req = make_request(
contracts	Format	2026-09-07T12:25:02.9825577Z +            "spatial_search",
contracts	Format	2026-09-07T12:25:02.9825817Z +            serde_json::json!({
contracts	Format	2026-09-07T12:25:02.9826054Z +                "query": [1.0, 0.0, 0.0],
contracts	Format	2026-09-07T12:25:02.9826306Z +                "k": 2,
contracts	Format	2026-09-07T12:25:02.9826519Z +            }),
contracts	Format	2026-09-07T12:25:02.9826707Z +        );
contracts	Format	2026-09-07T12:25:02.9826906Z          let resp = exec.execute(&req);
contracts	Format	2026-09-07T12:25:02.9827166Z          assert!(resp.success);
contracts	Format	2026-09-07T12:25:02.9827440Z          let results = resp.result.as_array().unwrap();
contracts	Format	2026-09-07T12:25:02.9827909Z Diff in /home/runner/work/loom/loom/ruvector/crates/ruvector-robotics/src/mcp/executor.rs:339:
contracts	Format	2026-09-07T12:25:02.9828559Z              SceneObject::new(1, [2.0, 0.0, 0.0], [1.0, 1.0, 1.0]),
contracts	Format	2026-09-07T12:25:02.9828955Z          ];
contracts	Format	2026-09-07T12:25:02.9829215Z          let objects_json = serde_json::to_string(&objects).unwrap();
contracts	Format	2026-09-07T12:25:02.9829619Z -        let req = make_request("build_scene_graph", serde_json::json!({
contracts	Format	2026-09-07T12:25:02.9829969Z -            "objects_json": objects_json,
contracts	Format	2026-09-07T12:25:02.9830242Z -            "max_edge_distance": 5.0,
contracts	Format	2026-09-07T12:25:02.9830487Z -        }));
contracts	Format	2026-09-07T12:25:02.9830682Z +        let req = make_request(
contracts	Format	2026-09-07T12:25:02.9830930Z +            "build_scene_graph",
contracts	Format	2026-09-07T12:25:02.9831177Z +            serde_json::json!({
contracts	Format	2026-09-07T12:25:02.9831435Z +                "objects_json": objects_json,
contracts	Format	2026-09-07T12:25:02.9831712Z +                "max_edge_distance": 5.0,
contracts	Format	2026-09-07T12:25:02.9831952Z +            }),
contracts	Format	2026-09-07T12:25:02.9832140Z +        );
contracts	Format	2026-09-07T12:25:02.9832479Z          let resp = exec.execute(&req);
contracts	Format	2026-09-07T12:25:02.9832739Z          assert!(resp.success);
contracts	Format	2026-09-07T12:25:02.9833043Z          assert_eq!(resp.result["edges"].as_array().unwrap().len(), 1);
contracts	Format	2026-09-07T12:25:02.9833616Z Diff in /home/runner/work/loom/loom/ruvector/crates/ruvector-robotics/src/mcp/mod.rs:159:
contracts	Format	2026-09-07T12:25:02.9834036Z  impl ToolResponse {
contracts	Format	2026-09-07T12:25:02.9834304Z      /// Convenience constructor for a successful response.
contracts	Format	2026-09-07T12:25:02.9834698Z      pub fn ok(result: serde_json::Value, latency_us: u64) -> Self {
contracts	Format	2026-09-07T12:25:02.9835079Z -        Self { success: true, result, error: None, latency_us }
contracts	Format	2026-09-07T12:25:02.9835381Z +        Self {
contracts	Format	2026-09-07T12:25:02.9835582Z +            success: true,
contracts	Format	2026-09-07T12:25:02.9835799Z +            result,
contracts	Format	2026-09-07T12:25:02.9836000Z +            error: None,
contracts	Format	2026-09-07T12:25:02.9836215Z +            latency_us,
contracts	Format	2026-09-07T12:25:02.9836432Z +        }
contracts	Format	2026-09-07T12:25:02.9836612Z      }
contracts	Format	2026-09-07T12:25:02.9836800Z  
contracts	Format	2026-09-07T12:25:02.9837018Z      /// Convenience constructor for a failed response.
contracts	Format	2026-09-07T12:25:02.9837467Z Diff in /home/runner/work/loom/loom/ruvector/crates/ruvector-robotics/src/mcp/mod.rs:196:
contracts	Format	2026-09-07T12:25:02.9837888Z  impl RoboticsToolRegistry {
contracts	Format	2026-09-07T12:25:02.9838220Z      /// Create a registry pre-populated with all built-in robotics tools.
contracts	Format	2026-09-07T12:25:02.9838580Z      pub fn new() -> Self {
contracts	Format	2026-09-07T12:25:02.9838848Z -        let mut registry = Self { tools: HashMap::new() };
contracts	Format	2026-09-07T12:25:02.9839297Z +        let mut registry = Self {
contracts	Format	2026-09-07T12:25:02.9839569Z +            tools: HashMap::new(),
contracts	Format	2026-09-07T12:25:02.9839807Z +        };
contracts	Format	2026-09-07T12:25:02.9840004Z          registry.register_defaults();
contracts	Format	2026-09-07T12:25:02.9840252Z          registry
contracts	Format	2026-09-07T12:25:02.9840448Z      }
contracts	Format	2026-09-07T12:25:02.9840793Z Diff in /home/runner/work/loom/loom/ruvector/crates/ruvector-robotics/src/mcp/mod.rs:203:
contracts	Format	2026-09-07T12:25:02.9841200Z  
contracts	Format	2026-09-07T12:25:02.9841448Z      /// Create an empty registry with no tools registered.
contracts	Format	2026-09-07T12:25:02.9841767Z      pub fn empty() -> Self {
contracts	Format	2026-09-07T12:25:02.9842027Z -        Self { tools: HashMap::new() }
contracts	Format	2026-09-07T12:25:02.9842282Z +        Self {
contracts	Format	2026-09-07T12:25:02.9842500Z +            tools: HashMap::new(),
contracts	Format	2026-09-07T12:25:02.9842739Z +        }
contracts	Format	2026-09-07T12:25:02.9842917Z      }
contracts	Format	2026-09-07T12:25:02.9843089Z  
contracts	Format	2026-09-07T12:25:02.9843383Z      /// Register a single tool. Overwrites any existing tool with the same name.
contracts	Format	2026-09-07T12:25:02.9843904Z Diff in /home/runner/work/loom/loom/ruvector/crates/ruvector-robotics/src/mcp/mod.rs:223:
contracts	Format	2026-09-07T12:25:02.9844304Z  
contracts	Format	2026-09-07T12:25:02.9844527Z      /// Return all tools belonging to the given category.
contracts	Format	2026-09-07T12:25:02.9844953Z      pub fn list_by_category(&self, category: ToolCategory) -> Vec<&ToolDefinition> {
contracts	Format	2026-09-07T12:25:02.9845429Z -        self.tools.values().filter(|t| t.category == category).collect()
contracts	Format	2026-09-07T12:25:02.9845777Z +        self.tools
contracts	Format	2026-09-07T12:25:02.9846134Z +            .values()
contracts	Format	2026-09-07T12:25:02.9846372Z +            .filter(|t| t.category == category)
contracts	Format	2026-09-07T12:25:02.9846643Z +            .collect()
contracts	Format	2026-09-07T12:25:02.9846851Z      }
contracts	Format	2026-09-07T12:25:02.9847022Z  
contracts	Format	2026-09-07T12:25:02.9847306Z      /// Produce a full MCP-compatible JSON schema describing every tool.
contracts	Format	2026-09-07T12:25:02.9847814Z Diff in /home/runner/work/loom/loom/ruvector/crates/ruvector-robotics/src/mcp/mod.rs:247:
contracts	Format	2026-09-07T12:25:02.9848333Z              "Detect obstacles in a point cloud relative to the robot position",
contracts	Format	2026-09-07T12:25:02.9848686Z              vec![
contracts	Format	2026-09-07T12:25:02.9849013Z                  ToolParameter::new(
contracts	Format	2026-09-07T12:25:02.9849403Z -                    "point_cloud_json", "JSON-encoded point cloud", ParamType::String, true,
contracts	Format	2026-09-07T12:25:02.9849803Z +                    "point_cloud_json",
contracts	Format	2026-09-07T12:25:02.9850080Z +                    "JSON-encoded point cloud",
contracts	Format	2026-09-07T12:25:02.9850363Z +                    ParamType::String,
contracts	Format	2026-09-07T12:25:02.9850751Z +                    true,
contracts	Format	2026-09-07T12:25:02.9850965Z                  ),
contracts	Format	2026-09-07T12:25:02.9851181Z                  ToolParameter::new(
contracts	Format	2026-09-07T12:25:02.9851539Z -                    "robot_position", "Robot [x,y,z] position", ParamType::Array, true,
contracts	Format	2026-09-07T12:25:02.9851914Z +                    "robot_position",
contracts	Format	2026-09-07T12:25:02.9852187Z +                    "Robot [x,y,z] position",
contracts	Format	2026-09-07T12:25:02.9852462Z +                    ParamType::Array,
contracts	Format	2026-09-07T12:25:02.9852704Z +                    true,
contracts	Format	2026-09-07T12:25:02.9852913Z                  ),
contracts	Format	2026-09-07T12:25:02.9853119Z                  ToolParameter::new(
contracts	Format	2026-09-07T12:25:02.9853514Z -                    "max_distance", "Maximum detection distance in meters", ParamType::Number, false,
contracts	Format	2026-09-07T12:25:02.9853929Z +                    "max_distance",
contracts	Format	2026-09-07T12:25:02.9854204Z +                    "Maximum detection distance in meters",
contracts	Format	2026-09-07T12:25:02.9854507Z +                    ParamType::Number,
contracts	Format	2026-09-07T12:25:02.9854771Z +                    false,
contracts	Format	2026-09-07T12:25:02.9854989Z                  ),
contracts	Format	2026-09-07T12:25:02.9855177Z              ],
contracts	Format	2026-09-07T12:25:02.9855392Z              ToolCategory::Perception,
contracts	Format	2026-09-07T12:25:02.9855798Z Diff in /home/runner/work/loom/loom/ruvector/crates/ruvector-robotics/src/mcp/mod.rs:264:
contracts	Format	2026-09-07T12:25:02.9856302Z              "Build a scene graph from detected objects with spatial edges",
contracts	Format	2026-09-07T12:25:02.9856644Z              vec![
contracts	Format	2026-09-07T12:25:02.9856853Z                  ToolParameter::new(
contracts	Format	2026-09-07T12:25:02.9857206Z -                    "objects_json", "JSON array of scene objects", ParamType::String, true,
contracts	Format	2026-09-07T12:25:02.9857581Z +                    "objects_json",
contracts	Format	2026-09-07T12:25:02.9857846Z +                    "JSON array of scene objects",
contracts	Format	2026-09-07T12:25:02.9858132Z +                    ParamType::String,
contracts	Format	2026-09-07T12:25:02.9858376Z +                    true,
contracts	Format	2026-09-07T12:25:02.9858584Z                  ),
contracts	Format	2026-09-07T12:25:02.9858804Z                  ToolParameter::new(
contracts	Format	2026-09-07T12:25:02.9859433Z -                    "max_edge_distance", "Maximum edge distance in meters", ParamType::Number, false,
contracts	Format	2026-09-07T12:25:02.9859857Z +                    "max_edge_distance",
contracts	Format	2026-09-07T12:25:02.9860143Z +                    "Maximum edge distance in meters",
contracts	Format	2026-09-07T12:25:02.9860432Z +                    ParamType::Number,
contracts	Format	2026-09-07T12:25:02.9860673Z +                    false,
contracts	Format	2026-09-07T12:25:02.9860892Z                  ),
contracts	Format	2026-09-07T12:25:02.9861083Z              ],
contracts	Format	2026-09-07T12:25:02.9861298Z              ToolCategory::Perception,
contracts	Format	2026-09-07T12:25:02.9861690Z Diff in /home/runner/work/loom/loom/ruvector/crates/ruvector-robotics/src/mcp/mod.rs:277:
contracts	Format	2026-09-07T12:25:02.9862106Z              "predict_trajectory",
contracts	Format	2026-09-07T12:25:02.9862444Z              "Predict future trajectory from current position and velocity",
contracts	Format	2026-09-07T12:25:02.9862790Z              vec![
contracts	Format	2026-09-07T12:25:02.9863145Z -                ToolParameter::new("position", "Current [x,y,z] position", ParamType::Array, true),
contracts	Format	2026-09-07T12:25:02.9863944Z -                ToolParameter::new("velocity", "Current [vx,vy,vz] velocity", ParamType::Array, true),
contracts	Format	2026-09-07T12:25:02.9864528Z -                ToolParameter::new("steps", "Number of prediction steps", ParamType::Integer, true),
contracts	Format	2026-09-07T12:25:02.9864942Z +                ToolParameter::new(
contracts	Format	2026-09-07T12:25:02.9865194Z +                    "position",
contracts	Format	2026-09-07T12:25:02.9865451Z +                    "Current [x,y,z] position",
contracts	Format	2026-09-07T12:25:02.9865807Z +                    ParamType::Array,
contracts	Format	2026-09-07T12:25:02.9866180Z +                    true,
contracts	Format	2026-09-07T12:25:02.9866499Z +                ),
contracts	Format	2026-09-07T12:25:02.9866810Z +                ToolParameter::new(
contracts	Format	2026-09-07T12:25:02.9867184Z +                    "velocity",
contracts	Format	2026-09-07T12:25:02.9867555Z +                    "Current [vx,vy,vz] velocity",
contracts	Format	2026-09-07T12:25:02.9868003Z +                    ParamType::Array,
contracts	Format	2026-09-07T12:25:02.9868543Z +                    true,
contracts	Format	2026-09-07T12:25:02.9868746Z +                ),
contracts	Format	2026-09-07T12:25:02.9869108Z +                ToolParameter::new(
contracts	Format	2026-09-07T12:25:02.9869350Z +                    "steps",
contracts	Format	2026-09-07T12:25:02.9869602Z +                    "Number of prediction steps",
contracts	Format	2026-09-07T12:25:02.9869895Z +                    ParamType::Integer,
contracts	Format	2026-09-07T12:25:02.9870143Z +                    true,
contracts	Format	2026-09-07T12:25:02.9870348Z +                ),
contracts	Format	2026-09-07T12:25:02.9870678Z                  ToolParameter::new("dt", "Time step in seconds", ParamType::Number, false),
contracts	Format	2026-09-07T12:25:02.9871064Z              ],
contracts	Format	2026-09-07T12:25:02.9871268Z              ToolCategory::Navigation,
contracts	Format	2026-09-07T12:25:02.9871666Z Diff in /home/runner/work/loom/loom/ruvector/crates/ruvector-robotics/src/mcp/mod.rs:290:
contracts	Format	2026-09-07T12:25:02.9872188Z              "Extract a region of interest from a point cloud by center and radius",
contracts	Format	2026-09-07T12:25:02.9872547Z              vec![
contracts	Format	2026-09-07T12:25:02.9872750Z                  ToolParameter::new(
contracts	Format	2026-09-07T12:25:02.9873136Z -                    "point_cloud_json", "JSON-encoded point cloud", ParamType::String, true,
contracts	Format	2026-09-07T12:25:02.9873533Z +                    "point_cloud_json",
contracts	Format	2026-09-07T12:25:02.9873806Z +                    "JSON-encoded point cloud",
contracts	Format	2026-09-07T12:25:02.9874092Z +                    ParamType::String,
contracts	Format	2026-09-07T12:25:02.9874339Z +                    true,
contracts	Format	2026-09-07T12:25:02.9874546Z                  ),
contracts	Format	2026-09-07T12:25:02.9874886Z                  ToolParameter::new("center", "Focus center [x,y,z]", ParamType::Array, true),
contracts	Format	2026-09-07T12:25:02.9875427Z -                ToolParameter::new("radius", "Attention radius in meters", ParamType::Number, true),
contracts	Format	2026-09-07T12:25:02.9875837Z +                ToolParameter::new(
contracts	Format	2026-09-07T12:25:02.9876087Z +                    "radius",
contracts	Format	2026-09-07T12:25:02.9876333Z +                    "Attention radius in meters",
contracts	Format	2026-09-07T12:25:02.9876611Z +                    ParamType::Number,
contracts	Format	2026-09-07T12:25:02.9876861Z +                    true,
contracts	Format	2026-09-07T12:25:02.9877076Z +                ),
contracts	Format	2026-09-07T12:25:02.9877264Z              ],
contracts	Format	2026-09-07T12:25:02.9877475Z              ToolCategory::Perception,
contracts	Format	2026-09-07T12:25:02.9877723Z          ));
contracts	Format	2026-09-07T12:25:02.9878073Z Diff in /home/runner/work/loom/loom/ruvector/crates/ruvector-robotics/src/mcp/mod.rs:301:
contracts	Format	2026-09-07T12:25:02.9878512Z          self.register_tool(ToolDefinition::new(
contracts	Format	2026-09-07T12:25:02.9878791Z              "detect_anomalies",
contracts	Format	2026-09-07T12:25:02.9879259Z              "Detect anomalous points in a point cloud using statistical analysis",
contracts	Format	2026-09-07T12:25:02.9879631Z -            vec![
contracts	Format	2026-09-07T12:25:02.9879843Z -                ToolParameter::new(
contracts	Format	2026-09-07T12:25:02.9880210Z -                    "point_cloud_json", "JSON-encoded point cloud", ParamType::String, true,
contracts	Format	2026-09-07T12:25:02.9880581Z -                ),
contracts	Format	2026-09-07T12:25:02.9880768Z -            ],
contracts	Format	2026-09-07T12:25:02.9880976Z +            vec![ToolParameter::new(
contracts	Format	2026-09-07T12:25:02.9881387Z +                "point_cloud_json",
contracts	Format	2026-09-07T12:25:02.9881643Z +                "JSON-encoded point cloud",
contracts	Format	2026-09-07T12:25:02.9881920Z +                ParamType::String,
contracts	Format	2026-09-07T12:25:02.9882157Z +                true,
contracts	Format	2026-09-07T12:25:02.9882361Z +            )],
contracts	Format	2026-09-07T12:25:02.9882573Z              ToolCategory::Perception,
contracts	Format	2026-09-07T12:25:02.9882815Z          ));
contracts	Format	2026-09-07T12:25:02.9882993Z  
contracts	Format	2026-09-07T12:25:02.9883332Z Diff in /home/runner/work/loom/loom/ruvector/crates/ruvector-robotics/src/mcp/mod.rs:314:
contracts	Format	2026-09-07T12:25:02.9883812Z              "Search for nearest neighbours in the spatial index",
contracts	Format	2026-09-07T12:25:02.9884125Z              vec![
contracts	Format	2026-09-07T12:25:02.9884447Z                  ToolParameter::new("query", "Query vector [x,y,z]", ParamType::Array, true),
contracts	Format	2026-09-07T12:25:02.9884978Z -                ToolParameter::new("k", "Number of neighbours to return", ParamType::Integer, true),
contracts	Format	2026-09-07T12:25:02.9885387Z +                ToolParameter::new(
contracts	Format	2026-09-07T12:25:02.9885764Z +                    "k",
contracts	Format	2026-09-07T12:25:02.9886014Z +                    "Number of neighbours to return",
contracts	Format	2026-09-07T12:25:02.9886308Z +                    ParamType::Integer,
contracts	Format	2026-09-07T12:25:02.9886559Z +                    true,
contracts	Format	2026-09-07T12:25:02.9886778Z +                ),
contracts	Format	2026-09-07T12:25:02.9886968Z              ],
contracts	Format	2026-09-07T12:25:02.9887173Z              ToolCategory::Perception,
contracts	Format	2026-09-07T12:25:02.9887424Z          ));
contracts	Format	2026-09-07T12:25:02.9887758Z Diff in /home/runner/work/loom/loom/ruvector/crates/ruvector-robotics/src/mcp/mod.rs:322:
contracts	Format	2026-09-07T12:25:02.9888188Z          self.register_tool(ToolDefinition::new(
contracts	Format	2026-09-07T12:25:02.9888474Z              "insert_points",
contracts	Format	2026-09-07T12:25:02.9888782Z              "Insert points into the spatial index for later retrieval",
contracts	Format	2026-09-07T12:25:02.9889217Z -            vec![
contracts	Format	2026-09-07T12:25:02.9889425Z -                ToolParameter::new(
contracts	Format	2026-09-07T12:25:02.9889795Z -                    "points_json", "JSON array of [x,y,z] points", ParamType::String, true,
contracts	Format	2026-09-07T12:25:02.9890167Z -                ),
contracts	Format	2026-09-07T12:25:02.9890360Z -            ],
contracts	Format	2026-09-07T12:25:02.9890681Z +            vec![ToolParameter::new(
contracts	Format	2026-09-07T12:25:02.9891068Z +                "points_json",
contracts	Format	2026-09-07T12:25:02.9891444Z +                "JSON array of [x,y,z] points",
contracts	Format	2026-09-07T12:25:02.9891862Z +                ParamType::String,
contracts	Format	2026-09-07T12:25:02.9892159Z +                true,
contracts	Format	2026-09-07T12:25:02.9892360Z +            )],
contracts	Format	2026-09-07T12:25:02.9892571Z              ToolCategory::Perception,
contracts	Format	2026-09-07T12:25:02.9892817Z          ));
contracts	Format	2026-09-07T12:25:02.9893004Z  
contracts	Format	2026-09-07T12:25:02.9893334Z Diff in /home/runner/work/loom/loom/ruvector/crates/ruvector-robotics/src/mcp/mod.rs:337:
contracts	Format	2026-09-07T12:25:02.9893848Z                  ToolParameter::new("key", "Unique memory key", ParamType::String, true),
contracts	Format	2026-09-07T12:25:02.9894328Z                  ToolParameter::new("data", "Data vector to store", ParamType::Array, true),
contracts	Format	2026-09-07T12:25:02.9894708Z                  ToolParameter::new(
contracts	Format	2026-09-07T12:25:02.9895077Z -                    "importance", "Importance weight 0.0-1.0", ParamType::Number, false,
contracts	Format	2026-09-07T12:25:02.9895441Z +                    "importance",
contracts	Format	2026-09-07T12:25:02.9895699Z +                    "Importance weight 0.0-1.0",
contracts	Format	2026-09-07T12:25:02.9895987Z +                    ParamType::Number,
contracts	Format	2026-09-07T12:25:02.9896235Z +                    false,
contracts	Format	2026-09-07T12:25:02.9896449Z                  ),
contracts	Format	2026-09-07T12:25:02.9896638Z              ],
contracts	Format	2026-09-07T12:25:02.9896840Z              ToolCategory::Memory,
contracts	Format	2026-09-07T12:25:02.9897218Z Diff in /home/runner/work/loom/loom/ruvector/crates/ruvector-robotics/src/mcp/mod.rs:348:
contracts	Format	2026-09-07T12:25:02.9897675Z              "Recall the k most similar memories to a query vector",
contracts	Format	2026-09-07T12:25:02.9897989Z              vec![
contracts	Format	2026-09-07T12:25:02.9898197Z                  ToolParameter::new(
contracts	Format	2026-09-07T12:25:02.9898552Z -                    "query", "Query vector for similarity search", ParamType::Array, true,
contracts	Format	2026-09-07T12:25:02.9899204Z +                    "query",
contracts	Format	2026-09-07T12:25:02.9899475Z +                    "Query vector for similarity search",
contracts	Format	2026-09-07T12:25:02.9899778Z +                    ParamType::Array,
contracts	Format	2026-09-07T12:25:02.9900026Z +                    true,
contracts	Format	2026-09-07T12:25:02.9900237Z                  ),
contracts	Format	2026-09-07T12:25:02.9900590Z -                ToolParameter::new("k", "Number of memories to recall", ParamType::Integer, true),
contracts	Format	2026-09-07T12:25:02.9901007Z +                ToolParameter::new(
contracts	Format	2026-09-07T12:25:02.9901253Z +                    "k",
contracts	Format	2026-09-07T12:25:02.9901494Z +                    "Number of memories to recall",
contracts	Format	2026-09-07T12:25:02.9901785Z +                    ParamType::Integer,
contracts	Format	2026-09-07T12:25:02.9902041Z +                    true,
contracts	Format	2026-09-07T12:25:02.9902247Z +                ),
contracts	Format	2026-09-07T12:25:02.9902432Z              ],
contracts	Format	2026-09-07T12:25:02.9902634Z              ToolCategory::Memory,
contracts	Format	2026-09-07T12:25:02.9902866Z          ));
contracts	Format	2026-09-07T12:25:02.9903211Z Diff in /home/runner/work/loom/loom/ruvector/crates/ruvector-robotics/src/mcp/mod.rs:373:
contracts	Format	2026-09-07T12:25:02.9903814Z          self.register_tool(ToolDefinition::new(
contracts	Format	2026-09-07T12:25:02.9904099Z              "execute_skill",
contracts	Format	2026-09-07T12:25:02.9904376Z              "Execute a previously learned skill by name",
contracts	Format	2026-09-07T12:25:02.9904667Z -            vec![
contracts	Format	2026-09-07T12:25:02.9905038Z -                ToolParameter::new("name", "Name of the skill to execute", ParamType::String, true),
contracts	Format	2026-09-07T12:25:02.9905450Z -            ],
contracts	Format	2026-09-07T12:25:02.9905663Z +            vec![ToolParameter::new(
contracts	Format	2026-09-07T12:25:02.9905915Z +                "name",
contracts	Format	2026-09-07T12:25:02.9906153Z +                "Name of the skill to execute",
contracts	Format	2026-09-07T12:25:02.9906432Z +                ParamType::String,
contracts	Format	2026-09-07T12:25:02.9906668Z +                true,
contracts	Format	2026-09-07T12:25:02.9906873Z +            )],
contracts	Format	2026-09-07T12:25:02.9907090Z              ToolCategory::Cognition,
contracts	Format	2026-09-07T12:25:02.9907328Z          ));
contracts	Format	2026-09-07T12:25:02.9907522Z  
contracts	Format	2026-09-07T12:25:02.9907876Z Diff in /home/runner/work/loom/loom/ruvector/crates/ruvector-robotics/src/mcp/mod.rs:397:
contracts	Format	2026-09-07T12:25:02.9908320Z          self.register_tool(ToolDefinition::new(
contracts	Format	2026-09-07T12:25:02.9908603Z              "coordinate_swarm",
contracts	Format	2026-09-07T12:25:02.9909013Z              "Coordinate a multi-robot swarm for a given task",
contracts	Format	2026-09-07T12:25:02.9909324Z -            vec![
contracts	Format	2026-09-07T12:25:02.9909542Z -                ToolParameter::new(
contracts	Format	2026-09-07T12:25:02.9909926Z -                    "task_json", "JSON-encoded task specification", ParamType::String, true,
contracts	Format	2026-09-07T12:25:02.9910314Z -                ),
contracts	Format	2026-09-07T12:25:02.9910512Z -            ],
contracts	Format	2026-09-07T12:25:02.9910722Z +            vec![ToolParameter::new(
contracts	Format	2026-09-07T12:25:02.9910983Z +                "task_json",
contracts	Format	2026-09-07T12:25:02.9911238Z +                "JSON-encoded task specification",
contracts	Format	2026-09-07T12:25:02.9911534Z +                ParamType::String,
contracts	Format	2026-09-07T12:25:02.9911771Z +                true,
contracts	Format	2026-09-07T12:25:02.9911984Z +            )],
contracts	Format	2026-09-07T12:25:02.9912187Z              ToolCategory::Swarm,
contracts	Format	2026-09-07T12:25:02.9912417Z          ));
contracts	Format	2026-09-07T12:25:02.9912596Z  
contracts	Format	2026-09-07T12:25:02.9912933Z Diff in /home/runner/work/loom/loom/ruvector/crates/ruvector-robotics/src/mcp/mod.rs:408:
contracts	Format	2026-09-07T12:25:02.9913376Z          self.register_tool(ToolDefinition::new(
contracts	Format	2026-09-07T12:25:02.9913673Z              "update_world_model",
contracts	Format	2026-09-07T12:25:02.9914001Z              "Update the internal world model with a new or changed object",
contracts	Format	2026-09-07T12:25:02.9914340Z -            vec![
contracts	Format	2026-09-07T12:25:02.9914560Z -                ToolParameter::new(
contracts	Format	2026-09-07T12:25:02.9914941Z -                    "object_json", "JSON-encoded object to upsert", ParamType::String, true,
contracts	Format	2026-09-07T12:25:02.9915318Z -                ),
contracts	Format	2026-09-07T12:25:02.9915514Z -            ],
contracts	Format	2026-09-07T12:25:02.9915724Z +            vec![ToolParameter::new(
contracts	Format	2026-09-07T12:25:02.9915983Z +                "object_json",
contracts	Format	2026-09-07T12:25:02.9916590Z +                "JSON-encoded object to upsert",
contracts	Format	2026-09-07T12:25:02.9917038Z +                ParamType::String,
contracts	Format	2026-09-07T12:25:02.9917394Z +                true,
contracts	Format	2026-09-07T12:25:02.9917694Z +            )],
contracts	Format	2026-09-07T12:25:02.9917942Z              ToolCategory::Cognition,
contracts	Format	2026-09-07T12:25:02.9918183Z          ));
contracts	Format	2026-09-07T12:25:02.9918370Z  
contracts	Format	2026-09-07T12:25:02.9918706Z Diff in /home/runner/work/loom/loom/ruvector/crates/ruvector-robotics/src/mcp/mod.rs:419:
contracts	Format	2026-09-07T12:25:02.9919269Z          self.register_tool(ToolDefinition::new(
contracts	Format	2026-09-07T12:25:02.9919550Z              "get_world_state",
contracts	Format	2026-09-07T12:25:02.9919907Z              "Retrieve the current world model state, optionally filtered by object id",
contracts	Format	2026-09-07T12:25:02.9920292Z -            vec![
contracts	Format	2026-09-07T12:25:02.9920500Z -                ToolParameter::new(
contracts	Format	2026-09-07T12:25:02.9920862Z -                    "object_id", "Optional object id to filter", ParamType::Integer, false,
contracts	Format	2026-09-07T12:25:02.9921225Z -                ),
contracts	Format	2026-09-07T12:25:02.9921565Z -            ],
contracts	Format	2026-09-07T12:25:02.9921774Z +            vec![ToolParameter::new(
contracts	Format	2026-09-07T12:25:02.9922022Z +                "object_id",
contracts	Format	2026-09-07T12:25:02.9922267Z +                "Optional object id to filter",
contracts	Format	2026-09-07T12:25:02.9922543Z +                ParamType::Integer,
contracts	Format	2026-09-07T12:25:02.9922780Z +                false,
contracts	Format	2026-09-07T12:25:02.9922984Z +            )],
contracts	Format	2026-09-07T12:25:02.9923189Z              ToolCategory::Cognition,
contracts	Format	2026-09-07T12:25:02.9923425Z          ));
contracts	Format	2026-09-07T12:25:02.9923607Z      }
contracts	Format	2026-09-07T12:25:02.9923944Z Diff in /home/runner/work/loom/loom/ruvector/crates/ruvector-robotics/src/mcp/mod.rs:477:
contracts	Format	2026-09-07T12:25:02.9924413Z          let tool = registry.get_tool("detect_obstacles").unwrap();
contracts	Format	2026-09-07T12:25:02.9924803Z          assert_eq!(tool.category, ToolCategory::Perception);
contracts	Format	2026-09-07T12:25:02.9925139Z          assert_eq!(tool.parameters.len(), 3);
contracts	Format	2026-09-07T12:25:02.9925596Z -        assert!(tool.parameters.iter().any(|p| p.name == "point_cloud_json" && p.required));
contracts	Format	2026-09-07T12:25:02.9926011Z +        assert!(tool
contracts	Format	2026-09-07T12:25:02.9926237Z +            .parameters
contracts	Format	2026-09-07T12:25:02.9926448Z +            .iter()
contracts	Format	2026-09-07T12:25:02.9926706Z +            .any(|p| p.name == "point_cloud_json" && p.required));
contracts	Format	2026-09-07T12:25:02.9927001Z  
contracts	Format	2026-09-07T12:25:02.9927252Z          let tool = registry.get_tool("predict_trajectory").unwrap();
contracts	Format	2026-09-07T12:25:02.9927639Z          assert_eq!(tool.category, ToolCategory::Navigation);
contracts	Format	2026-09-07T12:25:02.9928082Z Diff in /home/runner/work/loom/loom/ruvector/crates/ruvector-robotics/src/mcp/mod.rs:541:
contracts	Format	2026-09-07T12:25:02.9928505Z          let schema = registry.to_mcp_schema();
contracts	Format	2026-09-07T12:25:02.9928823Z          let tools = schema["tools"].as_array().unwrap();
contracts	Format	2026-09-07T12:25:02.9929196Z  
contracts	Format	2026-09-07T12:25:02.9929496Z -        let obs = tools.iter().find(|t| t["name"] == "detect_obstacles").unwrap();
contracts	Format	2026-09-07T12:25:02.9929862Z +        let obs = tools
contracts	Format	2026-09-07T12:25:02.9930075Z +            .iter()
contracts	Format	2026-09-07T12:25:02.9930314Z +            .find(|t| t["name"] == "detect_obstacles")
contracts	Format	2026-09-07T12:25:02.9930769Z +            .unwrap();
contracts	Format	2026-09-07T12:25:02.9931224Z          let required = obs["inputSchema"]["required"].as_array().unwrap();
contracts	Format	2026-09-07T12:25:02.9931926Z          let req_names: Vec<&str> = required.iter().map(|v| v.as_str().unwrap()).collect();
contracts	Format	2026-09-07T12:25:02.9932362Z          assert!(req_names.contains(&"point_cloud_json"));
contracts	Format	2026-09-07T12:25:02.9932807Z Diff in /home/runner/work/loom/loom/ruvector/crates/ruvector-robotics/src/mcp/mod.rs:555:
contracts	Format	2026-09-07T12:25:02.9933277Z          args.insert("k".to_string(), serde_json::json!(5));
contracts	Format	2026-09-07T12:25:02.9933669Z          args.insert("query".to_string(), serde_json::json!([1.0, 2.0, 3.0]));
contracts	Format	2026-09-07T12:25:02.9934011Z  
contracts	Format	2026-09-07T12:25:02.9934323Z -        let req = ToolRequest { tool_name: "spatial_search".to_string(), arguments: args };
contracts	Format	2026-09-07T12:25:02.9934716Z +        let req = ToolRequest {
contracts	Format	2026-09-07T12:25:02.9935142Z +            tool_name: "spatial_search".to_string(),
contracts	Format	2026-09-07T12:25:02.9935441Z +            arguments: args,
contracts	Format	2026-09-07T12:25:02.9935666Z +        };
contracts	Format	2026-09-07T12:25:02.9935897Z          let json = serde_json::to_string(&req).unwrap();
contracts	Format	2026-09-07T12:25:02.9936298Z          let deserialized: ToolRequest = serde_json::from_str(&json).unwrap();
contracts	Format	2026-09-07T12:25:02.9936712Z          assert_eq!(deserialized.tool_name, "spatial_search");
contracts	Format	2026-09-07T12:25:02.9937160Z Diff in /home/runner/work/loom/loom/ruvector/crates/ruvector-robotics/src/mcp/mod.rs:591:
contracts	Format	2026-09-07T12:25:02.9937587Z          let custom = ToolDefinition::new(
contracts	Format	2026-09-07T12:25:02.9937857Z              "my_custom_tool",
contracts	Format	2026-09-07T12:25:02.9938105Z              "A custom tool for testing",
contracts	Format	2026-09-07T12:25:02.9938495Z -            vec![ToolParameter::new("input", "The input data", ParamType::String, true)],
contracts	Format	2026-09-07T12:25:02.9938996Z +            vec![ToolParameter::new(
contracts	Format	2026-09-07T12:25:02.9939251Z +                "input",
contracts	Format	2026-09-07T12:25:02.9939620Z +                "The input data",
contracts	Format	2026-09-07T12:25:02.9939874Z +                ParamType::String,
contracts	Format	2026-09-07T12:25:02.9940111Z +                true,
contracts	Format	2026-09-07T12:25:02.9940313Z +            )],
contracts	Format	2026-09-07T12:25:02.9940523Z              ToolCategory::Cognition,
contracts	Format	2026-09-07T12:25:02.9940762Z          );
contracts	Format	2026-09-07T12:25:02.9940964Z          registry.register_tool(custom);
contracts	Format	2026-09-07T12:25:02.9941425Z Diff in /home/runner/work/loom/loom/ruvector/crates/ruvector-robotics/src/perception/clustering.rs:32:
contracts	Format	2026-09-07T12:25:02.9941977Z      // 2. Build union-find over cells (with rank for balanced merges).
contracts	Format	2026-09-07T12:25:02.9942399Z      let cells: Vec<(i64, i64, i64)> = cell_map.keys().copied().collect();
contracts	Format	2026-09-07T12:25:02.9942755Z      let cell_count = cells.len();
contracts	Format	2026-09-07T12:25:02.9943046Z -    let cell_idx: HashMap<(i64, i64, i64), usize> = cells
contracts	Format	2026-09-07T12:25:02.9943336Z -        .iter()
contracts	Format	2026-09-07T12:25:02.9943537Z -        .enumerate()
contracts	Format	2026-09-07T12:25:02.9943750Z -        .map(|(i, &k)| (k, i))
contracts	Format	2026-09-07T12:25:02.9943995Z -        .collect();
contracts	Format	2026-09-07T12:25:02.9944233Z +    let cell_idx: HashMap<(i64, i64, i64), usize> =
contracts	Format	2026-09-07T12:25:02.9944579Z +        cells.iter().enumerate().map(|(i, &k)| (k, i)).collect();
contracts	Format	2026-09-07T12:25:02.9944884Z  
contracts	Format	2026-09-07T12:25:02.9945118Z      let mut parent: Vec<usize> = (0..cell_count).collect();
contracts	Format	2026-09-07T12:25:02.9945453Z      let mut rank: Vec<u8> = vec![0; cell_count];
contracts	Format	2026-09-07T12:25:02.9945936Z Diff in /home/runner/work/loom/loom/ruvector/crates/ruvector-robotics/src/perception/clustering.rs:124:
contracts	Format	2026-09-07T12:25:02.9946392Z  
contracts	Format	2026-09-07T12:25:02.9946564Z      #[test]
contracts	Format	2026-09-07T12:25:02.9946762Z      fn test_single_cluster() {
contracts	Format	2026-09-07T12:25:02.9947007Z -        let cloud = make_cloud(&[
contracts	Format	2026-09-07T12:25:02.9947243Z -            [1.0, 1.0, 0.0],
contracts	Format	2026-09-07T12:25:02.9947465Z -            [1.1, 1.0, 0.0],
contracts	Format	2026-09-07T12:25:02.9947678Z -            [1.0, 1.1, 0.0],
contracts	Format	2026-09-07T12:25:02.9947886Z -        ]);
contracts	Format	2026-09-07T12:25:02.9948168Z +        let cloud = make_cloud(&[[1.0, 1.0, 0.0], [1.1, 1.0, 0.0], [1.0, 1.1, 0.0]]);
contracts	Format	2026-09-07T12:25:02.9948577Z          let clusters = cluster_point_cloud(&cloud, 0.5);
contracts	Format	2026-09-07T12:25:02.9949009Z          assert_eq!(clusters.len(), 1);
contracts	Format	2026-09-07T12:25:02.9949285Z          assert_eq!(clusters[0].len(), 3);
contracts	Format	2026-09-07T12:25:02.9949742Z Diff in /home/runner/work/loom/loom/ruvector/crates/ruvector-robotics/src/perception/clustering.rs:148:
contracts	Format	2026-09-07T12:25:02.9950189Z  
contracts	Format	2026-09-07T12:25:02.9950360Z      #[test]
contracts	Format	2026-09-07T12:25:02.9950563Z      fn test_negative_coordinates() {
contracts	Format	2026-09-07T12:25:02.9950820Z -        let cloud = make_cloud(&[
contracts	Format	2026-09-07T12:25:02.9951068Z -            [-1.0, -1.0, 0.0],
contracts	Format	2026-09-07T12:25:02.9951294Z -            [-0.9, -1.0, 0.0],
contracts	Format	2026-09-07T12:25:02.9951521Z -            [1.0, 1.0, 0.0],
contracts	Format	2026-09-07T12:25:02.9951733Z -        ]);
contracts	Format	2026-09-07T12:25:02.9952019Z +        let cloud = make_cloud(&[[-1.0, -1.0, 0.0], [-0.9, -1.0, 0.0], [1.0, 1.0, 0.0]]);
contracts	Format	2026-09-07T12:25:02.9952416Z          let clusters = cluster_point_cloud(&cloud, 0.5);
contracts	Format	2026-09-07T12:25:02.9952874Z          assert_eq!(clusters.len(), 2);
contracts	Format	2026-09-07T12:25:02.9953198Z      }
contracts	Format	2026-09-07T12:25:02.9953868Z Diff in /home/runner/work/loom/loom/ruvector/crates/ruvector-robotics/src/perception/mod.rs:10:
contracts	Format	2026-09-07T12:25:02.9954561Z  pub mod sensor_fusion;
contracts	Format	2026-09-07T12:25:02.9954871Z  
contracts	Format	2026-09-07T12:25:02.9955216Z  pub use config::{ObstacleConfig, PerceptionConfig, SceneGraphConfig};
contracts	Format	2026-09-07T12:25:02.9955783Z -pub use obstacle_detector::{ClassifiedObstacle, DetectedObstacle, ObstacleClass, ObstacleDetector};
contracts	Format	2026-09-07T12:25:02.9956260Z +pub use obstacle_detector::{
contracts	Format	2026-09-07T12:25:02.9956613Z +    ClassifiedObstacle, DetectedObstacle, ObstacleClass, ObstacleDetector,
contracts	Format	2026-09-07T12:25:02.9956980Z +};
contracts	Format	2026-09-07T12:25:02.9957215Z  pub use scene_graph::PointCloudSceneGraphBuilder;
contracts	Format	2026-09-07T12:25:02.9957506Z  
contracts	Format	2026-09-07T12:25:02.9957705Z  use serde::{Deserialize, Serialize};
contracts	Format	2026-09-07T12:25:02.9958135Z Diff in /home/runner/work/loom/loom/ruvector/crates/ruvector-robotics/src/perception/mod.rs:199:
contracts	Format	2026-09-07T12:25:02.9958789Z          let obstacle_cfg = ObstacleConfig::default();
contracts	Format	2026-09-07T12:25:02.9959239Z          let scene_cfg = SceneGraphConfig::default();
contracts	Format	2026-09-07T12:25:02.9959606Z          let detector = ObstacleDetector::new(obstacle_cfg.clone());
contracts	Format	2026-09-07T12:25:02.9959977Z -        let graph_builder = SceneGraphBuilder::new(
contracts	Format	2026-09-07T12:25:02.9960293Z -            scene_cfg.edge_distance_threshold,
contracts	Format	2026-09-07T12:25:02.9960577Z -            scene_cfg.max_objects,
contracts	Format	2026-09-07T12:25:02.9960817Z -        );
contracts	Format	2026-09-07T12:25:02.9961009Z +        let graph_builder =
contracts	Format	2026-09-07T12:25:02.9961395Z +            SceneGraphBuilder::new(scene_cfg.edge_distance_threshold, scene_cfg.max_objects);
contracts	Format	2026-09-07T12:25:02.9961798Z          Self {
contracts	Format	2026-09-07T12:25:02.9962001Z              detector,
contracts	Format	2026-09-07T12:25:02.9962209Z              graph_builder,
contracts	Format	2026-09-07T12:25:02.9962613Z Diff in /home/runner/work/loom/loom/ruvector/crates/ruvector-robotics/src/perception/mod.rs:221:
contracts	Format	2026-09-07T12:25:02.9963089Z      ) -> (Vec<DetectedObstacle>, SceneGraph) {
contracts	Format	2026-09-07T12:25:02.9963380Z          self.frames_processed += 1;
contracts	Format	2026-09-07T12:25:02.9963693Z          let obstacles = self.detector.detect(cloud, robot_pos);
contracts	Format	2026-09-07T12:25:02.9964151Z -        let graph = self.graph_builder.build_from_obstacles(&obstacles, cloud.timestamp_us);
contracts	Format	2026-09-07T12:25:02.9964560Z +        let graph = self
contracts	Format	2026-09-07T12:25:02.9964784Z +            .graph_builder
contracts	Format	2026-09-07T12:25:02.9965073Z +            .build_from_obstacles(&obstacles, cloud.timestamp_us);
contracts	Format	2026-09-07T12:25:02.9965399Z          (obstacles, graph)
contracts	Format	2026-09-07T12:25:02.9965615Z      }
contracts	Format	2026-09-07T12:25:02.9965793Z  
contracts	Format	2026-09-07T12:25:02.9966138Z Diff in /home/runner/work/loom/loom/ruvector/crates/ruvector-robotics/src/perception/mod.rs:228:
contracts	Format	2026-09-07T12:25:02.9966598Z      /// Classify previously detected obstacles.
contracts	Format	2026-09-07T12:25:02.9966881Z -    pub fn classify(
contracts	Format	2026-09-07T12:25:02.9966964Z -        &self,
contracts	Format	2026-09-07T12:25:02.9967075Z -        obstacles: &[DetectedObstacle],
contracts	Format	2026-09-07T12:25:02.9967179Z -    ) -> Vec<ClassifiedObstacle> {
contracts	Format	2026-09-07T12:25:02.9967403Z +    pub fn classify(&self, obstacles: &[DetectedObstacle]) -> Vec<ClassifiedObstacle> {
contracts	Format	2026-09-07T12:25:02.9967537Z          self.detector.classify_obstacles(obstacles)
contracts	Format	2026-09-07T12:25:02.9967613Z      }
contracts	Format	2026-09-07T12:25:02.9967694Z  
contracts	Format	2026-09-07T12:25:02.9967948Z Diff in /home/runner/work/loom/loom/ruvector/crates/ruvector-robotics/src/perception/mod.rs:272:
contracts	Format	2026-09-07T12:25:02.9968032Z                  continue;
contracts	Format	2026-09-07T12:25:02.9968115Z              }
contracts	Format	2026-09-07T12:25:02.9968191Z  
contracts	Format	2026-09-07T12:25:02.9968381Z -            let confidence = (cluster.len() as f32 / cloud.points.len() as f32)
contracts	Format	2026-09-07T12:25:02.9968470Z -                .clamp(0.1, 1.0);
contracts	Format	2026-09-07T12:25:02.9968701Z +            let confidence = (cluster.len() as f32 / cloud.points.len() as f32).clamp(0.1, 1.0);
contracts	Format	2026-09-07T12:25:02.9968781Z  
contracts	Format	2026-09-07T12:25:02.9969144Z              obstacles.push(Obstacle {
contracts	Format	2026-09-07T12:25:02.9969239Z                  id: next_id,
contracts	Format	2026-09-07T12:25:02.9969490Z Diff in /home/runner/work/loom/loom/ruvector/crates/ruvector-robotics/src/perception/mod.rs:487:
contracts	Format	2026-09-07T12:25:02.9969676Z      // -- private helpers ----------------------------------------------------
contracts	Format	2026-09-07T12:25:02.9969752Z  
contracts	Format	2026-09-07T12:25:02.9969910Z      fn bounding_sphere(points: &[Point3D]) -> ([f64; 3], f64) {
contracts	Format	2026-09-07T12:25:02.9970122Z -        debug_assert!(!points.is_empty(), "bounding_sphere called with empty slice");
contracts	Format	2026-09-07T12:25:02.9970205Z +        debug_assert!(
contracts	Format	2026-09-07T12:25:02.9970302Z +            !points.is_empty(),
contracts	Format	2026-09-07T12:25:02.9970420Z +            "bounding_sphere called with empty slice"
contracts	Format	2026-09-07T12:25:02.9970505Z +        );
contracts	Format	2026-09-07T12:25:02.9970599Z          let n = points.len() as f64;
contracts	Format	2026-09-07T12:25:02.9970751Z          let (mut sx, mut sy, mut sz) = (0.0_f64, 0.0_f64, 0.0_f64);
contracts	Format	2026-09-07T12:25:02.9970842Z          for p in points {
contracts	Format	2026-09-07T12:25:02.9971242Z Diff in /home/runner/work/loom/loom/ruvector/crates/ruvector-robotics/src/perception/mod.rs:527:
contracts	Format	2026-09-07T12:25:02.9971347Z      use crate::bridge::Point3D;
contracts	Format	2026-09-07T12:25:02.9971421Z  
contracts	Format	2026-09-07T12:25:02.9971549Z      fn make_cloud(pts: &[[f32; 3]]) -> PointCloud {
contracts	Format	2026-09-07T12:25:02.9971642Z -        let points: Vec<Point3D> =
contracts	Format	2026-09-07T12:25:02.9971806Z -            pts.iter().map(|a| Point3D::new(a[0], a[1], a[2])).collect();
contracts	Format	2026-09-07T12:25:02.9972023Z +        let points: Vec<Point3D> = pts.iter().map(|a| Point3D::new(a[0], a[1], a[2])).collect();
contracts	Format	2026-09-07T12:25:02.9972131Z          PointCloud::new(points, 1000)
contracts	Format	2026-09-07T12:25:02.9972212Z      }
contracts	Format	2026-09-07T12:25:02.9972285Z  
contracts	Format	2026-09-07T12:25:02.9972539Z Diff in /home/runner/work/loom/loom/ruvector/crates/ruvector-robotics/src/perception/mod.rs:603:
contracts	Format	2026-09-07T12:25:02.9972614Z      #[test]
contracts	Format	2026-09-07T12:25:02.9972734Z      fn test_detect_obstacles_single_cluster() {
contracts	Format	2026-09-07T12:25:02.9972895Z          let pipe = PerceptionPipeline::with_thresholds(1.0, 2.0);
contracts	Format	2026-09-07T12:25:02.9972997Z -        let cloud = make_cloud(&[
contracts	Format	2026-09-07T12:25:02.9973087Z -            [2.0, 0.0, 0.0],
contracts	Format	2026-09-07T12:25:02.9973170Z -            [2.1, 0.0, 0.0],
contracts	Format	2026-09-07T12:25:02.9973255Z -            [2.0, 0.1, 0.0],
contracts	Format	2026-09-07T12:25:02.9973330Z -        ]);
contracts	Format	2026-09-07T12:25:02.9973508Z +        let cloud = make_cloud(&[[2.0, 0.0, 0.0], [2.1, 0.0, 0.0], [2.0, 0.1, 0.0]]);
contracts	Format	2026-09-07T12:25:02.9973666Z          let obs = pipe.detect_obstacles(&cloud, [0.0; 3], 10.0).unwrap();
contracts	Format	2026-09-07T12:25:02.9973764Z          assert_eq!(obs.len(), 1);
contracts	Format	2026-09-07T12:25:02.9973863Z          assert!(obs[0].distance > 1.0);
contracts	Format	2026-09-07T12:25:02.9974111Z Diff in /home/runner/work/loom/loom/ruvector/crates/ruvector-robotics/src/perception/mod.rs:618:
contracts	Format	2026-09-07T12:25:02.9974194Z      #[test]
contracts	Format	2026-09-07T12:25:02.9974309Z      fn test_detect_obstacles_filters_distant() {
contracts	Format	2026-09-07T12:25:02.9974467Z          let pipe = PerceptionPipeline::with_thresholds(1.0, 2.0);
contracts	Format	2026-09-07T12:25:02.9974563Z -        let cloud = make_cloud(&[
contracts	Format	2026-09-07T12:25:02.9974654Z -            [50.0, 0.0, 0.0],
contracts	Format	2026-09-07T12:25:02.9974739Z -            [50.1, 0.0, 0.0],
contracts	Format	2026-09-07T12:25:02.9974818Z -            [50.0, 0.1, 0.0],
contracts	Format	2026-09-07T12:25:02.9974899Z -        ]);
contracts	Format	2026-09-07T12:25:02.9975076Z +        let cloud = make_cloud(&[[50.0, 0.0, 0.0], [50.1, 0.0, 0.0], [50.0, 0.1, 0.0]]);
contracts	Format	2026-09-07T12:25:02.9975239Z          let obs = pipe.detect_obstacles(&cloud, [0.0; 3], 5.0).unwrap();
contracts	Format	2026-09-07T12:25:02.9975329Z          assert!(obs.is_empty());
contracts	Format	2026-09-07T12:25:02.9975414Z      }
contracts	Format	2026-09-07T12:25:02.9975665Z Diff in /home/runner/work/loom/loom/ruvector/crates/ruvector-robotics/src/perception/mod.rs:692:
contracts	Format	2026-09-07T12:25:02.9975740Z      #[test]
contracts	Format	2026-09-07T12:25:02.9975842Z      fn test_focus_attention_filters() {
contracts	Format	2026-09-07T12:25:02.9975986Z          let pipe = PerceptionPipeline::with_thresholds(0.5, 2.0);
contracts	Format	2026-09-07T12:25:02.9976080Z -        let cloud = make_cloud(&[
contracts	Format	2026-09-07T12:25:02.9976298Z -            [0.0, 0.0, 0.0],
contracts	Format	2026-09-07T12:25:02.9976384Z -            [1.0, 0.0, 0.0],
contracts	Format	2026-09-07T12:25:02.9976463Z -            [10.0, 0.0, 0.0],
contracts	Format	2026-09-07T12:25:02.9976548Z -        ]);
contracts	Format	2026-09-07T12:25:02.9976641Z -        let focused = pipe
contracts	Format	2026-09-07T12:25:02.9976764Z -            .focus_attention(&cloud, [0.0, 0.0, 0.0], 2.0)
contracts	Format	2026-09-07T12:25:02.9976853Z -            .unwrap();
contracts	Format	2026-09-07T12:25:02.9977023Z +        let cloud = make_cloud(&[[0.0, 0.0, 0.0], [1.0, 0.0, 0.0], [10.0, 0.0, 0.0]]);
contracts	Format	2026-09-07T12:25:02.9977218Z +        let focused = pipe.focus_attention(&cloud, [0.0, 0.0, 0.0], 2.0).unwrap();
contracts	Format	2026-09-07T12:25:02.9977311Z          assert_eq!(focused.len(), 2);
contracts	Format	2026-09-07T12:25:02.9977391Z      }
contracts	Format	2026-09-07T12:25:02.9977472Z  
contracts	Format	2026-09-07T12:25:02.9977719Z Diff in /home/runner/work/loom/loom/ruvector/crates/ruvector-robotics/src/perception/mod.rs:716:
contracts	Format	2026-09-07T12:25:02.9977803Z      #[test]
contracts	Format	2026-09-07T12:25:02.9977902Z      fn test_detect_anomalies_outlier() {
contracts	Format	2026-09-07T12:25:02.9978152Z          let pipe = PerceptionPipeline::with_thresholds(0.5, 2.0);
contracts	Format	2026-09-07T12:25:02.9978244Z -        let mut pts: Vec<[f32; 3]> =
contracts	Format	2026-09-07T12:25:02.9978383Z -            (0..20).map(|i| [i as f32 * 0.1, 0.0, 0.0]).collect();
contracts	Format	2026-09-07T12:25:02.9978571Z +        let mut pts: Vec<[f32; 3]> = (0..20).map(|i| [i as f32 * 0.1, 0.0, 0.0]).collect();
contracts	Format	2026-09-07T12:25:02.9978660Z          pts.push([100.0, 100.0, 100.0]);
contracts	Format	2026-09-07T12:25:02.9978759Z          let cloud = make_cloud(&pts);
contracts	Format	2026-09-07T12:25:02.9979003Z          let anomalies = pipe.detect_anomalies(&cloud).unwrap();
contracts	Format	2026-09-07T12:25:02.9979268Z Diff in /home/runner/work/loom/loom/ruvector/crates/ruvector-robotics/src/perception/mod.rs:728:
contracts	Format	2026-09-07T12:25:02.9979343Z      #[test]
contracts	Format	2026-09-07T12:25:02.9979458Z      fn test_detect_anomalies_no_outliers() {
contracts	Format	2026-09-07T12:25:02.9979611Z          let pipe = PerceptionPipeline::with_thresholds(0.5, 2.0);
contracts	Format	2026-09-07T12:25:02.9979698Z -        let cloud = make_cloud(&[
contracts	Format	2026-09-07T12:25:02.9979794Z -            [1.0, 1.0, 1.0],
contracts	Format	2026-09-07T12:25:02.9979869Z -            [1.0, 1.0, 1.0],
contracts	Format	2026-09-07T12:25:02.9979956Z -            [1.0, 1.0, 1.0],
contracts	Format	2026-09-07T12:25:02.9980030Z -        ]);
contracts	Format	2026-09-07T12:25:02.9980204Z +        let cloud = make_cloud(&[[1.0, 1.0, 1.0], [1.0, 1.0, 1.0], [1.0, 1.0, 1.0]]);
contracts	Format	2026-09-07T12:25:02.9980345Z          let anomalies = pipe.detect_anomalies(&cloud).unwrap();
contracts	Format	2026-09-07T12:25:02.9980443Z          assert!(anomalies.is_empty());
contracts	Format	2026-09-07T12:25:02.9980525Z      }
contracts	Format	2026-09-07T12:25:02.9980839Z Diff in /home/runner/work/loom/loom/ruvector/crates/ruvector-robotics/src/perception/obstacle_detector.rs:69:
contracts	Format	2026-09-07T12:25:02.9980981Z      /// 4. Compute bounding box and centroid per cluster.
contracts	Format	2026-09-07T12:25:02.9981109Z      /// 5. Filter by `max_detection_range` from the robot.
contracts	Format	2026-09-07T12:25:02.9981226Z      /// 6. Sort results by distance (ascending).
contracts	Format	2026-09-07T12:25:02.9981313Z -    pub fn detect(
contracts	Format	2026-09-07T12:25:02.9981390Z -        &self,
contracts	Format	2026-09-07T12:25:02.9981498Z -        cloud: &PointCloud,
contracts	Format	2026-09-07T12:25:02.9981584Z -        robot_pos: &[f64; 3],
contracts	Format	2026-09-07T12:25:02.9981689Z -    ) -> Vec<DetectedObstacle> {
contracts	Format	2026-09-07T12:25:02.9981920Z +    pub fn detect(&self, cloud: &PointCloud, robot_pos: &[f64; 3]) -> Vec<DetectedObstacle> {
contracts	Format	2026-09-07T12:25:02.9982016Z          if cloud.is_empty() {
contracts	Format	2026-09-07T12:25:02.9982107Z              return Vec::new();
contracts	Format	2026-09-07T12:25:02.9982189Z          }
contracts	Format	2026-09-07T12:25:02.9982514Z Diff in /home/runner/work/loom/loom/ruvector/crates/ruvector-robotics/src/perception/obstacle_detector.rs:104:
contracts	Format	2026-09-07T12:25:02.9982599Z      ///   (wall-like).
contracts	Format	2026-09-07T12:25:02.9982786Z      /// * **Dynamic** -- the largest-to-smallest ratio is <= 2 (compact).
contracts	Format	2026-09-07T12:25:02.9982892Z      /// * **Unknown** -- everything else.
contracts	Format	2026-09-07T12:25:02.9982997Z -    pub fn classify_obstacles(
contracts	Format	2026-09-07T12:25:02.9983075Z -        &self,
contracts	Format	2026-09-07T12:25:02.9983188Z -        obstacles: &[DetectedObstacle],
contracts	Format	2026-09-07T12:25:02.9983469Z -    ) -> Vec<ClassifiedObstacle> {
contracts	Format	2026-09-07T12:25:02.9983736Z +    pub fn classify_obstacles(&self, obstacles: &[DetectedObstacle]) -> Vec<ClassifiedObstacle> {
contracts	Format	2026-09-07T12:25:02.9983823Z          obstacles
contracts	Format	2026-09-07T12:25:02.9983903Z              .iter()
contracts	Format	2026-09-07T12:25:02.9983991Z              .map(|o| {
contracts	Format	2026-09-07T12:25:02.9984315Z Diff in /home/runner/work/loom/loom/ruvector/crates/ruvector-robotics/src/perception/obstacle_detector.rs:243:
contracts	Format	2026-09-07T12:25:02.9984415Z              safety_margin: 0.1,
contracts	Format	2026-09-07T12:25:02.9984509Z          });
contracts	Format	2026-09-07T12:25:02.9984647Z          // Cluster at ~10 units away -- should be filtered out.
contracts	Format	2026-09-07T12:25:02.9984748Z -        let cloud = make_cloud(&[
contracts	Format	2026-09-07T12:25:02.9984826Z -            [10.0, 0.0, 0.0],
contracts	Format	2026-09-07T12:25:02.9984917Z -            [10.1, 0.0, 0.0],
contracts	Format	2026-09-07T12:25:02.9984996Z -            [10.0, 0.1, 0.0],
contracts	Format	2026-09-07T12:25:02.9985080Z -        ]);
contracts	Format	2026-09-07T12:25:02.9985266Z +        let cloud = make_cloud(&[[10.0, 0.0, 0.0], [10.1, 0.0, 0.0], [10.0, 0.1, 0.0]]);
contracts	Format	2026-09-07T12:25:02.9985525Z          let result = det.detect(&cloud, &[0.0, 0.0, 0.0]);
contracts	Format	2026-09-07T12:25:02.9985633Z          assert!(result.is_empty());
contracts	Format	2026-09-07T12:25:02.9985708Z      }
contracts	Format	2026-09-07T12:25:02.9986023Z Diff in /home/runner/work/loom/loom/ruvector/crates/ruvector-robotics/src/perception/obstacle_detector.rs:260:
contracts	Format	2026-09-07T12:25:02.9986111Z              safety_margin: 0.1,
contracts	Format	2026-09-07T12:25:02.9986193Z          });
contracts	Format	2026-09-07T12:25:02.9986295Z          // Only 3 points -- below minimum.
contracts	Format	2026-09-07T12:25:02.9986394Z -        let cloud = make_cloud(&[
contracts	Format	2026-09-07T12:25:02.9986480Z -            [1.0, 1.0, 0.0],
contracts	Format	2026-09-07T12:25:02.9986559Z -            [1.1, 1.0, 0.0],
contracts	Format	2026-09-07T12:25:02.9986642Z -            [1.0, 1.1, 0.0],
contracts	Format	2026-09-07T12:25:02.9986718Z -        ]);
contracts	Format	2026-09-07T12:25:02.9986999Z +        let cloud = make_cloud(&[[1.0, 1.0, 0.0], [1.1, 1.0, 0.0], [1.0, 1.1, 0.0]]);
contracts	Format	2026-09-07T12:25:02.9987160Z          let result = det.detect(&cloud, &[0.0, 0.0, 0.0]);
contracts	Format	2026-09-07T12:25:02.9987345Z          assert!(result.is_empty());
contracts	Format	2026-09-07T12:25:02.9987500Z      }
contracts	Format	2026-09-07T12:25:02.9987832Z Diff in /home/runner/work/loom/loom/ruvector/crates/ruvector-robotics/src/perception/scene_graph.rs:87:
contracts	Format	2026-09-07T12:25:02.9988060Z          let mut objects: Vec<SceneObject> = seen_ids.into_values().collect();
contracts	Format	2026-09-07T12:25:02.9988485Z          objects.sort_by(|a, b| a.id.cmp(&b.id));
contracts	Format	2026-09-07T12:25:02.9988602Z  
contracts	Format	2026-09-07T12:25:02.9988806Z -        let truncated: Vec<SceneObject> = objects
contracts	Format	2026-09-07T12:25:02.9989244Z -            .into_iter()
contracts	Format	2026-09-07T12:25:03.0044333Z -            .take(self.config.max_objects)
contracts	Format	2026-09-07T12:25:03.0044602Z -            .collect();
contracts	Format	2026-09-07T12:25:03.0044761Z +        let truncated: Vec<SceneObject> =
contracts	Format	2026-09-07T12:25:03.0045010Z +            objects.into_iter().take(self.config.max_objects).collect();
contracts	Format	2026-09-07T12:25:03.0045128Z  
contracts	Format	2026-09-07T12:25:03.0045297Z          let edges = self.create_edges(&truncated);
contracts	Format	2026-09-07T12:25:03.0045611Z          SceneGraph::new(truncated, edges, latest_ts)
contracts	Format	2026-09-07T12:25:03.0046094Z Diff in /home/runner/work/loom/loom/ruvector/crates/ruvector-robotics/src/perception/scene_graph.rs:99:
contracts	Format	2026-09-07T12:25:03.0046345Z      // -- private helpers ----------------------------------------------------
contracts	Format	2026-09-07T12:25:03.0046454Z  
contracts	Format	2026-09-07T12:25:03.0046698Z      fn cluster_to_object(id: usize, points: &[Point3D]) -> SceneObject {
contracts	Format	2026-09-07T12:25:03.0046993Z -        debug_assert!(!points.is_empty(), "cluster_to_object called with empty slice");
contracts	Format	2026-09-07T12:25:03.0047104Z +        debug_assert!(
contracts	Format	2026-09-07T12:25:03.0047236Z +            !points.is_empty(),
contracts	Format	2026-09-07T12:25:03.0047403Z +            "cluster_to_object called with empty slice"
contracts	Format	2026-09-07T12:25:03.0047501Z +        );
contracts	Format	2026-09-07T12:25:03.0047741Z          let (mut min_x, mut min_y, mut min_z) = (f64::MAX, f64::MAX, f64::MAX);
contracts	Format	2026-09-07T12:25:03.0047951Z          let (mut max_x, mut max_y, mut max_z) = (f64::MIN, f64::MIN, f64::MIN);
contracts	Format	2026-09-07T12:25:03.0048514Z          let (mut sum_x, mut sum_y, mut sum_z) = (0.0_f64, 0.0_f64, 0.0_f64);
contracts	Format	2026-09-07T12:25:03.0049173Z Diff in /home/runner/work/loom/loom/ruvector/crates/ruvector-robotics/src/perception/scene_graph.rs:334:
contracts	Format	2026-09-07T12:25:03.0049295Z  
contracts	Format	2026-09-07T12:25:03.0049437Z          let objects = vec![
contracts	Format	2026-09-07T12:25:03.0049644Z              SceneObject::new(0, [0.0, 0.0, 0.0], [1.0, 1.0, 1.0]),
contracts	Format	2026-09-07T12:25:03.0049939Z -            SceneObject::new(1, [5.0, 0.0, 0.0], [1.0, 1.0, 1.0]),  // ~5 < 9.9 => adjacent
contracts	Format	2026-09-07T12:25:03.0050211Z +            SceneObject::new(1, [5.0, 0.0, 0.0], [1.0, 1.0, 1.0]), // ~5 < 9.9 => adjacent
contracts	Format	2026-09-07T12:25:03.0050486Z              SceneObject::new(2, [15.0, 0.0, 0.0], [1.0, 1.0, 1.0]), // ~15 < 19.8 => near
contracts	Format	2026-09-07T12:25:03.0050759Z              SceneObject::new(3, [25.0, 0.0, 0.0], [1.0, 1.0, 1.0]), // ~25 < 30 => far
contracts	Format	2026-09-07T12:25:03.0050868Z          ];
contracts	Format	2026-09-07T12:25:03.0051365Z Diff in /home/runner/work/loom/loom/ruvector/crates/ruvector-robotics/src/perception/scene_graph.rs:342:
contracts	Format	2026-09-07T12:25:03.0051816Z          let graph = builder.build_from_objects(&objects);
contracts	Format	2026-09-07T12:25:03.0051942Z  
contracts	Format	2026-09-07T12:25:03.0052171Z          // Check that adjacent relation exists for objects 0 and 1.
contracts	Format	2026-09-07T12:25:03.0052315Z -        let edge_0_1 = graph
contracts	Format	2026-09-07T12:25:03.0052440Z -            .edges
contracts	Format	2026-09-07T12:25:03.0052559Z -            .iter()
contracts	Format	2026-09-07T12:25:03.0052727Z -            .find(|e| e.from == 0 && e.to == 1);
contracts	Format	2026-09-07T12:25:03.0052997Z +        let edge_0_1 = graph.edges.iter().find(|e| e.from == 0 && e.to == 1);
contracts	Format	2026-09-07T12:25:03.0053147Z          assert!(edge_0_1.is_some());
contracts	Format	2026-09-07T12:25:03.0053348Z          assert_eq!(edge_0_1.unwrap().relation, "adjacent");
contracts	Format	2026-09-07T12:25:03.0053469Z      }
contracts	Format	2026-09-07T12:25:03.0053960Z Diff in /home/runner/work/loom/loom/ruvector/crates/ruvector-robotics/src/perception/scene_graph.rs:359:
contracts	Format	2026-09-07T12:25:03.0054103Z              edge_distance_threshold: 100.0,
contracts	Format	2026-09-07T12:25:03.0054233Z          });
contracts	Format	2026-09-07T12:25:03.0054346Z  
contracts	Format	2026-09-07T12:25:03.0054470Z -        let cloud = make_cloud(&[
contracts	Format	2026-09-07T12:25:03.0054551Z -            [0.0, 0.0, 0.0],
contracts	Format	2026-09-07T12:25:03.0054636Z -            [50.0, 0.0, 0.0],
contracts	Format	2026-09-07T12:25:03.0054715Z -            [100.0, 0.0, 0.0],
contracts	Format	2026-09-07T12:25:03.0054799Z -        ]);
contracts	Format	2026-09-07T12:25:03.0054996Z +        let cloud = make_cloud(&[[0.0, 0.0, 0.0], [50.0, 0.0, 0.0], [100.0, 0.0, 0.0]]);
contracts	Format	2026-09-07T12:25:03.0055064Z  
contracts	Format	2026-09-07T12:25:03.0055199Z          let graph = builder.build_from_point_cloud(&cloud);
contracts	Format	2026-09-07T12:25:03.0055351Z          // min_cluster_size=1, so each point is its own cluster.
contracts	Format	2026-09-07T12:25:03.0055691Z Diff in /home/runner/work/loom/loom/ruvector/crates/ruvector-robotics/src/perception/sensor_fusion.rs:150:
contracts	Format	2026-09-07T12:25:03.0055786Z      fn test_fuse_skips_stale() {
contracts	Format	2026-09-07T12:25:03.0055909Z          let c1 = make_cloud(&[[1.0, 0.0, 0.0]], 0);
contracts	Format	2026-09-07T12:25:03.0056065Z          let c2 = make_cloud(&[[2.0, 0.0, 0.0]], 100_000); // 100ms apart
contracts	Format	2026-09-07T12:25:03.0056298Z -        let config = FusionConfig { max_time_delta_us: 50_000, ..Default::default() };
contracts	Format	2026-09-07T12:25:03.0056400Z +        let config = FusionConfig {
contracts	Format	2026-09-07T12:25:03.0056494Z +            max_time_delta_us: 50_000,
contracts	Format	2026-09-07T12:25:03.0056592Z +            ..Default::default()
contracts	Format	2026-09-07T12:25:03.0056666Z +        };
contracts	Format	2026-09-07T12:25:03.0056793Z          let result = fuse_clouds(&[c1, c2], &config);
contracts	Format	2026-09-07T12:25:03.0056909Z          assert_eq!(result.len(), 1); // c2 skipped
contracts	Format	2026-09-07T12:25:03.0056984Z      }
contracts	Format	2026-09-07T12:25:03.0057302Z Diff in /home/runner/work/loom/loom/ruvector/crates/ruvector-robotics/src/perception/sensor_fusion.rs:159:
contracts	Format	2026-09-07T12:25:03.0057393Z      fn test_voxel_downsample() {
contracts	Format	2026-09-07T12:25:03.0057483Z          let c1 = make_cloud(
contracts	Format	2026-09-07T12:25:03.0057557Z              &[
contracts	Format	2026-09-07T12:25:03.0057689Z -                [0.0, 0.0, 0.0], [0.01, 0.01, 0.01], // same voxel
contracts	Format	2026-09-07T12:25:03.0057966Z -                [5.0, 5.0, 5.0], // different voxel
contracts	Format	2026-09-07T12:25:03.0058044Z +                [0.0, 0.0, 0.0],
contracts	Format	2026-09-07T12:25:03.0058147Z +                [0.01, 0.01, 0.01], // same voxel
contracts	Format	2026-09-07T12:25:03.0058250Z +                [5.0, 5.0, 5.0],    // different voxel
contracts	Format	2026-09-07T12:25:03.0058332Z              ],
contracts	Format	2026-09-07T12:25:03.0058403Z              0,
contracts	Format	2026-09-07T12:25:03.0058484Z          );
contracts	Format	2026-09-07T12:25:03.0058772Z Diff in /home/runner/work/loom/loom/ruvector/crates/ruvector-robotics/src/perception/sensor_fusion.rs:167:
contracts	Format	2026-09-07T12:25:03.0059193Z -        let config = FusionConfig { voxel_size: 1.0, ..Default::default() };
contracts	Format	2026-09-07T12:25:03.0059292Z +        let config = FusionConfig {
contracts	Format	2026-09-07T12:25:03.0059378Z +            voxel_size: 1.0,
contracts	Format	2026-09-07T12:25:03.0059474Z +            ..Default::default()
contracts	Format	2026-09-07T12:25:03.0059548Z +        };
contracts	Format	2026-09-07T12:25:03.0059657Z          let result = fuse_clouds(&[c1], &config);
contracts	Format	2026-09-07T12:25:03.0059755Z          assert_eq!(result.len(), 2);
contracts	Format	2026-09-07T12:25:03.0059974Z      }
contracts	Format	2026-09-07T12:25:03.0060265Z Diff in /home/runner/work/loom/loom/ruvector/crates/ruvector-robotics/src/perception/sensor_fusion.rs:172:
contracts	Format	2026-09-07T12:25:03.0060343Z      #[test]
contracts	Format	2026-09-07T12:25:03.0060440Z      fn test_density_weighting() {
contracts	Format	2026-09-07T12:25:03.0060538Z          let c1 = make_cloud(&[[1.0, 0.0, 0.0]], 0);
contracts	Format	2026-09-07T12:25:03.0060751Z -        let config = FusionConfig { density_weighting: true, ..Default::default() };
contracts	Format	2026-09-07T12:25:03.0060838Z +        let config = FusionConfig {
contracts	Format	2026-09-07T12:25:03.0060942Z +            density_weighting: true,
contracts	Format	2026-09-07T12:25:03.0061035Z +            ..Default::default()
contracts	Format	2026-09-07T12:25:03.0061107Z +        };
contracts	Format	2026-09-07T12:25:03.0061215Z          let result = fuse_clouds(&[c1], &config);
contracts	Format	2026-09-07T12:25:03.0061302Z          assert_eq!(result.len(), 1);
contracts	Format	2026-09-07T12:25:03.0061478Z          // With 1 point, weight = 1/sqrt(1) = 1.0, so intensity unchanged.
contracts	Format	2026-09-07T12:25:03.0061720Z Diff in /home/runner/work/loom/loom/ruvector/crates/ruvector-robotics/src/planning.rs:66:
contracts	Format	2026-09-07T12:25:03.0061923Z  /// `goal`.  Cells with occupancy >= 0.5 are treated as impassable.
contracts	Format	2026-09-07T12:25:03.0062005Z  ///
contracts	Format	2026-09-07T12:25:03.0062387Z  /// Diagonal moves cost √2, cardinal moves cost 1.
contracts	Format	2026-09-07T12:25:03.0062481Z -pub fn astar(
contracts	Format	2026-09-07T12:25:03.0062576Z -    grid: &OccupancyGrid,
contracts	Format	2026-09-07T12:25:03.0062664Z -    start: Cell,
contracts	Format	2026-09-07T12:25:03.0062742Z -    goal: Cell,
contracts	Format	2026-09-07T12:25:03.0062840Z -) -> Result<GridPath> {
contracts	Format	2026-09-07T12:25:03.0063061Z +pub fn astar(grid: &OccupancyGrid, start: Cell, goal: Cell) -> Result<GridPath> {
contracts	Format	2026-09-07T12:25:03.0063164Z      if !cell_free(grid, start) {
contracts	Format	2026-09-07T12:25:03.0063342Z          return Err(PlanningError::InvalidStart(start.0, start.1));
contracts	Format	2026-09-07T12:25:03.0063418Z      }
contracts	Format	2026-09-07T12:25:03.0063675Z Diff in /home/runner/work/loom/loom/ruvector/crates/ruvector-robotics/src/planning.rs:78:
contracts	Format	2026-09-07T12:25:03.0063832Z          return Err(PlanningError::InvalidGoal(goal.0, goal.1));
contracts	Format	2026-09-07T12:25:03.0063933Z      }
contracts	Format	2026-09-07T12:25:03.0064023Z      if start == goal {
contracts	Format	2026-09-07T12:25:03.0064169Z -        return Ok(GridPath { cells: vec![start], cost: 0.0 });
contracts	Format	2026-09-07T12:25:03.0064259Z +        return Ok(GridPath {
contracts	Format	2026-09-07T12:25:03.0064346Z +            cells: vec![start],
contracts	Format	2026-09-07T12:25:03.0064434Z +            cost: 0.0,
contracts	Format	2026-09-07T12:25:03.0064509Z +        });
contracts	Format	2026-09-07T12:25:03.0064592Z      }
contracts	Format	2026-09-07T12:25:03.0064664Z  
contracts	Format	2026-09-07T12:25:03.0064854Z      let mut g_score: HashMap<Cell, f64> = HashMap::with_capacity(128);
contracts	Format	2026-09-07T12:25:03.0065102Z Diff in /home/runner/work/loom/loom/ruvector/crates/ruvector-robotics/src/planning.rs:88:
contracts	Format	2026-09-07T12:25:03.0065291Z      let mut neighbor_buf: Vec<(usize, usize, f64)> = Vec::with_capacity(8);
contracts	Format	2026-09-07T12:25:03.0065374Z  
contracts	Format	2026-09-07T12:25:03.0065463Z      g_score.insert(start, 0.0);
contracts	Format	2026-09-07T12:25:03.0065648Z -    open.push(AStarEntry { cell: start, f: heuristic(start, goal) });
contracts	Format	2026-09-07T12:25:03.0065890Z +    open.push(AStarEntry {
contracts	Format	2026-09-07T12:25:03.0066004Z +        cell: start,
contracts	Format	2026-09-07T12:25:03.0066098Z +        f: heuristic(start, goal),
contracts	Format	2026-09-07T12:25:03.0066186Z +    });
contracts	Format	2026-09-07T12:25:03.0066269Z  
contracts	Format	2026-09-07T12:25:03.0066418Z      while let Some(AStarEntry { cell, .. }) = open.pop() {
contracts	Format	2026-09-07T12:25:03.0066513Z          if cell == goal {
contracts	Format	2026-09-07T12:25:03.0066765Z Diff in /home/runner/work/loom/loom/ruvector/crates/ruvector-robotics/src/planning.rs:241:
contracts	Format	2026-09-07T12:25:03.0066918Z          let dist = (dx * dx + dy * dy + dz * dz).sqrt().max(0.01);
contracts	Format	2026-09-07T12:25:03.0066995Z  
contracts	Format	2026-09-07T12:25:03.0067114Z          if dist < config.obstacle_influence {
contracts	Format	2026-09-07T12:25:03.0067206Z -            let strength =
contracts	Format	2026-09-07T12:25:03.0067461Z -                config.repulsive_gain * (1.0 / dist - 1.0 / config.obstacle_influence) / (dist * dist);
contracts	Format	2026-09-07T12:25:03.0067712Z +            let strength = config.repulsive_gain * (1.0 / dist - 1.0 / config.obstacle_influence)
contracts	Format	2026-09-07T12:25:03.0067902Z +                / (dist * dist);
contracts	Format	2026-09-07T12:25:03.0068006Z              fx += strength * dx / dist;
contracts	Format	2026-09-07T12:25:03.0068095Z              fy += strength * dy / dist;
contracts	Format	2026-09-07T12:25:03.0068190Z              fz += strength * dz / dist;
contracts	Format	2026-09-07T12:25:03.0068503Z Diff in /home/runner/work/loom/loom/ruvector/crates/ruvector-robotics/src/planning.rs:258:
contracts	Format	2026-09-07T12:25:03.0068587Z          fz *= s;
contracts	Format	2026-09-07T12:25:03.0068660Z      }
contracts	Format	2026-09-07T12:25:03.0068742Z  
contracts	Format	2026-09-07T12:25:03.0068853Z -    VelocityCommand { vx: fx, vy: fy, vz: fz }
contracts	Format	2026-09-07T12:25:03.0069149Z +    VelocityCommand {
contracts	Format	2026-09-07T12:25:03.0069227Z +        vx: fx,
contracts	Format	2026-09-07T12:25:03.0069311Z +        vy: fy,
contracts	Format	2026-09-07T12:25:03.0069392Z +        vz: fz,
contracts	Format	2026-09-07T12:25:03.0069464Z +    }
contracts	Format	2026-09-07T12:25:03.0069544Z  }
contracts	Format	2026-09-07T12:25:03.0069617Z  
contracts	Format	2026-09-07T12:25:03.0069793Z  // ---------------------------------------------------------------------------
contracts	Format	2026-09-07T12:25:03.0070051Z Diff in /home/runner/work/loom/loom/ruvector/crates/ruvector-robotics/src/planning.rs:377:
contracts	Format	2026-09-07T12:25:03.0070137Z  
contracts	Format	2026-09-07T12:25:03.0070212Z      #[test]
contracts	Format	2026-09-07T12:25:03.0070325Z      fn test_potential_field_max_speed() {
contracts	Format	2026-09-07T12:25:03.0070554Z -        let config = PotentialFieldConfig { max_speed: 1.0, ..Default::default() };
contracts	Format	2026-09-07T12:25:03.0070651Z -        let cmd = potential_field(
contracts	Format	2026-09-07T12:25:03.0070741Z -            &[0.0, 0.0, 0.0],
contracts	Format	2026-09-07T12:25:03.0070823Z -            &[100.0, 100.0, 0.0],
contracts	Format	2026-09-07T12:25:03.0070906Z -            &[],
contracts	Format	2026-09-07T12:25:03.0070983Z -            &config,
contracts	Format	2026-09-07T12:25:03.0071065Z -        );
contracts	Format	2026-09-07T12:25:03.0071179Z +        let config = PotentialFieldConfig {
contracts	Format	2026-09-07T12:25:03.0071268Z +            max_speed: 1.0,
contracts	Format	2026-09-07T12:25:03.0071367Z +            ..Default::default()
contracts	Format	2026-09-07T12:25:03.0071442Z +        };
contracts	Format	2026-09-07T12:25:03.0071640Z +        let cmd = potential_field(&[0.0, 0.0, 0.0], &[100.0, 100.0, 0.0], &[], &config);
contracts	Format	2026-09-07T12:25:03.0071825Z          let speed = (cmd.vx * cmd.vx + cmd.vy * cmd.vy + cmd.vz * cmd.vz).sqrt();
contracts	Format	2026-09-07T12:25:03.0071946Z          assert!((speed - 1.0).abs() < 1e-9);
contracts	Format	2026-09-07T12:25:03.0072025Z      }
contracts	Format	2026-09-07T12:25:03.0072261Z Diff in /home/runner/work/loom/loom/ruvector/crates/ruvector-robotics/src/rvf.rs:22:
contracts	Format	2026-09-07T12:25:03.0072360Z  use std::path::Path;
contracts	Format	2026-09-07T12:25:03.0072434Z  
contracts	Format	2026-09-07T12:25:03.0072554Z  use rvf_runtime::options::DistanceMetric;
contracts	Format	2026-09-07T12:25:03.0072643Z -use rvf_runtime::{
contracts	Format	2026-09-07T12:25:03.0072834Z -    IngestResult, QueryOptions, RvfOptions, RvfStore, SearchResult,
contracts	Format	2026-09-07T12:25:03.0072908Z -};
contracts	Format	2026-09-07T12:25:03.0073139Z +use rvf_runtime::{IngestResult, QueryOptions, RvfOptions, RvfStore, SearchResult};
contracts	Format	2026-09-07T12:25:03.0073220Z  
contracts	Format	2026-09-07T12:25:03.0073304Z -use crate::bridge::{
contracts	Format	2026-09-07T12:25:03.0073519Z -    GaussianConfig, Obstacle, PointCloud, SceneGraph, SceneObject, Trajectory,
contracts	Format	2026-09-07T12:25:03.0073593Z -};
contracts	Format	2026-09-07T12:25:03.0073943Z  use crate::bridge::gaussian::{gaussians_from_cloud, GaussianSplatCloud};
contracts	Format	2026-09-07T12:25:03.0074211Z +use crate::bridge::{GaussianConfig, Obstacle, PointCloud, SceneGraph, SceneObject, Trajectory};
contracts	Format	2026-09-07T12:25:03.0074296Z  
contracts	Format	2026-09-07T12:25:03.0074455Z  // ---------------------------------------------------------------------------
contracts	Format	2026-09-07T12:25:03.0074530Z  // Errors
contracts	Format	2026-09-07T12:25:03.0074757Z Diff in /home/runner/work/loom/loom/ruvector/crates/ruvector-robotics/src/rvf.rs:95:
contracts	Format	2026-09-07T12:25:03.0074850Z              ..Default::default()
contracts	Format	2026-09-07T12:25:03.0074935Z          };
contracts	Format	2026-09-07T12:25:03.0075082Z          let store = RvfStore::create(path.as_ref(), options)?;
contracts	Format	2026-09-07T12:25:03.0075204Z -        Ok(Self { store, dimension, next_id: 1 })
contracts	Format	2026-09-07T12:25:03.0075292Z +        Ok(Self {
contracts	Format	2026-09-07T12:25:03.0075368Z +            store,
contracts	Format	2026-09-07T12:25:03.0075459Z +            dimension,
contracts	Format	2026-09-07T12:25:03.0075541Z +            next_id: 1,
contracts	Format	2026-09-07T12:25:03.0075806Z +        })
contracts	Format	2026-09-07T12:25:03.0075879Z      }
contracts	Format	2026-09-07T12:25:03.0075959Z  
contracts	Format	2026-09-07T12:25:03.0076107Z      /// Open an existing `.rvf` file for read-write access.
contracts	Format	2026-09-07T12:25:03.0076349Z Diff in /home/runner/work/loom/loom/ruvector/crates/ruvector-robotics/src/rvf.rs:102:
contracts	Format	2026-09-07T12:25:03.0076507Z      pub fn open<P: AsRef<Path>>(path: P) -> Result<Self> {
contracts	Format	2026-09-07T12:25:03.0076632Z          let store = RvfStore::open(path.as_ref())?;
contracts	Format	2026-09-07T12:25:03.0076740Z          let dim = store.dimension();
contracts	Format	2026-09-07T12:25:03.0076876Z -        Ok(Self { store, dimension: dim, next_id: 1_000_000 })
contracts	Format	2026-09-07T12:25:03.0076958Z +        Ok(Self {
contracts	Format	2026-09-07T12:25:03.0077034Z +            store,
contracts	Format	2026-09-07T12:25:03.0077129Z +            dimension: dim,
contracts	Format	2026-09-07T12:25:03.0077222Z +            next_id: 1_000_000,
contracts	Format	2026-09-07T12:25:03.0077295Z +        })
contracts	Format	2026-09-07T12:25:03.0077372Z      }
contracts	Format	2026-09-07T12:25:03.0077443Z  
contracts	Format	2026-09-07T12:25:03.0077588Z      /// Open an existing `.rvf` file for read-only queries.
contracts	Format	2026-09-07T12:25:03.0077829Z Diff in /home/runner/work/loom/loom/ruvector/crates/ruvector-robotics/src/rvf.rs:109:
contracts	Format	2026-09-07T12:25:03.0078000Z      pub fn open_readonly<P: AsRef<Path>>(path: P) -> Result<Self> {
contracts	Format	2026-09-07T12:25:03.0078153Z          let store = RvfStore::open_readonly(path.as_ref())?;
contracts	Format	2026-09-07T12:25:03.0078254Z          let dim = store.dimension();
contracts	Format	2026-09-07T12:25:03.0078386Z -        Ok(Self { store, dimension: dim, next_id: 0 })
contracts	Format	2026-09-07T12:25:03.0078465Z +        Ok(Self {
contracts	Format	2026-09-07T12:25:03.0078550Z +            store,
contracts	Format	2026-09-07T12:25:03.0078636Z +            dimension: dim,
contracts	Format	2026-09-07T12:25:03.0078724Z +            next_id: 0,
contracts	Format	2026-09-07T12:25:03.0078799Z +        })
contracts	Format	2026-09-07T12:25:03.0079049Z      }
contracts	Format	2026-09-07T12:25:03.0079157Z  
contracts	Format	2026-09-07T12:25:03.0079248Z      /// Current store status.
contracts	Format	2026-09-07T12:25:03.0079488Z Diff in /home/runner/work/loom/loom/ruvector/crates/ruvector-robotics/src/rvf.rs:131:
contracts	Format	2026-09-07T12:25:03.0079669Z              return Err(RvfPackError::EmptyData("point cloud is empty"));
contracts	Format	2026-09-07T12:25:03.0079767Z          }
contracts	Format	2026-09-07T12:25:03.0079840Z  
contracts	Format	2026-09-07T12:25:03.0079950Z -        let vectors: Vec<Vec<f32>> = cloud
contracts	Format	2026-09-07T12:25:03.0080039Z -            .points
contracts	Format	2026-09-07T12:25:03.0080118Z -            .iter()
contracts	Format	2026-09-07T12:25:03.0080227Z -            .map(|p| vec![p.x, p.y, p.z])
contracts	Format	2026-09-07T12:25:03.0080311Z -            .collect();
contracts	Format	2026-09-07T12:25:03.0080563Z +        let vectors: Vec<Vec<f32>> = cloud.points.iter().map(|p| vec![p.x, p.y, p.z]).collect();
contracts	Format	2026-09-07T12:25:03.0080739Z          let refs: Vec<&[f32]> = vectors.iter().map(|v| v.as_slice()).collect();
contracts	Format	2026-09-07T12:25:03.0080850Z          let ids: Vec<u64> = (0..cloud.len())
contracts	Format	2026-09-07T12:25:03.0080931Z              .map(|_| {
contracts	Format	2026-09-07T12:25:03.0081167Z Diff in /home/runner/work/loom/loom/ruvector/crates/ruvector-robotics/src/rvf.rs:294:
contracts	Format	2026-09-07T12:25:03.0081346Z      // -- querying ---------------------------------------------------------
contracts	Format	2026-09-07T12:25:03.0081427Z  
contracts	Format	2026-09-07T12:25:03.0081722Z      /// Query the store for the `k` nearest vectors to `query`.
contracts	Format	2026-09-07T12:25:03.0081815Z -    pub fn query_nearest(
contracts	Format	2026-09-07T12:25:03.0081902Z -        &self,
contracts	Format	2026-09-07T12:25:03.0081986Z -        query: &[f32],
contracts	Format	2026-09-07T12:25:03.0082073Z -        k: usize,
contracts	Format	2026-09-07T12:25:03.0082177Z -    ) -> Result<Vec<SearchResult>> {
contracts	Format	2026-09-07T12:25:03.0082390Z +    pub fn query_nearest(&self, query: &[f32], k: usize) -> Result<Vec<SearchResult>> {
contracts	Format	2026-09-07T12:25:03.0082524Z          if query.len() != self.dimension as usize {
contracts	Format	2026-09-07T12:25:03.0082666Z              return Err(RvfPackError::DimensionMismatch {
contracts	Format	2026-09-07T12:25:03.0082784Z                  expected: self.dimension as usize,
contracts	Format	2026-09-07T12:25:03.0083008Z Diff in /home/runner/work/loom/loom/ruvector/crates/ruvector-robotics/src/rvf.rs:390:
contracts	Format	2026-09-07T12:25:03.0083170Z          let result = rvf.pack_scene_objects(&objects).unwrap();
contracts	Format	2026-09-07T12:25:03.0083285Z          assert_eq!(result.accepted, 2);
contracts	Format	2026-09-07T12:25:03.0083485Z  
contracts	Format	2026-09-07T12:25:03.0083710Z -        let hits = rvf.query_nearest(&[1.0, 2.0, 0.0, 0.5, 0.5, 1.8, 1.0, 0.0, 0.0], 1).unwrap();
contracts	Format	2026-09-07T12:25:03.0083796Z +        let hits = rvf
contracts	Format	2026-09-07T12:25:03.0083970Z +            .query_nearest(&[1.0, 2.0, 0.0, 0.5, 0.5, 1.8, 1.0, 0.0, 0.0], 1)
contracts	Format	2026-09-07T12:25:03.0084053Z +            .unwrap();
contracts	Format	2026-09-07T12:25:03.0084159Z          assert_eq!(hits.len(), 1);
contracts	Format	2026-09-07T12:25:03.0084246Z  
contracts	Format	2026-09-07T12:25:03.0084337Z          rvf.close().unwrap();
contracts	Format	2026-09-07T12:25:03.0084577Z Diff in /home/runner/work/loom/loom/ruvector/crates/ruvector-robotics/src/rvf.rs:430:
contracts	Format	2026-09-07T12:25:03.0084656Z              ],
contracts	Format	2026-09-07T12:25:03.0084740Z              1000,
contracts	Format	2026-09-07T12:25:03.0084814Z          );
contracts	Format	2026-09-07T12:25:03.0085030Z -        let config = GaussianConfig { min_cluster_size: 3, ..Default::default() };
contracts	Format	2026-09-07T12:25:03.0085132Z +        let config = GaussianConfig {
contracts	Format	2026-09-07T12:25:03.0085229Z +            min_cluster_size: 3,
contracts	Format	2026-09-07T12:25:03.0085333Z +            ..Default::default()
contracts	Format	2026-09-07T12:25:03.0085408Z +        };
contracts	Format	2026-09-07T12:25:03.0085612Z          let (splat_cloud, result) = rvf.pack_gaussians(&cloud, &config).unwrap();
contracts	Format	2026-09-07T12:25:03.0085717Z          assert!(!splat_cloud.is_empty());
contracts	Format	2026-09-07T12:25:03.0085826Z          assert!(result.accepted > 0);
contracts	Format	2026-09-07T12:25:03.0086043Z Diff in /home/runner/work/loom/loom/ruvector/crates/ruvector-robotics/src/rvf.rs:444:
contracts	Format	2026-09-07T12:25:03.0086134Z          let path = tmp_path();
contracts	Format	2026-09-07T12:25:03.0086281Z          let mut rvf = RoboticsRvf::create(&path, 6).unwrap();
contracts	Format	2026-09-07T12:25:03.0086353Z  
contracts	Format	2026-09-07T12:25:03.0086449Z -        let obstacles = vec![
contracts	Format	2026-09-07T12:25:03.0086526Z -            Obstacle {
contracts	Format	2026-09-07T12:25:03.0086607Z -                id: 0,
contracts	Format	2026-09-07T12:25:03.0086706Z -                position: [2.0, 0.0, 0.0],
contracts	Format	2026-09-07T12:25:03.0086787Z -                distance: 2.0,
contracts	Format	2026-09-07T12:25:03.0086876Z -                radius: 0.5,
contracts	Format	2026-09-07T12:25:03.0086978Z -                label: "person".into(),
contracts	Format	2026-09-07T12:25:03.0087068Z -                confidence: 0.9,
contracts	Format	2026-09-07T12:25:03.0087139Z -            },
contracts	Format	2026-09-07T12:25:03.0087215Z -        ];
contracts	Format	2026-09-07T12:25:03.0087304Z +        let obstacles = vec![Obstacle {
contracts	Format	2026-09-07T12:25:03.0087389Z +            id: 0,
contracts	Format	2026-09-07T12:25:03.0087484Z +            position: [2.0, 0.0, 0.0],
contracts	Format	2026-09-07T12:25:03.0087565Z +            distance: 2.0,
contracts	Format	2026-09-07T12:25:03.0087649Z +            radius: 0.5,
contracts	Format	2026-09-07T12:25:03.0087738Z +            label: "person".into(),
contracts	Format	2026-09-07T12:25:03.0087822Z +            confidence: 0.9,
contracts	Format	2026-09-07T12:25:03.0087895Z +        }];
contracts	Format	2026-09-07T12:25:03.0088030Z          let result = rvf.pack_obstacles(&obstacles).unwrap();
contracts	Format	2026-09-07T12:25:03.0088124Z          assert_eq!(result.accepted, 1);
contracts	Format	2026-09-07T12:25:03.0088200Z  
contracts	Format	2026-09-07T12:25:03.0088460Z Diff in /home/runner/work/loom/loom/ruvector/crates/ruvector-robotics/tests/integration.rs:8:
contracts	Format	2026-09-07T12:25:03.0088533Z  };
contracts	Format	2026-09-07T12:25:03.0088751Z  use ruvector_robotics::cognitive::{
contracts	Format	2026-09-07T12:25:03.0089187Z      BehaviorNode, BehaviorStatus, BehaviorTree, CognitiveConfig, CognitiveCore, CognitiveMode,
contracts	Format	2026-09-07T12:25:03.0089444Z -    Demonstration, EpisodicMemory, Episode, Formation, FormationType, MemoryItem, Outcome,
contracts	Format	2026-09-07T12:25:03.0089678Z -    Percept, RobotCapabilities, SkillLibrary, SwarmConfig, SwarmCoordinator, SwarmTask,
contracts	Format	2026-09-07T12:25:03.0089812Z -    TrackedObject, WorkingMemory, WorldModel,
contracts	Format	2026-09-07T12:25:03.0090265Z +    Demonstration, Episode, EpisodicMemory, Formation, FormationType, MemoryItem, Outcome, Percept,
contracts	Format	2026-09-07T12:25:03.0090687Z +    RobotCapabilities, SkillLibrary, SwarmConfig, SwarmCoordinator, SwarmTask, TrackedObject,
contracts	Format	2026-09-07T12:25:03.0090838Z +    WorkingMemory, WorldModel,
contracts	Format	2026-09-07T12:25:03.0090947Z  };
contracts	Format	2026-09-07T12:25:03.0091233Z  use ruvector_robotics::mcp::{RoboticsToolRegistry, ToolCategory};
contracts	Format	2026-09-07T12:25:03.0091578Z  use ruvector_robotics::perception::{PerceptionConfig, PerceptionPipeline};
contracts	Format	2026-09-07T12:25:03.0092287Z Diff in /home/runner/work/loom/loom/ruvector/crates/ruvector-robotics/tests/robotics_integration.rs:9:
contracts	Format	2026-09-07T12:25:03.0092425Z  use std::sync::{Arc, Mutex};
contracts	Format	2026-09-07T12:25:03.0092569Z  use std::time::Instant;
contracts	Format	2026-09-07T12:25:03.0092678Z  
contracts	Format	2026-09-07T12:25:03.0092841Z -use ruvector_robotics::bridge::{
contracts	Format	2026-09-07T12:25:03.0093127Z -    GaussianConfig, Point3D, PointCloud, SceneObject, SpatialIndex,
contracts	Format	2026-09-07T12:25:03.0093235Z -};
contracts	Format	2026-09-07T12:25:03.0093496Z  use ruvector_robotics::bridge::gaussian::gaussians_from_cloud;
contracts	Format	2026-09-07T12:25:03.0093929Z +use ruvector_robotics::bridge::{GaussianConfig, Point3D, PointCloud, SceneObject, SpatialIndex};
contracts	Format	2026-09-07T12:25:03.0094134Z  use ruvector_robotics::cognitive::behavior_tree::{
contracts	Format	2026-09-07T12:25:03.0094373Z      BehaviorNode, BehaviorStatus, BehaviorTree, DecoratorType,
contracts	Format	2026-09-07T12:25:03.0094488Z  };
contracts	Format	2026-09-07T12:25:03.0094958Z Diff in /home/runner/work/loom/loom/ruvector/crates/ruvector-robotics/tests/robotics_integration.rs:19:
contracts	Format	2026-09-07T12:25:03.0095116Z  use ruvector_robotics::cognitive::{
contracts	Format	2026-09-07T12:25:03.0095451Z -    ActionOption, DecisionConfig, DecisionEngine, Demonstration, EpisodicMemory,
contracts	Format	2026-09-07T12:25:03.0095689Z -    Episode, SkillLibrary, SwarmConfig, SwarmCoordinator, SwarmTask, RobotCapabilities,
contracts	Format	2026-09-07T12:25:03.0095792Z -    TrackedObject, WorldModel,
contracts	Format	2026-09-07T12:25:03.0096036Z +    ActionOption, DecisionConfig, DecisionEngine, Demonstration, Episode, EpisodicMemory,
contracts	Format	2026-09-07T12:25:03.0096300Z +    RobotCapabilities, SkillLibrary, SwarmConfig, SwarmCoordinator, SwarmTask, TrackedObject,
contracts	Format	2026-09-07T12:25:03.0096382Z +    WorldModel,
contracts	Format	2026-09-07T12:25:03.0096453Z  };
contracts	Format	2026-09-07T12:25:03.0096634Z -use ruvector_robotics::mcp::{RoboticsToolRegistry, ToolRequest};
contracts	Format	2026-09-07T12:25:03.0096765Z  use ruvector_robotics::mcp::executor::ToolExecutor;
contracts	Format	2026-09-07T12:25:03.0096915Z -use ruvector_robotics::perception::PerceptionPipeline;
contracts	Format	2026-09-07T12:25:03.0097075Z +use ruvector_robotics::mcp::{RoboticsToolRegistry, ToolRequest};
contracts	Format	2026-09-07T12:25:03.0097301Z  use ruvector_robotics::perception::sensor_fusion::{fuse_clouds, FusionConfig};
contracts	Format	2026-09-07T12:25:03.0097442Z +use ruvector_robotics::perception::PerceptionPipeline;
contracts	Format	2026-09-07T12:25:03.0097537Z  use ruvector_robotics::planning;
contracts	Format	2026-09-07T12:25:03.0097614Z  
contracts	Format	2026-09-07T12:25:03.0097767Z  // ---------------------------------------------------------------------------
contracts	Format	2026-09-07T12:25:03.0098068Z Diff in /home/runner/work/loom/loom/ruvector/crates/ruvector-robotics/tests/robotics_integration.rs:59:
contracts	Format	2026-09-07T12:25:03.0098149Z  #[test]
contracts	Format	2026-09-07T12:25:03.0098261Z  fn test_perception_pipeline_end_to_end() {
contracts	Format	2026-09-07T12:25:03.0098480Z      let mut points = generate_point_cloud_around(Point3D::new(2.0, 3.0, 0.0), 50, 0.8);
contracts	Format	2026-09-07T12:25:03.0098691Z -    points.extend(generate_point_cloud_around(Point3D::new(8.0, 7.0, 0.0), 40, 0.6));
contracts	Format	2026-09-07T12:25:03.0098815Z +    points.extend(generate_point_cloud_around(
contracts	Format	2026-09-07T12:25:03.0099104Z +        Point3D::new(8.0, 7.0, 0.0),
contracts	Format	2026-09-07T12:25:03.0099324Z +        40,
contracts	Format	2026-09-07T12:25:03.0099406Z +        0.6,
contracts	Format	2026-09-07T12:25:03.0099480Z +    ));
contracts	Format	2026-09-07T12:25:03.0099615Z      let cloud = PointCloud::new(points, 1_000_000);
contracts	Format	2026-09-07T12:25:03.0099686Z  
contracts	Format	2026-09-07T12:25:03.0099847Z      let pipe = PerceptionPipeline::with_thresholds(0.5, 2.0);
contracts	Format	2026-09-07T12:25:03.0100135Z Diff in /home/runner/work/loom/loom/ruvector/crates/ruvector-robotics/tests/robotics_integration.rs:66:
contracts	Format	2026-09-07T12:25:03.0100215Z  
contracts	Format	2026-09-07T12:25:03.0100317Z      // Detect obstacles using the real API
contracts	Format	2026-09-07T12:25:03.0100529Z -    let obstacles = pipe.detect_obstacles(&cloud, [0.0, 0.0, 0.0], 20.0).unwrap();
contracts	Format	2026-09-07T12:25:03.0100626Z +    let obstacles = pipe
contracts	Format	2026-09-07T12:25:03.0100749Z +        .detect_obstacles(&cloud, [0.0, 0.0, 0.0], 20.0)
contracts	Format	2026-09-07T12:25:03.0100834Z +        .unwrap();
contracts	Format	2026-09-07T12:25:03.0101018Z      assert!(!obstacles.is_empty(), "Should detect at least one obstacle");
contracts	Format	2026-09-07T12:25:03.0101228Z  
contracts	Format	2026-09-07T12:25:03.0101333Z      // Build scene graph using the real API
contracts	Format	2026-09-07T12:25:03.0101621Z Diff in /home/runner/work/loom/loom/ruvector/crates/ruvector-robotics/tests/robotics_integration.rs:76:
contracts	Format	2026-09-07T12:25:03.0101795Z      let graph = pipe.build_scene_graph(&scene_objects, 10.0).unwrap();
contracts	Format	2026-09-07T12:25:03.0101929Z      assert_eq!(graph.objects.len(), scene_objects.len());
contracts	Format	2026-09-07T12:25:03.0102026Z      if scene_objects.len() > 1 {
contracts	Format	2026-09-07T12:25:03.0102222Z -        assert!(!graph.edges.is_empty(), "Should have edges between nearby objects");
contracts	Format	2026-09-07T12:25:03.0102306Z +        assert!(
contracts	Format	2026-09-07T12:25:03.0102402Z +            !graph.edges.is_empty(),
contracts	Format	2026-09-07T12:25:03.0102524Z +            "Should have edges between nearby objects"
contracts	Format	2026-09-07T12:25:03.0102603Z +        );
contracts	Format	2026-09-07T12:25:03.0102676Z      }
contracts	Format	2026-09-07T12:25:03.0102753Z  
contracts	Format	2026-09-07T12:25:03.0102864Z      // Predict trajectory using the real API
contracts	Format	2026-09-07T12:25:03.0103147Z Diff in /home/runner/work/loom/loom/ruvector/crates/ruvector-robotics/tests/robotics_integration.rs:93:
contracts	Format	2026-09-07T12:25:03.0103312Z      let pipe = PerceptionPipeline::with_thresholds(0.5, 2.0);
contracts	Format	2026-09-07T12:25:03.0103391Z  
contracts	Format	2026-09-07T12:25:03.0103603Z      let mut points = generate_point_cloud_around(Point3D::new(6.0, 5.0, 0.0), 20, 0.3);
contracts	Format	2026-09-07T12:25:03.0103812Z -    points.extend(generate_point_cloud_around(Point3D::new(10.0, 10.0, 0.0), 15, 0.3));
contracts	Format	2026-09-07T12:25:03.0103929Z +    points.extend(generate_point_cloud_around(
contracts	Format	2026-09-07T12:25:03.0104019Z +        Point3D::new(10.0, 10.0, 0.0),
contracts	Format	2026-09-07T12:25:03.0104100Z +        15,
contracts	Format	2026-09-07T12:25:03.0104173Z +        0.3,
contracts	Format	2026-09-07T12:25:03.0104249Z +    ));
contracts	Format	2026-09-07T12:25:03.0104360Z      let cloud = PointCloud::new(points, 0);
contracts	Format	2026-09-07T12:25:03.0104432Z  
contracts	Format	2026-09-07T12:25:03.0104634Z -    let obstacles = pipe.detect_obstacles(&cloud, [5.0, 5.0, 0.0], 20.0).unwrap();
contracts	Format	2026-09-07T12:25:03.0104837Z -    let min_dist = obstacles.iter().map(|o| o.distance).fold(f64::MAX, f64::min);
contracts	Format	2026-09-07T12:25:03.0104939Z +    let obstacles = pipe
contracts	Format	2026-09-07T12:25:03.0105052Z +        .detect_obstacles(&cloud, [5.0, 5.0, 0.0], 20.0)
contracts	Format	2026-09-07T12:25:03.0105138Z +        .unwrap();
contracts	Format	2026-09-07T12:25:03.0105226Z +    let min_dist = obstacles
contracts	Format	2026-09-07T12:25:03.0105308Z +        .iter()
contracts	Format	2026-09-07T12:25:03.0105397Z +        .map(|o| o.distance)
contracts	Format	2026-09-07T12:25:03.0105488Z +        .fold(f64::MAX, f64::min);
contracts	Format	2026-09-07T12:25:03.0105570Z  
contracts	Format	2026-09-07T12:25:03.0105661Z      // Use the real DecisionEngine
contracts	Format	2026-09-07T12:25:03.0105826Z      let engine = DecisionEngine::new(DecisionConfig::default());
contracts	Format	2026-09-07T12:25:03.0106116Z Diff in /home/runner/work/loom/loom/ruvector/crates/ruvector-robotics/tests/robotics_integration.rs:104:
contracts	Format	2026-09-07T12:25:03.0106209Z      let options = vec![
contracts	Format	2026-09-07T12:25:03.0106491Z -        ActionOption { name: "proceed_fast".into(), reward: 8.0, risk: 0.9, energy_cost: 0.5, novelty: 0.0 },
contracts	Format	2026-09-07T12:25:03.0106742Z -        ActionOption { name: "slow_down".into(), reward: 5.0, risk: 0.2, energy_cost: 0.3, novelty: 0.0 },
contracts	Format	2026-09-07T12:25:03.0107083Z -        ActionOption { name: "stop".into(), reward: 2.0, risk: 0.0, energy_cost: 0.0, novelty: 0.0 },
contracts	Format	2026-09-07T12:25:03.0107170Z +        ActionOption {
contracts	Format	2026-09-07T12:25:03.0107275Z +            name: "proceed_fast".into(),
contracts	Format	2026-09-07T12:25:03.0107356Z +            reward: 8.0,
contracts	Format	2026-09-07T12:25:03.0107444Z +            risk: 0.9,
contracts	Format	2026-09-07T12:25:03.0107534Z +            energy_cost: 0.5,
contracts	Format	2026-09-07T12:25:03.0107615Z +            novelty: 0.0,
contracts	Format	2026-09-07T12:25:03.0107693Z +        },
contracts	Format	2026-09-07T12:25:03.0107774Z +        ActionOption {
contracts	Format	2026-09-07T12:25:03.0107874Z +            name: "slow_down".into(),
contracts	Format	2026-09-07T12:25:03.0107957Z +            reward: 5.0,
contracts	Format	2026-09-07T12:25:03.0108044Z +            risk: 0.2,
contracts	Format	2026-09-07T12:25:03.0108133Z +            energy_cost: 0.3,
contracts	Format	2026-09-07T12:25:03.0108215Z +            novelty: 0.0,
contracts	Format	2026-09-07T12:25:03.0108295Z +        },
contracts	Format	2026-09-07T12:25:03.0108375Z +        ActionOption {
contracts	Format	2026-09-07T12:25:03.0108565Z +            name: "stop".into(),
contracts	Format	2026-09-07T12:25:03.0108645Z +            reward: 2.0,
contracts	Format	2026-09-07T12:25:03.0108726Z +            risk: 0.0,
contracts	Format	2026-09-07T12:25:03.0108810Z +            energy_cost: 0.0,
contracts	Format	2026-09-07T12:25:03.0109077Z +            novelty: 0.0,
contracts	Format	2026-09-07T12:25:03.0109189Z +        },
contracts	Format	2026-09-07T12:25:03.0109273Z      ];
contracts	Format	2026-09-07T12:25:03.0109448Z      let (best_idx, _utility) = engine.evaluate(&options).unwrap();
contracts	Format	2026-09-07T12:25:03.0109569Z      assert!(!options[best_idx].name.is_empty());
contracts	Format	2026-09-07T12:25:03.0109872Z Diff in /home/runner/work/loom/loom/ruvector/crates/ruvector-robotics/tests/robotics_integration.rs:229:
contracts	Format	2026-09-07T12:25:03.0109946Z  
contracts	Format	2026-09-07T12:25:03.0110038Z      let demos = vec![
contracts	Format	2026-09-07T12:25:03.0110121Z          Demonstration {
contracts	Format	2026-09-07T12:25:03.0110332Z -            trajectory: vec![[0.0, 0.0, 0.0], [0.5, 0.0, 0.2], [1.0, 0.0, 0.5], [1.0, 0.0, 0.0]],
contracts	Format	2026-09-07T12:25:03.0110426Z +            trajectory: vec![
contracts	Format	2026-09-07T12:25:03.0110520Z +                [0.0, 0.0, 0.0],
contracts	Format	2026-09-07T12:25:03.0110604Z +                [0.5, 0.0, 0.2],
contracts	Format	2026-09-07T12:25:03.0110680Z +                [1.0, 0.0, 0.5],
contracts	Format	2026-09-07T12:25:03.0110766Z +                [1.0, 0.0, 0.0],
contracts	Format	2026-09-07T12:25:03.0110841Z +            ],
contracts	Format	2026-09-07T12:25:03.0110952Z              timestamps: vec![0, 100, 200, 300],
contracts	Format	2026-09-07T12:25:03.0111048Z              metadata: "demo1".into(),
contracts	Format	2026-09-07T12:25:03.0111121Z          },
contracts	Format	2026-09-07T12:25:03.0111406Z Diff in /home/runner/work/loom/loom/ruvector/crates/ruvector-robotics/tests/robotics_integration.rs:236:
contracts	Format	2026-09-07T12:25:03.0111486Z          Demonstration {
contracts	Format	2026-09-07T12:25:03.0111687Z -            trajectory: vec![[0.0, 0.1, 0.0], [0.5, 0.1, 0.25], [1.0, 0.1, 0.55], [1.0, 0.1, 0.0]],
contracts	Format	2026-09-07T12:25:03.0111775Z +            trajectory: vec![
contracts	Format	2026-09-07T12:25:03.0111865Z +                [0.0, 0.1, 0.0],
contracts	Format	2026-09-07T12:25:03.0111952Z +                [0.5, 0.1, 0.25],
contracts	Format	2026-09-07T12:25:03.0112028Z +                [1.0, 0.1, 0.55],
contracts	Format	2026-09-07T12:25:03.0112120Z +                [1.0, 0.1, 0.0],
contracts	Format	2026-09-07T12:25:03.0112198Z +            ],
contracts	Format	2026-09-07T12:25:03.0112308Z              timestamps: vec![0, 100, 200, 300],
contracts	Format	2026-09-07T12:25:03.0112398Z              metadata: "demo2".into(),
contracts	Format	2026-09-07T12:25:03.0112484Z          },
contracts	Format	2026-09-07T12:25:03.0112757Z Diff in /home/runner/work/loom/loom/ruvector/crates/ruvector-robotics/tests/robotics_integration.rs:272:
contracts	Format	2026-09-07T12:25:03.0112852Z          curiosity_weight: 0.0,
contracts	Format	2026-09-07T12:25:03.0112929Z      });
contracts	Format	2026-09-07T12:25:03.0113012Z      let options = vec![
contracts	Format	2026-09-07T12:25:03.0113283Z -        ActionOption { name: "proceed_fast".into(), reward: 8.0, risk: 0.7, energy_cost: 0.5, novelty: 0.0 },
contracts	Format	2026-09-07T12:25:03.0113511Z -        ActionOption { name: "detour".into(), reward: 7.0, risk: 0.3, energy_cost: 0.3, novelty: 0.0 },
contracts	Format	2026-09-07T12:25:03.0113743Z -        ActionOption { name: "stop".into(), reward: 3.0, risk: 0.0, energy_cost: 0.0, novelty: 0.0 },
contracts	Format	2026-09-07T12:25:03.0113831Z +        ActionOption {
contracts	Format	2026-09-07T12:25:03.0114077Z +            name: "proceed_fast".into(),
contracts	Format	2026-09-07T12:25:03.0114163Z +            reward: 8.0,
contracts	Format	2026-09-07T12:25:03.0114239Z +            risk: 0.7,
contracts	Format	2026-09-07T12:25:03.0114331Z +            energy_cost: 0.5,
contracts	Format	2026-09-07T12:25:03.0114410Z +            novelty: 0.0,
contracts	Format	2026-09-07T12:25:03.0114490Z +        },
contracts	Format	2026-09-07T12:25:03.0114574Z +        ActionOption {
contracts	Format	2026-09-07T12:25:03.0114669Z +            name: "detour".into(),
contracts	Format	2026-09-07T12:25:03.0114754Z +            reward: 7.0,
contracts	Format	2026-09-07T12:25:03.0114829Z +            risk: 0.3,
contracts	Format	2026-09-07T12:25:03.0114916Z +            energy_cost: 0.3,
contracts	Format	2026-09-07T12:25:03.0114995Z +            novelty: 0.0,
contracts	Format	2026-09-07T12:25:03.0115073Z +        },
contracts	Format	2026-09-07T12:25:03.0115153Z +        ActionOption {
contracts	Format	2026-09-07T12:25:03.0115243Z +            name: "stop".into(),
contracts	Format	2026-09-07T12:25:03.0115320Z +            reward: 3.0,
contracts	Format	2026-09-07T12:25:03.0115401Z +            risk: 0.0,
contracts	Format	2026-09-07T12:25:03.0115488Z +            energy_cost: 0.0,
contracts	Format	2026-09-07T12:25:03.0115695Z +            novelty: 0.0,
contracts	Format	2026-09-07T12:25:03.0115775Z +        },
contracts	Format	2026-09-07T12:25:03.0115848Z      ];
contracts	Format	2026-09-07T12:25:03.0115994Z      let (best_idx, _) = engine.evaluate(&options).unwrap();
contracts	Format	2026-09-07T12:25:03.0116264Z      // With risk_aversion=1, proceed_fast (reward=8 - risk*1=7.3) beats detour (7 - 0.3=6.7)
contracts	Format	2026-09-07T12:25:03.0116541Z Diff in /home/runner/work/loom/loom/ruvector/crates/ruvector-robotics/tests/robotics_integration.rs:298:
contracts	Format	2026-09-07T12:25:03.0116661Z      assert_eq!(registry.list_tools().len(), 15);
contracts	Format	2026-09-07T12:25:03.0116738Z  
contracts	Format	2026-09-07T12:25:03.0116818Z      let expected = [
contracts	Format	2026-09-07T12:25:03.0116992Z -        "detect_obstacles", "build_scene_graph", "predict_trajectory",
contracts	Format	2026-09-07T12:25:03.0117186Z -        "focus_attention", "detect_anomalies", "spatial_search", "insert_points",
contracts	Format	2026-09-07T12:25:03.0117362Z -        "store_memory", "recall_memory", "learn_skill", "execute_skill",
contracts	Format	2026-09-07T12:25:03.0117564Z -        "plan_behavior", "coordinate_swarm", "update_world_model", "get_world_state",
contracts	Format	2026-09-07T12:25:03.0117672Z +        "detect_obstacles",
contracts	Format	2026-09-07T12:25:03.0117763Z +        "build_scene_graph",
contracts	Format	2026-09-07T12:25:03.0117847Z +        "predict_trajectory",
contracts	Format	2026-09-07T12:25:03.0117935Z +        "focus_attention",
contracts	Format	2026-09-07T12:25:03.0118016Z +        "detect_anomalies",
contracts	Format	2026-09-07T12:25:03.0118106Z +        "spatial_search",
contracts	Format	2026-09-07T12:25:03.0118187Z +        "insert_points",
contracts	Format	2026-09-07T12:25:03.0118275Z +        "store_memory",
contracts	Format	2026-09-07T12:25:03.0118359Z +        "recall_memory",
contracts	Format	2026-09-07T12:25:03.0118438Z +        "learn_skill",
contracts	Format	2026-09-07T12:25:03.0118522Z +        "execute_skill",
contracts	Format	2026-09-07T12:25:03.0118603Z +        "plan_behavior",
contracts	Format	2026-09-07T12:25:03.0118692Z +        "coordinate_swarm",
contracts	Format	2026-09-07T12:25:03.0118775Z +        "update_world_model",
contracts	Format	2026-09-07T12:25:03.0119024Z +        "get_world_state",
contracts	Format	2026-09-07T12:25:03.0119101Z      ];
contracts	Format	2026-09-07T12:25:03.0119192Z      for name in &expected {
contracts	Format	2026-09-07T12:25:03.0119426Z -        assert!(registry.get_tool(name).is_some(), "Tool '{}' should be registered", name);
contracts	Format	2026-09-07T12:25:03.0119505Z +        assert!(
contracts	Format	2026-09-07T12:25:03.0119617Z +            registry.get_tool(name).is_some(),
contracts	Format	2026-09-07T12:25:03.0119720Z +            "Tool '{}' should be registered",
contracts	Format	2026-09-07T12:25:03.0119802Z +            name
contracts	Format	2026-09-07T12:25:03.0119876Z +        );
contracts	Format	2026-09-07T12:25:03.0119955Z      }
contracts	Format	2026-09-07T12:25:03.0120026Z  }
contracts	Format	2026-09-07T12:25:03.0120105Z  
contracts	Format	2026-09-07T12:25:03.0120390Z Diff in /home/runner/work/loom/loom/ruvector/crates/ruvector-robotics/tests/robotics_integration.rs:321:
contracts	Format	2026-09-07T12:25:03.0120540Z              ("velocity".into(), serde_json::json!([1.0, 0.0, 0.0])),
contracts	Format	2026-09-07T12:25:03.0120660Z              ("steps".into(), serde_json::json!(5)),
contracts	Format	2026-09-07T12:25:03.0120769Z              ("dt".into(), serde_json::json!(0.5)),
contracts	Format	2026-09-07T12:25:03.0120854Z -        ].into(),
contracts	Format	2026-09-07T12:25:03.0120929Z +        ]
contracts	Format	2026-09-07T12:25:03.0121010Z +        .into(),
contracts	Format	2026-09-07T12:25:03.0121226Z      };
contracts	Format	2026-09-07T12:25:03.0121325Z      let resp = executor.execute(&req);
contracts	Format	2026-09-07T12:25:03.0121533Z -    assert!(resp.success, "predict_trajectory should succeed: {:?}", resp.error);
contracts	Format	2026-09-07T12:25:03.0121607Z +    assert!(
contracts	Format	2026-09-07T12:25:03.0121695Z +        resp.success,
contracts	Format	2026-09-07T12:25:03.0121803Z +        "predict_trajectory should succeed: {:?}",
contracts	Format	2026-09-07T12:25:03.0121892Z +        resp.error
contracts	Format	2026-09-07T12:25:03.0121968Z +    );
contracts	Format	2026-09-07T12:25:03.0122042Z  
contracts	Format	2026-09-07T12:25:03.0122128Z      // Unknown tool
contracts	Format	2026-09-07T12:25:03.0122365Z -    let req = ToolRequest { tool_name: "nonexistent".into(), arguments: Default::default() };
contracts	Format	2026-09-07T12:25:03.0122459Z +    let req = ToolRequest {
contracts	Format	2026-09-07T12:25:03.0122556Z +        tool_name: "nonexistent".into(),
contracts	Format	2026-09-07T12:25:03.0122660Z +        arguments: Default::default(),
contracts	Format	2026-09-07T12:25:03.0122732Z +    };
contracts	Format	2026-09-07T12:25:03.0122832Z      let resp = executor.execute(&req);
contracts	Format	2026-09-07T12:25:03.0122976Z      assert!(!resp.success, "nonexistent tool should fail");
contracts	Format	2026-09-07T12:25:03.0123174Z  }
contracts	Format	2026-09-07T12:25:03.0123463Z Diff in /home/runner/work/loom/loom/ruvector/crates/ruvector-robotics/tests/robotics_integration.rs:336:
contracts	Format	2026-09-07T12:25:03.0123535Z  #[test]
contracts	Format	2026-09-07T12:25:03.0123634Z  fn test_gaussian_splatting() {
contracts	Format	2026-09-07T12:25:03.0123849Z      let mut points = generate_point_cloud_around(Point3D::new(2.0, 0.0, 0.0), 30, 0.5);
contracts	Format	2026-09-07T12:25:03.0124065Z -    points.extend(generate_point_cloud_around(Point3D::new(8.0, 0.0, 0.0), 30, 0.5));
contracts	Format	2026-09-07T12:25:03.0124180Z +    points.extend(generate_point_cloud_around(
contracts	Format	2026-09-07T12:25:03.0124271Z +        Point3D::new(8.0, 0.0, 0.0),
contracts	Format	2026-09-07T12:25:03.0124351Z +        30,
contracts	Format	2026-09-07T12:25:03.0124425Z +        0.5,
contracts	Format	2026-09-07T12:25:03.0124504Z +    ));
contracts	Format	2026-09-07T12:25:03.0124611Z      let cloud = PointCloud::new(points, 1000);
contracts	Format	2026-09-07T12:25:03.0124690Z  
contracts	Format	2026-09-07T12:25:03.0124893Z      let gaussians = gaussians_from_cloud(&cloud, &GaussianConfig::default());
contracts	Format	2026-09-07T12:25:03.0125176Z Diff in /home/runner/work/loom/loom/ruvector/crates/ruvector-robotics/tests/robotics_integration.rs:343:
contracts	Format	2026-09-07T12:25:03.0125464Z -    assert!(gaussians.len() >= 2, "Should produce at least 2 Gaussians, got {}", gaussians.len());
contracts	Format	2026-09-07T12:25:03.0125540Z +    assert!(
contracts	Format	2026-09-07T12:25:03.0125634Z +        gaussians.len() >= 2,
contracts	Format	2026-09-07T12:25:03.0125753Z +        "Should produce at least 2 Gaussians, got {}",
contracts	Format	2026-09-07T12:25:03.0125844Z +        gaussians.len()
contracts	Format	2026-09-07T12:25:03.0125919Z +    );
contracts	Format	2026-09-07T12:25:03.0125989Z  
contracts	Format	2026-09-07T12:25:03.0126091Z      for g in &gaussians.gaussians {
contracts	Format	2026-09-07T12:25:03.0126180Z          assert!(g.point_count >= 2);
contracts	Format	2026-09-07T12:25:03.0126459Z Diff in /home/runner/work/loom/loom/ruvector/crates/ruvector-robotics/tests/robotics_integration.rs:366:
contracts	Format	2026-09-07T12:25:03.0126605Z      let path = planning::astar(&grid, (5, 5), (15, 5)).unwrap();
contracts	Format	2026-09-07T12:25:03.0126733Z      assert_eq!(*path.cells.first().unwrap(), (5, 5));
contracts	Format	2026-09-07T12:25:03.0126851Z      assert_eq!(*path.cells.last().unwrap(), (15, 5));
contracts	Format	2026-09-07T12:25:03.0127060Z -    assert!(path.cost > 10.0, "Path around wall should be longer than straight line");
contracts	Format	2026-09-07T12:25:03.0127142Z +    assert!(
contracts	Format	2026-09-07T12:25:03.0127225Z +        path.cost > 10.0,
contracts	Format	2026-09-07T12:25:03.0127376Z +        "Path around wall should be longer than straight line"
contracts	Format	2026-09-07T12:25:03.0127446Z +    );
contracts	Format	2026-09-07T12:25:03.0127525Z  
contracts	Format	2026-09-07T12:25:03.0127623Z      // Verify no cell in path is occupied
contracts	Format	2026-09-07T12:25:03.0127719Z      for &(x, y) in &path.cells {
contracts	Format	2026-09-07T12:25:03.0127996Z Diff in /home/runner/work/loom/loom/ruvector/crates/ruvector-robotics/tests/robotics_integration.rs:373:
contracts	Format	2026-09-07T12:25:03.0128178Z -        assert!(grid.get(x, y).unwrap() < 0.5, "Path cell ({},{}) is occupied", x, y);
contracts	Format	2026-09-07T12:25:03.0128260Z +        assert!(
contracts	Format	2026-09-07T12:25:03.0128353Z +            grid.get(x, y).unwrap() < 0.5,
contracts	Format	2026-09-07T12:25:03.0128458Z +            "Path cell ({},{}) is occupied",
contracts	Format	2026-09-07T12:25:03.0128632Z +            x,
contracts	Format	2026-09-07T12:25:03.0128718Z +            y
contracts	Format	2026-09-07T12:25:03.0128794Z +        );
contracts	Format	2026-09-07T12:25:03.0128965Z      }
contracts	Format	2026-09-07T12:25:03.0129046Z  }
contracts	Format	2026-09-07T12:25:03.0129119Z  
contracts	Format	2026-09-07T12:25:03.0129415Z Diff in /home/runner/work/loom/loom/ruvector/crates/ruvector-robotics/tests/robotics_integration.rs:403:
contracts	Format	2026-09-07T12:25:03.0129577Z          vec![Point3D::new(1.0, 0.0, 0.0), Point3D::new(2.0, 0.0, 0.0)],
contracts	Format	2026-09-07T12:25:03.0129657Z          1000,
contracts	Format	2026-09-07T12:25:03.0129732Z      );
contracts	Format	2026-09-07T12:25:03.0129824Z -    let c2 = PointCloud::new(
contracts	Format	2026-09-07T12:25:03.0129922Z -        vec![Point3D::new(3.0, 0.0, 0.0)],
contracts	Format	2026-09-07T12:25:03.0129997Z -        1010,
contracts	Format	2026-09-07T12:25:03.0130077Z -    );
contracts	Format	2026-09-07T12:25:03.0130235Z +    let c2 = PointCloud::new(vec![Point3D::new(3.0, 0.0, 0.0)], 1010);
contracts	Format	2026-09-07T12:25:03.0130337Z      let c3_stale = PointCloud::new(
contracts	Format	2026-09-07T12:25:03.0130435Z          vec![Point3D::new(99.0, 0.0, 0.0)],
contracts	Format	2026-09-07T12:25:03.0130798Z          200_000, // 199ms later — too stale
contracts	Format	2026-09-07T12:25:03.0131085Z Diff in /home/runner/work/loom/loom/ruvector/crates/ruvector-robotics/tests/robotics_integration.rs:413:
contracts	Format	2026-09-07T12:25:03.0131160Z      );
contracts	Format	2026-09-07T12:25:03.0131241Z  
contracts	Format	2026-09-07T12:25:03.0131445Z -    let config = FusionConfig { max_time_delta_us: 50_000, ..Default::default() };
contracts	Format	2026-09-07T12:25:03.0131548Z +    let config = FusionConfig {
contracts	Format	2026-09-07T12:25:03.0131638Z +        max_time_delta_us: 50_000,
contracts	Format	2026-09-07T12:25:03.0131733Z +        ..Default::default()
contracts	Format	2026-09-07T12:25:03.0131813Z +    };
contracts	Format	2026-09-07T12:25:03.0131942Z      let fused = fuse_clouds(&[c1, c2, c3_stale], &config);
contracts	Format	2026-09-07T12:25:03.0132109Z      assert_eq!(fused.len(), 3, "Should include c1+c2 but skip c3");
contracts	Format	2026-09-07T12:25:03.0132181Z  }
contracts	Format	2026-09-07T12:25:03.0132462Z Diff in /home/runner/work/loom/loom/ruvector/crates/ruvector-robotics/tests/robotics_integration.rs:440:
contracts	Format	2026-09-07T12:25:03.0132533Z      }
contracts	Format	2026-09-07T12:25:03.0132613Z  
contracts	Format	2026-09-07T12:25:03.0132725Z      let elapsed = start.elapsed();
contracts	Format	2026-09-07T12:25:03.0132919Z -    assert!(total_obstacles > 0, "Should detect obstacles across 100 frames");
contracts	Format	2026-09-07T12:25:03.0133148Z -    assert!(elapsed.as_secs() < 5, "100 frames should complete in < 5s, took {:?}", elapsed);
contracts	Format	2026-09-07T12:25:03.0133222Z +    assert!(
contracts	Format	2026-09-07T12:25:03.0133315Z +        total_obstacles > 0,
contracts	Format	2026-09-07T12:25:03.0133432Z +        "Should detect obstacles across 100 frames"
contracts	Format	2026-09-07T12:25:03.0133527Z +    );
contracts	Format	2026-09-07T12:25:03.0133606Z +    assert!(
contracts	Format	2026-09-07T12:25:03.0133705Z +        elapsed.as_secs() < 5,
contracts	Format	2026-09-07T12:25:03.0133839Z +        "100 frames should complete in < 5s, took {:?}",
contracts	Format	2026-09-07T12:25:03.0133919Z +        elapsed
contracts	Format	2026-09-07T12:25:03.0133997Z +    );
contracts	Format	2026-09-07T12:25:03.0134066Z  }
contracts	Format	2026-09-07T12:25:03.0134146Z  
contracts	Format	2026-09-07T12:25:03.0134291Z  /// Test 17: Concurrent spatial search from multiple threads.
contracts	Format	2026-09-07T12:25:03.0134593Z Diff in /home/runner/work/loom/loom/ruvector/crates/ruvector-robotics/tests/robotics_integration.rs:482:
contracts	Format	2026-09-07T12:25:03.0134719Z      let final_results = results.lock().unwrap();
contracts	Format	2026-09-07T12:25:03.0134902Z      assert_eq!(final_results.len(), 4, "All 4 threads should complete");
contracts	Format	2026-09-07T12:25:03.0135025Z      for (tid, neighbors) in final_results.iter() {
contracts	Format	2026-09-07T12:25:03.0135222Z -        assert_eq!(neighbors.len(), 5, "Thread {} should return 5 neighbors", tid);
contracts	Format	2026-09-07T12:25:03.0135308Z +        assert_eq!(
contracts	Format	2026-09-07T12:25:03.0135393Z +            neighbors.len(),
contracts	Format	2026-09-07T12:25:03.0135476Z +            5,
contracts	Format	2026-09-07T12:25:03.0135580Z +            "Thread {} should return 5 neighbors",
contracts	Format	2026-09-07T12:25:03.0135664Z +            tid
contracts	Format	2026-09-07T12:25:03.0135744Z +        );
contracts	Format	2026-09-07T12:25:03.0135849Z          for window in neighbors.windows(2) {
contracts	Format	2026-09-07T12:25:03.0136081Z -            assert!(window[0].1 <= window[1].1, "Thread {} results should be distance-sorted", tid);
contracts	Format	2026-09-07T12:25:03.0136161Z +            assert!(
contracts	Format	2026-09-07T12:25:03.0136450Z +                window[0].1 <= window[1].1,
contracts	Format	2026-09-07T12:25:03.0136586Z +                "Thread {} results should be distance-sorted",
contracts	Format	2026-09-07T12:25:03.0136672Z +                tid
contracts	Format	2026-09-07T12:25:03.0136752Z +            );
contracts	Format	2026-09-07T12:25:03.0136826Z          }
contracts	Format	2026-09-07T12:25:03.0136905Z      }
contracts	Format	2026-09-07T12:25:03.0136976Z  }
contracts	Format	2026-09-07T12:25:03.0137272Z Diff in /home/runner/work/loom/loom/ruvector/crates/ruvector-robotics/tests/robotics_integration.rs:503:
contracts	Format	2026-09-07T12:25:03.0137406Z      assert!(pipe.build_scene_graph(&[], -1.0).is_err());
contracts	Format	2026-09-07T12:25:03.0137485Z  
contracts	Format	2026-09-07T12:25:03.0137579Z      // Trajectory with zero steps
contracts	Format	2026-09-07T12:25:03.0137785Z -    assert!(pipe.predict_trajectory([0.0; 3], [1.0, 0.0, 0.0], 0, 1.0).is_err());
contracts	Format	2026-09-07T12:25:03.0137868Z +    assert!(pipe
contracts	Format	2026-09-07T12:25:03.0137996Z +        .predict_trajectory([0.0; 3], [1.0, 0.0, 0.0], 0, 1.0)
contracts	Format	2026-09-07T12:25:03.0138078Z +        .is_err());
contracts	Format	2026-09-07T12:25:03.0138149Z  
contracts	Format	2026-09-07T12:25:03.0138355Z      // Attention with negative radius
contracts	Format	2026-09-07T12:25:03.0138513Z      assert!(pipe.focus_attention(&empty, [0.0; 3], -1.0).is_err());
contracts	Format	2026-09-07T12:25:03.0138798Z Diff in /home/runner/work/loom/loom/ruvector/crates/ruvector-robotics/tests/robotics_integration.rs:516:
contracts	Format	2026-09-07T12:25:03.0139072Z      let index = SpatialIndex::new(3);
contracts	Format	2026-09-07T12:25:03.0139230Z      assert!(index.search_nearest(&[0.0_f32, 0.0, 0.0], 5).is_err());
contracts	Format	2026-09-07T12:25:03.0139359Z      // Radius search on empty index returns Ok(empty)
contracts	Format	2026-09-07T12:25:03.0139550Z -    assert!(index.search_radius(&[0.0_f32, 0.0, 0.0], 1.0).unwrap().is_empty());
contracts	Format	2026-09-07T12:25:03.0139638Z +    assert!(index
contracts	Format	2026-09-07T12:25:03.0139742Z +        .search_radius(&[0.0_f32, 0.0, 0.0], 1.0)
contracts	Format	2026-09-07T12:25:03.0139824Z +        .unwrap()
contracts	Format	2026-09-07T12:25:03.0139910Z +        .is_empty());
contracts	Format	2026-09-07T12:25:03.0139982Z  
contracts	Format	2026-09-07T12:25:03.0140078Z      // Behavior tree decorator
contracts	Format	2026-09-07T12:25:03.0140181Z      let node = BehaviorNode::Decorator(
contracts	Format	2026-09-07T12:25:04.4947656Z Diff in /home/runner/work/loom/loom/ruvector/crates/rvf/rvf-federation/benches/federation_bench.rs:1:
contracts	Format	2026-09-07T12:25:04.4948606Z  //! Benchmarks for rvf-federation crate.
contracts	Format	2026-09-07T12:25:04.4949344Z  
contracts	Format	2026-09-07T12:25:04.4949838Z -use criterion::{criterion_group, criterion_main, Criterion, black_box};
contracts	Format	2026-09-07T12:25:04.4950463Z -use rvf_federation::*;
contracts	Format	2026-09-07T12:25:04.4951075Z -use rvf_federation::aggregate::{FederatedAggregator, AggregationStrategy, Contribution};
contracts	Format	2026-09-07T12:25:04.4951920Z +use criterion::{black_box, criterion_group, criterion_main, Criterion};
contracts	Format	2026-09-07T12:25:04.4952768Z +use rvf_federation::aggregate::{AggregationStrategy, Contribution, FederatedAggregator};
contracts	Format	2026-09-07T12:25:04.4953652Z  use rvf_federation::diff_privacy::{DiffPrivacyEngine, PrivacyAccountant};
contracts	Format	2026-09-07T12:25:04.4954312Z -use rvf_federation::pii_strip::PiiStripper;
contracts	Format	2026-09-07T12:25:04.4954907Z  use rvf_federation::federation::{ExportBuilder, ImportMerger};
contracts	Format	2026-09-07T12:25:04.4955547Z +use rvf_federation::pii_strip::PiiStripper;
contracts	Format	2026-09-07T12:25:04.4956065Z  use rvf_federation::policy::FederationPolicy;
contracts	Format	2026-09-07T12:25:04.4956560Z +use rvf_federation::*;
contracts	Format	2026-09-07T12:25:04.4956901Z  
contracts	Format	2026-09-07T12:25:04.4957214Z  fn bench_pii_strip(c: &mut Criterion) {
contracts	Format	2026-09-07T12:25:04.4957704Z      let mut group = c.benchmark_group("pii_strip");
contracts	Format	2026-09-07T12:25:04.4958523Z Diff in /home/runner/work/loom/loom/ruvector/crates/rvf/rvf-federation/benches/federation_bench.rs:20:
contracts	Format	2026-09-07T12:25:04.4959501Z      });
contracts	Format	2026-09-07T12:25:04.4959766Z  
contracts	Format	2026-09-07T12:25:04.4960117Z      group.bench_function("strip_10_fields", |b| {
contracts	Format	2026-09-07T12:25:04.4960619Z -        let fields: Vec<(&str, &str)> = (0..10).map(|i| {
contracts	Format	2026-09-07T12:25:04.4961088Z -            if i % 3 == 0 {
contracts	Format	2026-09-07T12:25:04.4961493Z -                ("path", "/home/user/data/file.csv")
contracts	Format	2026-09-07T12:25:04.4961940Z -            } else if i % 3 == 1 {
contracts	Format	2026-09-07T12:25:04.4962352Z -                ("ip", "server at 10.0.0.1:8080")
contracts	Format	2026-09-07T12:25:04.4963464Z -            } else {
contracts	Format	2026-09-07T12:25:04.4963822Z -                ("clean", "no pii here at all")
contracts	Format	2026-09-07T12:25:04.4964249Z -            }
contracts	Format	2026-09-07T12:25:04.4964552Z -        }).collect();
contracts	Format	2026-09-07T12:25:04.4964926Z +        let fields: Vec<(&str, &str)> = (0..10)
contracts	Format	2026-09-07T12:25:04.4965359Z +            .map(|i| {
contracts	Format	2026-09-07T12:25:04.4965699Z +                if i % 3 == 0 {
contracts	Format	2026-09-07T12:25:04.4966129Z +                    ("path", "/home/user/data/file.csv")
contracts	Format	2026-09-07T12:25:04.4966596Z +                } else if i % 3 == 1 {
contracts	Format	2026-09-07T12:25:04.4967025Z +                    ("ip", "server at 10.0.0.1:8080")
contracts	Format	2026-09-07T12:25:04.4967460Z +                } else {
contracts	Format	2026-09-07T12:25:04.4967833Z +                    ("clean", "no pii here at all")
contracts	Format	2026-09-07T12:25:04.4968266Z +                }
contracts	Format	2026-09-07T12:25:04.4968539Z +            })
contracts	Format	2026-09-07T12:25:04.4968827Z +            .collect();
contracts	Format	2026-09-07T12:25:04.4969367Z          b.iter(|| {
contracts	Format	2026-09-07T12:25:04.4969959Z              let mut stripper = PiiStripper::new();
contracts	Format	2026-09-07T12:25:04.4970514Z              black_box(stripper.strip_fields(black_box(&fields)));
contracts	Format	2026-09-07T12:25:04.4971379Z Diff in /home/runner/work/loom/loom/ruvector/crates/rvf/rvf-federation/benches/federation_bench.rs:36:
contracts	Format	2026-09-07T12:25:04.4972127Z      });
contracts	Format	2026-09-07T12:25:04.4972404Z  
contracts	Format	2026-09-07T12:25:04.4972747Z      group.bench_function("strip_100_fields", |b| {
contracts	Format	2026-09-07T12:25:04.4973291Z -        let fields: Vec<(&str, &str)> = (0..100).map(|i| {
contracts	Format	2026-09-07T12:25:04.4973774Z -            if i % 5 == 0 {
contracts	Format	2026-09-07T12:25:04.4974187Z -                ("path", "/home/user/data/file.csv")
contracts	Format	2026-09-07T12:25:04.4974641Z -            } else {
contracts	Format	2026-09-07T12:25:04.4975005Z -                ("clean", "just normal text content")
contracts	Format	2026-09-07T12:25:04.4975436Z -            }
contracts	Format	2026-09-07T12:25:04.4975728Z -        }).collect();
contracts	Format	2026-09-07T12:25:04.4976084Z +        let fields: Vec<(&str, &str)> = (0..100)
contracts	Format	2026-09-07T12:25:04.4976525Z +            .map(|i| {
contracts	Format	2026-09-07T12:25:04.4976880Z +                if i % 5 == 0 {
contracts	Format	2026-09-07T12:25:04.4977296Z +                    ("path", "/home/user/data/file.csv")
contracts	Format	2026-09-07T12:25:04.4977729Z +                } else {
contracts	Format	2026-09-07T12:25:04.4978092Z +                    ("clean", "just normal text content")
contracts	Format	2026-09-07T12:25:04.4978593Z +                }
contracts	Format	2026-09-07T12:25:04.4979045Z +            })
contracts	Format	2026-09-07T12:25:04.4979341Z +            .collect();
contracts	Format	2026-09-07T12:25:04.4979668Z          b.iter(|| {
contracts	Format	2026-09-07T12:25:04.4980039Z              let mut stripper = PiiStripper::new();
contracts	Format	2026-09-07T12:25:04.4980593Z              black_box(stripper.strip_fields(black_box(&fields)));
contracts	Format	2026-09-07T12:25:04.4981449Z Diff in /home/runner/work/loom/loom/ruvector/crates/rvf/rvf-federation/benches/federation_bench.rs:57:
contracts	Format	2026-09-07T12:25:04.4982189Z  
contracts	Format	2026-09-07T12:25:04.4982583Z      group.bench_function("gaussian_noise_100_params", |b| {
contracts	Format	2026-09-07T12:25:04.4983095Z          b.iter(|| {
contracts	Format	2026-09-07T12:25:04.4983729Z -            let mut engine = DiffPrivacyEngine::gaussian(1.0, 1e-5, 1.0, 10.0).unwrap().with_seed(42);
contracts	Format	2026-09-07T12:25:04.4984609Z +            let mut engine = DiffPrivacyEngine::gaussian(1.0, 1e-5, 1.0, 10.0)
contracts	Format	2026-09-07T12:25:04.4985195Z +                .unwrap()
contracts	Format	2026-09-07T12:25:04.4985542Z +                .with_seed(42);
contracts	Format	2026-09-07T12:25:04.4986060Z              let mut params: Vec<f64> = (0..100).map(|i| i as f64 * 0.01).collect();
contracts	Format	2026-09-07T12:25:04.4986724Z              black_box(engine.add_noise(black_box(&mut params)));
contracts	Format	2026-09-07T12:25:04.4987208Z          });
contracts	Format	2026-09-07T12:25:04.4987847Z Diff in /home/runner/work/loom/loom/ruvector/crates/rvf/rvf-federation/benches/federation_bench.rs:65:
contracts	Format	2026-09-07T12:25:04.4988568Z  
contracts	Format	2026-09-07T12:25:04.4989173Z      group.bench_function("gaussian_noise_10000_params", |b| {
contracts	Format	2026-09-07T12:25:04.4989684Z          b.iter(|| {
contracts	Format	2026-09-07T12:25:04.4990294Z -            let mut engine = DiffPrivacyEngine::gaussian(1.0, 1e-5, 1.0, 10.0).unwrap().with_seed(42);
contracts	Format	2026-09-07T12:25:04.4991149Z +            let mut engine = DiffPrivacyEngine::gaussian(1.0, 1e-5, 1.0, 10.0)
contracts	Format	2026-09-07T12:25:04.4992004Z +                .unwrap()
contracts	Format	2026-09-07T12:25:04.4992370Z +                .with_seed(42);
contracts	Format	2026-09-07T12:25:04.4992922Z              let mut params: Vec<f64> = (0..10_000).map(|i| i as f64 * 0.0001).collect();
contracts	Format	2026-09-07T12:25:04.4993609Z              black_box(engine.add_noise(black_box(&mut params)));
contracts	Format	2026-09-07T12:25:04.4994102Z          });
contracts	Format	2026-09-07T12:25:04.4994782Z Diff in /home/runner/work/loom/loom/ruvector/crates/rvf/rvf-federation/benches/federation_bench.rs:165:
contracts	Format	2026-09-07T12:25:04.4995551Z  
contracts	Format	2026-09-07T12:25:04.4995910Z      group.bench_function("full_export_pipeline", |b| {
contracts	Format	2026-09-07T12:25:04.4996386Z          b.iter(|| {
contracts	Format	2026-09-07T12:25:04.4996983Z -            let mut dp = DiffPrivacyEngine::gaussian(1.0, 1e-5, 1.0, 10.0).unwrap().with_seed(42);
contracts	Format	2026-09-07T12:25:04.4997800Z +            let mut dp = DiffPrivacyEngine::gaussian(1.0, 1e-5, 1.0, 10.0)
contracts	Format	2026-09-07T12:25:04.4998353Z +                .unwrap()
contracts	Format	2026-09-07T12:25:04.4999198Z +                .with_seed(42);
contracts	Format	2026-09-07T12:25:04.4999615Z              let priors = TransferPriorSet {
contracts	Format	2026-09-07T12:25:04.5000143Z                  source_domain: "/home/user/my_domain".to_string(),
contracts	Format	2026-09-07T12:25:04.5000747Z -                entries: (0..20).map(|i| TransferPriorEntry {
contracts	Format	2026-09-07T12:25:04.5001297Z -                    bucket_id: format!("bucket_{}", i),
contracts	Format	2026-09-07T12:25:04.5001795Z -                    arm_id: format!("arm_{}", i % 4),
contracts	Format	2026-09-07T12:25:04.5002348Z -                    params: BetaParams::new(5.0 + i as f64, 3.0 + i as f64 * 0.5),
contracts	Format	2026-09-07T12:25:04.5002912Z -                    observation_count: 50 + i * 10,
contracts	Format	2026-09-07T12:25:04.5003351Z -                }).collect(),
contracts	Format	2026-09-07T12:25:04.5003720Z +                entries: (0..20)
contracts	Format	2026-09-07T12:25:04.5004138Z +                    .map(|i| TransferPriorEntry {
contracts	Format	2026-09-07T12:25:04.5004638Z +                        bucket_id: format!("bucket_{}", i),
contracts	Format	2026-09-07T12:25:04.5005158Z +                        arm_id: format!("arm_{}", i % 4),
contracts	Format	2026-09-07T12:25:04.5005751Z +                        params: BetaParams::new(5.0 + i as f64, 3.0 + i as f64 * 0.5),
contracts	Format	2026-09-07T12:25:04.5006364Z +                        observation_count: 50 + i * 10,
contracts	Format	2026-09-07T12:25:04.5006792Z +                    })
contracts	Format	2026-09-07T12:25:04.5007125Z +                    .collect(),
contracts	Format	2026-09-07T12:25:04.5007497Z                  cost_ema: 0.85,
contracts	Format	2026-09-07T12:25:04.5007842Z              };
contracts	Format	2026-09-07T12:25:04.5008317Z              let export = ExportBuilder::new("pseudo".into(), "domain".into())
contracts	Format	2026-09-07T12:25:04.5009435Z Diff in /home/runner/work/loom/loom/ruvector/crates/rvf/rvf-federation/benches/federation_bench.rs:180:
contracts	Format	2026-09-07T12:25:04.5010226Z                  .add_priors(priors)
contracts	Format	2026-09-07T12:25:04.5010741Z                  .add_weights((0..256).map(|i| i as f64 * 0.001).collect())
contracts	Format	2026-09-07T12:25:04.5011503Z -                .add_string_field("note".into(), "trained on /home/user/data at 192.168.1.1".into())
contracts	Format	2026-09-07T12:25:04.5012207Z +                .add_string_field(
contracts	Format	2026-09-07T12:25:04.5012599Z +                    "note".into(),
contracts	Format	2026-09-07T12:25:04.5013053Z +                    "trained on /home/user/data at 192.168.1.1".into(),
contracts	Format	2026-09-07T12:25:04.5013555Z +                )
contracts	Format	2026-09-07T12:25:04.5013875Z                  .build(&mut dp)
contracts	Format	2026-09-07T12:25:04.5014244Z                  .unwrap();
contracts	Format	2026-09-07T12:25:04.5014610Z              black_box(export);
contracts	Format	2026-09-07T12:25:04.5015330Z Diff in /home/runner/work/loom/loom/ruvector/crates/rvf/rvf-federation/benches/federation_bench.rs:188:
contracts	Format	2026-09-07T12:25:04.5016074Z  
contracts	Format	2026-09-07T12:25:04.5016422Z      group.bench_function("merge_100_priors", |b| {
contracts	Format	2026-09-07T12:25:04.5016929Z          let merger = ImportMerger::new();
contracts	Format	2026-09-07T12:25:04.5017558Z -        let remote: Vec<TransferPriorEntry> = (0..100).map(|i| TransferPriorEntry {
contracts	Format	2026-09-07T12:25:04.5018224Z -            bucket_id: format!("bucket_{}", i),
contracts	Format	2026-09-07T12:25:04.5018694Z -            arm_id: format!("arm_{}", i % 4),
contracts	Format	2026-09-07T12:25:04.5019587Z -            params: BetaParams::new(10.0, 5.0),
contracts	Format	2026-09-07T12:25:04.5020044Z -            observation_count: 50,
contracts	Format	2026-09-07T12:25:04.5020433Z -        }).collect();
contracts	Format	2026-09-07T12:25:04.5020759Z -        b.iter(|| {
contracts	Format	2026-09-07T12:25:04.5021290Z -            let mut local: Vec<TransferPriorEntry> = (0..50).map(|i| TransferPriorEntry {
contracts	Format	2026-09-07T12:25:04.5021991Z +        let remote: Vec<TransferPriorEntry> = (0..100)
contracts	Format	2026-09-07T12:25:04.5022489Z +            .map(|i| TransferPriorEntry {
contracts	Format	2026-09-07T12:25:04.5022928Z                  bucket_id: format!("bucket_{}", i),
contracts	Format	2026-09-07T12:25:04.5023391Z                  arm_id: format!("arm_{}", i % 4),
contracts	Format	2026-09-07T12:25:04.5023845Z -                params: BetaParams::new(5.0, 3.0),
contracts	Format	2026-09-07T12:25:04.5024306Z -                observation_count: 20,
contracts	Format	2026-09-07T12:25:04.5024714Z -            }).collect();
contracts	Format	2026-09-07T12:25:04.5025109Z +                params: BetaParams::new(10.0, 5.0),
contracts	Format	2026-09-07T12:25:04.5025769Z +                observation_count: 50,
contracts	Format	2026-09-07T12:25:04.5026154Z +            })
contracts	Format	2026-09-07T12:25:04.5026459Z +            .collect();
contracts	Format	2026-09-07T12:25:04.5026782Z +        b.iter(|| {
contracts	Format	2026-09-07T12:25:04.5027167Z +            let mut local: Vec<TransferPriorEntry> = (0..50)
contracts	Format	2026-09-07T12:25:04.5027696Z +                .map(|i| TransferPriorEntry {
contracts	Format	2026-09-07T12:25:04.5028176Z +                    bucket_id: format!("bucket_{}", i),
contracts	Format	2026-09-07T12:25:04.5028639Z +                    arm_id: format!("arm_{}", i % 4),
contracts	Format	2026-09-07T12:25:04.5029270Z +                    params: BetaParams::new(5.0, 3.0),
contracts	Format	2026-09-07T12:25:04.5029715Z +                    observation_count: 20,
contracts	Format	2026-09-07T12:25:04.5030118Z +                })
contracts	Format	2026-09-07T12:25:04.5030436Z +                .collect();
contracts	Format	2026-09-07T12:25:04.5030965Z              merger.merge_priors(black_box(&mut local), black_box(&remote), 1);
contracts	Format	2026-09-07T12:25:04.5031562Z              black_box(local);
contracts	Format	2026-09-07T12:25:04.5031925Z          });
contracts	Format	2026-09-07T12:25:04.5032607Z Diff in /home/runner/work/loom/loom/ruvector/crates/rvf/rvf-federation/benches/federation_bench.rs:209:
contracts	Format	2026-09-07T12:25:04.5033394Z      group.finish();
contracts	Format	2026-09-07T12:25:04.5033710Z  }
contracts	Format	2026-09-07T12:25:04.5033977Z  
contracts	Format	2026-09-07T12:25:04.5034607Z -criterion_group!(benches, bench_pii_strip, bench_diff_privacy, bench_aggregation, bench_export_import);
contracts	Format	2026-09-07T12:25:04.5035371Z +criterion_group!(
contracts	Format	2026-09-07T12:25:04.5035684Z +    benches,
contracts	Format	2026-09-07T12:25:04.5035989Z +    bench_pii_strip,
contracts	Format	2026-09-07T12:25:04.5036332Z +    bench_diff_privacy,
contracts	Format	2026-09-07T12:25:04.5036687Z +    bench_aggregation,
contracts	Format	2026-09-07T12:25:04.5037028Z +    bench_export_import
contracts	Format	2026-09-07T12:25:04.5037355Z +);
contracts	Format	2026-09-07T12:25:04.5037651Z  criterion_main!(benches);
contracts	Format	2026-09-07T12:25:04.5037990Z  
contracts	Format	2026-09-07T12:25:04.5048244Z Diff in /home/runner/work/loom/loom/ruvector/crates/rvf/rvf-federation/src/aggregate.rs:108:
contracts	Format	2026-09-07T12:25:04.5049136Z          }
contracts	Format	2026-09-07T12:25:04.5049493Z  
contracts	Format	2026-09-07T12:25:04.5049802Z          // Compute mean and std of L2 norms
contracts	Format	2026-09-07T12:25:04.5050350Z -        let norms: Vec<f64> = self.contributions.iter()
contracts	Format	2026-09-07T12:25:04.5050852Z +        let norms: Vec<f64> = self
contracts	Format	2026-09-07T12:25:04.5051260Z +            .contributions
contracts	Format	2026-09-07T12:25:04.5051625Z +            .iter()
contracts	Format	2026-09-07T12:25:04.5052084Z              .map(|c| c.weights.iter().map(|w| w * w).sum::<f64>().sqrt())
contracts	Format	2026-09-07T12:25:04.5052618Z              .collect();
contracts	Format	2026-09-07T12:25:04.5052951Z  
contracts	Format	2026-09-07T12:25:04.5053530Z Diff in /home/runner/work/loom/loom/ruvector/crates/rvf/rvf-federation/src/aggregate.rs:115:
contracts	Format	2026-09-07T12:25:04.5054385Z          let mean_norm = norms.iter().sum::<f64>() / norms.len() as f64;
contracts	Format	2026-09-07T12:25:04.5055211Z -        let variance = norms.iter().map(|n| (n - mean_norm).powi(2)).sum::<f64>() / norms.len() as f64;
contracts	Format	2026-09-07T12:25:04.5055886Z +        let variance =
contracts	Format	2026-09-07T12:25:04.5056419Z +            norms.iter().map(|n| (n - mean_norm).powi(2)).sum::<f64>() / norms.len() as f64;
contracts	Format	2026-09-07T12:25:04.5057354Z          let std_dev = variance.sqrt();
contracts	Format	2026-09-07T12:25:04.5057751Z  
contracts	Format	2026-09-07T12:25:04.5058039Z          if std_dev < 1e-10 {
contracts	Format	2026-09-07T12:25:04.5058698Z Diff in /home/runner/work/loom/loom/ruvector/crates/rvf/rvf-federation/src/aggregate.rs:162:
contracts	Format	2026-09-07T12:25:04.5059735Z          let participation_count = self.contributions.len() as u32;
contracts	Format	2026-09-07T12:25:04.5060259Z  
contracts	Format	2026-09-07T12:25:04.5060540Z          // Compute loss stats
contracts	Format	2026-09-07T12:25:04.5061008Z -        let losses: Vec<f64> = self.contributions.iter()
contracts	Format	2026-09-07T12:25:04.5061505Z +        let losses: Vec<f64> = self
contracts	Format	2026-09-07T12:25:04.5061910Z +            .contributions
contracts	Format	2026-09-07T12:25:04.5062265Z +            .iter()
contracts	Format	2026-09-07T12:25:04.5062588Z              .map(|c| {
contracts	Format	2026-09-07T12:25:04.5062982Z                  // Use inverse quality as a proxy for loss
contracts	Format	2026-09-07T12:25:04.5063499Z                  1.0 - c.quality_weight.clamp(0.0, 1.0)
contracts	Format	2026-09-07T12:25:04.5064252Z Diff in /home/runner/work/loom/loom/ruvector/crates/rvf/rvf-federation/src/aggregate.rs:169:
contracts	Format	2026-09-07T12:25:04.5065185Z              })
contracts	Format	2026-09-07T12:25:04.5065499Z              .collect();
contracts	Format	2026-09-07T12:25:04.5066005Z          let mean_loss = losses.iter().sum::<f64>() / losses.len() as f64;
contracts	Format	2026-09-07T12:25:04.5066864Z -        let loss_variance = losses.iter().map(|l| (l - mean_loss).powi(2)).sum::<f64>() / losses.len() as f64;
contracts	Format	2026-09-07T12:25:04.5067587Z +        let loss_variance =
contracts	Format	2026-09-07T12:25:04.5068163Z +            losses.iter().map(|l| (l - mean_loss).powi(2)).sum::<f64>() / losses.len() as f64;
contracts	Format	2026-09-07T12:25:04.5068768Z  
contracts	Format	2026-09-07T12:25:04.5069266Z          self.contributions.clear();
contracts	Format	2026-09-07T12:25:04.5069662Z  
contracts	Format	2026-09-07T12:25:04.5070225Z Diff in /home/runner/work/loom/loom/ruvector/crates/rvf/rvf-federation/src/aggregate.rs:188:
contracts	Format	2026-09-07T12:25:04.5070909Z  
contracts	Format	2026-09-07T12:25:04.5071253Z      /// FedAvg: weighted average by trajectory count.
contracts	Format	2026-09-07T12:25:04.5071816Z      fn fedavg(&self, dim: usize) -> (Vec<f64>, Vec<f64>) {
contracts	Format	2026-09-07T12:25:04.5072428Z -        let total_trajectories: f64 = self.contributions.iter()
contracts	Format	2026-09-07T12:25:04.5072972Z +        let total_trajectories: f64 = self
contracts	Format	2026-09-07T12:25:04.5073409Z +            .contributions
contracts	Format	2026-09-07T12:25:04.5073751Z +            .iter()
contracts	Format	2026-09-07T12:25:04.5074108Z              .map(|c| c.trajectory_count as f64)
contracts	Format	2026-09-07T12:25:04.5074533Z              .sum();
contracts	Format	2026-09-07T12:25:04.5074834Z  
contracts	Format	2026-09-07T12:25:04.5075401Z Diff in /home/runner/work/loom/loom/ruvector/crates/rvf/rvf-federation/src/aggregate.rs:211:
contracts	Format	2026-09-07T12:25:04.5076294Z          // Confidence = inverse of variance across contributions per dimension
contracts	Format	2026-09-07T12:25:04.5076897Z          for i in 0..dim {
contracts	Format	2026-09-07T12:25:04.5077248Z              let mean = avg[i];
contracts	Format	2026-09-07T12:25:04.5077659Z -            let var: f64 = self.contributions.iter()
contracts	Format	2026-09-07T12:25:04.5078117Z +            let var: f64 = self
contracts	Format	2026-09-07T12:25:04.5078564Z +                .contributions
contracts	Format	2026-09-07T12:25:04.5079080Z +                .iter()
contracts	Format	2026-09-07T12:25:04.5079432Z                  .map(|c| {
contracts	Format	2026-09-07T12:25:04.5079917Z -                    let v = if i < c.weights.len() { c.weights[i] } else { 0.0 };
contracts	Format	2026-09-07T12:25:04.5080499Z +                    let v = if i < c.weights.len() {
contracts	Format	2026-09-07T12:25:04.5080949Z +                        c.weights[i]
contracts	Format	2026-09-07T12:25:04.5081338Z +                    } else {
contracts	Format	2026-09-07T12:25:04.5081689Z +                        0.0
contracts	Format	2026-09-07T12:25:04.5082029Z +                    };
contracts	Format	2026-09-07T12:25:04.5082375Z                      (v - mean).powi(2)
contracts	Format	2026-09-07T12:25:04.5082764Z                  })
contracts	Format	2026-09-07T12:25:04.5083169Z -                .sum::<f64>() / self.contributions.len() as f64;
contracts	Format	2026-09-07T12:25:04.5083670Z +                .sum::<f64>()
contracts	Format	2026-09-07T12:25:04.5084068Z +                / self.contributions.len() as f64;
contracts	Format	2026-09-07T12:25:04.5084546Z              confidences[i] = 1.0 / (1.0 + var);
contracts	Format	2026-09-07T12:25:04.5084970Z          }
contracts	Format	2026-09-07T12:25:04.5085259Z  
contracts	Format	2026-09-07T12:25:04.5086136Z Diff in /home/runner/work/loom/loom/ruvector/crates/rvf/rvf-federation/src/aggregate.rs:255:
contracts	Format	2026-09-07T12:25:04.5086817Z  
contracts	Format	2026-09-07T12:25:04.5087095Z          for i in 0..dim {
contracts	Format	2026-09-07T12:25:04.5087448Z              let mean = avg[i];
contracts	Format	2026-09-07T12:25:04.5087878Z -            let var: f64 = self.contributions.iter()
contracts	Format	2026-09-07T12:25:04.5088329Z +            let var: f64 = self
contracts	Format	2026-09-07T12:25:04.5088700Z +                .contributions
contracts	Format	2026-09-07T12:25:04.5089233Z +                .iter()
contracts	Format	2026-09-07T12:25:04.5089569Z                  .map(|c| {
contracts	Format	2026-09-07T12:25:04.5090048Z -                    let v = if i < c.weights.len() { c.weights[i] } else { 0.0 };
contracts	Format	2026-09-07T12:25:04.5090634Z +                    let v = if i < c.weights.len() {
contracts	Format	2026-09-07T12:25:04.5091088Z +                        c.weights[i]
contracts	Format	2026-09-07T12:25:04.5091484Z +                    } else {
contracts	Format	2026-09-07T12:25:04.5091844Z +                        0.0
contracts	Format	2026-09-07T12:25:04.5092191Z +                    };
contracts	Format	2026-09-07T12:25:04.5092753Z                      (v - mean).powi(2)
contracts	Format	2026-09-07T12:25:04.5093148Z                  })
contracts	Format	2026-09-07T12:25:04.5093553Z -                .sum::<f64>() / self.contributions.len() as f64;
contracts	Format	2026-09-07T12:25:04.5094056Z +                .sum::<f64>()
contracts	Format	2026-09-07T12:25:04.5094462Z +                / self.contributions.len() as f64;
contracts	Format	2026-09-07T12:25:04.5094956Z              confidences[i] = 1.0 / (1.0 + var);
contracts	Format	2026-09-07T12:25:04.5095371Z          }
contracts	Format	2026-09-07T12:25:04.5095649Z  
contracts	Format	2026-09-07T12:25:04.5096229Z Diff in /home/runner/work/loom/loom/ruvector/crates/rvf/rvf-federation/src/aggregate.rs:272:
contracts	Format	2026-09-07T12:25:04.5096924Z  mod tests {
contracts	Format	2026-09-07T12:25:04.5097230Z      use super::*;
contracts	Format	2026-09-07T12:25:04.5097514Z  
contracts	Format	2026-09-07T12:25:04.5098107Z -    fn make_contribution(name: &str, weights: Vec<f64>, quality: f64, trajectories: u64) -> Contribution {
contracts	Format	2026-09-07T12:25:04.5098839Z +    fn make_contribution(
contracts	Format	2026-09-07T12:25:04.5099359Z +        name: &str,
contracts	Format	2026-09-07T12:25:04.5099683Z +        weights: Vec<f64>,
contracts	Format	2026-09-07T12:25:04.5100047Z +        quality: f64,
contracts	Format	2026-09-07T12:25:04.5100365Z +        trajectories: u64,
contracts	Format	2026-09-07T12:25:04.5100707Z +    ) -> Contribution {
contracts	Format	2026-09-07T12:25:04.5113916Z          Contribution {
contracts	Format	2026-09-07T12:25:04.5114257Z              contributor: name.to_string(),
contracts	Format	2026-09-07T12:25:04.5114547Z              weights,
contracts	Format	2026-09-07T12:25:04.5114965Z Diff in /home/runner/work/loom/loom/ruvector/crates/rvf/rvf-federation/src/aggregate.rs:319:
contracts	Format	2026-09-07T12:25:04.5115517Z          agg_avg.add_contribution(make_contribution("b", vec![10.0], 1.0, 100));
contracts	Format	2026-09-07T12:25:04.5115928Z          let avg_result = agg_avg.aggregate().unwrap();
contracts	Format	2026-09-07T12:25:04.5116216Z  
contracts	Format	2026-09-07T12:25:04.5116630Z -        let mut agg_prox = FederatedAggregator::new("test".into(), AggregationStrategy::FedProx { mu: 50 })
contracts	Format	2026-09-07T12:25:04.5117120Z -            .with_min_contributions(2);
contracts	Format	2026-09-07T12:25:04.5117396Z +        let mut agg_prox =
contracts	Format	2026-09-07T12:25:04.5117790Z +            FederatedAggregator::new("test".into(), AggregationStrategy::FedProx { mu: 50 })
contracts	Format	2026-09-07T12:25:04.5118255Z +                .with_min_contributions(2);
contracts	Format	2026-09-07T12:25:04.5118639Z          agg_prox.add_contribution(make_contribution("a", vec![10.0], 1.0, 100));
contracts	Format	2026-09-07T12:25:04.5119330Z          agg_prox.add_contribution(make_contribution("b", vec![10.0], 1.0, 100));
contracts	Format	2026-09-07T12:25:04.5119736Z          let prox_result = agg_prox.aggregate().unwrap();
contracts	Format	2026-09-07T12:25:04.5131449Z Diff in /home/runner/work/loom/loom/ruvector/crates/rvf/rvf-federation/src/federation.rs:95:
contracts	Format	2026-09-07T12:25:04.5132139Z      }
contracts	Format	2026-09-07T12:25:04.5132407Z  
contracts	Format	2026-09-07T12:25:04.5132828Z      /// Build the export: PII-strip, add DP noise, assemble manifest.
contracts	Format	2026-09-07T12:25:04.5133689Z -    pub fn build(mut self, dp_engine: &mut DiffPrivacyEngine) -> Result<FederatedExport, FederationError> {
contracts	Format	2026-09-07T12:25:04.5134418Z +    pub fn build(
contracts	Format	2026-09-07T12:25:04.5134724Z +        mut self,
contracts	Format	2026-09-07T12:25:04.5135080Z +        dp_engine: &mut DiffPrivacyEngine,
contracts	Format	2026-09-07T12:25:04.5135858Z +    ) -> Result<FederatedExport, FederationError> {
contracts	Format	2026-09-07T12:25:04.5136362Z          // 1. Apply quality gate from policy
contracts	Format	2026-09-07T12:25:04.5136808Z          self.priors.retain(|ps| {
contracts	Format	2026-09-07T12:25:04.5137406Z -            ps.entries.iter().all(|e| e.observation_count >= self.policy.min_observations)
contracts	Format	2026-09-07T12:25:04.5137979Z +            ps.entries
contracts	Format	2026-09-07T12:25:04.5138206Z +                .iter()
contracts	Format	2026-09-07T12:25:04.5138514Z +                .all(|e| e.observation_count >= self.policy.min_observations)
contracts	Format	2026-09-07T12:25:04.5139003Z          });
contracts	Format	2026-09-07T12:25:04.5139197Z  
contracts	Format	2026-09-07T12:25:04.5139512Z          // 2. PII stripping
contracts	Format	2026-09-07T12:25:04.5140142Z Diff in /home/runner/work/loom/loom/ruvector/crates/rvf/rvf-federation/src/federation.rs:105:
contracts	Format	2026-09-07T12:25:04.5140788Z          let mut stripper = PiiStripper::new();
contracts	Format	2026-09-07T12:25:04.5141137Z -        let field_refs: Vec<(&str, &str)> = self.string_fields
contracts	Format	2026-09-07T12:25:04.5141480Z +        let field_refs: Vec<(&str, &str)> = self
contracts	Format	2026-09-07T12:25:04.5141932Z +            .string_fields
contracts	Format	2026-09-07T12:25:04.5142161Z              .iter()
contracts	Format	2026-09-07T12:25:04.5142389Z              .map(|(n, v)| (n.as_str(), v.as_str()))
contracts	Format	2026-09-07T12:25:04.5142667Z              .collect();
contracts	Format	2026-09-07T12:25:04.5143061Z Diff in /home/runner/work/loom/loom/ruvector/crates/rvf/rvf-federation/src/federation.rs:168:
contracts	Format	2026-09-07T12:25:04.5143495Z          };
contracts	Format	2026-09-07T12:25:04.5143694Z  
contracts	Format	2026-09-07T12:25:04.5143894Z          // 4. Build manifest
contracts	Format	2026-09-07T12:25:04.5144178Z -        let total_trajectories: u64 = self.priors.iter()
contracts	Format	2026-09-07T12:25:04.5144502Z +        let total_trajectories: u64 = self
contracts	Format	2026-09-07T12:25:04.5144769Z +            .priors
contracts	Format	2026-09-07T12:25:04.5144970Z +            .iter()
contracts	Format	2026-09-07T12:25:04.5145196Z              .flat_map(|ps| ps.entries.iter())
contracts	Format	2026-09-07T12:25:04.5145486Z              .map(|e| e.observation_count)
contracts	Format	2026-09-07T12:25:04.5145735Z              .sum();
contracts	Format	2026-09-07T12:25:04.5146107Z Diff in /home/runner/work/loom/loom/ruvector/crates/rvf/rvf-federation/src/federation.rs:175:
contracts	Format	2026-09-07T12:25:04.5146522Z  
contracts	Format	2026-09-07T12:25:04.5146757Z          let avg_quality = if !self.priors.is_empty() {
contracts	Format	2026-09-07T12:25:04.5147060Z -            self.priors.iter()
contracts	Format	2026-09-07T12:25:04.5147308Z +            self.priors
contracts	Format	2026-09-07T12:25:04.5147534Z +                .iter()
contracts	Format	2026-09-07T12:25:04.5147769Z                  .flat_map(|ps| ps.entries.iter())
contracts	Format	2026-09-07T12:25:04.5148057Z                  .map(|e| e.params.mean())
contracts	Format	2026-09-07T12:25:04.5148323Z                  .sum::<f64>()
contracts	Format	2026-09-07T12:25:04.5148705Z Diff in /home/runner/work/loom/loom/ruvector/crates/rvf/rvf-federation/src/federation.rs:181:
contracts	Format	2026-09-07T12:25:04.5149424Z -                / self.priors.iter().map(|ps| ps.entries.len()).sum::<usize>().max(1) as f64
contracts	Format	2026-09-07T12:25:04.5149796Z +                / self
contracts	Format	2026-09-07T12:25:04.5150025Z +                    .priors
contracts	Format	2026-09-07T12:25:04.5150257Z +                    .iter()
contracts	Format	2026-09-07T12:25:04.5150509Z +                    .map(|ps| ps.entries.len())
contracts	Format	2026-09-07T12:25:04.5150798Z +                    .sum::<usize>()
contracts	Format	2026-09-07T12:25:04.5151051Z +                    .max(1) as f64
contracts	Format	2026-09-07T12:25:04.5151284Z          } else {
contracts	Format	2026-09-07T12:25:04.5151479Z              0.0
contracts	Format	2026-09-07T12:25:04.5151667Z          };
contracts	Format	2026-09-07T12:25:04.5152012Z Diff in /home/runner/work/loom/loom/ruvector/crates/rvf/rvf-federation/src/federation.rs:246:
contracts	Format	2026-09-07T12:25:04.5152416Z  
contracts	Format	2026-09-07T12:25:04.5152631Z          // Check privacy proof has valid parameters
contracts	Format	2026-09-07T12:25:04.5152951Z          if export.privacy_proof.epsilon <= 0.0 {
contracts	Format	2026-09-07T12:25:04.5153369Z -            return Err(FederationError::InvalidEpsilon(export.privacy_proof.epsilon));
contracts	Format	2026-09-07T12:25:04.5153808Z +            return Err(FederationError::InvalidEpsilon(
contracts	Format	2026-09-07T12:25:04.5154120Z +                export.privacy_proof.epsilon,
contracts	Format	2026-09-07T12:25:04.5154381Z +            ));
contracts	Format	2026-09-07T12:25:04.5154571Z          }
contracts	Format	2026-09-07T12:25:04.5154906Z  
contracts	Format	2026-09-07T12:25:04.5155113Z          // Check priors have positive parameters
contracts	Format	2026-09-07T12:25:04.5155544Z Diff in /home/runner/work/loom/loom/ruvector/crates/rvf/rvf-federation/src/federation.rs:283:
contracts	Format	2026-09-07T12:25:04.5155984Z          for remote_entry in remote {
contracts	Format	2026-09-07T12:25:04.5156301Z              let dampened = remote_entry.params.dampen(dampen);
contracts	Format	2026-09-07T12:25:04.5156606Z  
contracts	Format	2026-09-07T12:25:04.5156842Z -            if let Some(local_entry) = local.iter_mut().find(|l| {
contracts	Format	2026-09-07T12:25:04.5157272Z -                l.bucket_id == remote_entry.bucket_id && l.arm_id == remote_entry.arm_id
contracts	Format	2026-09-07T12:25:04.5157639Z -            }) {
contracts	Format	2026-09-07T12:25:04.5157852Z +            if let Some(local_entry) = local
contracts	Format	2026-09-07T12:25:04.5158121Z +                .iter_mut()
contracts	Format	2026-09-07T12:25:04.5158486Z +                .find(|l| l.bucket_id == remote_entry.bucket_id && l.arm_id == remote_entry.arm_id)
contracts	Format	2026-09-07T12:25:04.5158998Z +            {
contracts	Format	2026-09-07T12:25:04.5159319Z                  // Merge: sum parameters minus uniform prior
contracts	Format	2026-09-07T12:25:04.5160092Z                  local_entry.params = local_entry.params.merge(&dampened);
contracts	Format	2026-09-07T12:25:04.5160719Z                  local_entry.observation_count += remote_entry.observation_count;
contracts	Format	2026-09-07T12:25:04.5161245Z Diff in /home/runner/work/loom/loom/ruvector/crates/rvf/rvf-federation/src/federation.rs:380:
contracts	Format	2026-09-07T12:25:04.5161666Z  
contracts	Format	2026-09-07T12:25:04.5161877Z          assert_eq!(export.weights.len(), 1);
contracts	Format	2026-09-07T12:25:04.5162230Z          // Weights should be different from original (noise added)
contracts	Format	2026-09-07T12:25:04.5162710Z -        assert!(export.weights[0].iter().zip(weights.iter()).any(|(a, b)| (a - b).abs() > 1e-10));
contracts	Format	2026-09-07T12:25:04.5163137Z +        assert!(export.weights[0]
contracts	Format	2026-09-07T12:25:04.5163388Z +            .iter()
contracts	Format	2026-09-07T12:25:04.5163604Z +            .zip(weights.iter())
contracts	Format	2026-09-07T12:25:04.5163865Z +            .any(|(a, b)| (a - b).abs() > 1e-10));
contracts	Format	2026-09-07T12:25:04.5164129Z      }
contracts	Format	2026-09-07T12:25:04.5164317Z  
contracts	Format	2026-09-07T12:25:04.5164484Z      #[test]
contracts	Format	2026-09-07T12:25:04.5165042Z Diff in /home/runner/work/loom/loom/ruvector/crates/rvf/rvf-federation/src/lib.rs:7:
contracts	Format	2026-09-07T12:25:04.5165895Z  //! - **Federated aggregation**: FedAvg, FedProx, Byzantine-tolerant weighted averaging
contracts	Format	2026-09-07T12:25:04.5166784Z  //! - **Segment types**: FederatedManifest, DiffPrivacyProof, RedactionLog, AggregateWeights
contracts	Format	2026-09-07T12:25:04.5167447Z  
contracts	Format	2026-09-07T12:25:04.5167721Z -pub mod types;
contracts	Format	2026-09-07T12:25:04.5168031Z -pub mod error;
contracts	Format	2026-09-07T12:25:04.5168340Z -pub mod pii_strip;
contracts	Format	2026-09-07T12:25:04.5168655Z +pub mod aggregate;
contracts	Format	2026-09-07T12:25:04.5169151Z  pub mod diff_privacy;
contracts	Format	2026-09-07T12:25:04.5169479Z +pub mod error;
contracts	Format	2026-09-07T12:25:04.5169770Z  pub mod federation;
contracts	Format	2026-09-07T12:25:04.5170093Z -pub mod aggregate;
contracts	Format	2026-09-07T12:25:04.5170399Z +pub mod pii_strip;
contracts	Format	2026-09-07T12:25:04.5170706Z  pub mod policy;
contracts	Format	2026-09-07T12:25:04.5171018Z +pub mod types;
contracts	Format	2026-09-07T12:25:04.5171299Z  
contracts	Format	2026-09-07T12:25:04.5171590Z -pub use types::*;
contracts	Format	2026-09-07T12:25:04.5171948Z -pub use error::FederationError;
contracts	Format	2026-09-07T12:25:04.5172350Z -pub use pii_strip::PiiStripper;
contracts	Format	2026-09-07T12:25:04.5172858Z +pub use aggregate::{AggregationStrategy, FederatedAggregator};
contracts	Format	2026-09-07T12:25:04.5173485Z  pub use diff_privacy::{DiffPrivacyEngine, PrivacyAccountant};
contracts	Format	2026-09-07T12:25:04.5173833Z +pub use error::FederationError;
contracts	Format	2026-09-07T12:25:04.5174127Z  pub use federation::{ExportBuilder, ImportMerger};
contracts	Format	2026-09-07T12:25:04.5174510Z -pub use aggregate::{FederatedAggregator, AggregationStrategy};
contracts	Format	2026-09-07T12:25:04.5174866Z +pub use pii_strip::PiiStripper;
contracts	Format	2026-09-07T12:25:04.5175129Z  pub use policy::FederationPolicy;
contracts	Format	2026-09-07T12:25:04.5175388Z +pub use types::*;
contracts	Format	2026-09-07T12:25:04.5175720Z  
contracts	Format	2026-09-07T12:25:04.5176258Z Diff in /home/runner/work/loom/loom/ruvector/crates/rvf/rvf-federation/src/pii_strip.rs:4:
contracts	Format	2026-09-07T12:25:04.5177418Z  //! **Stage 2 — Redaction**: Replace PII with deterministic pseudonyms.
contracts	Format	2026-09-07T12:25:04.5178193Z  //! **Stage 3 — Attestation**: Generate a `RedactionLog` segment.
contracts	Format	2026-09-07T12:25:04.5179073Z  
contracts	Format	2026-09-07T12:25:04.5179376Z -use std::collections::HashMap;
contracts	Format	2026-09-07T12:25:04.5179758Z  use regex::Regex;
contracts	Format	2026-09-07T12:25:04.5180218Z -use sha3::{Shake256, digest::{Update, ExtendableOutput, XofReader}};
contracts	Format	2026-09-07T12:25:04.5180755Z +use sha3::{
contracts	Format	2026-09-07T12:25:04.5181112Z +    digest::{ExtendableOutput, Update, XofReader},
contracts	Format	2026-09-07T12:25:04.5181554Z +    Shake256,
contracts	Format	2026-09-07T12:25:04.5181826Z +};
contracts	Format	2026-09-07T12:25:04.5182095Z +use std::collections::HashMap;
contracts	Format	2026-09-07T12:25:04.5182328Z  
contracts	Format	2026-09-07T12:25:04.5182552Z -use crate::types::{RedactionLog, RedactionEntry};
contracts	Format	2026-09-07T12:25:04.5182885Z +use crate::types::{RedactionEntry, RedactionLog};
contracts	Format	2026-09-07T12:25:04.5183155Z  
contracts	Format	2026-09-07T12:25:04.5183429Z  /// PII category with its detection regex and replacement template.
contracts	Format	2026-09-07T12:25:04.5183774Z  struct PiiRule {
contracts	Format	2026-09-07T12:25:04.5184151Z Diff in /home/runner/work/loom/loom/ruvector/crates/rvf/rvf-federation/src/pii_strip.rs:36:
contracts	Format	2026-09-07T12:25:04.5184732Z              PiiRule {
contracts	Format	2026-09-07T12:25:04.5184953Z                  category: "path",
contracts	Format	2026-09-07T12:25:04.5185212Z                  rule_id: "rule_path_unix",
contracts	Format	2026-09-07T12:25:04.5185690Z -                pattern: Regex::new(r#"(?:/(?:home|Users|var|tmp|opt|etc)/[^\s,;:"'\]}>)]+)"#).unwrap(),
contracts	Format	2026-09-07T12:25:04.5186224Z +                pattern: Regex::new(r#"(?:/(?:home|Users|var|tmp|opt|etc)/[^\s,;:"'\]}>)]+)"#)
contracts	Format	2026-09-07T12:25:04.5186632Z +                    .unwrap(),
contracts	Format	2026-09-07T12:25:04.5186871Z                  prefix: "PATH",
contracts	Format	2026-09-07T12:25:04.5187102Z              },
contracts	Format	2026-09-07T12:25:04.5187296Z              PiiRule {
contracts	Format	2026-09-07T12:25:04.5187708Z Diff in /home/runner/work/loom/loom/ruvector/crates/rvf/rvf-federation/src/pii_strip.rs:43:
contracts	Format	2026-09-07T12:25:04.5188183Z                  category: "path",
contracts	Format	2026-09-07T12:25:04.5188446Z                  rule_id: "rule_path_windows",
contracts	Format	2026-09-07T12:25:04.5189089Z -                pattern: Regex::new(r#"(?i:[A-Z]:\\(?:Users|Documents|Program Files)[^\s,;:"'\]}>)]+)"#).unwrap(),
contracts	Format	2026-09-07T12:25:04.5189788Z +                pattern: Regex::new(
contracts	Format	2026-09-07T12:25:04.5190308Z +                    r#"(?i:[A-Z]:\\(?:Users|Documents|Program Files)[^\s,;:"'\]}>)]+)"#,
contracts	Format	2026-09-07T12:25:04.5190833Z +                )
contracts	Format	2026-09-07T12:25:04.5191129Z +                .unwrap(),
contracts	Format	2026-09-07T12:25:04.5191477Z                  prefix: "PATH",
contracts	Format	2026-09-07T12:25:04.5191824Z              },
contracts	Format	2026-09-07T12:25:04.5192108Z              PiiRule {
contracts	Format	2026-09-07T12:25:04.5192704Z Diff in /home/runner/work/loom/loom/ruvector/crates/rvf/rvf-federation/src/pii_strip.rs:49:
contracts	Format	2026-09-07T12:25:04.5193381Z                  category: "ip",
contracts	Format	2026-09-07T12:25:04.5193769Z                  rule_id: "rule_ipv4",
contracts	Format	2026-09-07T12:25:04.5194433Z -                pattern: Regex::new(r"\b(?:(?:25[0-5]|2[0-4]\d|[01]?\d\d?)\.){3}(?:25[0-5]|2[0-4]\d|[01]?\d\d?)\b").unwrap(),
contracts	Format	2026-09-07T12:25:04.5195104Z +                pattern: Regex::new(
contracts	Format	2026-09-07T12:25:04.5195630Z +                    r"\b(?:(?:25[0-5]|2[0-4]\d|[01]?\d\d?)\.){3}(?:25[0-5]|2[0-4]\d|[01]?\d\d?)\b",
contracts	Format	2026-09-07T12:25:04.5196099Z +                )
contracts	Format	2026-09-07T12:25:04.5196292Z +                .unwrap(),
contracts	Format	2026-09-07T12:25:04.5196519Z                  prefix: "IP",
contracts	Format	2026-09-07T12:25:04.5196744Z              },
contracts	Format	2026-09-07T12:25:04.5196936Z              PiiRule {
contracts	Format	2026-09-07T12:25:04.5197316Z Diff in /home/runner/work/loom/loom/ruvector/crates/rvf/rvf-federation/src/pii_strip.rs:116:
contracts	Format	2026-09-07T12:25:04.5197737Z      }
contracts	Format	2026-09-07T12:25:04.5197910Z  
contracts	Format	2026-09-07T12:25:04.5198103Z      /// Add a custom detection rule.
contracts	Format	2026-09-07T12:25:04.5198650Z -    pub fn add_rule(&mut self, category: &'static str, rule_id: &'static str, pattern: &str, prefix: &'static str) -> Result<(), regex::Error> {
contracts	Format	2026-09-07T12:25:04.5199350Z +    pub fn add_rule(
contracts	Format	2026-09-07T12:25:04.5199562Z +        &mut self,
contracts	Format	2026-09-07T12:25:04.5199772Z +        category: &'static str,
contracts	Format	2026-09-07T12:25:04.5200013Z +        rule_id: &'static str,
contracts	Format	2026-09-07T12:25:04.5200416Z +        pattern: &str,
contracts	Format	2026-09-07T12:25:04.5200640Z +        prefix: &'static str,
contracts	Format	2026-09-07T12:25:04.5200884Z +    ) -> Result<(), regex::Error> {
contracts	Format	2026-09-07T12:25:04.5201161Z          self.custom_rules.push(PiiRule {
contracts	Format	2026-09-07T12:25:04.5201424Z              category,
contracts	Format	2026-09-07T12:25:04.5201625Z              rule_id,
contracts	Format	2026-09-07T12:25:04.5201989Z Diff in /home/runner/work/loom/loom/ruvector/crates/rvf/rvf-federation/src/pii_strip.rs:140:
contracts	Format	2026-09-07T12:25:04.5202513Z          let counter = self.counters.entry(prefix.to_string()).or_insert(0);
contracts	Format	2026-09-07T12:25:04.5202864Z          *counter += 1;
contracts	Format	2026-09-07T12:25:04.5203114Z          let pseudo = format!("<{}_{}>", prefix, counter);
contracts	Format	2026-09-07T12:25:04.5203502Z -        self.pseudonym_map.insert(original.to_string(), pseudo.clone());
contracts	Format	2026-09-07T12:25:04.5203858Z +        self.pseudonym_map
contracts	Format	2026-09-07T12:25:04.5204135Z +            .insert(original.to_string(), pseudo.clone());
contracts	Format	2026-09-07T12:25:04.5204427Z          pseudo
contracts	Format	2026-09-07T12:25:04.5204808Z      }
contracts	Format	2026-09-07T12:25:04.5204982Z  
contracts	Format	2026-09-07T12:25:04.5205332Z Diff in /home/runner/work/loom/loom/ruvector/crates/rvf/rvf-federation/src/pii_strip.rs:161:
contracts	Format	2026-09-07T12:25:04.5205802Z                  let r = &self.custom_rules[i - num_builtin];
contracts	Format	2026-09-07T12:25:04.5206157Z                  (&r.pattern as &Regex, r.prefix, r.category, r.rule_id)
contracts	Format	2026-09-07T12:25:04.5206467Z              };
contracts	Format	2026-09-07T12:25:04.5206853Z -            let matches: Vec<String> = pattern.find_iter(&result).map(|m| m.as_str().to_string()).collect();
contracts	Format	2026-09-07T12:25:04.5207318Z +            let matches: Vec<String> = pattern
contracts	Format	2026-09-07T12:25:04.5207608Z +                .find_iter(&result)
contracts	Format	2026-09-07T12:25:04.5207877Z +                .map(|m| m.as_str().to_string())
contracts	Format	2026-09-07T12:25:04.5208149Z +                .collect();
contracts	Format	2026-09-07T12:25:04.5208384Z              if matches.is_empty() {
contracts	Format	2026-09-07T12:25:04.5208633Z                  continue;
contracts	Format	2026-09-07T12:25:04.5208849Z              }
contracts	Format	2026-09-07T12:25:04.5209394Z Diff in /home/runner/work/loom/loom/ruvector/crates/rvf/rvf-federation/src/pii_strip.rs:184:
contracts	Format	2026-09-07T12:25:04.5209876Z      /// Strip PII from a collection of named string fields.
contracts	Format	2026-09-07T12:25:04.5210169Z      ///
contracts	Format	2026-09-07T12:25:04.5210438Z      /// Returns the redacted fields and a `RedactionLog` attestation.
contracts	Format	2026-09-07T12:25:04.5210949Z -    pub fn strip_fields(&mut self, fields: &[(&str, &str)]) -> (Vec<(String, String)>, RedactionLog) {
contracts	Format	2026-09-07T12:25:04.5211373Z +    pub fn strip_fields(
contracts	Format	2026-09-07T12:25:04.5211591Z +        &mut self,
contracts	Format	2026-09-07T12:25:04.5211797Z +        fields: &[(&str, &str)],
contracts	Format	2026-09-07T12:25:04.5212062Z +    ) -> (Vec<(String, String)>, RedactionLog) {
contracts	Format	2026-09-07T12:25:04.5212353Z          // Stage 1+2: Detect and redact
contracts	Format	2026-09-07T12:25:04.5212632Z          let mut redacted_fields = Vec::new();
contracts	Format	2026-09-07T12:25:04.5213014Z          let mut all_detections: HashMap<(String, String), u32> = HashMap::new();
contracts	Format	2026-09-07T12:25:04.5213546Z Diff in /home/runner/work/loom/loom/ruvector/crates/rvf/rvf-federation/src/pii_strip.rs:345:
contracts	Format	2026-09-07T12:25:04.5213976Z      #[test]
contracts	Format	2026-09-07T12:25:04.5214169Z      fn custom_rule() {
contracts	Format	2026-09-07T12:25:04.5214413Z          let mut stripper = PiiStripper::new();
contracts	Format	2026-09-07T12:25:04.5214812Z -        stripper.add_rule("ssn", "rule_ssn", r"\b\d{3}-\d{2}-\d{4}\b", "SSN").unwrap();
contracts	Format	2026-09-07T12:25:04.5215178Z +        stripper
contracts	Format	2026-09-07T12:25:04.5215442Z +            .add_rule("ssn", "rule_ssn", r"\b\d{3}-\d{2}-\d{4}\b", "SSN")
contracts	Format	2026-09-07T12:25:04.5215762Z +            .unwrap();
contracts	Format	2026-09-07T12:25:04.5216022Z          assert!(stripper.contains_pii("ssn: 123-45-6789"));
contracts	Format	2026-09-07T12:25:04.5216374Z          let redacted = stripper.strip_value("ssn: 123-45-6789");
contracts	Format	2026-09-07T12:25:04.5216710Z          assert!(redacted.contains("<SSN_"));
contracts	Format	2026-09-07T12:25:04.5217150Z Diff in /home/runner/work/loom/loom/ruvector/crates/rvf/rvf-federation/src/policy.rs:152:
contracts	Format	2026-09-07T12:25:04.5217552Z  
contracts	Format	2026-09-07T12:25:04.5217725Z      #[test]
contracts	Format	2026-09-07T12:25:04.5218090Z      fn segment_allowlist() {
contracts	Format	2026-09-07T12:25:04.5218453Z -        let p = FederationPolicy::default().allow_segment(0x33).allow_segment(0x34);
contracts	Format	2026-09-07T12:25:04.5218852Z +        let p = FederationPolicy::default()
contracts	Format	2026-09-07T12:25:04.5219340Z +            .allow_segment(0x33)
contracts	Format	2026-09-07T12:25:04.5219592Z +            .allow_segment(0x34);
contracts	Format	2026-09-07T12:25:04.5219846Z          assert!(p.is_segment_allowed(0x33));
contracts	Format	2026-09-07T12:25:04.5220123Z          assert!(p.is_segment_allowed(0x34));
contracts	Format	2026-09-07T12:25:04.5220440Z          assert!(!p.is_segment_allowed(0x35)); // not in allowlist
contracts	Format	2026-09-07T12:25:04.5220917Z Diff in /home/runner/work/loom/loom/ruvector/crates/rvf/rvf-federation/src/types.rs:251:
contracts	Format	2026-09-07T12:25:04.5221317Z  
contracts	Format	2026-09-07T12:25:04.5221516Z      /// Uniform (uninformative) prior.
contracts	Format	2026-09-07T12:25:04.5221784Z      pub fn uniform() -> Self {
contracts	Format	2026-09-07T12:25:04.5222031Z -        Self { alpha: 1.0, beta: 1.0 }
contracts	Format	2026-09-07T12:25:04.5222273Z +        Self {
contracts	Format	2026-09-07T12:25:04.5222625Z +            alpha: 1.0,
contracts	Format	2026-09-07T12:25:04.5222846Z +            beta: 1.0,
contracts	Format	2026-09-07T12:25:04.5223060Z +        }
contracts	Format	2026-09-07T12:25:04.5223244Z      }
contracts	Format	2026-09-07T12:25:04.5223423Z  
contracts	Format	2026-09-07T12:25:04.5223612Z      /// Mean of the Beta distribution.
contracts	Format	2026-09-07T12:25:05.3223284Z Diff in /home/runner/work/loom/loom/ruvector/examples/robotics/src/bin/01_basic_perception.rs:6:
contracts	Format	2026-09-07T12:25:05.3224152Z  /// - Radius search around a query point
contracts	Format	2026-09-07T12:25:05.3224642Z  /// - Using the SpatialIndex for efficient lookups
contracts	Format	2026-09-07T12:25:05.3225119Z  /// - Distance-based wall proximity analysis
contracts	Format	2026-09-07T12:25:05.3225402Z -
contracts	Format	2026-09-07T12:25:05.3225748Z  use ruvector_robotics::bridge::{Point3D, PointCloud, SpatialIndex};
contracts	Format	2026-09-07T12:25:05.3226117Z  
contracts	Format	2026-09-07T12:25:05.3226365Z  /// Generate a wall as a strip of points along one axis.
contracts	Format	2026-09-07T12:25:05.3226867Z Diff in /home/runner/work/loom/loom/ruvector/examples/robotics/src/bin/01_basic_perception.rs:31:
contracts	Format	2026-09-07T12:25:05.3227328Z      let points_per_wall = 50;
contracts	Format	2026-09-07T12:25:05.3227641Z      let mut all_points = Vec::new();
contracts	Format	2026-09-07T12:25:05.3227898Z  
contracts	Format	2026-09-07T12:25:05.3228222Z -    all_points.extend(generate_wall([0.0, 5.0, 0.0], [5.0, 5.0, 0.0], points_per_wall));
contracts	Format	2026-09-07T12:25:05.3228746Z -    all_points.extend(generate_wall([0.0, 0.0, 0.0], [5.0, 0.0, 0.0], points_per_wall));
contracts	Format	2026-09-07T12:25:05.3229625Z -    all_points.extend(generate_wall([0.0, 0.0, 0.0], [0.0, 5.0, 0.0], points_per_wall));
contracts	Format	2026-09-07T12:25:05.3230116Z -    all_points.extend(generate_wall([5.0, 0.0, 0.0], [5.0, 5.0, 0.0], points_per_wall));
contracts	Format	2026-09-07T12:25:05.3230502Z +    all_points.extend(generate_wall(
contracts	Format	2026-09-07T12:25:05.3230764Z +        [0.0, 5.0, 0.0],
contracts	Format	2026-09-07T12:25:05.3230979Z +        [5.0, 5.0, 0.0],
contracts	Format	2026-09-07T12:25:05.3231189Z +        points_per_wall,
contracts	Format	2026-09-07T12:25:05.3231407Z +    ));
contracts	Format	2026-09-07T12:25:05.3231610Z +    all_points.extend(generate_wall(
contracts	Format	2026-09-07T12:25:05.3231855Z +        [0.0, 0.0, 0.0],
contracts	Format	2026-09-07T12:25:05.3232064Z +        [5.0, 0.0, 0.0],
contracts	Format	2026-09-07T12:25:05.3232284Z +        points_per_wall,
contracts	Format	2026-09-07T12:25:05.3232499Z +    ));
contracts	Format	2026-09-07T12:25:05.3232698Z +    all_points.extend(generate_wall(
contracts	Format	2026-09-07T12:25:05.3232953Z +        [0.0, 0.0, 0.0],
contracts	Format	2026-09-07T12:25:05.3233171Z +        [0.0, 5.0, 0.0],
contracts	Format	2026-09-07T12:25:05.3233379Z +        points_per_wall,
contracts	Format	2026-09-07T12:25:05.3233592Z +    ));
contracts	Format	2026-09-07T12:25:05.3233910Z +    all_points.extend(generate_wall(
contracts	Format	2026-09-07T12:25:05.3234289Z +        [5.0, 0.0, 0.0],
contracts	Format	2026-09-07T12:25:05.3234597Z +        [5.0, 5.0, 0.0],
contracts	Format	2026-09-07T12:25:05.3234907Z +        points_per_wall,
contracts	Format	2026-09-07T12:25:05.3235220Z +    ));
contracts	Format	2026-09-07T12:25:05.3235479Z  
contracts	Format	2026-09-07T12:25:05.3235811Z      let cloud = PointCloud::new(all_points, 1000);
contracts	Format	2026-09-07T12:25:05.3236444Z -    println!("[1] Room point cloud created: {} points from 4 walls", cloud.len());
contracts	Format	2026-09-07T12:25:05.3237042Z +    println!(
contracts	Format	2026-09-07T12:25:05.3237427Z +        "[1] Room point cloud created: {} points from 4 walls",
contracts	Format	2026-09-07T12:25:05.3238186Z +        cloud.len()
contracts	Format	2026-09-07T12:25:05.3238397Z +    );
contracts	Format	2026-09-07T12:25:05.3238596Z  
contracts	Format	2026-09-07T12:25:05.3238801Z      // Step 2: Insert into spatial index
contracts	Format	2026-09-07T12:25:05.3239206Z      let mut index = SpatialIndex::new(3);
contracts	Format	2026-09-07T12:25:05.3239665Z Diff in /home/runner/work/loom/loom/ruvector/examples/robotics/src/bin/01_basic_perception.rs:46:
contracts	Format	2026-09-07T12:25:05.3240104Z  
contracts	Format	2026-09-07T12:25:05.3240327Z      // Step 3: Robot position in the center of the room
contracts	Format	2026-09-07T12:25:05.3240653Z      let robot_pos = Point3D::new(2.5, 2.5, 0.0);
contracts	Format	2026-09-07T12:25:05.3241087Z -    println!("[3] Robot position: ({:.1}, {:.1}, {:.1})", robot_pos.x, robot_pos.y, robot_pos.z);
contracts	Format	2026-09-07T12:25:05.3241471Z +    println!(
contracts	Format	2026-09-07T12:25:05.3241698Z +        "[3] Robot position: ({:.1}, {:.1}, {:.1})",
contracts	Format	2026-09-07T12:25:05.3241991Z +        robot_pos.x, robot_pos.y, robot_pos.z
contracts	Format	2026-09-07T12:25:05.3242259Z +    );
contracts	Format	2026-09-07T12:25:05.3242427Z  
contracts	Format	2026-09-07T12:25:05.3242652Z      // Step 4: kNN search (SpatialIndex uses f32 queries)
contracts	Format	2026-09-07T12:25:05.3243105Z      let k = 5;
contracts	Format	2026-09-07T12:25:05.3243485Z Diff in /home/runner/work/loom/loom/ruvector/examples/robotics/src/bin/01_basic_perception.rs:71:
contracts	Format	2026-09-07T12:25:05.3243947Z      match index.search_radius(&query, radius) {
contracts	Format	2026-09-07T12:25:05.3244237Z          Ok(results) => {
contracts	Format	2026-09-07T12:25:05.3244464Z              println!();
contracts	Format	2026-09-07T12:25:05.3244791Z -            println!("[5] Points within {:.1}m of robot: {}", radius, results.len());
contracts	Format	2026-09-07T12:25:05.3245152Z +            println!(
contracts	Format	2026-09-07T12:25:05.3245399Z +                "[5] Points within {:.1}m of robot: {}",
contracts	Format	2026-09-07T12:25:05.3245691Z +                radius,
contracts	Format	2026-09-07T12:25:05.3246007Z +                results.len()
contracts	Format	2026-09-07T12:25:05.3246345Z +            );
contracts	Format	2026-09-07T12:25:05.3246617Z          }
contracts	Format	2026-09-07T12:25:05.3246947Z          Err(e) => println!("[5] Search error: {:?}", e),
contracts	Format	2026-09-07T12:25:05.3247385Z      }
contracts	Format	2026-09-07T12:25:05.3247984Z Diff in /home/runner/work/loom/loom/ruvector/examples/robotics/src/bin/02_obstacle_avoidance.rs:5:
contracts	Format	2026-09-07T12:25:05.3248797Z  /// - Detecting obstacles using the PerceptionPipeline
contracts	Format	2026-09-07T12:25:05.3249549Z  /// - Classifying obstacles by geometry (Static, Dynamic, Unknown)
contracts	Format	2026-09-07T12:25:05.3250133Z  /// - Computing distances and safety margins
contracts	Format	2026-09-07T12:25:05.3250499Z -
contracts	Format	2026-09-07T12:25:05.3250685Z  use rand::Rng;
contracts	Format	2026-09-07T12:25:05.3250948Z  use ruvector_robotics::bridge::{Point3D, PointCloud};
contracts	Format	2026-09-07T12:25:05.3251391Z  use ruvector_robotics::perception::{PerceptionConfig, PerceptionPipeline};
contracts	Format	2026-09-07T12:25:05.3251930Z Diff in /home/runner/work/loom/loom/ruvector/examples/robotics/src/bin/03_scene_graph.rs:5:
contracts	Format	2026-09-07T12:25:05.3252433Z  /// - Building a SceneGraph from objects using SceneGraphBuilder
contracts	Format	2026-09-07T12:25:05.3252810Z  /// - Inspecting computed edges (spatial relationships)
contracts	Format	2026-09-07T12:25:05.3253118Z  /// - Merging two scene graphs into one
contracts	Format	2026-09-07T12:25:05.3253368Z -
contracts	Format	2026-09-07T12:25:05.3253588Z  use ruvector_robotics::bridge::SceneObject;
contracts	Format	2026-09-07T12:25:05.3253911Z  use ruvector_robotics::perception::SceneGraphBuilder;
contracts	Format	2026-09-07T12:25:05.3254197Z  
contracts	Format	2026-09-07T12:25:05.3254535Z Diff in /home/runner/work/loom/loom/ruvector/examples/robotics/src/bin/03_scene_graph.rs:54:
contracts	Format	2026-09-07T12:25:05.3255000Z      let graph = builder.build(objects, 1000);
contracts	Format	2026-09-07T12:25:05.3255270Z  
contracts	Format	2026-09-07T12:25:05.3255444Z      println!();
contracts	Format	2026-09-07T12:25:05.3255795Z -    println!("[2] Scene graph: {} objects, {} edges", graph.objects.len(), graph.edges.len());
contracts	Format	2026-09-07T12:25:05.3256190Z +    println!(
contracts	Format	2026-09-07T12:25:05.3256406Z +        "[2] Scene graph: {} objects, {} edges",
contracts	Format	2026-09-07T12:25:05.3256692Z +        graph.objects.len(),
contracts	Format	2026-09-07T12:25:05.3256932Z +        graph.edges.len()
contracts	Format	2026-09-07T12:25:05.3257148Z +    );
contracts	Format	2026-09-07T12:25:05.3257344Z      for edge in &graph.edges {
contracts	Format	2026-09-07T12:25:05.3257794Z -        let from_label = &graph.objects.iter().find(|o| o.id == edge.from).unwrap().label;
contracts	Format	2026-09-07T12:25:05.3258990Z -        let to_label = &graph.objects.iter().find(|o| o.id == edge.to).unwrap().label;
contracts	Format	2026-09-07T12:25:05.3259601Z +        let from_label = &graph
contracts	Format	2026-09-07T12:25:05.3259960Z +            .objects
contracts	Format	2026-09-07T12:25:05.3260264Z +            .iter()
contracts	Format	2026-09-07T12:25:05.3260582Z +            .find(|o| o.id == edge.from)
contracts	Format	2026-09-07T12:25:05.3260965Z +            .unwrap()
contracts	Format	2026-09-07T12:25:05.3261268Z +            .label;
contracts	Format	2026-09-07T12:25:05.3261576Z +        let to_label = &graph
contracts	Format	2026-09-07T12:25:05.3261917Z +            .objects
contracts	Format	2026-09-07T12:25:05.3262214Z +            .iter()
contracts	Format	2026-09-07T12:25:05.3262501Z +            .find(|o| o.id == edge.to)
contracts	Format	2026-09-07T12:25:05.3262752Z +            .unwrap()
contracts	Format	2026-09-07T12:25:05.3262945Z +            .label;
contracts	Format	2026-09-07T12:25:05.3263142Z          println!(
contracts	Format	2026-09-07T12:25:05.3263358Z              "    {} --[{}, {:.2}m]--> {}",
contracts	Format	2026-09-07T12:25:05.3263672Z              from_label, edge.relation, edge.distance, to_label
contracts	Format	2026-09-07T12:25:05.3264297Z Diff in /home/runner/work/loom/loom/ruvector/examples/robotics/src/bin/03_scene_graph.rs:83:
contracts	Format	2026-09-07T12:25:05.3264753Z      let graph_b = builder.build(objects_b, 2000);
contracts	Format	2026-09-07T12:25:05.3265026Z  
contracts	Format	2026-09-07T12:25:05.3265205Z      println!();
contracts	Format	2026-09-07T12:25:05.3265579Z -    println!("[3] Second scene: {} objects, {} edges", graph_b.objects.len(), graph_b.edges.len());
contracts	Format	2026-09-07T12:25:05.3265989Z +    println!(
contracts	Format	2026-09-07T12:25:05.3266204Z +        "[3] Second scene: {} objects, {} edges",
contracts	Format	2026-09-07T12:25:05.3266481Z +        graph_b.objects.len(),
contracts	Format	2026-09-07T12:25:05.3266718Z +        graph_b.edges.len()
contracts	Format	2026-09-07T12:25:05.3266938Z +    );
contracts	Format	2026-09-07T12:25:05.3267118Z  
contracts	Format	2026-09-07T12:25:05.3267359Z      let wide_builder = SceneGraphBuilder::new(10.0, 256);
contracts	Format	2026-09-07T12:25:05.3267712Z      let merged = wide_builder.merge(&graph, &graph_b);
contracts	Format	2026-09-07T12:25:05.3268185Z Diff in /home/runner/work/loom/loom/ruvector/examples/robotics/src/bin/04_behavior_tree.rs:10:
contracts	Format	2026-09-07T12:25:05.3268624Z  ///   Root (Selector)
contracts	Format	2026-09-07T12:25:05.3269109Z  ///     |-- Avoid (Sequence): [Condition("obstacle_near")] -> [Action("evade")]
contracts	Format	2026-09-07T12:25:05.3269608Z  ///     |-- Patrol (Sequence): [Action("select_wp")] -> [Action("move")] -> [Action("wait")]
contracts	Format	2026-09-07T12:25:05.3269989Z -
contracts	Format	2026-09-07T12:25:05.3270366Z  use ruvector_robotics::cognitive::{BehaviorNode, BehaviorStatus, BehaviorTree, DecoratorType};
contracts	Format	2026-09-07T12:25:05.3270797Z  
contracts	Format	2026-09-07T12:25:05.3270973Z  fn main() {
contracts	Format	2026-09-07T12:25:05.3273606Z Diff in /home/runner/work/loom/loom/ruvector/examples/robotics/src/bin/05_cognitive_robot.rs:5:
contracts	Format	2026-09-07T12:25:05.3274358Z  /// - The perceive -> think -> act -> learn cycle
contracts	Format	2026-09-07T12:25:05.3274861Z  /// - Attention threshold adaptation from feedback
contracts	Format	2026-09-07T12:25:05.3275380Z  /// - Decision history and cumulative reward tracking
contracts	Format	2026-09-07T12:25:05.3275812Z -
contracts	Format	2026-09-07T12:25:05.3276116Z  use ruvector_robotics::cognitive::{
contracts	Format	2026-09-07T12:25:05.3276726Z      ActionType, CognitiveConfig, CognitiveCore, CognitiveMode, Outcome, Percept,
contracts	Format	2026-09-07T12:25:05.3277352Z  };
contracts	Format	2026-09-07T12:25:05.3277894Z Diff in /home/runner/work/loom/loom/ruvector/examples/robotics/src/bin/05_cognitive_robot.rs:35:
contracts	Format	2026-09-07T12:25:05.3278395Z      let sensor_data: Vec<(&str, Vec<f64>, f64)> = vec![
contracts	Format	2026-09-07T12:25:05.3278704Z          ("lidar", vec![2.0, 1.5, 0.0], 0.9),
contracts	Format	2026-09-07T12:25:05.3279121Z          ("camera", vec![-1.0, 3.0, 0.5], 0.85),
contracts	Format	2026-09-07T12:25:05.3279473Z -        ("imu", vec![0.1, 0.2], 0.3),        // below threshold -- will be dropped
contracts	Format	2026-09-07T12:25:05.3279877Z +        ("imu", vec![0.1, 0.2], 0.3), // below threshold -- will be dropped
contracts	Format	2026-09-07T12:25:05.3280220Z          ("lidar", vec![4.0, 0.0, 0.0], 0.95),
contracts	Format	2026-09-07T12:25:05.3280485Z          ("camera", vec![0.0, 5.0, 1.0], 0.7),
contracts	Format	2026-09-07T12:25:05.3280748Z          ("sonar", vec![1.0, 1.0, 0.0], 0.6),
contracts	Format	2026-09-07T12:25:05.3281175Z Diff in /home/runner/work/loom/loom/ruvector/examples/robotics/src/bin/05_cognitive_robot.rs:59:
contracts	Format	2026-09-07T12:25:05.3281810Z          let state = core.perceive(percept);
contracts	Format	2026-09-07T12:25:05.3282080Z          println!(
contracts	Format	2026-09-07T12:25:05.3282368Z              "  Perceive: source='{}', conf={:.2}, buffered={} [state={:?}]",
contracts	Format	2026-09-07T12:25:05.3282756Z -            source, confidence, core.percept_count(), state
contracts	Format	2026-09-07T12:25:05.3283056Z +            source,
contracts	Format	2026-09-07T12:25:05.3283266Z +            confidence,
contracts	Format	2026-09-07T12:25:05.3283495Z +            core.percept_count(),
contracts	Format	2026-09-07T12:25:05.3283737Z +            state
contracts	Format	2026-09-07T12:25:05.3283924Z          );
contracts	Format	2026-09-07T12:25:05.3284107Z  
contracts	Format	2026-09-07T12:25:05.3284285Z          // THINK
contracts	Format	2026-09-07T12:25:05.3284672Z Diff in /home/runner/work/loom/loom/ruvector/examples/robotics/src/bin/05_cognitive_robot.rs:66:
contracts	Format	2026-09-07T12:25:05.3285128Z          if let Some(decision) = core.think() {
contracts	Format	2026-09-07T12:25:05.3285459Z              let action_desc = match &decision.action.action {
contracts	Format	2026-09-07T12:25:05.3285917Z -                ActionType::Move(pos) => format!("Move({:.1}, {:.1}, {:.1})", pos[0], pos[1], pos[2]),
contracts	Format	2026-09-07T12:25:05.3286490Z +                ActionType::Move(pos) => {
contracts	Format	2026-09-07T12:25:05.3286844Z +                    format!("Move({:.1}, {:.1}, {:.1})", pos[0], pos[1], pos[2])
contracts	Format	2026-09-07T12:25:05.3287165Z +                }
contracts	Format	2026-09-07T12:25:05.3287419Z                  ActionType::Wait(ms) => format!("Wait({}ms)", ms),
contracts	Format	2026-09-07T12:25:05.3287768Z                  _ => format!("{:?}", decision.action.action),
contracts	Format	2026-09-07T12:25:05.3288051Z              };
contracts	Format	2026-09-07T12:25:05.3288414Z Diff in /home/runner/work/loom/loom/ruvector/examples/robotics/src/bin/05_cognitive_robot.rs:88:
contracts	Format	2026-09-07T12:25:05.3288836Z              });
contracts	Format	2026-09-07T12:25:05.3289141Z              println!(
contracts	Format	2026-09-07T12:25:05.3289414Z                  "  Learn:    success={}, reward={:.1}, cumulative={:.4}",
contracts	Format	2026-09-07T12:25:05.3289889Z -                success, reward, core.cumulative_reward()
contracts	Format	2026-09-07T12:25:05.3290341Z +                success,
contracts	Format	2026-09-07T12:25:05.3290664Z +                reward,
contracts	Format	2026-09-07T12:25:05.3291025Z +                core.cumulative_reward()
contracts	Format	2026-09-07T12:25:05.3291421Z              );
contracts	Format	2026-09-07T12:25:05.3291699Z          } else {
contracts	Format	2026-09-07T12:25:05.3292077Z              println!("  Think:    no percepts to reason about");
contracts	Format	2026-09-07T12:25:05.3292840Z Diff in /home/runner/work/loom/loom/ruvector/examples/robotics/src/bin/05_cognitive_robot.rs:119:
contracts	Format	2026-09-07T12:25:05.3293535Z          timestamp: 0,
contracts	Format	2026-09-07T12:25:05.3293840Z      });
contracts	Format	2026-09-07T12:25:05.3294179Z      if let Some(decision) = emergency_core.think() {
contracts	Format	2026-09-07T12:25:05.3294644Z -        println!("    Priority: {} (max for emergency)", decision.action.priority);
contracts	Format	2026-09-07T12:25:05.3295020Z +        println!(
contracts	Format	2026-09-07T12:25:05.3295250Z +            "    Priority: {} (max for emergency)",
contracts	Format	2026-09-07T12:25:05.3295546Z +            decision.action.priority
contracts	Format	2026-09-07T12:25:05.3295796Z +        );
contracts	Format	2026-09-07T12:25:05.3296033Z          println!("    Reasoning: {}", decision.reasoning);
contracts	Format	2026-09-07T12:25:05.3296332Z      }
contracts	Format	2026-09-07T12:25:05.3296511Z  
contracts	Format	2026-09-07T12:25:05.3296895Z Diff in /home/runner/work/loom/loom/ruvector/examples/robotics/src/bin/06_swarm_coordination.rs:5:
contracts	Format	2026-09-07T12:25:05.3297374Z  /// - Assigning tasks based on capability matching
contracts	Format	2026-09-07T12:25:05.3297691Z  /// - Computing Line, Circle, and Grid formations
contracts	Format	2026-09-07T12:25:05.3298005Z  /// - Running consensus votes among swarm members
contracts	Format	2026-09-07T12:25:05.3298279Z -
contracts	Format	2026-09-07T12:25:05.3298482Z  use ruvector_robotics::cognitive::{
contracts	Format	2026-09-07T12:25:05.3299016Z      Formation, FormationType, RobotCapabilities, SwarmConfig, SwarmCoordinator, SwarmTask,
contracts	Format	2026-09-07T12:25:05.3299438Z  };
contracts	Format	2026-09-07T12:25:05.3299814Z Diff in /home/runner/work/loom/loom/ruvector/examples/robotics/src/bin/06_swarm_coordination.rs:108:
contracts	Format	2026-09-07T12:25:05.3300380Z          let task = tasks.iter().find(|t| t.id == assignment.task_id).unwrap();
contracts	Format	2026-09-07T12:25:05.3300737Z          println!(
contracts	Format	2026-09-07T12:25:05.3300972Z              "    Task {} ('{}') -> Robot {} (est. {:.1}s)",
contracts	Format	2026-09-07T12:25:05.3301495Z -            assignment.task_id, task.description, assignment.robot_id,
contracts	Format	2026-09-07T12:25:05.3301855Z +            assignment.task_id,
contracts	Format	2026-09-07T12:25:05.3302101Z +            task.description,
contracts	Format	2026-09-07T12:25:05.3302341Z +            assignment.robot_id,
contracts	Format	2026-09-07T12:25:05.3302605Z              assignment.estimated_completion
contracts	Format	2026-09-07T12:25:05.3302870Z          );
contracts	Format	2026-09-07T12:25:05.3303051Z      }
contracts	Format	2026-09-07T12:25:05.3303421Z Diff in /home/runner/work/loom/loom/ruvector/examples/robotics/src/bin/06_swarm_coordination.rs:158:
contracts	Format	2026-09-07T12:25:05.3303872Z              result.proposal,
contracts	Format	2026-09-07T12:25:05.3304111Z              result.votes_for,
contracts	Format	2026-09-07T12:25:05.3304510Z              result.votes_against,
contracts	Format	2026-09-07T12:25:05.3304978Z -            if result.accepted { "ACCEPTED" } else { "REJECTED" }
contracts	Format	2026-09-07T12:25:05.3305489Z +            if result.accepted {
contracts	Format	2026-09-07T12:25:05.3305850Z +                "ACCEPTED"
contracts	Format	2026-09-07T12:25:05.3306175Z +            } else {
contracts	Format	2026-09-07T12:25:05.3306653Z +                "REJECTED"
contracts	Format	2026-09-07T12:25:05.3306972Z +            }
contracts	Format	2026-09-07T12:25:05.3307245Z          );
contracts	Format	2026-09-07T12:25:05.3307510Z      }
contracts	Format	2026-09-07T12:25:05.3307761Z  
contracts	Format	2026-09-07T12:25:05.3308335Z Diff in /home/runner/work/loom/loom/ruvector/examples/robotics/src/bin/07_skill_learning.rs:6:
contracts	Format	2026-09-07T12:25:05.3309337Z  /// - Executing the learned skill and tracking its trajectory
contracts	Format	2026-09-07T12:25:05.3309794Z  /// - Improving confidence through positive/negative feedback
contracts	Format	2026-09-07T12:25:05.3310184Z  /// - Using the SkillLibrary from ruvector_robotics::cognitive
contracts	Format	2026-09-07T12:25:05.3310489Z -
contracts	Format	2026-09-07T12:25:05.3310756Z  use ruvector_robotics::cognitive::{Demonstration, SkillLibrary};
contracts	Format	2026-09-07T12:25:05.3311083Z  
contracts	Format	2026-09-07T12:25:05.3311252Z  fn main() {
contracts	Format	2026-09-07T12:25:05.3311611Z Diff in /home/runner/work/loom/loom/ruvector/examples/robotics/src/bin/07_skill_learning.rs:18:
contracts	Format	2026-09-07T12:25:05.3312108Z      // -- Step 1: Record demonstrations for "reach" --
contracts	Format	2026-09-07T12:25:05.3312447Z      let demos = vec![
contracts	Format	2026-09-07T12:25:05.3312666Z          Demonstration {
contracts	Format	2026-09-07T12:25:05.3313007Z -            trajectory: vec![[0.0, 0.0, 0.0], [1.0, 0.5, 0.0], [2.0, 1.0, 0.0], [3.0, 1.5, 0.0]],
contracts	Format	2026-09-07T12:25:05.3313374Z +            trajectory: vec![
contracts	Format	2026-09-07T12:25:05.3313598Z +                [0.0, 0.0, 0.0],
contracts	Format	2026-09-07T12:25:05.3313822Z +                [1.0, 0.5, 0.0],
contracts	Format	2026-09-07T12:25:05.3314041Z +                [2.0, 1.0, 0.0],
contracts	Format	2026-09-07T12:25:05.3314259Z +                [3.0, 1.5, 0.0],
contracts	Format	2026-09-07T12:25:05.3314477Z +            ],
contracts	Format	2026-09-07T12:25:05.3314695Z              timestamps: vec![0, 100, 200, 300],
contracts	Format	2026-09-07T12:25:05.3314985Z              metadata: "expert_1".into(),
contracts	Format	2026-09-07T12:25:05.3315236Z          },
contracts	Format	2026-09-07T12:25:05.3315588Z Diff in /home/runner/work/loom/loom/ruvector/examples/robotics/src/bin/07_skill_learning.rs:25:
contracts	Format	2026-09-07T12:25:05.3316015Z          Demonstration {
contracts	Format	2026-09-07T12:25:05.3316321Z -            trajectory: vec![[0.0, 0.0, 0.0], [1.2, 0.4, 0.0], [2.1, 0.9, 0.0], [3.1, 1.6, 0.0]],
contracts	Format	2026-09-07T12:25:05.3316686Z +            trajectory: vec![
contracts	Format	2026-09-07T12:25:05.3316910Z +                [0.0, 0.0, 0.0],
contracts	Format	2026-09-07T12:25:05.3317131Z +                [1.2, 0.4, 0.0],
contracts	Format	2026-09-07T12:25:05.3317351Z +                [2.1, 0.9, 0.0],
contracts	Format	2026-09-07T12:25:05.3317577Z +                [3.1, 1.6, 0.0],
contracts	Format	2026-09-07T12:25:05.3317793Z +            ],
contracts	Format	2026-09-07T12:25:05.3317993Z              timestamps: vec![0, 110, 210, 310],
contracts	Format	2026-09-07T12:25:05.3318260Z              metadata: "expert_2".into(),
contracts	Format	2026-09-07T12:25:05.3318502Z          },
contracts	Format	2026-09-07T12:25:05.3318846Z Diff in /home/runner/work/loom/loom/ruvector/examples/robotics/src/bin/07_skill_learning.rs:30:
contracts	Format	2026-09-07T12:25:05.3319405Z          Demonstration {
contracts	Format	2026-09-07T12:25:05.3319921Z -            trajectory: vec![[0.0, 0.0, 0.0], [0.8, 0.6, 0.0], [1.9, 1.1, 0.0], [2.9, 1.4, 0.0]],
contracts	Format	2026-09-07T12:25:05.3320486Z +            trajectory: vec![
contracts	Format	2026-09-07T12:25:05.3320838Z +                [0.0, 0.0, 0.0],
contracts	Format	2026-09-07T12:25:05.3321401Z +                [0.8, 0.6, 0.0],
contracts	Format	2026-09-07T12:25:05.3321746Z +                [1.9, 1.1, 0.0],
contracts	Format	2026-09-07T12:25:05.3322082Z +                [2.9, 1.4, 0.0],
contracts	Format	2026-09-07T12:25:05.3322412Z +            ],
contracts	Format	2026-09-07T12:25:05.3322723Z              timestamps: vec![0, 90, 190, 290],
contracts	Format	2026-09-07T12:25:05.3323159Z              metadata: "expert_3".into(),
contracts	Format	2026-09-07T12:25:05.3323543Z          },
contracts	Format	2026-09-07T12:25:05.3324111Z Diff in /home/runner/work/loom/loom/ruvector/examples/robotics/src/bin/07_skill_learning.rs:49:
contracts	Format	2026-09-07T12:25:05.3324582Z      println!();
contracts	Format	2026-09-07T12:25:05.3324869Z      let skill = library.learn_from_demonstration("reach", &demos);
contracts	Format	2026-09-07T12:25:05.3325219Z      println!("[2] Learned skill 'reach':");
contracts	Format	2026-09-07T12:25:05.3325602Z -    println!("    Trajectory length: {} waypoints", skill.trajectory.len());
contracts	Format	2026-09-07T12:25:05.3325964Z +    println!(
contracts	Format	2026-09-07T12:25:05.3326186Z +        "    Trajectory length: {} waypoints",
contracts	Format	2026-09-07T12:25:05.3326608Z +        skill.trajectory.len()
contracts	Format	2026-09-07T12:25:05.3326843Z +    );
contracts	Format	2026-09-07T12:25:05.3327090Z      println!("    Initial confidence: {:.3}", skill.confidence);
contracts	Format	2026-09-07T12:25:05.3327429Z      println!("    Averaged trajectory:");
contracts	Format	2026-09-07T12:25:05.3327747Z      for (i, pt) in skill.trajectory.iter().enumerate() {
contracts	Format	2026-09-07T12:25:05.3328216Z Diff in /home/runner/work/loom/loom/ruvector/examples/robotics/src/bin/07_skill_learning.rs:59:
contracts	Format	2026-09-07T12:25:05.3328705Z      // -- Step 3: Learn another skill with a single demo --
contracts	Format	2026-09-07T12:25:05.3329135Z      println!();
contracts	Format	2026-09-07T12:25:05.3329350Z      let wave_demo = Demonstration {
contracts	Format	2026-09-07T12:25:05.3329712Z -        trajectory: vec![[0.0, 0.0, 1.0], [0.5, 0.0, 1.5], [0.0, 0.0, 1.0], [-0.5, 0.0, 1.5]],
contracts	Format	2026-09-07T12:25:05.3330071Z +        trajectory: vec![
contracts	Format	2026-09-07T12:25:05.3330416Z +            [0.0, 0.0, 1.0],
contracts	Format	2026-09-07T12:25:05.3330751Z +            [0.5, 0.0, 1.5],
contracts	Format	2026-09-07T12:25:05.3331079Z +            [0.0, 0.0, 1.0],
contracts	Format	2026-09-07T12:25:05.3331426Z +            [-0.5, 0.0, 1.5],
contracts	Format	2026-09-07T12:25:05.3331757Z +        ],
contracts	Format	2026-09-07T12:25:05.3332064Z          timestamps: vec![0, 200, 400, 600],
contracts	Format	2026-09-07T12:25:05.3332480Z          metadata: "single_demo".into(),
contracts	Format	2026-09-07T12:25:05.3332855Z      };
contracts	Format	2026-09-07T12:25:05.3333398Z Diff in /home/runner/work/loom/loom/ruvector/examples/robotics/src/bin/07_skill_learning.rs:66:
contracts	Format	2026-09-07T12:25:05.3334239Z      let wave_skill = library.learn_from_demonstration("wave", &[wave_demo]);
contracts	Format	2026-09-07T12:25:05.3334852Z      println!("[3] Learned skill 'wave' from 1 demo:");
contracts	Format	2026-09-07T12:25:05.3335256Z -    println!("    Confidence: {:.3} (lower with fewer demos)", wave_skill.confidence);
contracts	Format	2026-09-07T12:25:05.3335626Z +    println!(
contracts	Format	2026-09-07T12:25:05.3335858Z +        "    Confidence: {:.3} (lower with fewer demos)",
contracts	Format	2026-09-07T12:25:05.3336156Z +        wave_skill.confidence
contracts	Format	2026-09-07T12:25:05.3336386Z +    );
contracts	Format	2026-09-07T12:25:05.3336620Z      println!("    Library now has {} skills", library.len());
contracts	Format	2026-09-07T12:25:05.3336928Z  
contracts	Format	2026-09-07T12:25:05.3337121Z      // -- Step 4: Execute skills --
contracts	Format	2026-09-07T12:25:05.3337544Z Diff in /home/runner/work/loom/loom/ruvector/examples/robotics/src/bin/07_skill_learning.rs:100:
contracts	Format	2026-09-07T12:25:05.3337998Z          library.improve_skill("reach", 0.03);
contracts	Format	2026-09-07T12:25:05.3338264Z      }
contracts	Format	2026-09-07T12:25:05.3338529Z      let after_positive = library.get("reach").unwrap().confidence;
contracts	Format	2026-09-07T12:25:05.3339138Z -    println!("    After 5 successes: confidence={:.4} (+{:.4})", after_positive, after_positive - before);
contracts	Format	2026-09-07T12:25:05.3339576Z +    println!(
contracts	Format	2026-09-07T12:25:05.3339810Z +        "    After 5 successes: confidence={:.4} (+{:.4})",
contracts	Format	2026-09-07T12:25:05.3340106Z +        after_positive,
contracts	Format	2026-09-07T12:25:05.3340335Z +        after_positive - before
contracts	Format	2026-09-07T12:25:05.3340567Z +    );
contracts	Format	2026-09-07T12:25:05.3340741Z  
contracts	Format	2026-09-07T12:25:05.3340929Z      // Negative feedback (2 failures)
contracts	Format	2026-09-07T12:25:05.3341179Z      for _ in 0..2 {
contracts	Format	2026-09-07T12:25:05.3341714Z Diff in /home/runner/work/loom/loom/ruvector/examples/robotics/src/bin/07_skill_learning.rs:107:
contracts	Format	2026-09-07T12:25:05.3342181Z          library.improve_skill("reach", -0.05);
contracts	Format	2026-09-07T12:25:05.3342450Z      }
contracts	Format	2026-09-07T12:25:05.3342715Z      let after_negative = library.get("reach").unwrap().confidence;
contracts	Format	2026-09-07T12:25:05.3343240Z -    println!("    After 2 failures:  confidence={:.4} ({:.4})", after_negative, after_negative - after_positive);
contracts	Format	2026-09-07T12:25:05.3343686Z +    println!(
contracts	Format	2026-09-07T12:25:05.3343923Z +        "    After 2 failures:  confidence={:.4} ({:.4})",
contracts	Format	2026-09-07T12:25:05.3344222Z +        after_negative,
contracts	Format	2026-09-07T12:25:05.3344450Z +        after_negative - after_positive
contracts	Format	2026-09-07T12:25:05.3344699Z +    );
contracts	Format	2026-09-07T12:25:05.3344867Z  
contracts	Format	2026-09-07T12:25:05.3345048Z      // -- Step 6: Summary --
contracts	Format	2026-09-07T12:25:05.3345275Z      println!();
contracts	Format	2026-09-07T12:25:05.3345674Z Diff in /home/runner/work/loom/loom/ruvector/examples/robotics/src/bin/08_world_model.rs:6:
contracts	Format	2026-09-07T12:25:05.3346324Z  /// - Predicting future states via constant-velocity extrapolation
contracts	Format	2026-09-07T12:25:05.3346715Z  /// - Updating occupancy cells and checking path clearance
contracts	Format	2026-09-07T12:25:05.3347040Z  /// - Removing stale objects by age threshold
contracts	Format	2026-09-07T12:25:05.3347301Z -
contracts	Format	2026-09-07T12:25:05.3347572Z  use ruvector_robotics::cognitive::{TrackedObject, WorldModel};
contracts	Format	2026-09-07T12:25:05.3347884Z  
contracts	Format	2026-09-07T12:25:05.3348050Z  fn main() {
contracts	Format	2026-09-07T12:25:05.3348405Z Diff in /home/runner/work/loom/loom/ruvector/examples/robotics/src/bin/08_world_model.rs:60:
contracts	Format	2026-09-07T12:25:05.3348831Z      for obj in &objects {
contracts	Format	2026-09-07T12:25:05.3349174Z          println!(
contracts	Format	2026-09-07T12:25:05.3349448Z              "    id={} '{}': pos=({:.1},{:.1},{:.1}), vel=({:.1},{:.1},{:.1}), conf={:.2}",
contracts	Format	2026-09-07T12:25:05.3349775Z -            obj.id, obj.label,
contracts	Format	2026-09-07T12:25:05.3350056Z -            obj.position[0], obj.position[1], obj.position[2],
contracts	Format	2026-09-07T12:25:05.3350398Z -            obj.velocity[0], obj.velocity[1], obj.velocity[2],
contracts	Format	2026-09-07T12:25:05.3350811Z +            obj.id,
contracts	Format	2026-09-07T12:25:05.3351118Z +            obj.label,
contracts	Format	2026-09-07T12:25:05.3351440Z +            obj.position[0],
contracts	Format	2026-09-07T12:25:05.3351806Z +            obj.position[1],
contracts	Format	2026-09-07T12:25:05.3352161Z +            obj.position[2],
contracts	Format	2026-09-07T12:25:05.3352502Z +            obj.velocity[0],
contracts	Format	2026-09-07T12:25:05.3352840Z +            obj.velocity[1],
contracts	Format	2026-09-07T12:25:05.3353180Z +            obj.velocity[2],
contracts	Format	2026-09-07T12:25:05.3353520Z              obj.confidence
contracts	Format	2026-09-07T12:25:05.3353844Z          );
contracts	Format	2026-09-07T12:25:05.3354109Z      }
contracts	Format	2026-09-07T12:25:05.3354665Z Diff in /home/runner/work/loom/loom/ruvector/examples/robotics/src/bin/08_world_model.rs:104:
contracts	Format	2026-09-07T12:25:05.3355395Z          let clear = world.is_path_clear(*from, *to);
contracts	Format	2026-09-07T12:25:05.3355767Z          println!(
contracts	Format	2026-09-07T12:25:05.3355998Z              "    ({:>2},{:>2}) -> ({:>2},{:>2}) [{}]: {}",
contracts	Format	2026-09-07T12:25:05.3363865Z -            from[0], from[1], to[0], to[1], label,
contracts	Format	2026-09-07T12:25:05.3364209Z +            from[0],
contracts	Format	2026-09-07T12:25:05.3364420Z +            from[1],
contracts	Format	2026-09-07T12:25:05.3364617Z +            to[0],
contracts	Format	2026-09-07T12:25:05.3364814Z +            to[1],
contracts	Format	2026-09-07T12:25:05.3365004Z +            label,
contracts	Format	2026-09-07T12:25:05.3365234Z              if clear { "CLEAR" } else { "BLOCKED" }
contracts	Format	2026-09-07T12:25:05.3365522Z          );
contracts	Format	2026-09-07T12:25:05.3365710Z      }
contracts	Format	2026-09-07T12:25:05.3366081Z Diff in /home/runner/work/loom/loom/ruvector/examples/robotics/src/bin/08_world_model.rs:128:
contracts	Format	2026-09-07T12:25:05.3366527Z      for y in 0..size {
contracts	Format	2026-09-07T12:25:05.3366751Z          for x in 0..size {
contracts	Format	2026-09-07T12:25:05.3367023Z              if let Some(v) = world.get_occupancy(x, y) {
contracts	Format	2026-09-07T12:25:05.3367351Z -                if v >= 0.5 { occupied += 1; }
contracts	Format	2026-09-07T12:25:05.3367637Z -                else { free += 1; }
contracts	Format	2026-09-07T12:25:05.3367892Z +                if v >= 0.5 {
contracts	Format	2026-09-07T12:25:05.3368132Z +                    occupied += 1;
contracts	Format	2026-09-07T12:25:05.3368579Z +                } else {
contracts	Format	2026-09-07T12:25:05.3368816Z +                    free += 1;
contracts	Format	2026-09-07T12:25:05.3369191Z +                }
contracts	Format	2026-09-07T12:25:05.3369391Z              }
contracts	Format	2026-09-07T12:25:05.3369582Z          }
contracts	Format	2026-09-07T12:25:05.3369763Z      }
contracts	Format	2026-09-07T12:25:05.3370133Z Diff in /home/runner/work/loom/loom/ruvector/examples/robotics/src/bin/08_world_model.rs:136:
contracts	Format	2026-09-07T12:25:05.3370588Z      let total = size * size;
contracts	Format	2026-09-07T12:25:05.3370849Z      println!("[7] Occupancy statistics:");
contracts	Format	2026-09-07T12:25:05.3371144Z      println!("    Total cells: {}", total);
contracts	Format	2026-09-07T12:25:05.3371551Z -    println!("    Occupied:    {} ({:.1}%)", occupied, 100.0 * occupied as f64 / total as f64);
contracts	Format	2026-09-07T12:25:05.3372039Z -    println!("    Free:        {} ({:.1}%)", free, 100.0 * free as f64 / total as f64);
contracts	Format	2026-09-07T12:25:05.3372397Z +    println!(
contracts	Format	2026-09-07T12:25:05.3372609Z +        "    Occupied:    {} ({:.1}%)",
contracts	Format	2026-09-07T12:25:05.3372860Z +        occupied,
contracts	Format	2026-09-07T12:25:05.3373233Z +        100.0 * occupied as f64 / total as f64
contracts	Format	2026-09-07T12:25:05.3373499Z +    );
contracts	Format	2026-09-07T12:25:05.3373687Z +    println!(
contracts	Format	2026-09-07T12:25:05.3373883Z +        "    Free:        {} ({:.1}%)",
contracts	Format	2026-09-07T12:25:05.3374121Z +        free,
contracts	Format	2026-09-07T12:25:05.3374323Z +        100.0 * free as f64 / total as f64
contracts	Format	2026-09-07T12:25:05.3374577Z +    );
contracts	Format	2026-09-07T12:25:05.3374760Z  
contracts	Format	2026-09-07T12:25:05.3374940Z      println!();
contracts	Format	2026-09-07T12:25:05.3375188Z      println!("[done] World model example complete.");
contracts	Format	2026-09-07T12:25:05.3375641Z Diff in /home/runner/work/loom/loom/ruvector/examples/robotics/src/bin/09_mcp_tools.rs:7:
contracts	Format	2026-09-07T12:25:05.3376141Z  /// - Looking up a specific tool and inspecting its parameters
contracts	Format	2026-09-07T12:25:05.3376483Z  /// - Registering a custom tool
contracts	Format	2026-09-07T12:25:05.3376755Z  /// - Generating MCP-compatible JSON schema
contracts	Format	2026-09-07T12:25:05.3377018Z -
contracts	Format	2026-09-07T12:25:05.3377221Z  use ruvector_robotics::mcp::{
contracts	Format	2026-09-07T12:25:05.3377608Z      ParamType, RoboticsToolRegistry, ToolCategory, ToolDefinition, ToolParameter,
contracts	Format	2026-09-07T12:25:05.3378021Z  };
contracts	Format	2026-09-07T12:25:05.3378359Z Diff in /home/runner/work/loom/loom/ruvector/examples/robotics/src/bin/09_mcp_tools.rs:18:
contracts	Format	2026-09-07T12:25:05.3378766Z  
contracts	Format	2026-09-07T12:25:05.3379073Z      // -- Step 1: Create registry --
contracts	Format	2026-09-07T12:25:05.3379381Z      let mut registry = RoboticsToolRegistry::new();
contracts	Format	2026-09-07T12:25:05.3379821Z -    println!("[1] Tool registry created: {} built-in tools", registry.list_tools().len());
contracts	Format	2026-09-07T12:25:05.3380219Z +    println!(
contracts	Format	2026-09-07T12:25:05.3380453Z +        "[1] Tool registry created: {} built-in tools",
contracts	Format	2026-09-07T12:25:05.3380752Z +        registry.list_tools().len()
contracts	Format	2026-09-07T12:25:05.3381009Z +    );
contracts	Format	2026-09-07T12:25:05.3381199Z  
contracts	Format	2026-09-07T12:25:05.3381397Z      // -- Step 2: List all tools --
contracts	Format	2026-09-07T12:25:05.3381642Z      println!();
contracts	Format	2026-09-07T12:25:05.3382007Z Diff in /home/runner/work/loom/loom/ruvector/examples/robotics/src/bin/09_mcp_tools.rs:29:
contracts	Format	2026-09-07T12:25:05.3382487Z          let tool = registry.get_tool(name).unwrap();
contracts	Format	2026-09-07T12:25:05.3382772Z          println!(
contracts	Format	2026-09-07T12:25:05.3382995Z              "    {:.<30} {:?} ({} params)",
contracts	Format	2026-09-07T12:25:05.3383325Z -            tool.name, tool.category, tool.parameters.len()
contracts	Format	2026-09-07T12:25:05.3383655Z +            tool.name,
contracts	Format	2026-09-07T12:25:05.3383885Z +            tool.category,
contracts	Format	2026-09-07T12:25:05.3384137Z +            tool.parameters.len()
contracts	Format	2026-09-07T12:25:05.3384384Z          );
contracts	Format	2026-09-07T12:25:05.3384567Z      }
contracts	Format	2026-09-07T12:25:05.3384744Z  
contracts	Format	2026-09-07T12:25:05.3385091Z Diff in /home/runner/work/loom/loom/ruvector/examples/robotics/src/bin/09_mcp_tools.rs:73:
contracts	Format	2026-09-07T12:25:05.3385516Z          "custom_slam",
contracts	Format	2026-09-07T12:25:05.3385755Z          "Run SLAM algorithm on sensor data",
contracts	Format	2026-09-07T12:25:05.3386026Z          vec![
contracts	Format	2026-09-07T12:25:05.3386423Z -            ToolParameter::new("point_cloud_json", "JSON-encoded point cloud", ParamType::String, true),
contracts	Format	2026-09-07T12:25:05.3387226Z -            ToolParameter::new("odometry_json", "JSON-encoded odometry data", ParamType::String, false),
contracts	Format	2026-09-07T12:25:05.3387829Z -            ToolParameter::new("resolution", "Map resolution in meters", ParamType::Number, false),
contracts	Format	2026-09-07T12:25:05.3388257Z +            ToolParameter::new(
contracts	Format	2026-09-07T12:25:05.3388509Z +                "point_cloud_json",
contracts	Format	2026-09-07T12:25:05.3388784Z +                "JSON-encoded point cloud",
contracts	Format	2026-09-07T12:25:05.3389187Z +                ParamType::String,
contracts	Format	2026-09-07T12:25:05.3389432Z +                true,
contracts	Format	2026-09-07T12:25:05.3389643Z +            ),
contracts	Format	2026-09-07T12:25:05.3389853Z +            ToolParameter::new(
contracts	Format	2026-09-07T12:25:05.3390101Z +                "odometry_json",
contracts	Format	2026-09-07T12:25:05.3390362Z +                "JSON-encoded odometry data",
contracts	Format	2026-09-07T12:25:05.3390648Z +                ParamType::String,
contracts	Format	2026-09-07T12:25:05.3390886Z +                false,
contracts	Format	2026-09-07T12:25:05.3391092Z +            ),
contracts	Format	2026-09-07T12:25:05.3391387Z +            ToolParameter::new(
contracts	Format	2026-09-07T12:25:05.3391763Z +                "resolution",
contracts	Format	2026-09-07T12:25:05.3392016Z +                "Map resolution in meters",
contracts	Format	2026-09-07T12:25:05.3392282Z +                ParamType::Number,
contracts	Format	2026-09-07T12:25:05.3392513Z +                false,
contracts	Format	2026-09-07T12:25:05.3392712Z +            ),
contracts	Format	2026-09-07T12:25:05.3392898Z          ],
contracts	Format	2026-09-07T12:25:05.3393103Z          ToolCategory::Perception,
contracts	Format	2026-09-07T12:25:05.3393347Z      );
contracts	Format	2026-09-07T12:25:05.3393708Z Diff in /home/runner/work/loom/loom/ruvector/examples/robotics/src/bin/09_mcp_tools.rs:82:
contracts	Format	2026-09-07T12:25:05.3394149Z      registry.register_tool(custom);
contracts	Format	2026-09-07T12:25:05.3394599Z -    println!("[5] Registered custom tool 'custom_slam'. Total: {} tools", registry.list_tools().len());
contracts	Format	2026-09-07T12:25:05.3395035Z +    println!(
contracts	Format	2026-09-07T12:25:05.3395300Z +        "[5] Registered custom tool 'custom_slam'. Total: {} tools",
contracts	Format	2026-09-07T12:25:05.3395628Z +        registry.list_tools().len()
contracts	Format	2026-09-07T12:25:05.3395865Z +    );
contracts	Format	2026-09-07T12:25:05.3396054Z  
contracts	Format	2026-09-07T12:25:05.3396257Z      // -- Step 6: Generate MCP schema --
contracts	Format	2026-09-07T12:25:05.3396520Z      println!();
contracts	Format	2026-09-07T12:25:05.3396942Z Diff in /home/runner/work/loom/loom/ruvector/examples/robotics/src/bin/10_full_pipeline.rs:6:
contracts	Format	2026-09-07T12:25:05.3397465Z  ///   3. Feed percepts into CognitiveCore (perceive-think-act-learn)
contracts	Format	2026-09-07T12:25:05.3397814Z  ///   4. Track objects in WorldModel
contracts	Format	2026-09-07T12:25:05.3398074Z  ///   5. Report comprehensive statistics
contracts	Format	2026-09-07T12:25:05.3398323Z -
contracts	Format	2026-09-07T12:25:05.3398503Z  use rand::Rng;
contracts	Format	2026-09-07T12:25:05.3398799Z  use ruvector_robotics::bridge::{Point3D, PointCloud, SpatialIndex};
contracts	Format	2026-09-07T12:25:05.3399286Z  use ruvector_robotics::cognitive::{
contracts	Format	2026-09-07T12:25:05.3399716Z Diff in /home/runner/work/loom/loom/ruvector/examples/robotics/src/bin/10_full_pipeline.rs:41:
contracts	Format	2026-09-07T12:25:05.3400145Z  
contracts	Format	2026-09-07T12:25:05.3400348Z      println!("[1] Modules initialized:");
contracts	Format	2026-09-07T12:25:05.3400666Z      println!("    PerceptionPipeline: default config");
contracts	Format	2026-09-07T12:25:05.3401100Z -    println!("    CognitiveCore:     mode={:?}, state={:?}", core.mode(), core.state());
contracts	Format	2026-09-07T12:25:05.3401589Z -    println!("    WorldModel:        {}x{} grid", world.grid_size(), world.grid_size());
contracts	Format	2026-09-07T12:25:05.3402047Z -    println!("    MCP registry:      {} tools", registry.list_tools().len());
contracts	Format	2026-09-07T12:25:05.3402399Z +    println!(
contracts	Format	2026-09-07T12:25:05.3402637Z +        "    CognitiveCore:     mode={:?}, state={:?}",
contracts	Format	2026-09-07T12:25:05.3402938Z +        core.mode(),
contracts	Format	2026-09-07T12:25:05.3403152Z +        core.state()
contracts	Format	2026-09-07T12:25:05.3403351Z +    );
contracts	Format	2026-09-07T12:25:05.3403536Z +    println!(
contracts	Format	2026-09-07T12:25:05.3403747Z +        "    WorldModel:        {}x{} grid",
contracts	Format	2026-09-07T12:25:05.3404022Z +        world.grid_size(),
contracts	Format	2026-09-07T12:25:05.3404257Z +        world.grid_size()
contracts	Format	2026-09-07T12:25:05.3404475Z +    );
contracts	Format	2026-09-07T12:25:05.3404656Z +    println!(
contracts	Format	2026-09-07T12:25:05.3404860Z +        "    MCP registry:      {} tools",
contracts	Format	2026-09-07T12:25:05.3405296Z +        registry.list_tools().len()
contracts	Format	2026-09-07T12:25:05.3405538Z +    );
contracts	Format	2026-09-07T12:25:05.3405721Z      println!();
contracts	Format	2026-09-07T12:25:05.3405915Z  
contracts	Format	2026-09-07T12:25:05.3406107Z      // -- Static obstacle points --
contracts	Format	2026-09-07T12:25:05.3406542Z Diff in /home/runner/work/loom/loom/ruvector/examples/robotics/src/bin/10_full_pipeline.rs:55:
contracts	Format	2026-09-07T12:25:05.3406983Z      // Box near (7, 2)
contracts	Format	2026-09-07T12:25:05.3407196Z      for dx in 0..5 {
contracts	Format	2026-09-07T12:25:05.3407404Z          for dy in 0..5 {
contracts	Format	2026-09-07T12:25:05.3407778Z -            obstacle_pts.push(Point3D::new(7.0 + dx as f32 * 0.1, 2.0 + dy as f32 * 0.1, 0.0));
contracts	Format	2026-09-07T12:25:05.3408200Z +            obstacle_pts.push(Point3D::new(
contracts	Format	2026-09-07T12:25:05.3408472Z +                7.0 + dx as f32 * 0.1,
contracts	Format	2026-09-07T12:25:05.3408720Z +                2.0 + dy as f32 * 0.1,
contracts	Format	2026-09-07T12:25:05.3409063Z +                0.0,
contracts	Format	2026-09-07T12:25:05.3409350Z +            ));
contracts	Format	2026-09-07T12:25:05.3409539Z          }
contracts	Format	2026-09-07T12:25:05.3409917Z      }
contracts	Format	2026-09-07T12:25:05.3410094Z  
contracts	Format	2026-09-07T12:25:05.3410445Z Diff in /home/runner/work/loom/loom/ruvector/examples/robotics/src/bin/10_full_pipeline.rs:92:
contracts	Format	2026-09-07T12:25:05.3410903Z          }
contracts	Format	2026-09-07T12:25:05.3411088Z  
contracts	Format	2026-09-07T12:25:05.3411291Z          // THINK: Feed percept to cognitive core
contracts	Format	2026-09-07T12:25:05.3411765Z -        let nearest_dist = obstacles.first().map(|o| o.min_distance).unwrap_or(f64::MAX);
contracts	Format	2026-09-07T12:25:05.3412175Z +        let nearest_dist = obstacles
contracts	Format	2026-09-07T12:25:05.3412462Z +            .first()
contracts	Format	2026-09-07T12:25:05.3412678Z +            .map(|o| o.min_distance)
contracts	Format	2026-09-07T12:25:05.3412938Z +            .unwrap_or(f64::MAX);
contracts	Format	2026-09-07T12:25:05.3413192Z          core.perceive(Percept {
contracts	Format	2026-09-07T12:25:05.3413465Z              source: "perception_pipeline".into(),
contracts	Format	2026-09-07T12:25:05.3413797Z              data: vec![robot_pos[0], robot_pos[1], nearest_dist],
contracts	Format	2026-09-07T12:25:05.3414289Z Diff in /home/runner/work/loom/loom/ruvector/examples/robotics/src/bin/10_full_pipeline.rs:104:
contracts	Format	2026-09-07T12:25:05.3414761Z          if let Some(decision) = core.think() {
contracts	Format	2026-09-07T12:25:05.3415041Z              decisions_made += 1;
contracts	Format	2026-09-07T12:25:05.3415295Z              let _cmd = core.act(decision);
contracts	Format	2026-09-07T12:25:05.3415656Z -            action_label = if nearest_dist < 2.0 { "avoid" } else { "patrol" };
contracts	Format	2026-09-07T12:25:05.3416033Z +            action_label = if nearest_dist < 2.0 {
contracts	Format	2026-09-07T12:25:05.3416312Z +                "avoid"
contracts	Format	2026-09-07T12:25:05.3416524Z +            } else {
contracts	Format	2026-09-07T12:25:05.3416724Z +                "patrol"
contracts	Format	2026-09-07T12:25:05.3416936Z +            };
contracts	Format	2026-09-07T12:25:05.3417130Z          } else {
contracts	Format	2026-09-07T12:25:05.3417335Z              action_label = "idle";
contracts	Format	2026-09-07T12:25:05.3417567Z          }
contracts	Format	2026-09-07T12:25:05.3417923Z Diff in /home/runner/work/loom/loom/ruvector/examples/robotics/src/bin/10_full_pipeline.rs:164:
contracts	Format	2026-09-07T12:25:05.3418347Z      println!();
contracts	Format	2026-09-07T12:25:05.3418540Z  
contracts	Format	2026-09-07T12:25:05.3418726Z      println!("[A] Movement:");
contracts	Format	2026-09-07T12:25:05.3419174Z -    println!("    Final position: ({:.2}, {:.2})", robot_pos[0], robot_pos[1]);
contracts	Format	2026-09-07T12:25:05.3419526Z +    println!(
contracts	Format	2026-09-07T12:25:05.3419741Z +        "    Final position: ({:.2}, {:.2})",
contracts	Format	2026-09-07T12:25:05.3420024Z +        robot_pos[0], robot_pos[1]
contracts	Format	2026-09-07T12:25:05.3420268Z +    );
contracts	Format	2026-09-07T12:25:05.3420505Z      println!("    Total distance: {:.2}m", total_distance);
contracts	Format	2026-09-07T12:25:05.3420803Z      println!(
contracts	Format	2026-09-07T12:25:05.3421006Z          "    Avg speed:      {:.3}m/step",
contracts	Format	2026-09-07T12:25:05.3421432Z Diff in /home/runner/work/loom/loom/ruvector/examples/robotics/src/bin/10_full_pipeline.rs:185:
contracts	Format	2026-09-07T12:25:05.3421858Z  
contracts	Format	2026-09-07T12:25:05.3422052Z      println!("[D] World Model:");
contracts	Format	2026-09-07T12:25:05.3422369Z      println!("    Tracked objects: {}", world.object_count());
contracts	Format	2026-09-07T12:25:05.3422787Z -    println!("    Grid size:       {}x{}", world.grid_size(), world.grid_size());
contracts	Format	2026-09-07T12:25:05.3423320Z +    println!(
contracts	Format	2026-09-07T12:25:05.3423540Z +        "    Grid size:       {}x{}",
contracts	Format	2026-09-07T12:25:05.3423803Z +        world.grid_size(),
contracts	Format	2026-09-07T12:25:05.3424033Z +        world.grid_size()
contracts	Format	2026-09-07T12:25:05.3424250Z +    );
contracts	Format	2026-09-07T12:25:05.3424431Z      println!();
contracts	Format	2026-09-07T12:25:05.3424627Z  
contracts	Format	2026-09-07T12:25:05.3424897Z      println!("[E] MCP tools available: {}", registry.list_tools().len());
contracts	Format	2026-09-07T12:25:05.5951546Z ##[error]Process completed with exit code 1.
